=== RUN pc2_t_n3_w7 cap=18000s CMD: /home/sahar/Desktop/MPI/TraceForge/target/release/examples/three_pc_timed --mode timed --participants 3 --u 20 --w-ratio 7 --l-ratio 0.0 --sd-ratio 0.25
timed      N=3 R=1  L=0 U=20 W=140 (W/U=7) sd=5  execs=891    blocked=0      commit=288    abort=411    time=115.020596ms
=== END pc2_t_n3_w7 rc=0 elapsed=.124273417

=== RUN pc2_t_n4_w7 cap=18000s CMD: /home/sahar/Desktop/MPI/TraceForge/target/release/examples/three_pc_timed --mode timed --participants 4 --u 20 --w-ratio 7 --l-ratio 0.0 --sd-ratio 0.25
timed      N=4 R=1  L=0 U=20 W=140 (W/U=7) sd=5  execs=17553  blocked=0      commit=9216   abort=4881   time=2.195292645s
=== END pc2_t_n4_w7 rc=0 elapsed=2.203757016

=== RUN pc2_t_n5_w2 cap=18000s CMD: /home/sahar/Desktop/MPI/TraceForge/target/release/examples/three_pc_timed --mode timed --participants 5 --u 20 --w-ratio 2 --l-ratio 0.0 --sd-ratio 0.25
timed      N=5 R=1  L=0 U=20 W=40 (W/U=2) sd=5  execs=1285983 blocked=0      commit=460800 abort=245343 time=171.732501555s
=== END pc2_t_n5_w2 rc=0 elapsed=171.739910599

=== RUN pc2_t_n5_w3 cap=18000s CMD: /home/sahar/Desktop/MPI/TraceForge/target/release/examples/three_pc_timed --mode timed --participants 5 --u 20 --w-ratio 3 --l-ratio 0.0 --sd-ratio 0.25
timed      N=5 R=1  L=0 U=20 W=60 (W/U=3) sd=5  execs=872373 blocked=0      commit=460800 abort=71733  time=130.639175864s
=== END pc2_t_n5_w3 rc=0 elapsed=130.647746463

=== RUN pc2_t_n5_w5 cap=18000s CMD: /home/sahar/Desktop/MPI/TraceForge/target/release/examples/three_pc_timed --mode timed --participants 5 --u 20 --w-ratio 5 --l-ratio 0.0 --sd-ratio 0.25
timed      N=5 R=1  L=0 U=20 W=100 (W/U=5) sd=5  execs=872373 blocked=0      commit=460800 abort=71733  time=128.9082602s
=== END pc2_t_n5_w5 rc=0 elapsed=128.916049073

=== RUN pc2_t_n5_w7 cap=18000s CMD: /home/sahar/Desktop/MPI/TraceForge/target/release/examples/three_pc_timed --mode timed --participants 5 --u 20 --w-ratio 7 --l-ratio 0.0 --sd-ratio 0.25
timed      N=5 R=1  L=0 U=20 W=140 (W/U=7) sd=5  execs=622773 blocked=0      commit=460800 abort=71733  time=102.903223549s
=== END pc2_t_n5_w7 rc=0 elapsed=102.910864139

=== RUN pc2_t_n5_w10 cap=18000s CMD: /home/sahar/Desktop/MPI/TraceForge/target/release/examples/three_pc_timed --mode timed --participants 5 --u 20 --w-ratio 10 --l-ratio 0.0 --sd-ratio 0.25
timed      N=5 R=1  L=0 U=20 W=200 (W/U=10) sd=5  execs=622773 blocked=0      commit=460800 abort=71733  time=102.982303275s
=== END pc2_t_n5_w10 rc=0 elapsed=102.990556018

=== RUN pc2_t_n5_w7_sd50 cap=18000s CMD: /home/sahar/Desktop/MPI/TraceForge/target/release/examples/three_pc_timed --mode timed --participants 5 --u 20 --w-ratio 7 --l-ratio 0.0 --sd-ratio 0.5
timed      N=5 R=1  L=0 U=20 W=140 (W/U=7) sd=10  execs=622773 blocked=0      commit=460800 abort=71733  time=102.621632564s
=== END pc2_t_n5_w7_sd50 rc=0 elapsed=102.629353067

=== RUN pc2_t_n5_w7_l25 cap=18000s CMD: /home/sahar/Desktop/MPI/TraceForge/target/release/examples/three_pc_timed --mode timed --participants 5 --u 20 --w-ratio 7 --l-ratio 0.25 --sd-ratio 0.25
timed      N=5 R=1  L=5 U=20 W=140 (W/U=7) sd=5  execs=622773 blocked=0      commit=460800 abort=71733  time=102.360780257s
=== END pc2_t_n5_w7_l25 rc=0 elapsed=102.368904569

=== RUN pc2_t_n3r2_w7 cap=18000s CMD: /home/sahar/Desktop/MPI/TraceForge/target/release/examples/three_pc_timed --mode timed --participants 3 --rounds 2 --u 20 --w-ratio 7 --l-ratio 0.0 --sd-ratio 0.25
timed      N=3 R=2  L=0 U=20 W=140 (W/U=7) sd=5  execs=131913 blocked=0      commit=90000  abort=141450 time=17.771941395s
=== END pc2_t_n3r2_w7 rc=0 elapsed=17.779547586

=== RUN ccx2_t_n6b1_A cap=18000s CMD: /home/sahar/Desktop/MPI/TraceForge/target/release/examples/comm_closed_leader_election_inbox --mode timed --nodes 6 --ballots 1 --u 20 --w 200 --l 18 --sd 2
timed      nodes=6 ballots=1 w=200 l=18 u=20 sd=2  execs=18774940 blocked=0 elected=282720 time=731.9676718s
=== END ccx2_t_n6b1_A rc=0 elapsed=731.976350211

=== RUN ccx2_t_n5b2_A cap=18000s CMD: /home/sahar/Desktop/MPI/TraceForge/target/release/examples/comm_closed_leader_election_inbox --mode timed --nodes 5 --ballots 2 --u 20 --w 200 --l 18 --sd 2
=== END ccx2_t_n5b2_A rc=124 elapsed=18000.022778385

=== RUN cc2_t_n4b1_F cap=18000s CMD: /home/sahar/Desktop/MPI/TraceForge/target/release/examples/comm_closed_leader_election --mode timed --nodes 4 --ballots 1 --u 20 --w 40 --l 0 --sd 10
Executions attempted so far: 1 total 1 finished normally 0 blocked.
Executions attempted so far: 2 total 2 finished normally 0 blocked.
Executions attempted so far: 3 total 3 finished normally 0 blocked.
Executions attempted so far: 4 total 4 finished normally 0 blocked.
Executions attempted so far: 5 total 5 finished normally 0 blocked.
Executions attempted so far: 1 total 1 finished normally 0 blocked.
Executions attempted so far: 6 total 6 finished normally 0 blocked.
Executions attempted so far: 1 total 1 finished normally 0 blocked.
Executions attempted so far: 2 total 2 finished normally 0 blocked.
Executions attempted so far: 3 total 3 finished normally 0 blocked.
Executions attempted so far: 7 total 7 finished normally 0 blocked.
Executions attempted so far: 1 total 1 finished normally 0 blocked.
Executions attempted so far: 2 total 2 finished normally 0 blocked.
Executions attempted so far: 4 total 4 finished normally 0 blocked.
Executions attempted so far: 8 total 8 finished normally 0 blocked.
Executions attempted so far: 3 total 3 finished normally 0 blocked.
Executions attempted so far: 2 total 2 finished normally 0 blocked.
Executions attempted so far: 5 total 5 finished normally 0 blocked.
Executions attempted so far: 9 total 9 finished normally 0 blocked.
Executions attempted so far: 4 total 4 finished normally 0 blocked.
Executions attempted so far: 10 total 10 finished normally 0 blocked.
Executions attempted so far: 3 total 3 finished normally 0 blocked.
Executions attempted so far: 6 total 6 finished normally 0 blocked.
Executions attempted so far: 5 total 5 finished normally 0 blocked.
Executions attempted so far: 4 total 4 finished normally 0 blocked.
Executions attempted so far: 7 total 7 finished normally 0 blocked.
Executions attempted so far: 6 total 6 finished normally 0 blocked.
Executions attempted so far: 8 total 8 finished normally 0 blocked.
Executions attempted so far: 5 total 5 finished normally 0 blocked.
Executions attempted so far: 9 total 9 finished normally 0 blocked.
Executions attempted so far: 7 total 7 finished normally 0 blocked.
Executions attempted so far: 10 total 10 finished normally 0 blocked.
Executions attempted so far: 8 total 8 finished normally 0 blocked.
Executions attempted so far: 6 total 6 finished normally 0 blocked.
Executions attempted so far: 9 total 9 finished normally 0 blocked.
Executions attempted so far: 10 total 10 finished normally 0 blocked.
Executions attempted so far: 7 total 7 finished normally 0 blocked.
Executions attempted so far: 1 total 1 finished normally 0 blocked.
Executions attempted so far: 8 total 8 finished normally 0 blocked.
Executions attempted so far: 2 total 2 finished normally 0 blocked.
Executions attempted so far: 9 total 9 finished normally 0 blocked.
Executions attempted so far: 3 total 3 finished normally 0 blocked.
Executions attempted so far: 10 total 10 finished normally 0 blocked.
Executions attempted so far: 4 total 4 finished normally 0 blocked.
Executions attempted so far: 20 total 20 finished normally 0 blocked.
Executions attempted so far: 20 total 20 finished normally 0 blocked.
Executions attempted so far: 5 total 5 finished normally 0 blocked.
Executions attempted so far: 1 total 1 finished normally 0 blocked.
Executions attempted so far: 6 total 6 finished normally 0 blocked.
Executions attempted so far: 2 total 2 finished normally 0 blocked.
Executions attempted so far: 20 total 20 finished normally 0 blocked.
Executions attempted so far: 7 total 7 finished normally 0 blocked.
Executions attempted so far: 3 total 3 finished normally 0 blocked.
Executions attempted so far: 8 total 8 finished normally 0 blocked.
Executions attempted so far: 4 total 4 finished normally 0 blocked.
Executions attempted so far: 5 total 5 finished normally 0 blocked.
Executions attempted so far: 9 total 9 finished normally 0 blocked.
Executions attempted so far: 6 total 6 finished normally 0 blocked.
Executions attempted so far: 10 total 10 finished normally 0 blocked.
Executions attempted so far: 7 total 7 finished normally 0 blocked.
Executions attempted so far: 8 total 8 finished normally 0 blocked.
Executions attempted so far: 9 total 9 finished normally 0 blocked.
Executions attempted so far: 30 total 30 finished normally 0 blocked.
Executions attempted so far: 1 total 1 finished normally 0 blocked.
Executions attempted so far: 10 total 10 finished normally 0 blocked.
Executions attempted so far: 30 total 30 finished normally 0 blocked.
Executions attempted so far: 30 total 30 finished normally 0 blocked.
Executions attempted so far: 1 total 1 finished normally 0 blocked.
Executions attempted so far: 2 total 2 finished normally 0 blocked.
Executions attempted so far: 1 total 1 finished normally 0 blocked.
Executions attempted so far: 2 total 2 finished normally 0 blocked.
Executions attempted so far: 2 total 2 finished normally 0 blocked.
Executions attempted so far: 3 total 3 finished normally 0 blocked.
Executions attempted so far: 3 total 3 finished normally 0 blocked.
Executions attempted so far: 3 total 3 finished normally 0 blocked.
Executions attempted so far: 4 total 4 finished normally 0 blocked.
Executions attempted so far: 1 total 1 finished normally 0 blocked.
Executions attempted so far: 4 total 4 finished normally 0 blocked.
Executions attempted so far: 4 total 4 finished normally 0 blocked.
Executions attempted so far: 5 total 5 finished normally 0 blocked.
Executions attempted so far: 40 total 40 finished normally 0 blocked.
Executions attempted so far: 5 total 5 finished normally 0 blocked.
Executions attempted so far: 20 total 20 finished normally 0 blocked.
Executions attempted so far: 1 total 1 finished normally 0 blocked.
Executions attempted so far: 6 total 6 finished normally 0 blocked.
Executions attempted so far: 2 total 2 finished normally 0 blocked.
Executions attempted so far: 5 total 5 finished normally 0 blocked.
Executions attempted so far: 40 total 40 finished normally 0 blocked.
Executions attempted so far: 20 total 20 finished normally 0 blocked.
Executions attempted so far: 6 total 6 finished normally 0 blocked.
Executions attempted so far: 7 total 7 finished normally 0 blocked.
Executions attempted so far: 2 total 2 finished normally 0 blocked.
Executions attempted so far: 3 total 3 finished normally 0 blocked.
Executions attempted so far: 6 total 6 finished normally 0 blocked.
Executions attempted so far: 7 total 7 finished normally 0 blocked.
Executions attempted so far: 8 total 8 finished normally 0 blocked.
Executions attempted so far: 40 total 40 finished normally 0 blocked.
Executions attempted so far: 3 total 3 finished normally 0 blocked.
Executions attempted so far: 7 total 7 finished normally 0 blocked.
Executions attempted so far: 20 total 20 finished normally 0 blocked.
Executions attempted so far: 4 total 4 finished normally 0 blocked.
Executions attempted so far: 8 total 8 finished normally 0 blocked.
Executions attempted so far: 9 total 9 finished normally 0 blocked.
Executions attempted so far: 4 total 4 finished normally 0 blocked.
Executions attempted so far: 8 total 8 finished normally 0 blocked.
Executions attempted so far: 9 total 9 finished normally 0 blocked.
Executions attempted so far: 5 total 5 finished normally 0 blocked.
Executions attempted so far: 10 total 10 finished normally 0 blocked.
Executions attempted so far: 9 total 9 finished normally 0 blocked.
Executions attempted so far: 5 total 5 finished normally 0 blocked.
Executions attempted so far: 10 total 10 finished normally 0 blocked.
Executions attempted so far: 1 total 1 finished normally 0 blocked.
Executions attempted so far: 6 total 6 finished normally 0 blocked.
Executions attempted so far: 10 total 10 finished normally 0 blocked.
Executions attempted so far: 6 total 6 finished normally 0 blocked.
Executions attempted so far: 50 total 50 finished normally 0 blocked.
Executions attempted so far: 2 total 2 finished normally 0 blocked.
Executions attempted so far: 7 total 7 finished normally 0 blocked.
Executions attempted so far: 7 total 7 finished normally 0 blocked.
Executions attempted so far: 50 total 50 finished normally 0 blocked.
Executions attempted so far: 30 total 30 finished normally 0 blocked.
Executions attempted so far: 3 total 3 finished normally 0 blocked.
Executions attempted so far: 8 total 8 finished normally 0 blocked.
Executions attempted so far: 8 total 8 finished normally 0 blocked.
Executions attempted so far: 4 total 4 finished normally 0 blocked.
Executions attempted so far: 9 total 9 finished normally 0 blocked.
Executions attempted so far: 9 total 9 finished normally 0 blocked.
Executions attempted so far: 5 total 5 finished normally 0 blocked.
Executions attempted so far: 10 total 10 finished normally 0 blocked.
Executions attempted so far: 1 total 1 finished normally 0 blocked.
Executions attempted so far: 10 total 10 finished normally 0 blocked.
Executions attempted so far: 50 total 50 finished normally 0 blocked.
Executions attempted so far: 6 total 6 finished normally 0 blocked.
Executions attempted so far: 30 total 30 finished normally 0 blocked.
Executions attempted so far: 2 total 2 finished normally 0 blocked.
Executions attempted so far: 7 total 7 finished normally 0 blocked.
Executions attempted so far: 1 total 1 finished normally 0 blocked.
Executions attempted so far: 3 total 3 finished normally 0 blocked.
Executions attempted so far: 8 total 8 finished normally 0 blocked.
Executions attempted so far: 60 total 60 finished normally 0 blocked.
Executions attempted so far: 2 total 2 finished normally 0 blocked.
Executions attempted so far: 4 total 4 finished normally 0 blocked.
Executions attempted so far: 30 total 30 finished normally 0 blocked.
Executions attempted so far: 9 total 9 finished normally 0 blocked.
Executions attempted so far: 3 total 3 finished normally 0 blocked.
Executions attempted so far: 20 total 20 finished normally 0 blocked.
Executions attempted so far: 5 total 5 finished normally 0 blocked.
Executions attempted so far: 10 total 10 finished normally 0 blocked.
Executions attempted so far: 20 total 20 finished normally 0 blocked.
Executions attempted so far: 60 total 60 finished normally 0 blocked.
Executions attempted so far: 4 total 4 finished normally 0 blocked.
Executions attempted so far: 6 total 6 finished normally 0 blocked.
Executions attempted so far: 20 total 20 finished normally 0 blocked.
Executions attempted so far: 5 total 5 finished normally 0 blocked.
Executions attempted so far: 7 total 7 finished normally 0 blocked.
Executions attempted so far: 1 total 1 finished normally 0 blocked.
Executions attempted so far: 6 total 6 finished normally 0 blocked.
Executions attempted so far: 8 total 8 finished normally 0 blocked.
Executions attempted so far: 40 total 40 finished normally 0 blocked.
Executions attempted so far: 2 total 2 finished normally 0 blocked.
Executions attempted so far: 7 total 7 finished normally 0 blocked.
Executions attempted so far: 9 total 9 finished normally 0 blocked.
Executions attempted so far: 3 total 3 finished normally 0 blocked.
Executions attempted so far: 8 total 8 finished normally 0 blocked.
Executions attempted so far: 10 total 10 finished normally 0 blocked.
Executions attempted so far: 20 total 20 finished normally 0 blocked.
Executions attempted so far: 4 total 4 finished normally 0 blocked.
Executions attempted so far: 9 total 9 finished normally 0 blocked.
Executions attempted so far: 60 total 60 finished normally 0 blocked.
Executions attempted so far: 5 total 5 finished normally 0 blocked.
Executions attempted so far: 10 total 10 finished normally 0 blocked.
Executions attempted so far: 1 total 1 finished normally 0 blocked.
Executions attempted so far: 6 total 6 finished normally 0 blocked.
Executions attempted so far: 40 total 40 finished normally 0 blocked.
Executions attempted so far: 2 total 2 finished normally 0 blocked.
Executions attempted so far: 7 total 7 finished normally 0 blocked.
Executions attempted so far: 40 total 40 finished normally 0 blocked.
Executions attempted so far: 30 total 30 finished normally 0 blocked.
Executions attempted so far: 20 total 20 finished normally 0 blocked.
Executions attempted so far: 3 total 3 finished normally 0 blocked.
Executions attempted so far: 8 total 8 finished normally 0 blocked.
Executions attempted so far: 70 total 70 finished normally 0 blocked.
Executions attempted so far: 70 total 70 finished normally 0 blocked.
Executions attempted so far: 30 total 30 finished normally 0 blocked.
Executions attempted so far: 4 total 4 finished normally 0 blocked.
Executions attempted so far: 30 total 30 finished normally 0 blocked.
Executions attempted so far: 9 total 9 finished normally 0 blocked.
Executions attempted so far: 5 total 5 finished normally 0 blocked.
Executions attempted so far: 10 total 10 finished normally 0 blocked.
Executions attempted so far: 6 total 6 finished normally 0 blocked.
Executions attempted so far: 50 total 50 finished normally 0 blocked.
Executions attempted so far: 7 total 7 finished normally 0 blocked.
Executions attempted so far: 8 total 8 finished normally 0 blocked.
Executions attempted so far: 20 total 20 finished normally 0 blocked.
Executions attempted so far: 30 total 30 finished normally 0 blocked.
Executions attempted so far: 9 total 9 finished normally 0 blocked.
Executions attempted so far: 20 total 20 finished normally 0 blocked.
Executions attempted so far: 20 total 20 finished normally 0 blocked.
Executions attempted so far: 50 total 50 finished normally 0 blocked.
Executions attempted so far: 70 total 70 finished normally 0 blocked.
Executions attempted so far: 30 total 30 finished normally 0 blocked.
Executions attempted so far: 40 total 40 finished normally 0 blocked.
Executions attempted so far: 80 total 80 finished normally 0 blocked.
Executions attempted so far: 50 total 50 finished normally 0 blocked.
Executions attempted so far: 40 total 40 finished normally 0 blocked.
Executions attempted so far: 40 total 40 finished normally 0 blocked.
Executions attempted so far: 20 total 20 finished normally 0 blocked.
Executions attempted so far: 80 total 80 finished normally 0 blocked.
Executions attempted so far: 60 total 60 finished normally 0 blocked.
Executions attempted so far: 30 total 30 finished normally 0 blocked.
Executions attempted so far: 40 total 40 finished normally 0 blocked.
Executions attempted so far: 30 total 30 finished normally 0 blocked.
Executions attempted so far: 30 total 30 finished normally 0 blocked.
Executions attempted so far: 60 total 60 finished normally 0 blocked.
Executions attempted so far: 50 total 50 finished normally 0 blocked.
Executions attempted so far: 10 total 10 finished normally 0 blocked.
Executions attempted so far: 40 total 40 finished normally 0 blocked.
Executions attempted so far: 80 total 80 finished normally 0 blocked.
Executions attempted so far: 90 total 90 finished normally 0 blocked.
Executions attempted so far: 60 total 60 finished normally 0 blocked.
Executions attempted so far: 50 total 50 finished normally 0 blocked.
Executions attempted so far: 30 total 30 finished normally 0 blocked.
Executions attempted so far: 50 total 50 finished normally 0 blocked.
Executions attempted so far: 90 total 90 finished normally 0 blocked.
Executions attempted so far: 70 total 70 finished normally 0 blocked.
Executions attempted so far: 40 total 40 finished normally 0 blocked.
Executions attempted so far: 70 total 70 finished normally 0 blocked.
Executions attempted so far: 20 total 20 finished normally 0 blocked.
Executions attempted so far: 40 total 40 finished normally 0 blocked.
Executions attempted so far: 50 total 50 finished normally 0 blocked.
Executions attempted so far: 50 total 50 finished normally 0 blocked.
Executions attempted so far: 80 total 80 finished normally 0 blocked.
Executions attempted so far: 100 total 100 finished normally 0 blocked.
Executions attempted so far: 60 total 60 finished normally 0 blocked.
Executions attempted so far: 100 total 100 finished normally 0 blocked.
Executions attempted so far: 60 total 60 finished normally 0 blocked.
Executions attempted so far: 50 total 50 finished normally 0 blocked.
Executions attempted so far: 80 total 80 finished normally 0 blocked.
Executions attempted so far: 40 total 40 finished normally 0 blocked.
Executions attempted so far: 90 total 90 finished normally 0 blocked.
Executions attempted so far: 30 total 30 finished normally 0 blocked.
Executions attempted so far: 60 total 60 finished normally 0 blocked.
Executions attempted so far: 40 total 40 finished normally 0 blocked.
Executions attempted so far: 70 total 70 finished normally 0 blocked.
Executions attempted so far: 90 total 90 finished normally 0 blocked.
Executions attempted so far: 50 total 50 finished normally 0 blocked.
Executions attempted so far: 60 total 60 finished normally 0 blocked.
Executions attempted so far: 70 total 70 finished normally 0 blocked.
Executions attempted so far: 90 total 90 finished normally 0 blocked.
Executions attempted so far: 60 total 60 finished normally 0 blocked.
Executions attempted so far: 60 total 60 finished normally 0 blocked.
Executions attempted so far: 70 total 70 finished normally 0 blocked.
Executions attempted so far: 70 total 70 finished normally 0 blocked.
Executions attempted so far: 80 total 80 finished normally 0 blocked.
Executions attempted so far: 50 total 50 finished normally 0 blocked.
Executions attempted so far: 40 total 40 finished normally 0 blocked.
Executions attempted so far: 70 total 70 finished normally 0 blocked.
Executions attempted so far: 100 total 100 finished normally 0 blocked.
Executions attempted so far: 100 total 100 finished normally 0 blocked.
Executions attempted so far: 80 total 80 finished normally 0 blocked.
Executions attempted so far: 100 total 100 finished normally 0 blocked.
Executions attempted so far: 70 total 70 finished normally 0 blocked.
Executions attempted so far: 70 total 70 finished normally 0 blocked.
Executions attempted so far: 80 total 80 finished normally 0 blocked.
Executions attempted so far: 50 total 50 finished normally 0 blocked.
Executions attempted so far: 80 total 80 finished normally 0 blocked.
Executions attempted so far: 60 total 60 finished normally 0 blocked.
Executions attempted so far: 90 total 90 finished normally 0 blocked.
Executions attempted so far: 90 total 90 finished normally 0 blocked.
Executions attempted so far: 80 total 80 finished normally 0 blocked.
Executions attempted so far: 50 total 50 finished normally 0 blocked.
Executions attempted so far: 80 total 80 finished normally 0 blocked.
Executions attempted so far: 60 total 60 finished normally 0 blocked.
Executions attempted so far: 60 total 60 finished normally 0 blocked.
Executions attempted so far: 90 total 90 finished normally 0 blocked.
Executions attempted so far: 80 total 80 finished normally 0 blocked.
Executions attempted so far: 70 total 70 finished normally 0 blocked.
Executions attempted so far: 100 total 100 finished normally 0 blocked.
Executions attempted so far: 100 total 100 finished normally 0 blocked.
Executions attempted so far: 90 total 90 finished normally 0 blocked.
Executions attempted so far: 60 total 60 finished normally 0 blocked.
Executions attempted so far: 90 total 90 finished normally 0 blocked.
Executions attempted so far: 70 total 70 finished normally 0 blocked.
Executions attempted so far: 100 total 100 finished normally 0 blocked.
Executions attempted so far: 70 total 70 finished normally 0 blocked.
Executions attempted so far: 90 total 90 finished normally 0 blocked.
Executions attempted so far: 100 total 100 finished normally 0 blocked.
Executions attempted so far: 80 total 80 finished normally 0 blocked.
Executions attempted so far: 80 total 80 finished normally 0 blocked.
Executions attempted so far: 100 total 100 finished normally 0 blocked.
Executions attempted so far: 80 total 80 finished normally 0 blocked.
Executions attempted so far: 70 total 70 finished normally 0 blocked.
Executions attempted so far: 90 total 90 finished normally 0 blocked.
Executions attempted so far: 90 total 90 finished normally 0 blocked.
Executions attempted so far: 90 total 90 finished normally 0 blocked.
Executions attempted so far: 90 total 90 finished normally 0 blocked.
Executions attempted so far: 80 total 80 finished normally 0 blocked.
Executions attempted so far: 100 total 100 finished normally 0 blocked.
Executions attempted so far: 100 total 100 finished normally 0 blocked.
Executions attempted so far: 100 total 100 finished normally 0 blocked.
Executions attempted so far: 100 total 100 finished normally 0 blocked.
Executions attempted so far: 100 total 100 finished normally 0 blocked.
Executions attempted so far: 90 total 90 finished normally 0 blocked.
Executions attempted so far: 100 total 100 finished normally 0 blocked.
Executions attempted so far: 200 total 200 finished normally 0 blocked.
Executions attempted so far: 200 total 200 finished normally 0 blocked.
Executions attempted so far: 200 total 200 finished normally 0 blocked.
Executions attempted so far: 200 total 200 finished normally 0 blocked.
Executions attempted so far: 200 total 200 finished normally 0 blocked.
Executions attempted so far: 200 total 200 finished normally 0 blocked.
Executions attempted so far: 200 total 200 finished normally 0 blocked.
Executions attempted so far: 200 total 200 finished normally 0 blocked.
Executions attempted so far: 200 total 200 finished normally 0 blocked.
Executions attempted so far: 200 total 200 finished normally 0 blocked.
Executions attempted so far: 200 total 200 finished normally 0 blocked.
Executions attempted so far: 200 total 200 finished normally 0 blocked.
Executions attempted so far: 200 total 200 finished normally 0 blocked.
Executions attempted so far: 200 total 200 finished normally 0 blocked.
Executions attempted so far: 300 total 300 finished normally 0 blocked.
Executions attempted so far: 200 total 200 finished normally 0 blocked.
Executions attempted so far: 300 total 300 finished normally 0 blocked.
Executions attempted so far: 200 total 200 finished normally 0 blocked.
Executions attempted so far: 300 total 300 finished normally 0 blocked.
Executions attempted so far: 300 total 300 finished normally 0 blocked.
Executions attempted so far: 300 total 300 finished normally 0 blocked.
Executions attempted so far: 300 total 300 finished normally 0 blocked.
Executions attempted so far: 300 total 300 finished normally 0 blocked.
Executions attempted so far: 300 total 300 finished normally 0 blocked.
Executions attempted so far: 300 total 300 finished normally 0 blocked.
Executions attempted so far: 300 total 300 finished normally 0 blocked.
Executions attempted so far: 300 total 300 finished normally 0 blocked.
Executions attempted so far: 300 total 300 finished normally 0 blocked.
Executions attempted so far: 300 total 300 finished normally 0 blocked.
Executions attempted so far: 400 total 400 finished normally 0 blocked.
Executions attempted so far: 300 total 300 finished normally 0 blocked.
Executions attempted so far: 300 total 300 finished normally 0 blocked.
Executions attempted so far: 400 total 400 finished normally 0 blocked.
Executions attempted so far: 300 total 300 finished normally 0 blocked.
Executions attempted so far: 400 total 400 finished normally 0 blocked.
Executions attempted so far: 400 total 400 finished normally 0 blocked.
Executions attempted so far: 400 total 400 finished normally 0 blocked.
Executions attempted so far: 400 total 400 finished normally 0 blocked.
Executions attempted so far: 400 total 400 finished normally 0 blocked.
Executions attempted so far: 400 total 400 finished normally 0 blocked.
Executions attempted so far: 400 total 400 finished normally 0 blocked.
Executions attempted so far: 400 total 400 finished normally 0 blocked.
Executions attempted so far: 400 total 400 finished normally 0 blocked.
Executions attempted so far: 500 total 500 finished normally 0 blocked.
Executions attempted so far: 400 total 400 finished normally 0 blocked.
Executions attempted so far: 400 total 400 finished normally 0 blocked.
Executions attempted so far: 400 total 400 finished normally 0 blocked.
Executions attempted so far: 500 total 500 finished normally 0 blocked.
Executions attempted so far: 400 total 400 finished normally 0 blocked.
Executions attempted so far: 500 total 500 finished normally 0 blocked.
Executions attempted so far: 500 total 500 finished normally 0 blocked.
Executions attempted so far: 400 total 400 finished normally 0 blocked.
Executions attempted so far: 500 total 500 finished normally 0 blocked.
Executions attempted so far: 500 total 500 finished normally 0 blocked.
Executions attempted so far: 500 total 500 finished normally 0 blocked.
Executions attempted so far: 500 total 500 finished normally 0 blocked.
Executions attempted so far: 500 total 500 finished normally 0 blocked.
Executions attempted so far: 500 total 500 finished normally 0 blocked.
Executions attempted so far: 600 total 600 finished normally 0 blocked.
Executions attempted so far: 500 total 500 finished normally 0 blocked.
Executions attempted so far: 500 total 500 finished normally 0 blocked.
Executions attempted so far: 500 total 500 finished normally 0 blocked.
Executions attempted so far: 600 total 600 finished normally 0 blocked.
Executions attempted so far: 500 total 500 finished normally 0 blocked.
Executions attempted so far: 600 total 600 finished normally 0 blocked.
Executions attempted so far: 500 total 500 finished normally 0 blocked.
Executions attempted so far: 500 total 500 finished normally 0 blocked.
Executions attempted so far: 600 total 600 finished normally 0 blocked.
Executions attempted so far: 600 total 600 finished normally 0 blocked.
Executions attempted so far: 600 total 600 finished normally 0 blocked.
Executions attempted so far: 600 total 600 finished normally 0 blocked.
Executions attempted so far: 600 total 600 finished normally 0 blocked.
Executions attempted so far: 600 total 600 finished normally 0 blocked.
Executions attempted so far: 700 total 700 finished normally 0 blocked.
Executions attempted so far: 600 total 600 finished normally 0 blocked.
Executions attempted so far: 600 total 600 finished normally 0 blocked.
Executions attempted so far: 600 total 600 finished normally 0 blocked.
Executions attempted so far: 600 total 600 finished normally 0 blocked.
Executions attempted so far: 700 total 700 finished normally 0 blocked.
Executions attempted so far: 600 total 600 finished normally 0 blocked.
Executions attempted so far: 700 total 700 finished normally 0 blocked.
Executions attempted so far: 600 total 600 finished normally 0 blocked.
Executions attempted so far: 600 total 600 finished normally 0 blocked.
Executions attempted so far: 700 total 700 finished normally 0 blocked.
Executions attempted so far: 700 total 700 finished normally 0 blocked.
Executions attempted so far: 700 total 700 finished normally 0 blocked.
Executions attempted so far: 700 total 700 finished normally 0 blocked.
Executions attempted so far: 700 total 700 finished normally 0 blocked.
Executions attempted so far: 700 total 700 finished normally 0 blocked.
Executions attempted so far: 800 total 800 finished normally 0 blocked.
Executions attempted so far: 700 total 700 finished normally 0 blocked.
Executions attempted so far: 700 total 700 finished normally 0 blocked.
Executions attempted so far: 700 total 700 finished normally 0 blocked.
Executions attempted so far: 700 total 700 finished normally 0 blocked.
Executions attempted so far: 800 total 800 finished normally 0 blocked.
Executions attempted so far: 800 total 800 finished normally 0 blocked.
Executions attempted so far: 700 total 700 finished normally 0 blocked.
Executions attempted so far: 700 total 700 finished normally 0 blocked.
Executions attempted so far: 800 total 800 finished normally 0 blocked.
Executions attempted so far: 800 total 800 finished normally 0 blocked.
Executions attempted so far: 700 total 700 finished normally 0 blocked.
Executions attempted so far: 800 total 800 finished normally 0 blocked.
Executions attempted so far: 800 total 800 finished normally 0 blocked.
Executions attempted so far: 900 total 900 finished normally 0 blocked.
Executions attempted so far: 800 total 800 finished normally 0 blocked.
Executions attempted so far: 800 total 800 finished normally 0 blocked.
Executions attempted so far: 800 total 800 finished normally 0 blocked.
Executions attempted so far: 800 total 800 finished normally 0 blocked.
Executions attempted so far: 800 total 800 finished normally 0 blocked.
Executions attempted so far: 800 total 800 finished normally 0 blocked.
Executions attempted so far: 900 total 900 finished normally 0 blocked.
Executions attempted so far: 900 total 900 finished normally 0 blocked.
Executions attempted so far: 800 total 800 finished normally 0 blocked.
Executions attempted so far: 800 total 800 finished normally 0 blocked.
Executions attempted so far: 900 total 900 finished normally 0 blocked.
Executions attempted so far: 900 total 900 finished normally 0 blocked.
Executions attempted so far: 1000 total 1000 finished normally 0 blocked.
Executions attempted so far: 900 total 900 finished normally 0 blocked.
Executions attempted so far: 800 total 800 finished normally 0 blocked.
Executions attempted so far: 900 total 900 finished normally 0 blocked.
Executions attempted so far: 900 total 900 finished normally 0 blocked.
Executions attempted so far: 900 total 900 finished normally 0 blocked.
Executions attempted so far: 900 total 900 finished normally 0 blocked.
Executions attempted so far: 900 total 900 finished normally 0 blocked.
Executions attempted so far: 1000 total 1000 finished normally 0 blocked.
Executions attempted so far: 900 total 900 finished normally 0 blocked.
Executions attempted so far: 900 total 900 finished normally 0 blocked.
Executions attempted so far: 1000 total 1000 finished normally 0 blocked.
Executions attempted so far: 900 total 900 finished normally 0 blocked.
Executions attempted so far: 900 total 900 finished normally 0 blocked.
Executions attempted so far: 1000 total 1000 finished normally 0 blocked.
Executions attempted so far: 1000 total 1000 finished normally 0 blocked.
Executions attempted so far: 1000 total 1000 finished normally 0 blocked.
Executions attempted so far: 1000 total 1000 finished normally 0 blocked.
Executions attempted so far: 900 total 900 finished normally 0 blocked.
Executions attempted so far: 1000 total 1000 finished normally 0 blocked.
Executions attempted so far: 1000 total 1000 finished normally 0 blocked.
Executions attempted so far: 1000 total 1000 finished normally 0 blocked.
Executions attempted so far: 1000 total 1000 finished normally 0 blocked.
Executions attempted so far: 1000 total 1000 finished normally 0 blocked.
Executions attempted so far: 1000 total 1000 finished normally 0 blocked.
Executions attempted so far: 1000 total 1000 finished normally 0 blocked.
Executions attempted so far: 1000 total 1000 finished normally 0 blocked.
Executions attempted so far: 1000 total 1000 finished normally 0 blocked.
Executions attempted so far: 2000 total 2000 finished normally 0 blocked.
Executions attempted so far: 2000 total 2000 finished normally 0 blocked.
Executions attempted so far: 2000 total 2000 finished normally 0 blocked.
Executions attempted so far: 2000 total 2000 finished normally 0 blocked.
Executions attempted so far: 2000 total 2000 finished normally 0 blocked.
Executions attempted so far: 2000 total 2000 finished normally 0 blocked.
Executions attempted so far: 2000 total 2000 finished normally 0 blocked.
Executions attempted so far: 2000 total 2000 finished normally 0 blocked.
Executions attempted so far: 2000 total 2000 finished normally 0 blocked.
Executions attempted so far: 2000 total 2000 finished normally 0 blocked.
Executions attempted so far: 2000 total 2000 finished normally 0 blocked.
Executions attempted so far: 2000 total 2000 finished normally 0 blocked.
Executions attempted so far: 2000 total 2000 finished normally 0 blocked.
Executions attempted so far: 2000 total 2000 finished normally 0 blocked.
Executions attempted so far: 2000 total 2000 finished normally 0 blocked.
Executions attempted so far: 2000 total 2000 finished normally 0 blocked.
Executions attempted so far: 3000 total 3000 finished normally 0 blocked.
Executions attempted so far: 3000 total 3000 finished normally 0 blocked.
Executions attempted so far: 3000 total 3000 finished normally 0 blocked.
Executions attempted so far: 3000 total 3000 finished normally 0 blocked.
Executions attempted so far: 3000 total 3000 finished normally 0 blocked.
Executions attempted so far: 3000 total 3000 finished normally 0 blocked.
Executions attempted so far: 3000 total 3000 finished normally 0 blocked.
Executions attempted so far: 3000 total 3000 finished normally 0 blocked.
Executions attempted so far: 3000 total 3000 finished normally 0 blocked.
Executions attempted so far: 3000 total 3000 finished normally 0 blocked.
Executions attempted so far: 3000 total 3000 finished normally 0 blocked.
Executions attempted so far: 3000 total 3000 finished normally 0 blocked.
Executions attempted so far: 3000 total 3000 finished normally 0 blocked.
Executions attempted so far: 3000 total 3000 finished normally 0 blocked.
Executions attempted so far: 3000 total 3000 finished normally 0 blocked.
Executions attempted so far: 3000 total 3000 finished normally 0 blocked.
Executions attempted so far: 4000 total 4000 finished normally 0 blocked.
Executions attempted so far: 4000 total 4000 finished normally 0 blocked.
Executions attempted so far: 4000 total 4000 finished normally 0 blocked.
Executions attempted so far: 4000 total 4000 finished normally 0 blocked.
Executions attempted so far: 4000 total 4000 finished normally 0 blocked.
Executions attempted so far: 4000 total 4000 finished normally 0 blocked.
Executions attempted so far: 4000 total 4000 finished normally 0 blocked.
Executions attempted so far: 4000 total 4000 finished normally 0 blocked.
Executions attempted so far: 4000 total 4000 finished normally 0 blocked.
Executions attempted so far: 4000 total 4000 finished normally 0 blocked.
Executions attempted so far: 4000 total 4000 finished normally 0 blocked.
Executions attempted so far: 4000 total 4000 finished normally 0 blocked.
Executions attempted so far: 4000 total 4000 finished normally 0 blocked.
Executions attempted so far: 4000 total 4000 finished normally 0 blocked.
Executions attempted so far: 4000 total 4000 finished normally 0 blocked.
Executions attempted so far: 4000 total 4000 finished normally 0 blocked.
Executions attempted so far: 5000 total 5000 finished normally 0 blocked.
Executions attempted so far: 5000 total 5000 finished normally 0 blocked.
Executions attempted so far: 5000 total 5000 finished normally 0 blocked.
Executions attempted so far: 5000 total 5000 finished normally 0 blocked.
Executions attempted so far: 5000 total 5000 finished normally 0 blocked.
Executions attempted so far: 5000 total 5000 finished normally 0 blocked.
Executions attempted so far: 5000 total 5000 finished normally 0 blocked.
Executions attempted so far: 5000 total 5000 finished normally 0 blocked.
Executions attempted so far: 5000 total 5000 finished normally 0 blocked.
Executions attempted so far: 5000 total 5000 finished normally 0 blocked.
Executions attempted so far: 5000 total 5000 finished normally 0 blocked.
Executions attempted so far: 5000 total 5000 finished normally 0 blocked.
Executions attempted so far: 5000 total 5000 finished normally 0 blocked.
Executions attempted so far: 5000 total 5000 finished normally 0 blocked.
Executions attempted so far: 6000 total 6000 finished normally 0 blocked.
Executions attempted so far: 6000 total 6000 finished normally 0 blocked.
Executions attempted so far: 5000 total 5000 finished normally 0 blocked.
Executions attempted so far: 6000 total 6000 finished normally 0 blocked.
Executions attempted so far: 5000 total 5000 finished normally 0 blocked.
Executions attempted so far: 6000 total 6000 finished normally 0 blocked.
Executions attempted so far: 6000 total 6000 finished normally 0 blocked.
Executions attempted so far: 6000 total 6000 finished normally 0 blocked.
Executions attempted so far: 6000 total 6000 finished normally 0 blocked.
Executions attempted so far: 6000 total 6000 finished normally 0 blocked.
Executions attempted so far: 6000 total 6000 finished normally 0 blocked.
Executions attempted so far: 6000 total 6000 finished normally 0 blocked.
Executions attempted so far: 6000 total 6000 finished normally 0 blocked.
Executions attempted so far: 6000 total 6000 finished normally 0 blocked.
Executions attempted so far: 7000 total 7000 finished normally 0 blocked.
Executions attempted so far: 6000 total 6000 finished normally 0 blocked.
Executions attempted so far: 6000 total 6000 finished normally 0 blocked.
Executions attempted so far: 7000 total 7000 finished normally 0 blocked.
Executions attempted so far: 7000 total 7000 finished normally 0 blocked.
Executions attempted so far: 7000 total 7000 finished normally 0 blocked.
Executions attempted so far: 7000 total 7000 finished normally 0 blocked.
Executions attempted so far: 6000 total 6000 finished normally 0 blocked.
Executions attempted so far: 7000 total 7000 finished normally 0 blocked.
Executions attempted so far: 7000 total 7000 finished normally 0 blocked.
Executions attempted so far: 7000 total 7000 finished normally 0 blocked.
Executions attempted so far: 7000 total 7000 finished normally 0 blocked.
Executions attempted so far: 6000 total 6000 finished normally 0 blocked.
Executions attempted so far: 7000 total 7000 finished normally 0 blocked.
Executions attempted so far: 7000 total 7000 finished normally 0 blocked.
Executions attempted so far: 8000 total 8000 finished normally 0 blocked.
Executions attempted so far: 7000 total 7000 finished normally 0 blocked.
Executions attempted so far: 7000 total 7000 finished normally 0 blocked.
Executions attempted so far: 8000 total 8000 finished normally 0 blocked.
Executions attempted so far: 8000 total 8000 finished normally 0 blocked.
Executions attempted so far: 8000 total 8000 finished normally 0 blocked.
Executions attempted so far: 8000 total 8000 finished normally 0 blocked.
Executions attempted so far: 7000 total 7000 finished normally 0 blocked.
Executions attempted so far: 7000 total 7000 finished normally 0 blocked.
Executions attempted so far: 8000 total 8000 finished normally 0 blocked.
Executions attempted so far: 8000 total 8000 finished normally 0 blocked.
Executions attempted so far: 8000 total 8000 finished normally 0 blocked.
Executions attempted so far: 8000 total 8000 finished normally 0 blocked.
Executions attempted so far: 7000 total 7000 finished normally 0 blocked.
Executions attempted so far: 8000 total 8000 finished normally 0 blocked.
Executions attempted so far: 9000 total 9000 finished normally 0 blocked.
Executions attempted so far: 8000 total 8000 finished normally 0 blocked.
Executions attempted so far: 8000 total 8000 finished normally 0 blocked.
Executions attempted so far: 8000 total 8000 finished normally 0 blocked.
Executions attempted so far: 9000 total 9000 finished normally 0 blocked.
Executions attempted so far: 9000 total 9000 finished normally 0 blocked.
Executions attempted so far: 9000 total 9000 finished normally 0 blocked.
Executions attempted so far: 9000 total 9000 finished normally 0 blocked.
Executions attempted so far: 8000 total 8000 finished normally 0 blocked.
Executions attempted so far: 8000 total 8000 finished normally 0 blocked.
Executions attempted so far: 9000 total 9000 finished normally 0 blocked.
Executions attempted so far: 9000 total 9000 finished normally 0 blocked.
Executions attempted so far: 9000 total 9000 finished normally 0 blocked.
Executions attempted so far: 9000 total 9000 finished normally 0 blocked.
Executions attempted so far: 8000 total 8000 finished normally 0 blocked.
Executions attempted so far: 9000 total 9000 finished normally 0 blocked.
Executions attempted so far: 10000 total 10000 finished normally 0 blocked.
Executions attempted so far: 9000 total 9000 finished normally 0 blocked.
Executions attempted so far: 9000 total 9000 finished normally 0 blocked.
Executions attempted so far: 9000 total 9000 finished normally 0 blocked.
Executions attempted so far: 10000 total 10000 finished normally 0 blocked.
Executions attempted so far: 10000 total 10000 finished normally 0 blocked.
Executions attempted so far: 10000 total 10000 finished normally 0 blocked.
Executions attempted so far: 9000 total 9000 finished normally 0 blocked.
Executions attempted so far: 9000 total 9000 finished normally 0 blocked.
Executions attempted so far: 10000 total 10000 finished normally 0 blocked.
Executions attempted so far: 10000 total 10000 finished normally 0 blocked.
Executions attempted so far: 9000 total 9000 finished normally 0 blocked.
Executions attempted so far: 10000 total 10000 finished normally 0 blocked.
Executions attempted so far: 10000 total 10000 finished normally 0 blocked.
Executions attempted so far: 10000 total 10000 finished normally 0 blocked.
Executions attempted so far: 10000 total 10000 finished normally 0 blocked.
Executions attempted so far: 10000 total 10000 finished normally 0 blocked.
Executions attempted so far: 10000 total 10000 finished normally 0 blocked.
Executions attempted so far: 10000 total 10000 finished normally 0 blocked.
Executions attempted so far: 10000 total 10000 finished normally 0 blocked.
Executions attempted so far: 10000 total 10000 finished normally 0 blocked.
Executions attempted so far: 10000 total 10000 finished normally 0 blocked.
Executions attempted so far: 20000 total 20000 finished normally 0 blocked.
Executions attempted so far: 20000 total 20000 finished normally 0 blocked.
Executions attempted so far: 20000 total 20000 finished normally 0 blocked.
Executions attempted so far: 20000 total 20000 finished normally 0 blocked.
Executions attempted so far: 20000 total 20000 finished normally 0 blocked.
Executions attempted so far: 20000 total 20000 finished normally 0 blocked.
Executions attempted so far: 20000 total 20000 finished normally 0 blocked.
Executions attempted so far: 20000 total 20000 finished normally 0 blocked.
Executions attempted so far: 20000 total 20000 finished normally 0 blocked.
Executions attempted so far: 20000 total 20000 finished normally 0 blocked.
Executions attempted so far: 20000 total 20000 finished normally 0 blocked.
Executions attempted so far: 20000 total 20000 finished normally 0 blocked.
Executions attempted so far: 20000 total 20000 finished normally 0 blocked.
Executions attempted so far: 20000 total 20000 finished normally 0 blocked.
Executions attempted so far: 20000 total 20000 finished normally 0 blocked.
Executions attempted so far: 20000 total 20000 finished normally 0 blocked.
Executions attempted so far: 30000 total 30000 finished normally 0 blocked (6000.00/sec).
Executions attempted so far: 30000 total 30000 finished normally 0 blocked (6000.00/sec).
Executions attempted so far: 30000 total 30000 finished normally 0 blocked (6000.00/sec).
Executions attempted so far: 30000 total 30000 finished normally 0 blocked (6000.00/sec).
Executions attempted so far: 30000 total 30000 finished normally 0 blocked (6000.00/sec).
Executions attempted so far: 30000 total 30000 finished normally 0 blocked (6000.00/sec).
Executions attempted so far: 30000 total 30000 finished normally 0 blocked (6000.00/sec).
Executions attempted so far: 30000 total 30000 finished normally 0 blocked (6000.00/sec).
Executions attempted so far: 30000 total 30000 finished normally 0 blocked (6000.00/sec).
Executions attempted so far: 30000 total 30000 finished normally 0 blocked (6000.00/sec).
Executions attempted so far: 30000 total 30000 finished normally 0 blocked (6000.00/sec).
Executions attempted so far: 30000 total 30000 finished normally 0 blocked (6000.00/sec).
Executions attempted so far: 30000 total 30000 finished normally 0 blocked (6000.00/sec).
Executions attempted so far: 30000 total 30000 finished normally 0 blocked (6000.00/sec).
Executions attempted so far: 30000 total 30000 finished normally 0 blocked (5000.00/sec).
Executions attempted so far: 30000 total 30000 finished normally 0 blocked (5000.00/sec).
Executions attempted so far: 40000 total 40000 finished normally 0 blocked (5714.29/sec).
Executions attempted so far: 40000 total 40000 finished normally 0 blocked (5714.29/sec).
Executions attempted so far: 40000 total 40000 finished normally 0 blocked (5714.29/sec).
Executions attempted so far: 40000 total 40000 finished normally 0 blocked (5714.29/sec).
Executions attempted so far: 40000 total 40000 finished normally 0 blocked (5714.29/sec).
Executions attempted so far: 40000 total 40000 finished normally 0 blocked (5714.29/sec).
Executions attempted so far: 40000 total 40000 finished normally 0 blocked (5714.29/sec).
Executions attempted so far: 40000 total 40000 finished normally 0 blocked (5714.29/sec).
Executions attempted so far: 40000 total 40000 finished normally 0 blocked (5714.29/sec).
Executions attempted so far: 40000 total 40000 finished normally 0 blocked (5714.29/sec).
Executions attempted so far: 40000 total 40000 finished normally 0 blocked (5000.00/sec).
Executions attempted so far: 40000 total 40000 finished normally 0 blocked (5000.00/sec).
Executions attempted so far: 40000 total 40000 finished normally 0 blocked (5000.00/sec).
Executions attempted so far: 40000 total 40000 finished normally 0 blocked (5000.00/sec).
Executions attempted so far: 40000 total 40000 finished normally 0 blocked (5000.00/sec).
Executions attempted so far: 40000 total 40000 finished normally 0 blocked (5000.00/sec).
Executions attempted so far: 50000 total 50000 finished normally 0 blocked (5555.56/sec).
Executions attempted so far: 50000 total 50000 finished normally 0 blocked (5555.56/sec).
Executions attempted so far: 50000 total 50000 finished normally 0 blocked (5555.56/sec).
Executions attempted so far: 50000 total 50000 finished normally 0 blocked (5555.56/sec).
Executions attempted so far: 50000 total 50000 finished normally 0 blocked (5555.56/sec).
Executions attempted so far: 50000 total 50000 finished normally 0 blocked (5555.56/sec).
Executions attempted so far: 50000 total 50000 finished normally 0 blocked (5555.56/sec).
Executions attempted so far: 50000 total 50000 finished normally 0 blocked (5555.56/sec).
Executions attempted so far: 50000 total 50000 finished normally 0 blocked (5555.56/sec).
Executions attempted so far: 50000 total 50000 finished normally 0 blocked (5555.56/sec).
Executions attempted so far: 50000 total 50000 finished normally 0 blocked (5555.56/sec).
Executions attempted so far: 50000 total 50000 finished normally 0 blocked (5555.56/sec).
Executions attempted so far: 50000 total 50000 finished normally 0 blocked (5000.00/sec).
Executions attempted so far: 50000 total 50000 finished normally 0 blocked (5000.00/sec).
Executions attempted so far: 50000 total 50000 finished normally 0 blocked (5000.00/sec).
Executions attempted so far: 50000 total 50000 finished normally 0 blocked (5000.00/sec).
Executions attempted so far: 60000 total 60000 finished normally 0 blocked (5454.55/sec).
Executions attempted so far: 60000 total 60000 finished normally 0 blocked (5454.55/sec).
Executions attempted so far: 60000 total 60000 finished normally 0 blocked (5454.55/sec).
Executions attempted so far: 60000 total 60000 finished normally 0 blocked (5454.55/sec).
Executions attempted so far: 60000 total 60000 finished normally 0 blocked (5454.55/sec).
Executions attempted so far: 60000 total 60000 finished normally 0 blocked (5454.55/sec).
Executions attempted so far: 60000 total 60000 finished normally 0 blocked (5454.55/sec).
Executions attempted so far: 60000 total 60000 finished normally 0 blocked (5454.55/sec).
Executions attempted so far: 60000 total 60000 finished normally 0 blocked (5454.55/sec).
Executions attempted so far: 60000 total 60000 finished normally 0 blocked (5454.55/sec).
Executions attempted so far: 60000 total 60000 finished normally 0 blocked (5454.55/sec).
Executions attempted so far: 60000 total 60000 finished normally 0 blocked (5454.55/sec).
Executions attempted so far: 60000 total 60000 finished normally 0 blocked (5454.55/sec).
Executions attempted so far: 60000 total 60000 finished normally 0 blocked (5000.00/sec).
Executions attempted so far: 60000 total 60000 finished normally 0 blocked (5000.00/sec).
Executions attempted so far: 60000 total 60000 finished normally 0 blocked (5000.00/sec).
Executions attempted so far: 70000 total 70000 finished normally 0 blocked (5833.33/sec).
Executions attempted so far: 70000 total 70000 finished normally 0 blocked (5384.62/sec).
Executions attempted so far: 70000 total 70000 finished normally 0 blocked (5384.62/sec).
Executions attempted so far: 70000 total 70000 finished normally 0 blocked (5384.62/sec).
Executions attempted so far: 70000 total 70000 finished normally 0 blocked (5384.62/sec).
Executions attempted so far: 70000 total 70000 finished normally 0 blocked (5384.62/sec).
Executions attempted so far: 70000 total 70000 finished normally 0 blocked (5384.62/sec).
Executions attempted so far: 70000 total 70000 finished normally 0 blocked (5384.62/sec).
Executions attempted so far: 70000 total 70000 finished normally 0 blocked (5384.62/sec).
Executions attempted so far: 70000 total 70000 finished normally 0 blocked (5384.62/sec).
Executions attempted so far: 70000 total 70000 finished normally 0 blocked (5384.62/sec).
Executions attempted so far: 70000 total 70000 finished normally 0 blocked (5384.62/sec).
Executions attempted so far: 70000 total 70000 finished normally 0 blocked (5000.00/sec).
Executions attempted so far: 70000 total 70000 finished normally 0 blocked (5000.00/sec).
Executions attempted so far: 70000 total 70000 finished normally 0 blocked (5000.00/sec).
Executions attempted so far: 70000 total 70000 finished normally 0 blocked (5000.00/sec).
Executions attempted so far: 80000 total 80000 finished normally 0 blocked (5714.29/sec).
Executions attempted so far: 80000 total 80000 finished normally 0 blocked (5714.29/sec).
Executions attempted so far: 80000 total 80000 finished normally 0 blocked (5714.29/sec).
Executions attempted so far: 80000 total 80000 finished normally 0 blocked (5333.33/sec).
Executions attempted so far: 80000 total 80000 finished normally 0 blocked (5333.33/sec).
Executions attempted so far: 80000 total 80000 finished normally 0 blocked (5333.33/sec).
Executions attempted so far: 80000 total 80000 finished normally 0 blocked (5333.33/sec).
Executions attempted so far: 80000 total 80000 finished normally 0 blocked (5333.33/sec).
Executions attempted so far: 80000 total 80000 finished normally 0 blocked (5333.33/sec).
Executions attempted so far: 80000 total 80000 finished normally 0 blocked (5333.33/sec).
Executions attempted so far: 80000 total 80000 finished normally 0 blocked (5333.33/sec).
Executions attempted so far: 80000 total 80000 finished normally 0 blocked (5333.33/sec).
Executions attempted so far: 80000 total 80000 finished normally 0 blocked (5333.33/sec).
Executions attempted so far: 80000 total 80000 finished normally 0 blocked (5333.33/sec).
Executions attempted so far: 80000 total 80000 finished normally 0 blocked (5000.00/sec).
Executions attempted so far: 80000 total 80000 finished normally 0 blocked (5000.00/sec).
Executions attempted so far: 90000 total 90000 finished normally 0 blocked (5625.00/sec).
Executions attempted so far: 90000 total 90000 finished normally 0 blocked (5625.00/sec).
Executions attempted so far: 90000 total 90000 finished normally 0 blocked (5625.00/sec).
Executions attempted so far: 90000 total 90000 finished normally 0 blocked (5294.12/sec).
Executions attempted so far: 90000 total 90000 finished normally 0 blocked (5294.12/sec).
Executions attempted so far: 90000 total 90000 finished normally 0 blocked (5294.12/sec).
Executions attempted so far: 90000 total 90000 finished normally 0 blocked (5294.12/sec).
Executions attempted so far: 90000 total 90000 finished normally 0 blocked (5294.12/sec).
Executions attempted so far: 90000 total 90000 finished normally 0 blocked (5294.12/sec).
Executions attempted so far: 90000 total 90000 finished normally 0 blocked (5294.12/sec).
Executions attempted so far: 90000 total 90000 finished normally 0 blocked (5294.12/sec).
Executions attempted so far: 90000 total 90000 finished normally 0 blocked (5294.12/sec).
Executions attempted so far: 90000 total 90000 finished normally 0 blocked (5294.12/sec).
Executions attempted so far: 90000 total 90000 finished normally 0 blocked (5294.12/sec).
Executions attempted so far: 90000 total 90000 finished normally 0 blocked (5000.00/sec).
Executions attempted so far: 90000 total 90000 finished normally 0 blocked (5000.00/sec).
Executions attempted so far: 100000 total 100000 finished normally 0 blocked (5555.56/sec).
Executions attempted so far: 100000 total 100000 finished normally 0 blocked (5555.56/sec).
Executions attempted so far: 100000 total 100000 finished normally 0 blocked (5555.56/sec).
Executions attempted so far: 100000 total 100000 finished normally 0 blocked (5263.16/sec).
Executions attempted so far: 100000 total 100000 finished normally 0 blocked (5263.16/sec).
Executions attempted so far: 100000 total 100000 finished normally 0 blocked (5263.16/sec).
Executions attempted so far: 100000 total 100000 finished normally 0 blocked (5263.16/sec).
Executions attempted so far: 100000 total 100000 finished normally 0 blocked (5263.16/sec).
Executions attempted so far: 100000 total 100000 finished normally 0 blocked (5263.16/sec).
Executions attempted so far: 100000 total 100000 finished normally 0 blocked (5263.16/sec).
Executions attempted so far: 100000 total 100000 finished normally 0 blocked (5263.16/sec).
Executions attempted so far: 100000 total 100000 finished normally 0 blocked (5263.16/sec).
Executions attempted so far: 100000 total 100000 finished normally 0 blocked (5263.16/sec).
Executions attempted so far: 100000 total 100000 finished normally 0 blocked (5263.16/sec).
Executions attempted so far: 100000 total 100000 finished normally 0 blocked (5000.00/sec).
Executions attempted so far: 100000 total 100000 finished normally 0 blocked (5000.00/sec).
Executions attempted so far: 200000 total 200000 finished normally 0 blocked (5405.41/sec).
Executions attempted so far: 200000 total 200000 finished normally 0 blocked (5405.41/sec).
Executions attempted so far: 200000 total 200000 finished normally 0 blocked (5405.41/sec).
Executions attempted so far: 200000 total 200000 finished normally 0 blocked (5263.16/sec).
Executions attempted so far: 200000 total 200000 finished normally 0 blocked (5263.16/sec).
Executions attempted so far: 200000 total 200000 finished normally 0 blocked (5128.21/sec).
Executions attempted so far: 200000 total 200000 finished normally 0 blocked (5128.21/sec).
Executions attempted so far: 200000 total 200000 finished normally 0 blocked (5128.21/sec).
Executions attempted so far: 200000 total 200000 finished normally 0 blocked (5128.21/sec).
Executions attempted so far: 200000 total 200000 finished normally 0 blocked (5128.21/sec).
Executions attempted so far: 200000 total 200000 finished normally 0 blocked (5128.21/sec).
Executions attempted so far: 200000 total 200000 finished normally 0 blocked (5000.00/sec).
Executions attempted so far: 200000 total 200000 finished normally 0 blocked (5000.00/sec).
Executions attempted so far: 200000 total 200000 finished normally 0 blocked (5000.00/sec).
Executions attempted so far: 200000 total 200000 finished normally 0 blocked (5000.00/sec).
Executions attempted so far: 200000 total 200000 finished normally 0 blocked (5000.00/sec).
Executions attempted so far: 300000 total 300000 finished normally 0 blocked (5357.14/sec).
Executions attempted so far: 300000 total 300000 finished normally 0 blocked (5357.14/sec).
Executions attempted so far: 300000 total 300000 finished normally 0 blocked (5263.16/sec).
Executions attempted so far: 300000 total 300000 finished normally 0 blocked (5263.16/sec).
Executions attempted so far: 300000 total 300000 finished normally 0 blocked (5172.41/sec).
Executions attempted so far: 300000 total 300000 finished normally 0 blocked (5172.41/sec).
Executions attempted so far: 300000 total 300000 finished normally 0 blocked (5172.41/sec).
Executions attempted so far: 300000 total 300000 finished normally 0 blocked (5084.75/sec).
Executions attempted so far: 300000 total 300000 finished normally 0 blocked (5084.75/sec).
Executions attempted so far: 300000 total 300000 finished normally 0 blocked (5084.75/sec).
Executions attempted so far: 300000 total 300000 finished normally 0 blocked (5084.75/sec).
Executions attempted so far: 300000 total 300000 finished normally 0 blocked (5084.75/sec).
Executions attempted so far: 300000 total 300000 finished normally 0 blocked (5084.75/sec).
Executions attempted so far: 300000 total 300000 finished normally 0 blocked (5000.00/sec).
Executions attempted so far: 300000 total 300000 finished normally 0 blocked (5000.00/sec).
Executions attempted so far: 300000 total 300000 finished normally 0 blocked (5000.00/sec).
Executions attempted so far: 400000 total 400000 finished normally 0 blocked (5333.33/sec).
Executions attempted so far: 400000 total 400000 finished normally 0 blocked (5263.16/sec).
Executions attempted so far: 400000 total 400000 finished normally 0 blocked (5263.16/sec).
Executions attempted so far: 400000 total 400000 finished normally 0 blocked (5194.81/sec).
Executions attempted so far: 400000 total 400000 finished normally 0 blocked (5194.81/sec).
Executions attempted so far: 400000 total 400000 finished normally 0 blocked (5128.21/sec).
Executions attempted so far: 400000 total 400000 finished normally 0 blocked (5128.21/sec).
Executions attempted so far: 400000 total 400000 finished normally 0 blocked (5128.21/sec).
Executions attempted so far: 400000 total 400000 finished normally 0 blocked (5063.29/sec).
Executions attempted so far: 400000 total 400000 finished normally 0 blocked (5063.29/sec).
Executions attempted so far: 400000 total 400000 finished normally 0 blocked (5063.29/sec).
Executions attempted so far: 400000 total 400000 finished normally 0 blocked (5063.29/sec).
Executions attempted so far: 400000 total 400000 finished normally 0 blocked (5063.29/sec).
Executions attempted so far: 400000 total 400000 finished normally 0 blocked (5063.29/sec).
Executions attempted so far: 400000 total 400000 finished normally 0 blocked (5000.00/sec).
Executions attempted so far: 400000 total 400000 finished normally 0 blocked (4938.27/sec).
Executions attempted so far: 500000 total 500000 finished normally 0 blocked (5319.15/sec).
Executions attempted so far: 500000 total 500000 finished normally 0 blocked (5208.33/sec).
Executions attempted so far: 500000 total 500000 finished normally 0 blocked (5208.33/sec).
Executions attempted so far: 500000 total 500000 finished normally 0 blocked (5154.64/sec).
Executions attempted so far: 500000 total 500000 finished normally 0 blocked (5154.64/sec).
Executions attempted so far: 500000 total 500000 finished normally 0 blocked (5102.04/sec).
Executions attempted so far: 500000 total 500000 finished normally 0 blocked (5102.04/sec).
Executions attempted so far: 500000 total 500000 finished normally 0 blocked (5102.04/sec).
Executions attempted so far: 500000 total 500000 finished normally 0 blocked (5050.51/sec).
Executions attempted so far: 500000 total 500000 finished normally 0 blocked (5050.51/sec).
Executions attempted so far: 500000 total 500000 finished normally 0 blocked (5050.51/sec).
Executions attempted so far: 500000 total 500000 finished normally 0 blocked (5050.51/sec).
Executions attempted so far: 500000 total 500000 finished normally 0 blocked (5050.51/sec).
Executions attempted so far: 500000 total 500000 finished normally 0 blocked (5050.51/sec).
Executions attempted so far: 500000 total 500000 finished normally 0 blocked (4950.50/sec).
Executions attempted so far: 500000 total 500000 finished normally 0 blocked (4901.96/sec).
Executions attempted so far: 600000 total 600000 finished normally 0 blocked (5263.16/sec).
Executions attempted so far: 600000 total 600000 finished normally 0 blocked (5217.39/sec).
Executions attempted so far: 600000 total 600000 finished normally 0 blocked (5172.41/sec).
Executions attempted so far: 600000 total 600000 finished normally 0 blocked (5172.41/sec).
Executions attempted so far: 600000 total 600000 finished normally 0 blocked (5172.41/sec).
Executions attempted so far: 600000 total 600000 finished normally 0 blocked (5172.41/sec).
Executions attempted so far: 600000 total 600000 finished normally 0 blocked (5128.21/sec).
Executions attempted so far: 600000 total 600000 finished normally 0 blocked (5084.75/sec).
Executions attempted so far: 600000 total 600000 finished normally 0 blocked (5084.75/sec).
Executions attempted so far: 600000 total 600000 finished normally 0 blocked (5042.02/sec).
Executions attempted so far: 600000 total 600000 finished normally 0 blocked (5042.02/sec).
Executions attempted so far: 600000 total 600000 finished normally 0 blocked (5042.02/sec).
Executions attempted so far: 600000 total 600000 finished normally 0 blocked (5000.00/sec).
Executions attempted so far: 600000 total 600000 finished normally 0 blocked (5000.00/sec).
Executions attempted so far: 600000 total 600000 finished normally 0 blocked (4958.68/sec).
Executions attempted so far: 600000 total 600000 finished normally 0 blocked (4918.03/sec).
Executions attempted so far: 700000 total 700000 finished normally 0 blocked (5263.16/sec).
Executions attempted so far: 700000 total 700000 finished normally 0 blocked (5263.16/sec).
Executions attempted so far: 700000 total 700000 finished normally 0 blocked (5185.19/sec).
Executions attempted so far: 700000 total 700000 finished normally 0 blocked (5147.06/sec).
Executions attempted so far: 700000 total 700000 finished normally 0 blocked (5147.06/sec).
Executions attempted so far: 700000 total 700000 finished normally 0 blocked (5147.06/sec).
Executions attempted so far: 700000 total 700000 finished normally 0 blocked (5147.06/sec).
Executions attempted so far: 700000 total 700000 finished normally 0 blocked (5035.97/sec).
Executions attempted so far: 700000 total 700000 finished normally 0 blocked (5035.97/sec).
Executions attempted so far: 700000 total 700000 finished normally 0 blocked (5035.97/sec).
Executions attempted so far: 700000 total 700000 finished normally 0 blocked (5035.97/sec).
Executions attempted so far: 700000 total 700000 finished normally 0 blocked (5035.97/sec).
Executions attempted so far: 700000 total 700000 finished normally 0 blocked (5035.97/sec).
Executions attempted so far: 700000 total 700000 finished normally 0 blocked (5000.00/sec).
Executions attempted so far: 700000 total 700000 finished normally 0 blocked (4964.54/sec).
Executions attempted so far: 700000 total 700000 finished normally 0 blocked (4964.54/sec).
Executions attempted so far: 800000 total 800000 finished normally 0 blocked (5263.16/sec).
Executions attempted so far: 800000 total 800000 finished normally 0 blocked (5263.16/sec).
Executions attempted so far: 800000 total 800000 finished normally 0 blocked (5228.76/sec).
Executions attempted so far: 800000 total 800000 finished normally 0 blocked (5161.29/sec).
Executions attempted so far: 800000 total 800000 finished normally 0 blocked (5128.21/sec).
Executions attempted so far: 800000 total 800000 finished normally 0 blocked (5128.21/sec).
Executions attempted so far: 800000 total 800000 finished normally 0 blocked (5095.54/sec).
Executions attempted so far: 800000 total 800000 finished normally 0 blocked (5063.29/sec).
Executions attempted so far: 800000 total 800000 finished normally 0 blocked (5063.29/sec).
Executions attempted so far: 800000 total 800000 finished normally 0 blocked (5031.45/sec).
Executions attempted so far: 800000 total 800000 finished normally 0 blocked (5031.45/sec).
Executions attempted so far: 800000 total 800000 finished normally 0 blocked (5000.00/sec).
Executions attempted so far: 800000 total 800000 finished normally 0 blocked (5000.00/sec).
Executions attempted so far: 800000 total 800000 finished normally 0 blocked (5000.00/sec).
Executions attempted so far: 800000 total 800000 finished normally 0 blocked (5000.00/sec).
Executions attempted so far: 800000 total 800000 finished normally 0 blocked (4968.94/sec).
Executions attempted so far: 900000 total 900000 finished normally 0 blocked (5294.12/sec).
Executions attempted so far: 900000 total 900000 finished normally 0 blocked (5232.56/sec).
Executions attempted so far: 900000 total 900000 finished normally 0 blocked (5232.56/sec).
Executions attempted so far: 900000 total 900000 finished normally 0 blocked (5172.41/sec).
Executions attempted so far: 900000 total 900000 finished normally 0 blocked (5113.64/sec).
Executions attempted so far: 900000 total 900000 finished normally 0 blocked (5084.75/sec).
Executions attempted so far: 900000 total 900000 finished normally 0 blocked (5084.75/sec).
Executions attempted so far: 900000 total 900000 finished normally 0 blocked (5056.18/sec).
Executions attempted so far: 900000 total 900000 finished normally 0 blocked (5056.18/sec).
Executions attempted so far: 900000 total 900000 finished normally 0 blocked (5027.93/sec).
Executions attempted so far: 900000 total 900000 finished normally 0 blocked (5027.93/sec).
Executions attempted so far: 900000 total 900000 finished normally 0 blocked (5000.00/sec).
Executions attempted so far: 900000 total 900000 finished normally 0 blocked (4972.38/sec).
Executions attempted so far: 900000 total 900000 finished normally 0 blocked (4972.38/sec).
Executions attempted so far: 900000 total 900000 finished normally 0 blocked (4972.38/sec).
Executions attempted so far: 900000 total 900000 finished normally 0 blocked (4972.38/sec).
Executions attempted so far: 1000000 total 1000000 finished normally 0 blocked (5319.15/sec).
Executions attempted so far: 1000000 total 1000000 finished normally 0 blocked (5235.60/sec).
Executions attempted so far: 1000000 total 1000000 finished normally 0 blocked (5235.60/sec).
Executions attempted so far: 1000000 total 1000000 finished normally 0 blocked (5154.64/sec).
Executions attempted so far: 1000000 total 1000000 finished normally 0 blocked (5128.21/sec).
Executions attempted so far: 1000000 total 1000000 finished normally 0 blocked (5102.04/sec).
Executions attempted so far: 1000000 total 1000000 finished normally 0 blocked (5102.04/sec).
Executions attempted so far: 1000000 total 1000000 finished normally 0 blocked (5050.51/sec).
Executions attempted so far: 1000000 total 1000000 finished normally 0 blocked (5050.51/sec).
Executions attempted so far: 1000000 total 1000000 finished normally 0 blocked (5025.13/sec).
Executions attempted so far: 1000000 total 1000000 finished normally 0 blocked (5025.13/sec).
Executions attempted so far: 1000000 total 1000000 finished normally 0 blocked (5025.13/sec).
Executions attempted so far: 1000000 total 1000000 finished normally 0 blocked (5000.00/sec).
Executions attempted so far: 1000000 total 1000000 finished normally 0 blocked (4975.12/sec).
Executions attempted so far: 1000000 total 1000000 finished normally 0 blocked (4975.12/sec).
Executions attempted so far: 1000000 total 1000000 finished normally 0 blocked (4950.50/sec).
Executions attempted so far: 2000000 total 2000000 finished normally 0 blocked (5347.59/sec).
Executions attempted so far: 2000000 total 2000000 finished normally 0 blocked (5208.33/sec).
Executions attempted so far: 2000000 total 2000000 finished normally 0 blocked (5181.35/sec).
Executions attempted so far: 2000000 total 2000000 finished normally 0 blocked (5167.96/sec).
Executions attempted so far: 2000000 total 2000000 finished normally 0 blocked (5128.21/sec).
Executions attempted so far: 2000000 total 2000000 finished normally 0 blocked (5089.06/sec).
Executions attempted so far: 2000000 total 2000000 finished normally 0 blocked (5076.14/sec).
Executions attempted so far: 2000000 total 2000000 finished normally 0 blocked (5076.14/sec).
Executions attempted so far: 2000000 total 2000000 finished normally 0 blocked (5063.29/sec).
Executions attempted so far: 2000000 total 2000000 finished normally 0 blocked (5063.29/sec).
Executions attempted so far: 2000000 total 2000000 finished normally 0 blocked (5063.29/sec).
Executions attempted so far: 2000000 total 2000000 finished normally 0 blocked (5012.53/sec).
Executions attempted so far: 2000000 total 2000000 finished normally 0 blocked (5012.53/sec).
Executions attempted so far: 2000000 total 2000000 finished normally 0 blocked (5000.00/sec).
Executions attempted so far: 2000000 total 2000000 finished normally 0 blocked (4975.12/sec).
Executions attempted so far: 2000000 total 2000000 finished normally 0 blocked (4926.11/sec).
Executions attempted so far: 3000000 total 3000000 finished normally 0 blocked (5253.94/sec).
Executions attempted so far: 3000000 total 3000000 finished normally 0 blocked (5172.41/sec).
Executions attempted so far: 3000000 total 3000000 finished normally 0 blocked (5110.73/sec).
Executions attempted so far: 3000000 total 3000000 finished normally 0 blocked (5102.04/sec).
Executions attempted so far: 3000000 total 3000000 finished normally 0 blocked (5102.04/sec).
Executions attempted so far: 3000000 total 3000000 finished normally 0 blocked (5102.04/sec).
Executions attempted so far: 3000000 total 3000000 finished normally 0 blocked (5084.75/sec).
Executions attempted so far: 3000000 total 3000000 finished normally 0 blocked (5059.02/sec).
Executions attempted so far: 3000000 total 3000000 finished normally 0 blocked (5050.51/sec).
Executions attempted so far: 3000000 total 3000000 finished normally 0 blocked (5050.51/sec).
Executions attempted so far: 3000000 total 3000000 finished normally 0 blocked (5025.13/sec).
Executions attempted so far: 3000000 total 3000000 finished normally 0 blocked (5000.00/sec).
Executions attempted so far: 3000000 total 3000000 finished normally 0 blocked (4991.68/sec).
Executions attempted so far: 3000000 total 3000000 finished normally 0 blocked (4991.68/sec).
Executions attempted so far: 3000000 total 3000000 finished normally 0 blocked (4966.89/sec).
Executions attempted so far: 3000000 total 3000000 finished normally 0 blocked (4909.98/sec).
Executions attempted so far: 4000000 total 4000000 finished normally 0 blocked (5188.07/sec).
Executions attempted so far: 4000000 total 4000000 finished normally 0 blocked (5121.64/sec).
Executions attempted so far: 4000000 total 4000000 finished normally 0 blocked (5089.06/sec).
Executions attempted so far: 4000000 total 4000000 finished normally 0 blocked (5082.59/sec).
Executions attempted so far: 4000000 total 4000000 finished normally 0 blocked (5076.14/sec).
Executions attempted so far: 4000000 total 4000000 finished normally 0 blocked (5063.29/sec).
Executions attempted so far: 4000000 total 4000000 finished normally 0 blocked (5056.89/sec).
Executions attempted so far: 4000000 total 4000000 finished normally 0 blocked (5044.14/sec).
Executions attempted so far: 4000000 total 4000000 finished normally 0 blocked (5037.78/sec).
Executions attempted so far: 4000000 total 4000000 finished normally 0 blocked (5037.78/sec).
Executions attempted so far: 4000000 total 4000000 finished normally 0 blocked (5025.13/sec).
Executions attempted so far: 4000000 total 4000000 finished normally 0 blocked (5006.26/sec).
Executions attempted so far: 4000000 total 4000000 finished normally 0 blocked (5000.00/sec).
Executions attempted so far: 4000000 total 4000000 finished normally 0 blocked (4981.32/sec).
Executions attempted so far: 4000000 total 4000000 finished normally 0 blocked (4962.78/sec).
Executions attempted so far: 4000000 total 4000000 finished normally 0 blocked (4938.27/sec).
Executions attempted so far: 5000000 total 5000000 finished normally 0 blocked (5170.63/sec).
Executions attempted so far: 5000000 total 5000000 finished normally 0 blocked (5122.95/sec).
Executions attempted so far: 5000000 total 5000000 finished normally 0 blocked (5096.84/sec).
Executions attempted so far: 5000000 total 5000000 finished normally 0 blocked (5065.86/sec).
Executions attempted so far: 5000000 total 5000000 finished normally 0 blocked (5060.73/sec).
Executions attempted so far: 5000000 total 5000000 finished normally 0 blocked (5060.73/sec).
Executions attempted so far: 5000000 total 5000000 finished normally 0 blocked (5055.61/sec).
Executions attempted so far: 5000000 total 5000000 finished normally 0 blocked (5035.25/sec).
Executions attempted so far: 5000000 total 5000000 finished normally 0 blocked (5035.25/sec).
Executions attempted so far: 5000000 total 5000000 finished normally 0 blocked (5035.25/sec).
Executions attempted so far: 5000000 total 5000000 finished normally 0 blocked (5015.05/sec).
Executions attempted so far: 5000000 total 5000000 finished normally 0 blocked (5010.02/sec).
Executions attempted so far: 5000000 total 5000000 finished normally 0 blocked (5000.00/sec).
Executions attempted so far: 5000000 total 5000000 finished normally 0 blocked (4985.04/sec).
Executions attempted so far: 5000000 total 5000000 finished normally 0 blocked (4975.12/sec).
Executions attempted so far: 5000000 total 5000000 finished normally 0 blocked (4926.11/sec).
Executions attempted so far: 6000000 total 6000000 finished normally 0 blocked (5136.99/sec).
Executions attempted so far: 6000000 total 6000000 finished normally 0 blocked (5110.73/sec).
Executions attempted so far: 6000000 total 6000000 finished normally 0 blocked (5093.38/sec).
Executions attempted so far: 6000000 total 6000000 finished normally 0 blocked (5080.44/sec).
Executions attempted so far: 6000000 total 6000000 finished normally 0 blocked (5059.02/sec).
Executions attempted so far: 6000000 total 6000000 finished normally 0 blocked (5054.76/sec).
Executions attempted so far: 6000000 total 6000000 finished normally 0 blocked (5046.26/sec).
Executions attempted so far: 6000000 total 6000000 finished normally 0 blocked (5046.26/sec).
Executions attempted so far: 6000000 total 6000000 finished normally 0 blocked (5033.56/sec).
Executions attempted so far: 6000000 total 6000000 finished normally 0 blocked (5029.34/sec).
Executions attempted so far: 6000000 total 6000000 finished normally 0 blocked (5025.13/sec).
Executions attempted so far: 6000000 total 6000000 finished normally 0 blocked (5025.13/sec).
Executions attempted so far: 6000000 total 6000000 finished normally 0 blocked (5016.72/sec).
Executions attempted so far: 6000000 total 6000000 finished normally 0 blocked (4995.84/sec).
Executions attempted so far: 6000000 total 6000000 finished normally 0 blocked (4995.84/sec).
Executions attempted so far: 6000000 total 6000000 finished normally 0 blocked (4946.41/sec).
Executions attempted so far: 7000000 total 7000000 finished normally 0 blocked (5139.50/sec).
Executions attempted so far: 7000000 total 7000000 finished normally 0 blocked (5098.32/sec).
Executions attempted so far: 7000000 total 7000000 finished normally 0 blocked (5076.14/sec).
Executions attempted so far: 7000000 total 7000000 finished normally 0 blocked (5065.12/sec).
Executions attempted so far: 7000000 total 7000000 finished normally 0 blocked (5057.80/sec).
Executions attempted so far: 7000000 total 7000000 finished normally 0 blocked (5050.51/sec).
Executions attempted so far: 7000000 total 7000000 finished normally 0 blocked (5050.51/sec).
Executions attempted so far: 7000000 total 7000000 finished normally 0 blocked (5039.60/sec).
Executions attempted so far: 7000000 total 7000000 finished normally 0 blocked (5028.74/sec).
Executions attempted so far: 7000000 total 7000000 finished normally 0 blocked (5028.74/sec).
Executions attempted so far: 7000000 total 7000000 finished normally 0 blocked (5025.13/sec).
Executions attempted so far: 7000000 total 7000000 finished normally 0 blocked (5025.13/sec).
Executions attempted so far: 7000000 total 7000000 finished normally 0 blocked (5007.15/sec).
Executions attempted so far: 7000000 total 7000000 finished normally 0 blocked (4992.87/sec).
Executions attempted so far: 7000000 total 7000000 finished normally 0 blocked (4978.66/sec).
Executions attempted so far: 7000000 total 7000000 finished normally 0 blocked (4950.50/sec).
timed      nodes=4 ballots=1 w=40 l=0 u=20 sd=10  execs=116020500 blocked=0 elected=23820744 time=1440.726231228s
=== END cc2_t_n4b1_F rc=0 elapsed=1440.747780300

=== RUN cc2_t_n4b2_A cap=18000s CMD: /home/sahar/Desktop/MPI/TraceForge/target/release/examples/comm_closed_leader_election --mode timed --nodes 4 --ballots 2 --u 20 --w 200 --l 18 --sd 2
Executions attempted so far: 1 total 1 finished normally 0 blocked.
Executions attempted so far: 2 total 2 finished normally 0 blocked.
Executions attempted so far: 3 total 3 finished normally 0 blocked.
Executions attempted so far: 1 total 1 finished normally 0 blocked.
Executions attempted so far: 1 total 1 finished normally 0 blocked.
Executions attempted so far: 2 total 2 finished normally 0 blocked.
Executions attempted so far: 2 total 2 finished normally 0 blocked.
Executions attempted so far: 1 total 1 finished normally 0 blocked.
Executions attempted so far: 4 total 4 finished normally 0 blocked.
Executions attempted so far: 3 total 3 finished normally 0 blocked.
Executions attempted so far: 3 total 3 finished normally 0 blocked.
Executions attempted so far: 5 total 5 finished normally 0 blocked.
Executions attempted so far: 2 total 2 finished normally 0 blocked.
Executions attempted so far: 4 total 4 finished normally 0 blocked.
Executions attempted so far: 4 total 4 finished normally 0 blocked.
Executions attempted so far: 3 total 3 finished normally 0 blocked.
Executions attempted so far: 4 total 4 finished normally 0 blocked.
Executions attempted so far: 5 total 5 finished normally 0 blocked.
Executions attempted so far: 6 total 6 finished normally 0 blocked.
Executions attempted so far: 5 total 5 finished normally 0 blocked.
Executions attempted so far: 7 total 7 finished normally 0 blocked.
Executions attempted so far: 6 total 6 finished normally 0 blocked.
Executions attempted so far: 8 total 8 finished normally 0 blocked.
Executions attempted so far: 7 total 7 finished normally 0 blocked.
Executions attempted so far: 8 total 8 finished normally 0 blocked.
Executions attempted so far: 1 total 1 finished normally 0 blocked.
Executions attempted so far: 1 total 1 finished normally 0 blocked.
Executions attempted so far: 2 total 2 finished normally 0 blocked.
Executions attempted so far: 6 total 6 finished normally 0 blocked.
Executions attempted so far: 2 total 2 finished normally 0 blocked.
Executions attempted so far: 1 total 1 finished normally 0 blocked.
Executions attempted so far: 1 total 1 finished normally 0 blocked.
Executions attempted so far: 3 total 3 finished normally 0 blocked.
Executions attempted so far: 3 total 3 finished normally 0 blocked.
Executions attempted so far: 2 total 2 finished normally 0 blocked.
Executions attempted so far: 1 total 1 finished normally 0 blocked.
Executions attempted so far: 2 total 2 finished normally 0 blocked.
Executions attempted so far: 1 total 1 finished normally 0 blocked.
Executions attempted so far: 3 total 3 finished normally 0 blocked.
Executions attempted so far: 7 total 7 finished normally 0 blocked.
Executions attempted so far: 5 total 5 finished normally 0 blocked.
Executions attempted so far: 9 total 9 finished normally 0 blocked.
Executions attempted so far: 4 total 4 finished normally 0 blocked.
Executions attempted so far: 4 total 4 finished normally 0 blocked.
Executions attempted so far: 1 total 1 finished normally 0 blocked.
Executions attempted so far: 3 total 3 finished normally 0 blocked.
Executions attempted so far: 4 total 4 finished normally 0 blocked.
Executions attempted so far: 2 total 2 finished normally 0 blocked.
Executions attempted so far: 1 total 1 finished normally 0 blocked.
Executions attempted so far: 2 total 2 finished normally 0 blocked.
Executions attempted so far: 8 total 8 finished normally 0 blocked.
Executions attempted so far: 5 total 5 finished normally 0 blocked.
Executions attempted so far: 6 total 6 finished normally 0 blocked.
Executions attempted so far: 10 total 10 finished normally 0 blocked.
Executions attempted so far: 1 total 1 finished normally 0 blocked.
Executions attempted so far: 5 total 5 finished normally 0 blocked.
Executions attempted so far: 3 total 3 finished normally 0 blocked.
Executions attempted so far: 2 total 2 finished normally 0 blocked.
Executions attempted so far: 2 total 2 finished normally 0 blocked.
Executions attempted so far: 4 total 4 finished normally 0 blocked.
Executions attempted so far: 3 total 3 finished normally 0 blocked.
Executions attempted so far: 7 total 7 finished normally 0 blocked.
Executions attempted so far: 6 total 6 finished normally 0 blocked.
Executions attempted so far: 2 total 2 finished normally 0 blocked.
Executions attempted so far: 4 total 4 finished normally 0 blocked.
Executions attempted so far: 3 total 3 finished normally 0 blocked.
Executions attempted so far: 6 total 6 finished normally 0 blocked.
Executions attempted so far: 5 total 5 finished normally 0 blocked.
Executions attempted so far: 3 total 3 finished normally 0 blocked.
Executions attempted so far: 4 total 4 finished normally 0 blocked.
Executions attempted so far: 5 total 5 finished normally 0 blocked.
Executions attempted so far: 7 total 7 finished normally 0 blocked.
Executions attempted so far: 8 total 8 finished normally 0 blocked.
Executions attempted so far: 3 total 3 finished normally 0 blocked.
Executions attempted so far: 4 total 4 finished normally 0 blocked.
Executions attempted so far: 7 total 7 finished normally 0 blocked.
Executions attempted so far: 5 total 5 finished normally 0 blocked.
Executions attempted so far: 4 total 4 finished normally 0 blocked.
Executions attempted so far: 1 total 1 finished normally 0 blocked.
Executions attempted so far: 6 total 6 finished normally 0 blocked.
Executions attempted so far: 5 total 5 finished normally 0 blocked.
Executions attempted so far: 8 total 8 finished normally 0 blocked.
Executions attempted so far: 6 total 6 finished normally 0 blocked.
Executions attempted so far: 4 total 4 finished normally 0 blocked.
Executions attempted so far: 8 total 8 finished normally 0 blocked.
Executions attempted so far: 6 total 6 finished normally 0 blocked.
Executions attempted so far: 2 total 2 finished normally 0 blocked.
Executions attempted so far: 7 total 7 finished normally 0 blocked.
Executions attempted so far: 6 total 6 finished normally 0 blocked.
Executions attempted so far: 7 total 7 finished normally 0 blocked.
Executions attempted so far: 3 total 3 finished normally 0 blocked.
Executions attempted so far: 5 total 5 finished normally 0 blocked.
Executions attempted so far: 9 total 9 finished normally 0 blocked.
Executions attempted so far: 7 total 7 finished normally 0 blocked.
Executions attempted so far: 8 total 8 finished normally 0 blocked.
Executions attempted so far: 7 total 7 finished normally 0 blocked.
Executions attempted so far: 8 total 8 finished normally 0 blocked.
Executions attempted so far: 1 total 1 finished normally 0 blocked.
Executions attempted so far: 6 total 6 finished normally 0 blocked.
Executions attempted so far: 4 total 4 finished normally 0 blocked.
Executions attempted so far: 8 total 8 finished normally 0 blocked.
Executions attempted so far: 10 total 10 finished normally 0 blocked.
Executions attempted so far: 8 total 8 finished normally 0 blocked.
Executions attempted so far: 9 total 9 finished normally 0 blocked.
Executions attempted so far: 7 total 7 finished normally 0 blocked.
Executions attempted so far: 9 total 9 finished normally 0 blocked.
Executions attempted so far: 5 total 5 finished normally 0 blocked.
Executions attempted so far: 9 total 9 finished normally 0 blocked.
Executions attempted so far: 9 total 9 finished normally 0 blocked.
Executions attempted so far: 9 total 9 finished normally 0 blocked.
Executions attempted so far: 1 total 1 finished normally 0 blocked.
Executions attempted so far: 8 total 8 finished normally 0 blocked.
Executions attempted so far: 10 total 10 finished normally 0 blocked.
Executions attempted so far: 10 total 10 finished normally 0 blocked.
Executions attempted so far: 6 total 6 finished normally 0 blocked.
Executions attempted so far: 10 total 10 finished normally 0 blocked.
Executions attempted so far: 9 total 9 finished normally 0 blocked.
Executions attempted so far: 5 total 5 finished normally 0 blocked.
Executions attempted so far: 9 total 9 finished normally 0 blocked.
Executions attempted so far: 5 total 5 finished normally 0 blocked.
Executions attempted so far: 9 total 9 finished normally 0 blocked.
Executions attempted so far: 2 total 2 finished normally 0 blocked.
Executions attempted so far: 10 total 10 finished normally 0 blocked.
Executions attempted so far: 9 total 9 finished normally 0 blocked.
Executions attempted so far: 2 total 2 finished normally 0 blocked.
Executions attempted so far: 7 total 7 finished normally 0 blocked.
Executions attempted so far: 6 total 6 finished normally 0 blocked.
Executions attempted so far: 10 total 10 finished normally 0 blocked.
Executions attempted so far: 3 total 3 finished normally 0 blocked.
Executions attempted so far: 6 total 6 finished normally 0 blocked.
Executions attempted so far: 10 total 10 finished normally 0 blocked.
Executions attempted so far: 10 total 10 finished normally 0 blocked.
Executions attempted so far: 3 total 3 finished normally 0 blocked.
Executions attempted so far: 10 total 10 finished normally 0 blocked.
Executions attempted so far: 8 total 8 finished normally 0 blocked.
Executions attempted so far: 7 total 7 finished normally 0 blocked.
Executions attempted so far: 4 total 4 finished normally 0 blocked.
Executions attempted so far: 7 total 7 finished normally 0 blocked.
Executions attempted so far: 10 total 10 finished normally 0 blocked.
Executions attempted so far: 8 total 8 finished normally 0 blocked.
Executions attempted so far: 4 total 4 finished normally 0 blocked.
Executions attempted so far: 8 total 8 finished normally 0 blocked.
Executions attempted so far: 9 total 9 finished normally 0 blocked.
Executions attempted so far: 20 total 20 finished normally 0 blocked.
Executions attempted so far: 9 total 9 finished normally 0 blocked.
Executions attempted so far: 10 total 10 finished normally 0 blocked.
Executions attempted so far: 5 total 5 finished normally 0 blocked.
Executions attempted so far: 10 total 10 finished normally 0 blocked.
Executions attempted so far: 6 total 6 finished normally 0 blocked.
Executions attempted so far: 7 total 7 finished normally 0 blocked.
Executions attempted so far: 9 total 9 finished normally 0 blocked.
Executions attempted so far: 8 total 8 finished normally 0 blocked.
Executions attempted so far: 10 total 10 finished normally 0 blocked.
Executions attempted so far: 20 total 20 finished normally 0 blocked.
Executions attempted so far: 9 total 9 finished normally 0 blocked.
Executions attempted so far: 20 total 20 finished normally 0 blocked.
Executions attempted so far: 20 total 20 finished normally 0 blocked.
Executions attempted so far: 10 total 10 finished normally 0 blocked.
Executions attempted so far: 20 total 20 finished normally 0 blocked.
Executions attempted so far: 20 total 20 finished normally 0 blocked.
Executions attempted so far: 5 total 5 finished normally 0 blocked.
Executions attempted so far: 20 total 20 finished normally 0 blocked.
Executions attempted so far: 20 total 20 finished normally 0 blocked.
Executions attempted so far: 6 total 6 finished normally 0 blocked.
Executions attempted so far: 7 total 7 finished normally 0 blocked.
Executions attempted so far: 8 total 8 finished normally 0 blocked.
Executions attempted so far: 20 total 20 finished normally 0 blocked.
Executions attempted so far: 20 total 20 finished normally 0 blocked.
Executions attempted so far: 30 total 30 finished normally 0 blocked.
Executions attempted so far: 9 total 9 finished normally 0 blocked.
Executions attempted so far: 20 total 20 finished normally 0 blocked.
Executions attempted so far: 30 total 30 finished normally 0 blocked.
Executions attempted so far: 10 total 10 finished normally 0 blocked.
Executions attempted so far: 30 total 30 finished normally 0 blocked.
Executions attempted so far: 20 total 20 finished normally 0 blocked.
Executions attempted so far: 20 total 20 finished normally 0 blocked.
Executions attempted so far: 30 total 30 finished normally 0 blocked.
Executions attempted so far: 30 total 30 finished normally 0 blocked.
Executions attempted so far: 30 total 30 finished normally 0 blocked.
Executions attempted so far: 30 total 30 finished normally 0 blocked.
Executions attempted so far: 30 total 30 finished normally 0 blocked.
Executions attempted so far: 30 total 30 finished normally 0 blocked.
Executions attempted so far: 20 total 20 finished normally 0 blocked.
Executions attempted so far: 40 total 40 finished normally 0 blocked.
Executions attempted so far: 40 total 40 finished normally 0 blocked.
Executions attempted so far: 30 total 30 finished normally 0 blocked.
Executions attempted so far: 40 total 40 finished normally 0 blocked.
Executions attempted so far: 30 total 30 finished normally 0 blocked.
Executions attempted so far: 30 total 30 finished normally 0 blocked.
Executions attempted so far: 40 total 40 finished normally 0 blocked.
Executions attempted so far: 40 total 40 finished normally 0 blocked.
Executions attempted so far: 40 total 40 finished normally 0 blocked.
Executions attempted so far: 40 total 40 finished normally 0 blocked.
Executions attempted so far: 40 total 40 finished normally 0 blocked.
Executions attempted so far: 40 total 40 finished normally 0 blocked.
Executions attempted so far: 20 total 20 finished normally 0 blocked.
Executions attempted so far: 40 total 40 finished normally 0 blocked.
Executions attempted so far: 30 total 30 finished normally 0 blocked.
Executions attempted so far: 50 total 50 finished normally 0 blocked.
Executions attempted so far: 50 total 50 finished normally 0 blocked.
Executions attempted so far: 50 total 50 finished normally 0 blocked.
Executions attempted so far: 50 total 50 finished normally 0 blocked.
Executions attempted so far: 40 total 40 finished normally 0 blocked.
Executions attempted so far: 50 total 50 finished normally 0 blocked.
Executions attempted so far: 50 total 50 finished normally 0 blocked.
Executions attempted so far: 50 total 50 finished normally 0 blocked.
Executions attempted so far: 50 total 50 finished normally 0 blocked.
Executions attempted so far: 30 total 30 finished normally 0 blocked.
Executions attempted so far: 60 total 60 finished normally 0 blocked.
Executions attempted so far: 20 total 20 finished normally 0 blocked.
Executions attempted so far: 60 total 60 finished normally 0 blocked.
Executions attempted so far: 50 total 50 finished normally 0 blocked.
Executions attempted so far: 40 total 40 finished normally 0 blocked.
Executions attempted so far: 60 total 60 finished normally 0 blocked.
Executions attempted so far: 40 total 40 finished normally 0 blocked.
Executions attempted so far: 60 total 60 finished normally 0 blocked.
Executions attempted so far: 60 total 60 finished normally 0 blocked.
Executions attempted so far: 40 total 40 finished normally 0 blocked.
Executions attempted so far: 70 total 70 finished normally 0 blocked.
Executions attempted so far: 50 total 50 finished normally 0 blocked.
Executions attempted so far: 60 total 60 finished normally 0 blocked.
Executions attempted so far: 60 total 60 finished normally 0 blocked.
Executions attempted so far: 50 total 50 finished normally 0 blocked.
Executions attempted so far: 70 total 70 finished normally 0 blocked.
Executions attempted so far: 30 total 30 finished normally 0 blocked.
Executions attempted so far: 70 total 70 finished normally 0 blocked.
Executions attempted so far: 30 total 30 finished normally 0 blocked.
Executions attempted so far: 50 total 50 finished normally 0 blocked.
Executions attempted so far: 80 total 80 finished normally 0 blocked.
Executions attempted so far: 70 total 70 finished normally 0 blocked.
Executions attempted so far: 60 total 60 finished normally 0 blocked.
Executions attempted so far: 60 total 60 finished normally 0 blocked.
Executions attempted so far: 80 total 80 finished normally 0 blocked.
Executions attempted so far: 70 total 70 finished normally 0 blocked.
Executions attempted so far: 60 total 60 finished normally 0 blocked.
Executions attempted so far: 80 total 80 finished normally 0 blocked.
Executions attempted so far: 60 total 60 finished normally 0 blocked.
Executions attempted so far: 70 total 70 finished normally 0 blocked.
Executions attempted so far: 70 total 70 finished normally 0 blocked.
Executions attempted so far: 40 total 40 finished normally 0 blocked.
Executions attempted so far: 90 total 90 finished normally 0 blocked.
Executions attempted so far: 80 total 80 finished normally 0 blocked.
Executions attempted so far: 70 total 70 finished normally 0 blocked.
Executions attempted so far: 60 total 60 finished normally 0 blocked.
Executions attempted so far: 70 total 70 finished normally 0 blocked.
Executions attempted so far: 90 total 90 finished normally 0 blocked.
Executions attempted so far: 80 total 80 finished normally 0 blocked.
Executions attempted so far: 70 total 70 finished normally 0 blocked.
Executions attempted so far: 40 total 40 finished normally 0 blocked.
Executions attempted so far: 90 total 90 finished normally 0 blocked.
Executions attempted so far: 70 total 70 finished normally 0 blocked.
Executions attempted so far: 80 total 80 finished normally 0 blocked.
Executions attempted so far: 100 total 100 finished normally 0 blocked.
Executions attempted so far: 90 total 90 finished normally 0 blocked.
Executions attempted so far: 80 total 80 finished normally 0 blocked.
Executions attempted so far: 50 total 50 finished normally 0 blocked.
Executions attempted so far: 80 total 80 finished normally 0 blocked.
Executions attempted so far: 70 total 70 finished normally 0 blocked.
Executions attempted so far: 100 total 100 finished normally 0 blocked.
Executions attempted so far: 90 total 90 finished normally 0 blocked.
Executions attempted so far: 100 total 100 finished normally 0 blocked.
Executions attempted so far: 80 total 80 finished normally 0 blocked.
Executions attempted so far: 80 total 80 finished normally 0 blocked.
Executions attempted so far: 80 total 80 finished normally 0 blocked.
Executions attempted so far: 50 total 50 finished normally 0 blocked.
Executions attempted so far: 50 total 50 finished normally 0 blocked.
Executions attempted so far: 90 total 90 finished normally 0 blocked.
Executions attempted so far: 100 total 100 finished normally 0 blocked.
Executions attempted so far: 90 total 90 finished normally 0 blocked.
Executions attempted so far: 90 total 90 finished normally 0 blocked.
Executions attempted so far: 90 total 90 finished normally 0 blocked.
Executions attempted so far: 80 total 80 finished normally 0 blocked.
Executions attempted so far: 90 total 90 finished normally 0 blocked.
Executions attempted so far: 100 total 100 finished normally 0 blocked.
Executions attempted so far: 60 total 60 finished normally 0 blocked.
Executions attempted so far: 100 total 100 finished normally 0 blocked.
Executions attempted so far: 100 total 100 finished normally 0 blocked.
Executions attempted so far: 50 total 50 finished normally 0 blocked.
Executions attempted so far: 100 total 100 finished normally 0 blocked.
Executions attempted so far: 100 total 100 finished normally 0 blocked.
Executions attempted so far: 100 total 100 finished normally 0 blocked.
Executions attempted so far: 90 total 90 finished normally 0 blocked.
Executions attempted so far: 90 total 90 finished normally 0 blocked.
Executions attempted so far: 60 total 60 finished normally 0 blocked.
Executions attempted so far: 70 total 70 finished normally 0 blocked.
Executions attempted so far: 60 total 60 finished normally 0 blocked.
Executions attempted so far: 80 total 80 finished normally 0 blocked.
Executions attempted so far: 100 total 100 finished normally 0 blocked.
Executions attempted so far: 60 total 60 finished normally 0 blocked.
Executions attempted so far: 100 total 100 finished normally 0 blocked.
Executions attempted so far: 70 total 70 finished normally 0 blocked.
Executions attempted so far: 90 total 90 finished normally 0 blocked.
Executions attempted so far: 70 total 70 finished normally 0 blocked.
Executions attempted so far: 100 total 100 finished normally 0 blocked.
Executions attempted so far: 70 total 70 finished normally 0 blocked.
Executions attempted so far: 80 total 80 finished normally 0 blocked.
Executions attempted so far: 80 total 80 finished normally 0 blocked.
Executions attempted so far: 80 total 80 finished normally 0 blocked.
Executions attempted so far: 90 total 90 finished normally 0 blocked.
Executions attempted so far: 200 total 200 finished normally 0 blocked.
Executions attempted so far: 200 total 200 finished normally 0 blocked.
Executions attempted so far: 90 total 90 finished normally 0 blocked.
Executions attempted so far: 90 total 90 finished normally 0 blocked.
Executions attempted so far: 200 total 200 finished normally 0 blocked.
Executions attempted so far: 200 total 200 finished normally 0 blocked.
Executions attempted so far: 100 total 100 finished normally 0 blocked.
Executions attempted so far: 200 total 200 finished normally 0 blocked.
Executions attempted so far: 100 total 100 finished normally 0 blocked.
Executions attempted so far: 200 total 200 finished normally 0 blocked.
Executions attempted so far: 100 total 100 finished normally 0 blocked.
Executions attempted so far: 200 total 200 finished normally 0 blocked.
Executions attempted so far: 200 total 200 finished normally 0 blocked.
Executions attempted so far: 200 total 200 finished normally 0 blocked.
Executions attempted so far: 200 total 200 finished normally 0 blocked.
Executions attempted so far: 200 total 200 finished normally 0 blocked.
Executions attempted so far: 200 total 200 finished normally 0 blocked.
Executions attempted so far: 300 total 300 finished normally 0 blocked.
Executions attempted so far: 300 total 300 finished normally 0 blocked.
Executions attempted so far: 300 total 300 finished normally 0 blocked.
Executions attempted so far: 300 total 300 finished normally 0 blocked.
Executions attempted so far: 300 total 300 finished normally 0 blocked.
Executions attempted so far: 300 total 300 finished normally 0 blocked.
Executions attempted so far: 200 total 200 finished normally 0 blocked.
Executions attempted so far: 300 total 300 finished normally 0 blocked.
Executions attempted so far: 300 total 300 finished normally 0 blocked.
Executions attempted so far: 200 total 200 finished normally 0 blocked.
Executions attempted so far: 300 total 300 finished normally 0 blocked.
Executions attempted so far: 300 total 300 finished normally 0 blocked.
Executions attempted so far: 200 total 200 finished normally 0 blocked.
Executions attempted so far: 300 total 300 finished normally 0 blocked.
Executions attempted so far: 300 total 300 finished normally 0 blocked.
Executions attempted so far: 400 total 400 finished normally 0 blocked.
Executions attempted so far: 400 total 400 finished normally 0 blocked.
Executions attempted so far: 400 total 400 finished normally 0 blocked.
Executions attempted so far: 400 total 400 finished normally 0 blocked.
Executions attempted so far: 400 total 400 finished normally 0 blocked.
Executions attempted so far: 200 total 200 finished normally 0 blocked.
Executions attempted so far: 400 total 400 finished normally 0 blocked.
Executions attempted so far: 300 total 300 finished normally 0 blocked.
Executions attempted so far: 400 total 400 finished normally 0 blocked.
Executions attempted so far: 300 total 300 finished normally 0 blocked.
Executions attempted so far: 400 total 400 finished normally 0 blocked.
Executions attempted so far: 400 total 400 finished normally 0 blocked.
Executions attempted so far: 400 total 400 finished normally 0 blocked.
Executions attempted so far: 400 total 400 finished normally 0 blocked.
Executions attempted so far: 400 total 400 finished normally 0 blocked.
Executions attempted so far: 500 total 500 finished normally 0 blocked.
Executions attempted so far: 500 total 500 finished normally 0 blocked.
Executions attempted so far: 500 total 500 finished normally 0 blocked.
Executions attempted so far: 500 total 500 finished normally 0 blocked.
Executions attempted so far: 500 total 500 finished normally 0 blocked.
Executions attempted so far: 500 total 500 finished normally 0 blocked.
Executions attempted so far: 400 total 400 finished normally 0 blocked.
Executions attempted so far: 500 total 500 finished normally 0 blocked.
Executions attempted so far: 300 total 300 finished normally 0 blocked.
Executions attempted so far: 400 total 400 finished normally 0 blocked.
Executions attempted so far: 500 total 500 finished normally 0 blocked.
Executions attempted so far: 500 total 500 finished normally 0 blocked.
Executions attempted so far: 500 total 500 finished normally 0 blocked.
Executions attempted so far: 500 total 500 finished normally 0 blocked.
Executions attempted so far: 600 total 600 finished normally 0 blocked.
Executions attempted so far: 600 total 600 finished normally 0 blocked.
Executions attempted so far: 500 total 500 finished normally 0 blocked.
Executions attempted so far: 600 total 600 finished normally 0 blocked.
Executions attempted so far: 600 total 600 finished normally 0 blocked.
Executions attempted so far: 600 total 600 finished normally 0 blocked.
Executions attempted so far: 300 total 300 finished normally 0 blocked.
Executions attempted so far: 600 total 600 finished normally 0 blocked.
Executions attempted so far: 400 total 400 finished normally 0 blocked.
Executions attempted so far: 500 total 500 finished normally 0 blocked.
Executions attempted so far: 600 total 600 finished normally 0 blocked.
Executions attempted so far: 500 total 500 finished normally 0 blocked.
Executions attempted so far: 600 total 600 finished normally 0 blocked.
Executions attempted so far: 600 total 600 finished normally 0 blocked.
Executions attempted so far: 600 total 600 finished normally 0 blocked.
Executions attempted so far: 600 total 600 finished normally 0 blocked.
Executions attempted so far: 700 total 700 finished normally 0 blocked.
Executions attempted so far: 700 total 700 finished normally 0 blocked.
Executions attempted so far: 600 total 600 finished normally 0 blocked.
Executions attempted so far: 700 total 700 finished normally 0 blocked.
Executions attempted so far: 700 total 700 finished normally 0 blocked.
Executions attempted so far: 700 total 700 finished normally 0 blocked.
Executions attempted so far: 500 total 500 finished normally 0 blocked.
Executions attempted so far: 700 total 700 finished normally 0 blocked.
Executions attempted so far: 700 total 700 finished normally 0 blocked.
Executions attempted so far: 700 total 700 finished normally 0 blocked.
Executions attempted so far: 600 total 600 finished normally 0 blocked.
Executions attempted so far: 600 total 600 finished normally 0 blocked.
Executions attempted so far: 400 total 400 finished normally 0 blocked.
Executions attempted so far: 700 total 700 finished normally 0 blocked.
Executions attempted so far: 800 total 800 finished normally 0 blocked.
Executions attempted so far: 800 total 800 finished normally 0 blocked.
Executions attempted so far: 800 total 800 finished normally 0 blocked.
Executions attempted so far: 800 total 800 finished normally 0 blocked.
Executions attempted so far: 700 total 700 finished normally 0 blocked.
Executions attempted so far: 700 total 700 finished normally 0 blocked.
Executions attempted so far: 600 total 600 finished normally 0 blocked.
Executions attempted so far: 800 total 800 finished normally 0 blocked.
Executions attempted so far: 800 total 800 finished normally 0 blocked.
Executions attempted so far: 800 total 800 finished normally 0 blocked.
Executions attempted so far: 800 total 800 finished normally 0 blocked.
Executions attempted so far: 700 total 700 finished normally 0 blocked.
Executions attempted so far: 700 total 700 finished normally 0 blocked.
Executions attempted so far: 900 total 900 finished normally 0 blocked.
Executions attempted so far: 500 total 500 finished normally 0 blocked.
Executions attempted so far: 700 total 700 finished normally 0 blocked.
Executions attempted so far: 800 total 800 finished normally 0 blocked.
Executions attempted so far: 900 total 900 finished normally 0 blocked.
Executions attempted so far: 900 total 900 finished normally 0 blocked.
Executions attempted so far: 900 total 900 finished normally 0 blocked.
Executions attempted so far: 800 total 800 finished normally 0 blocked.
Executions attempted so far: 1000 total 1000 finished normally 0 blocked.
Executions attempted so far: 700 total 700 finished normally 0 blocked.
Executions attempted so far: 900 total 900 finished normally 0 blocked.
Executions attempted so far: 900 total 900 finished normally 0 blocked.
Executions attempted so far: 900 total 900 finished normally 0 blocked.
Executions attempted so far: 900 total 900 finished normally 0 blocked.
Executions attempted so far: 800 total 800 finished normally 0 blocked.
Executions attempted so far: 800 total 800 finished normally 0 blocked.
Executions attempted so far: 600 total 600 finished normally 0 blocked.
Executions attempted so far: 900 total 900 finished normally 0 blocked.
Executions attempted so far: 1000 total 1000 finished normally 0 blocked.
Executions attempted so far: 1000 total 1000 finished normally 0 blocked.
Executions attempted so far: 1000 total 1000 finished normally 0 blocked.
Executions attempted so far: 800 total 800 finished normally 0 blocked.
Executions attempted so far: 900 total 900 finished normally 0 blocked.
Executions attempted so far: 800 total 800 finished normally 0 blocked.
Executions attempted so far: 1000 total 1000 finished normally 0 blocked.
Executions attempted so far: 1000 total 1000 finished normally 0 blocked.
Executions attempted so far: 1000 total 1000 finished normally 0 blocked.
Executions attempted so far: 1000 total 1000 finished normally 0 blocked.
Executions attempted so far: 900 total 900 finished normally 0 blocked.
Executions attempted so far: 900 total 900 finished normally 0 blocked.
Executions attempted so far: 700 total 700 finished normally 0 blocked.
Executions attempted so far: 1000 total 1000 finished normally 0 blocked.
Executions attempted so far: 800 total 800 finished normally 0 blocked.
Executions attempted so far: 900 total 900 finished normally 0 blocked.
Executions attempted so far: 1000 total 1000 finished normally 0 blocked.
Executions attempted so far: 1000 total 1000 finished normally 0 blocked.
Executions attempted so far: 1000 total 1000 finished normally 0 blocked.
Executions attempted so far: 800 total 800 finished normally 0 blocked.
Executions attempted so far: 900 total 900 finished normally 0 blocked.
Executions attempted so far: 1000 total 1000 finished normally 0 blocked.
Executions attempted so far: 900 total 900 finished normally 0 blocked.
Executions attempted so far: 900 total 900 finished normally 0 blocked.
Executions attempted so far: 1000 total 1000 finished normally 0 blocked.
Executions attempted so far: 1000 total 1000 finished normally 0 blocked.
Executions attempted so far: 1000 total 1000 finished normally 0 blocked.
Executions attempted so far: 2000 total 2000 finished normally 0 blocked.
Executions attempted so far: 2000 total 2000 finished normally 0 blocked.
Executions attempted so far: 2000 total 2000 finished normally 0 blocked.
Executions attempted so far: 2000 total 2000 finished normally 0 blocked.
Executions attempted so far: 2000 total 2000 finished normally 0 blocked.
Executions attempted so far: 2000 total 2000 finished normally 0 blocked.
Executions attempted so far: 2000 total 2000 finished normally 0 blocked.
Executions attempted so far: 2000 total 2000 finished normally 0 blocked.
Executions attempted so far: 2000 total 2000 finished normally 0 blocked.
Executions attempted so far: 2000 total 2000 finished normally 0 blocked.
Executions attempted so far: 2000 total 2000 finished normally 0 blocked.
Executions attempted so far: 2000 total 2000 finished normally 0 blocked.
Executions attempted so far: 2000 total 2000 finished normally 0 blocked.
Executions attempted so far: 2000 total 2000 finished normally 0 blocked.
Executions attempted so far: 3000 total 3000 finished normally 0 blocked.
Executions attempted so far: 2000 total 2000 finished normally 0 blocked.
Executions attempted so far: 3000 total 3000 finished normally 0 blocked.
Executions attempted so far: 2000 total 2000 finished normally 0 blocked.
Executions attempted so far: 3000 total 3000 finished normally 0 blocked.
Executions attempted so far: 3000 total 3000 finished normally 0 blocked.
Executions attempted so far: 3000 total 3000 finished normally 0 blocked.
Executions attempted so far: 3000 total 3000 finished normally 0 blocked.
Executions attempted so far: 3000 total 3000 finished normally 0 blocked.
Executions attempted so far: 3000 total 3000 finished normally 0 blocked.
Executions attempted so far: 3000 total 3000 finished normally 0 blocked.
Executions attempted so far: 3000 total 3000 finished normally 0 blocked.
Executions attempted so far: 3000 total 3000 finished normally 0 blocked.
Executions attempted so far: 3000 total 3000 finished normally 0 blocked.
Executions attempted so far: 3000 total 3000 finished normally 0 blocked.
Executions attempted so far: 3000 total 3000 finished normally 0 blocked.
Executions attempted so far: 4000 total 4000 finished normally 0 blocked.
Executions attempted so far: 3000 total 3000 finished normally 0 blocked.
Executions attempted so far: 4000 total 4000 finished normally 0 blocked.
Executions attempted so far: 4000 total 4000 finished normally 0 blocked.
Executions attempted so far: 4000 total 4000 finished normally 0 blocked.
Executions attempted so far: 4000 total 4000 finished normally 0 blocked.
Executions attempted so far: 4000 total 4000 finished normally 0 blocked.
Executions attempted so far: 3000 total 3000 finished normally 0 blocked.
Executions attempted so far: 4000 total 4000 finished normally 0 blocked.
Executions attempted so far: 4000 total 4000 finished normally 0 blocked.
Executions attempted so far: 4000 total 4000 finished normally 0 blocked.
Executions attempted so far: 4000 total 4000 finished normally 0 blocked.
Executions attempted so far: 4000 total 4000 finished normally 0 blocked.
Executions attempted so far: 4000 total 4000 finished normally 0 blocked.
Executions attempted so far: 4000 total 4000 finished normally 0 blocked.
Executions attempted so far: 4000 total 4000 finished normally 0 blocked.
Executions attempted so far: 5000 total 5000 finished normally 0 blocked.
Executions attempted so far: 5000 total 5000 finished normally 0 blocked.
Executions attempted so far: 4000 total 4000 finished normally 0 blocked.
Executions attempted so far: 5000 total 5000 finished normally 0 blocked.
Executions attempted so far: 5000 total 5000 finished normally 0 blocked.
Executions attempted so far: 5000 total 5000 finished normally 0 blocked.
Executions attempted so far: 5000 total 5000 finished normally 0 blocked.
Executions attempted so far: 4000 total 4000 finished normally 0 blocked.
Executions attempted so far: 5000 total 5000 finished normally 0 blocked.
Executions attempted so far: 5000 total 5000 finished normally 0 blocked.
Executions attempted so far: 5000 total 5000 finished normally 0 blocked.
Executions attempted so far: 5000 total 5000 finished normally 0 blocked.
Executions attempted so far: 5000 total 5000 finished normally 0 blocked.
Executions attempted so far: 5000 total 5000 finished normally 0 blocked.
Executions attempted so far: 5000 total 5000 finished normally 0 blocked.
Executions attempted so far: 5000 total 5000 finished normally 0 blocked.
Executions attempted so far: 5000 total 5000 finished normally 0 blocked.
Executions attempted so far: 6000 total 6000 finished normally 0 blocked.
Executions attempted so far: 6000 total 6000 finished normally 0 blocked.
Executions attempted so far: 6000 total 6000 finished normally 0 blocked.
Executions attempted so far: 6000 total 6000 finished normally 0 blocked.
Executions attempted so far: 6000 total 6000 finished normally 0 blocked.
Executions attempted so far: 6000 total 6000 finished normally 0 blocked.
Executions attempted so far: 6000 total 6000 finished normally 0 blocked.
Executions attempted so far: 6000 total 6000 finished normally 0 blocked.
Executions attempted so far: 6000 total 6000 finished normally 0 blocked.
Executions attempted so far: 6000 total 6000 finished normally 0 blocked.
Executions attempted so far: 6000 total 6000 finished normally 0 blocked.
Executions attempted so far: 5000 total 5000 finished normally 0 blocked.
Executions attempted so far: 6000 total 6000 finished normally 0 blocked.
Executions attempted so far: 6000 total 6000 finished normally 0 blocked.
Executions attempted so far: 7000 total 7000 finished normally 0 blocked.
Executions attempted so far: 7000 total 7000 finished normally 0 blocked.
Executions attempted so far: 7000 total 7000 finished normally 0 blocked.
Executions attempted so far: 7000 total 7000 finished normally 0 blocked.
Executions attempted so far: 7000 total 7000 finished normally 0 blocked.
Executions attempted so far: 7000 total 7000 finished normally 0 blocked.
Executions attempted so far: 7000 total 7000 finished normally 0 blocked.
Executions attempted so far: 6000 total 6000 finished normally 0 blocked.
Executions attempted so far: 7000 total 7000 finished normally 0 blocked.
Executions attempted so far: 7000 total 7000 finished normally 0 blocked.
Executions attempted so far: 7000 total 7000 finished normally 0 blocked.
Executions attempted so far: 7000 total 7000 finished normally 0 blocked.
Executions attempted so far: 6000 total 6000 finished normally 0 blocked.
Executions attempted so far: 6000 total 6000 finished normally 0 blocked.
Executions attempted so far: 7000 total 7000 finished normally 0 blocked.
Executions attempted so far: 7000 total 7000 finished normally 0 blocked.
Executions attempted so far: 8000 total 8000 finished normally 0 blocked.
Executions attempted so far: 8000 total 8000 finished normally 0 blocked.
Executions attempted so far: 8000 total 8000 finished normally 0 blocked.
Executions attempted so far: 8000 total 8000 finished normally 0 blocked.
Executions attempted so far: 8000 total 8000 finished normally 0 blocked.
Executions attempted so far: 8000 total 8000 finished normally 0 blocked.
Executions attempted so far: 8000 total 8000 finished normally 0 blocked.
Executions attempted so far: 7000 total 7000 finished normally 0 blocked.
Executions attempted so far: 8000 total 8000 finished normally 0 blocked.
Executions attempted so far: 8000 total 8000 finished normally 0 blocked.
Executions attempted so far: 8000 total 8000 finished normally 0 blocked.
Executions attempted so far: 8000 total 8000 finished normally 0 blocked.
Executions attempted so far: 9000 total 9000 finished normally 0 blocked.
Executions attempted so far: 9000 total 9000 finished normally 0 blocked.
Executions attempted so far: 9000 total 9000 finished normally 0 blocked.
Executions attempted so far: 7000 total 7000 finished normally 0 blocked.
Executions attempted so far: 8000 total 8000 finished normally 0 blocked.
Executions attempted so far: 9000 total 9000 finished normally 0 blocked.
Executions attempted so far: 8000 total 8000 finished normally 0 blocked.
Executions attempted so far: 8000 total 8000 finished normally 0 blocked.
Executions attempted so far: 7000 total 7000 finished normally 0 blocked.
Executions attempted so far: 9000 total 9000 finished normally 0 blocked.
Executions attempted so far: 9000 total 9000 finished normally 0 blocked.
Executions attempted so far: 9000 total 9000 finished normally 0 blocked.
Executions attempted so far: 9000 total 9000 finished normally 0 blocked.
Executions attempted so far: 9000 total 9000 finished normally 0 blocked.
Executions attempted so far: 10000 total 10000 finished normally 0 blocked.
Executions attempted so far: 9000 total 9000 finished normally 0 blocked.
Executions attempted so far: 9000 total 9000 finished normally 0 blocked.
Executions attempted so far: 10000 total 10000 finished normally 0 blocked.
Executions attempted so far: 10000 total 10000 finished normally 0 blocked.
Executions attempted so far: 8000 total 8000 finished normally 0 blocked.
Executions attempted so far: 9000 total 9000 finished normally 0 blocked.
Executions attempted so far: 10000 total 10000 finished normally 0 blocked.
Executions attempted so far: 10000 total 10000 finished normally 0 blocked.
Executions attempted so far: 9000 total 9000 finished normally 0 blocked.
Executions attempted so far: 10000 total 10000 finished normally 0 blocked.
Executions attempted so far: 8000 total 8000 finished normally 0 blocked.
Executions attempted so far: 10000 total 10000 finished normally 0 blocked.
Executions attempted so far: 10000 total 10000 finished normally 0 blocked.
Executions attempted so far: 10000 total 10000 finished normally 0 blocked.
Executions attempted so far: 9000 total 9000 finished normally 0 blocked.
Executions attempted so far: 10000 total 10000 finished normally 0 blocked.
Executions attempted so far: 9000 total 9000 finished normally 0 blocked.
Executions attempted so far: 10000 total 10000 finished normally 0 blocked.
Executions attempted so far: 10000 total 10000 finished normally 0 blocked.
Executions attempted so far: 10000 total 10000 finished normally 0 blocked.
Executions attempted so far: 9000 total 9000 finished normally 0 blocked.
Executions attempted so far: 10000 total 10000 finished normally 0 blocked.
Executions attempted so far: 10000 total 10000 finished normally 0 blocked.
Executions attempted so far: 10000 total 10000 finished normally 0 blocked.
Executions attempted so far: 20000 total 20000 finished normally 0 blocked.
Executions attempted so far: 20000 total 20000 finished normally 0 blocked.
Executions attempted so far: 20000 total 20000 finished normally 0 blocked.
Executions attempted so far: 20000 total 20000 finished normally 0 blocked.
Executions attempted so far: 20000 total 20000 finished normally 0 blocked.
Executions attempted so far: 20000 total 20000 finished normally 0 blocked (4000.00/sec).
Executions attempted so far: 20000 total 20000 finished normally 0 blocked (4000.00/sec).
Executions attempted so far: 20000 total 20000 finished normally 0 blocked (4000.00/sec).
Executions attempted so far: 20000 total 20000 finished normally 0 blocked (4000.00/sec).
Executions attempted so far: 20000 total 20000 finished normally 0 blocked (4000.00/sec).
Executions attempted so far: 20000 total 20000 finished normally 0 blocked (4000.00/sec).
Executions attempted so far: 20000 total 20000 finished normally 0 blocked (4000.00/sec).
Executions attempted so far: 20000 total 20000 finished normally 0 blocked (4000.00/sec).
Executions attempted so far: 20000 total 20000 finished normally 0 blocked (4000.00/sec).
Executions attempted so far: 20000 total 20000 finished normally 0 blocked (4000.00/sec).
Executions attempted so far: 20000 total 20000 finished normally 0 blocked (4000.00/sec).
Executions attempted so far: 30000 total 30000 finished normally 0 blocked (5000.00/sec).
Executions attempted so far: 30000 total 30000 finished normally 0 blocked (4285.71/sec).
Executions attempted so far: 30000 total 30000 finished normally 0 blocked (4285.71/sec).
Executions attempted so far: 30000 total 30000 finished normally 0 blocked (4285.71/sec).
Executions attempted so far: 30000 total 30000 finished normally 0 blocked (4285.71/sec).
Executions attempted so far: 30000 total 30000 finished normally 0 blocked (4285.71/sec).
Executions attempted so far: 30000 total 30000 finished normally 0 blocked (4285.71/sec).
Executions attempted so far: 30000 total 30000 finished normally 0 blocked (4285.71/sec).
Executions attempted so far: 30000 total 30000 finished normally 0 blocked (4285.71/sec).
Executions attempted so far: 30000 total 30000 finished normally 0 blocked (4285.71/sec).
Executions attempted so far: 30000 total 30000 finished normally 0 blocked (4285.71/sec).
Executions attempted so far: 30000 total 30000 finished normally 0 blocked (4285.71/sec).
Executions attempted so far: 30000 total 30000 finished normally 0 blocked (4285.71/sec).
Executions attempted so far: 30000 total 30000 finished normally 0 blocked (3750.00/sec).
Executions attempted so far: 30000 total 30000 finished normally 0 blocked (3750.00/sec).
Executions attempted so far: 30000 total 30000 finished normally 0 blocked (3750.00/sec).
Executions attempted so far: 40000 total 40000 finished normally 0 blocked (4444.44/sec).
Executions attempted so far: 40000 total 40000 finished normally 0 blocked (4444.44/sec).
Executions attempted so far: 40000 total 40000 finished normally 0 blocked (4000.00/sec).
Executions attempted so far: 40000 total 40000 finished normally 0 blocked (4000.00/sec).
Executions attempted so far: 40000 total 40000 finished normally 0 blocked (4000.00/sec).
Executions attempted so far: 40000 total 40000 finished normally 0 blocked (4000.00/sec).
Executions attempted so far: 40000 total 40000 finished normally 0 blocked (4000.00/sec).
Executions attempted so far: 40000 total 40000 finished normally 0 blocked (4000.00/sec).
Executions attempted so far: 40000 total 40000 finished normally 0 blocked (4000.00/sec).
Executions attempted so far: 40000 total 40000 finished normally 0 blocked (4000.00/sec).
Executions attempted so far: 40000 total 40000 finished normally 0 blocked (4000.00/sec).
Executions attempted so far: 40000 total 40000 finished normally 0 blocked (4000.00/sec).
Executions attempted so far: 40000 total 40000 finished normally 0 blocked (4000.00/sec).
Executions attempted so far: 40000 total 40000 finished normally 0 blocked (4000.00/sec).
Executions attempted so far: 40000 total 40000 finished normally 0 blocked (4000.00/sec).
Executions attempted so far: 40000 total 40000 finished normally 0 blocked (3636.36/sec).
Executions attempted so far: 50000 total 50000 finished normally 0 blocked (4545.45/sec).
Executions attempted so far: 50000 total 50000 finished normally 0 blocked (4166.67/sec).
Executions attempted so far: 50000 total 50000 finished normally 0 blocked (4166.67/sec).
Executions attempted so far: 50000 total 50000 finished normally 0 blocked (4166.67/sec).
Executions attempted so far: 50000 total 50000 finished normally 0 blocked (4166.67/sec).
Executions attempted so far: 50000 total 50000 finished normally 0 blocked (4166.67/sec).
Executions attempted so far: 50000 total 50000 finished normally 0 blocked (4166.67/sec).
Executions attempted so far: 50000 total 50000 finished normally 0 blocked (4166.67/sec).
Executions attempted so far: 50000 total 50000 finished normally 0 blocked (3846.15/sec).
Executions attempted so far: 50000 total 50000 finished normally 0 blocked (3846.15/sec).
Executions attempted so far: 50000 total 50000 finished normally 0 blocked (3846.15/sec).
Executions attempted so far: 50000 total 50000 finished normally 0 blocked (3846.15/sec).
Executions attempted so far: 50000 total 50000 finished normally 0 blocked (3846.15/sec).
Executions attempted so far: 50000 total 50000 finished normally 0 blocked (3846.15/sec).
Executions attempted so far: 50000 total 50000 finished normally 0 blocked (3846.15/sec).
Executions attempted so far: 50000 total 50000 finished normally 0 blocked (3846.15/sec).
Executions attempted so far: 60000 total 60000 finished normally 0 blocked (4285.71/sec).
Executions attempted so far: 60000 total 60000 finished normally 0 blocked (4285.71/sec).
Executions attempted so far: 60000 total 60000 finished normally 0 blocked (4285.71/sec).
Executions attempted so far: 60000 total 60000 finished normally 0 blocked (4000.00/sec).
Executions attempted so far: 60000 total 60000 finished normally 0 blocked (4000.00/sec).
Executions attempted so far: 60000 total 60000 finished normally 0 blocked (4000.00/sec).
Executions attempted so far: 60000 total 60000 finished normally 0 blocked (4000.00/sec).
Executions attempted so far: 60000 total 60000 finished normally 0 blocked (4000.00/sec).
Executions attempted so far: 60000 total 60000 finished normally 0 blocked (4000.00/sec).
Executions attempted so far: 60000 total 60000 finished normally 0 blocked (4000.00/sec).
Executions attempted so far: 60000 total 60000 finished normally 0 blocked (4000.00/sec).
Executions attempted so far: 60000 total 60000 finished normally 0 blocked (3750.00/sec).
Executions attempted so far: 60000 total 60000 finished normally 0 blocked (3750.00/sec).
Executions attempted so far: 60000 total 60000 finished normally 0 blocked (3750.00/sec).
Executions attempted so far: 60000 total 60000 finished normally 0 blocked (3750.00/sec).
Executions attempted so far: 70000 total 70000 finished normally 0 blocked (4375.00/sec).
Executions attempted so far: 60000 total 60000 finished normally 0 blocked (3750.00/sec).
Executions attempted so far: 70000 total 70000 finished normally 0 blocked (4117.65/sec).
Executions attempted so far: 70000 total 70000 finished normally 0 blocked (4117.65/sec).
Executions attempted so far: 70000 total 70000 finished normally 0 blocked (4117.65/sec).
Executions attempted so far: 70000 total 70000 finished normally 0 blocked (4117.65/sec).
Executions attempted so far: 70000 total 70000 finished normally 0 blocked (3888.89/sec).
Executions attempted so far: 70000 total 70000 finished normally 0 blocked (3888.89/sec).
Executions attempted so far: 70000 total 70000 finished normally 0 blocked (3888.89/sec).
Executions attempted so far: 70000 total 70000 finished normally 0 blocked (3888.89/sec).
Executions attempted so far: 70000 total 70000 finished normally 0 blocked (3888.89/sec).
Executions attempted so far: 70000 total 70000 finished normally 0 blocked (3888.89/sec).
Executions attempted so far: 70000 total 70000 finished normally 0 blocked (3888.89/sec).
Executions attempted so far: 70000 total 70000 finished normally 0 blocked (3888.89/sec).
Executions attempted so far: 80000 total 80000 finished normally 0 blocked (4444.44/sec).
Executions attempted so far: 70000 total 70000 finished normally 0 blocked (3888.89/sec).
Executions attempted so far: 70000 total 70000 finished normally 0 blocked (3684.21/sec).
Executions attempted so far: 70000 total 70000 finished normally 0 blocked (3684.21/sec).
Executions attempted so far: 80000 total 80000 finished normally 0 blocked (4000.00/sec).
Executions attempted so far: 80000 total 80000 finished normally 0 blocked (4000.00/sec).
Executions attempted so far: 80000 total 80000 finished normally 0 blocked (4000.00/sec).
Executions attempted so far: 80000 total 80000 finished normally 0 blocked (4000.00/sec).
Executions attempted so far: 80000 total 80000 finished normally 0 blocked (4000.00/sec).
Executions attempted so far: 80000 total 80000 finished normally 0 blocked (4000.00/sec).
Executions attempted so far: 80000 total 80000 finished normally 0 blocked (4000.00/sec).
Executions attempted so far: 80000 total 80000 finished normally 0 blocked (4000.00/sec).
Executions attempted so far: 80000 total 80000 finished normally 0 blocked (4000.00/sec).
Executions attempted so far: 90000 total 90000 finished normally 0 blocked (4500.00/sec).
Executions attempted so far: 80000 total 80000 finished normally 0 blocked (3809.52/sec).
Executions attempted so far: 80000 total 80000 finished normally 0 blocked (3809.52/sec).
Executions attempted so far: 80000 total 80000 finished normally 0 blocked (3809.52/sec).
Executions attempted so far: 80000 total 80000 finished normally 0 blocked (3809.52/sec).
Executions attempted so far: 80000 total 80000 finished normally 0 blocked (3809.52/sec).
Executions attempted so far: 80000 total 80000 finished normally 0 blocked (3809.52/sec).
Executions attempted so far: 90000 total 90000 finished normally 0 blocked (4090.91/sec).
Executions attempted so far: 90000 total 90000 finished normally 0 blocked (4090.91/sec).
Executions attempted so far: 90000 total 90000 finished normally 0 blocked (4090.91/sec).
Executions attempted so far: 90000 total 90000 finished normally 0 blocked (3913.04/sec).
Executions attempted so far: 90000 total 90000 finished normally 0 blocked (3913.04/sec).
Executions attempted so far: 90000 total 90000 finished normally 0 blocked (3913.04/sec).
Executions attempted so far: 100000 total 100000 finished normally 0 blocked (4347.83/sec).
Executions attempted so far: 90000 total 90000 finished normally 0 blocked (3913.04/sec).
Executions attempted so far: 90000 total 90000 finished normally 0 blocked (3913.04/sec).
Executions attempted so far: 90000 total 90000 finished normally 0 blocked (3913.04/sec).
Executions attempted so far: 90000 total 90000 finished normally 0 blocked (3913.04/sec).
Executions attempted so far: 90000 total 90000 finished normally 0 blocked (3913.04/sec).
Executions attempted so far: 90000 total 90000 finished normally 0 blocked (3750.00/sec).
Executions attempted so far: 90000 total 90000 finished normally 0 blocked (3750.00/sec).
Executions attempted so far: 90000 total 90000 finished normally 0 blocked (3750.00/sec).
Executions attempted so far: 90000 total 90000 finished normally 0 blocked (3750.00/sec).
Executions attempted so far: 100000 total 100000 finished normally 0 blocked (4000.00/sec).
Executions attempted so far: 100000 total 100000 finished normally 0 blocked (4000.00/sec).
Executions attempted so far: 100000 total 100000 finished normally 0 blocked (4000.00/sec).
Executions attempted so far: 100000 total 100000 finished normally 0 blocked (4000.00/sec).
Executions attempted so far: 100000 total 100000 finished normally 0 blocked (4000.00/sec).
Executions attempted so far: 100000 total 100000 finished normally 0 blocked (4000.00/sec).
Executions attempted so far: 100000 total 100000 finished normally 0 blocked (3846.15/sec).
Executions attempted so far: 100000 total 100000 finished normally 0 blocked (3846.15/sec).
Executions attempted so far: 100000 total 100000 finished normally 0 blocked (3846.15/sec).
Executions attempted so far: 100000 total 100000 finished normally 0 blocked (3846.15/sec).
Executions attempted so far: 100000 total 100000 finished normally 0 blocked (3846.15/sec).
Executions attempted so far: 100000 total 100000 finished normally 0 blocked (3846.15/sec).
Executions attempted so far: 100000 total 100000 finished normally 0 blocked (3703.70/sec).
Executions attempted so far: 100000 total 100000 finished normally 0 blocked (3703.70/sec).
Executions attempted so far: 100000 total 100000 finished normally 0 blocked (3703.70/sec).
Executions attempted so far: 200000 total 200000 finished normally 0 blocked (4255.32/sec).
Executions attempted so far: 200000 total 200000 finished normally 0 blocked (4000.00/sec).
Executions attempted so far: 200000 total 200000 finished normally 0 blocked (4000.00/sec).
Executions attempted so far: 200000 total 200000 finished normally 0 blocked (4000.00/sec).
Executions attempted so far: 200000 total 200000 finished normally 0 blocked (3921.57/sec).
Executions attempted so far: 200000 total 200000 finished normally 0 blocked (3921.57/sec).
Executions attempted so far: 200000 total 200000 finished normally 0 blocked (3921.57/sec).
Executions attempted so far: 200000 total 200000 finished normally 0 blocked (3921.57/sec).
Executions attempted so far: 200000 total 200000 finished normally 0 blocked (3846.15/sec).
Executions attempted so far: 200000 total 200000 finished normally 0 blocked (3846.15/sec).
Executions attempted so far: 200000 total 200000 finished normally 0 blocked (3846.15/sec).
Executions attempted so far: 200000 total 200000 finished normally 0 blocked (3846.15/sec).
Executions attempted so far: 200000 total 200000 finished normally 0 blocked (3703.70/sec).
Executions attempted so far: 200000 total 200000 finished normally 0 blocked (3703.70/sec).
Executions attempted so far: 200000 total 200000 finished normally 0 blocked (3703.70/sec).
Executions attempted so far: 200000 total 200000 finished normally 0 blocked (3636.36/sec).
Executions attempted so far: 300000 total 300000 finished normally 0 blocked (4285.71/sec).
Executions attempted so far: 300000 total 300000 finished normally 0 blocked (4000.00/sec).
Executions attempted so far: 300000 total 300000 finished normally 0 blocked (4000.00/sec).
Executions attempted so far: 300000 total 300000 finished normally 0 blocked (3947.37/sec).
Executions attempted so far: 300000 total 300000 finished normally 0 blocked (3947.37/sec).
Executions attempted so far: 300000 total 300000 finished normally 0 blocked (3947.37/sec).
Executions attempted so far: 300000 total 300000 finished normally 0 blocked (3896.10/sec).
Executions attempted so far: 300000 total 300000 finished normally 0 blocked (3846.15/sec).
Executions attempted so far: 300000 total 300000 finished normally 0 blocked (3846.15/sec).
Executions attempted so far: 300000 total 300000 finished normally 0 blocked (3797.47/sec).
Executions attempted so far: 300000 total 300000 finished normally 0 blocked (3797.47/sec).
Executions attempted so far: 300000 total 300000 finished normally 0 blocked (3797.47/sec).
Executions attempted so far: 300000 total 300000 finished normally 0 blocked (3750.00/sec).
Executions attempted so far: 300000 total 300000 finished normally 0 blocked (3703.70/sec).
Executions attempted so far: 300000 total 300000 finished normally 0 blocked (3658.54/sec).
Executions attempted so far: 300000 total 300000 finished normally 0 blocked (3614.46/sec).
Executions attempted so far: 400000 total 400000 finished normally 0 blocked (4255.32/sec).
Executions attempted so far: 400000 total 400000 finished normally 0 blocked (4000.00/sec).
Executions attempted so far: 400000 total 400000 finished normally 0 blocked (4000.00/sec).
Executions attempted so far: 400000 total 400000 finished normally 0 blocked (3960.40/sec).
Executions attempted so far: 400000 total 400000 finished normally 0 blocked (3921.57/sec).
Executions attempted so far: 400000 total 400000 finished normally 0 blocked (3883.50/sec).
Executions attempted so far: 400000 total 400000 finished normally 0 blocked (3883.50/sec).
Executions attempted so far: 400000 total 400000 finished normally 0 blocked (3846.15/sec).
Executions attempted so far: 400000 total 400000 finished normally 0 blocked (3809.52/sec).
Executions attempted so far: 400000 total 400000 finished normally 0 blocked (3773.58/sec).
Executions attempted so far: 400000 total 400000 finished normally 0 blocked (3773.58/sec).
Executions attempted so far: 400000 total 400000 finished normally 0 blocked (3738.32/sec).
Executions attempted so far: 400000 total 400000 finished normally 0 blocked (3738.32/sec).
Executions attempted so far: 400000 total 400000 finished normally 0 blocked (3703.70/sec).
Executions attempted so far: 400000 total 400000 finished normally 0 blocked (3603.60/sec).
Executions attempted so far: 400000 total 400000 finished normally 0 blocked (3603.60/sec).
Executions attempted so far: 500000 total 500000 finished normally 0 blocked (4237.29/sec).
Executions attempted so far: 500000 total 500000 finished normally 0 blocked (3968.25/sec).
Executions attempted so far: 500000 total 500000 finished normally 0 blocked (3968.25/sec).
Executions attempted so far: 500000 total 500000 finished normally 0 blocked (3906.25/sec).
Executions attempted so far: 500000 total 500000 finished normally 0 blocked (3906.25/sec).
Executions attempted so far: 500000 total 500000 finished normally 0 blocked (3906.25/sec).
Executions attempted so far: 500000 total 500000 finished normally 0 blocked (3906.25/sec).
Executions attempted so far: 500000 total 500000 finished normally 0 blocked (3846.15/sec).
Executions attempted so far: 500000 total 500000 finished normally 0 blocked (3816.79/sec).
Executions attempted so far: 500000 total 500000 finished normally 0 blocked (3787.88/sec).
Executions attempted so far: 500000 total 500000 finished normally 0 blocked (3759.40/sec).
Executions attempted so far: 500000 total 500000 finished normally 0 blocked (3731.34/sec).
Executions attempted so far: 500000 total 500000 finished normally 0 blocked (3731.34/sec).
Executions attempted so far: 500000 total 500000 finished normally 0 blocked (3676.47/sec).
Executions attempted so far: 500000 total 500000 finished normally 0 blocked (3623.19/sec).
Executions attempted so far: 500000 total 500000 finished normally 0 blocked (3597.12/sec).
Executions attempted so far: 600000 total 600000 finished normally 0 blocked (4285.71/sec).
Executions attempted so far: 600000 total 600000 finished normally 0 blocked (3947.37/sec).
Executions attempted so far: 600000 total 600000 finished normally 0 blocked (3921.57/sec).
Executions attempted so far: 600000 total 600000 finished normally 0 blocked (3921.57/sec).
Executions attempted so far: 600000 total 600000 finished normally 0 blocked (3921.57/sec).
Executions attempted so far: 600000 total 600000 finished normally 0 blocked (3870.97/sec).
Executions attempted so far: 600000 total 600000 finished normally 0 blocked (3870.97/sec).
Executions attempted so far: 600000 total 600000 finished normally 0 blocked (3821.66/sec).
Executions attempted so far: 600000 total 600000 finished normally 0 blocked (3821.66/sec).
Executions attempted so far: 600000 total 600000 finished normally 0 blocked (3750.00/sec).
Executions attempted so far: 600000 total 600000 finished normally 0 blocked (3750.00/sec).
Executions attempted so far: 600000 total 600000 finished normally 0 blocked (3726.71/sec).
Executions attempted so far: 600000 total 600000 finished normally 0 blocked (3726.71/sec).
Executions attempted so far: 700000 total 700000 finished normally 0 blocked (4320.99/sec).
Executions attempted so far: 600000 total 600000 finished normally 0 blocked (3680.98/sec).
Executions attempted so far: 600000 total 600000 finished normally 0 blocked (3614.46/sec).
Executions attempted so far: 600000 total 600000 finished normally 0 blocked (3571.43/sec).
Executions attempted so far: 700000 total 700000 finished normally 0 blocked (3932.58/sec).
Executions attempted so far: 700000 total 700000 finished normally 0 blocked (3932.58/sec).
Executions attempted so far: 700000 total 700000 finished normally 0 blocked (3910.61/sec).
Executions attempted so far: 700000 total 700000 finished normally 0 blocked (3910.61/sec).
Executions attempted so far: 700000 total 700000 finished normally 0 blocked (3867.40/sec).
Executions attempted so far: 700000 total 700000 finished normally 0 blocked (3846.15/sec).
Executions attempted so far: 800000 total 800000 finished normally 0 blocked (4371.58/sec).
Executions attempted so far: 700000 total 700000 finished normally 0 blocked (3825.14/sec).
Executions attempted so far: 700000 total 700000 finished normally 0 blocked (3804.35/sec).
Executions attempted so far: 700000 total 700000 finished normally 0 blocked (3763.44/sec).
Executions attempted so far: 700000 total 700000 finished normally 0 blocked (3743.32/sec).
Executions attempted so far: 700000 total 700000 finished normally 0 blocked (3743.32/sec).
Executions attempted so far: 700000 total 700000 finished normally 0 blocked (3723.40/sec).
Executions attempted so far: 700000 total 700000 finished normally 0 blocked (3645.83/sec).
Executions attempted so far: 700000 total 700000 finished normally 0 blocked (3626.94/sec).
Executions attempted so far: 700000 total 700000 finished normally 0 blocked (3553.30/sec).
Executions attempted so far: 800000 total 800000 finished normally 0 blocked (3921.57/sec).
Executions attempted so far: 800000 total 800000 finished normally 0 blocked (3902.44/sec).
Executions attempted so far: 900000 total 900000 finished normally 0 blocked (4390.24/sec).
Executions attempted so far: 800000 total 800000 finished normally 0 blocked (3902.44/sec).
Executions attempted so far: 800000 total 800000 finished normally 0 blocked (3883.50/sec).
Executions attempted so far: 800000 total 800000 finished normally 0 blocked (3864.73/sec).
Executions attempted so far: 800000 total 800000 finished normally 0 blocked (3846.15/sec).
Executions attempted so far: 800000 total 800000 finished normally 0 blocked (3809.52/sec).
Executions attempted so far: 800000 total 800000 finished normally 0 blocked (3791.47/sec).
Executions attempted so far: 800000 total 800000 finished normally 0 blocked (3755.87/sec).
Executions attempted so far: 800000 total 800000 finished normally 0 blocked (3755.87/sec).
Executions attempted so far: 800000 total 800000 finished normally 0 blocked (3738.32/sec).
Executions attempted so far: 800000 total 800000 finished normally 0 blocked (3720.93/sec).
Executions attempted so far: 800000 total 800000 finished normally 0 blocked (3636.36/sec).
Executions attempted so far: 800000 total 800000 finished normally 0 blocked (3636.36/sec).
Executions attempted so far: 800000 total 800000 finished normally 0 blocked (3555.56/sec).
Executions attempted so far: 1000000 total 1000000 finished normally 0 blocked (4385.96/sec).
Executions attempted so far: 900000 total 900000 finished normally 0 blocked (3913.04/sec).
Executions attempted so far: 900000 total 900000 finished normally 0 blocked (3913.04/sec).
Executions attempted so far: 900000 total 900000 finished normally 0 blocked (3896.10/sec).
Executions attempted so far: 900000 total 900000 finished normally 0 blocked (3896.10/sec).
Executions attempted so far: 900000 total 900000 finished normally 0 blocked (3862.66/sec).
Executions attempted so far: 900000 total 900000 finished normally 0 blocked (3846.15/sec).
Executions attempted so far: 900000 total 900000 finished normally 0 blocked (3781.51/sec).
Executions attempted so far: 900000 total 900000 finished normally 0 blocked (3781.51/sec).
Executions attempted so far: 900000 total 900000 finished normally 0 blocked (3765.69/sec).
Executions attempted so far: 900000 total 900000 finished normally 0 blocked (3750.00/sec).
Executions attempted so far: 900000 total 900000 finished normally 0 blocked (3734.44/sec).
Executions attempted so far: 900000 total 900000 finished normally 0 blocked (3719.01/sec).
Executions attempted so far: 900000 total 900000 finished normally 0 blocked (3658.54/sec).
Executions attempted so far: 900000 total 900000 finished normally 0 blocked (3629.03/sec).
Executions attempted so far: 900000 total 900000 finished normally 0 blocked (3557.31/sec).
Executions attempted so far: 1000000 total 1000000 finished normally 0 blocked (3906.25/sec).
Executions attempted so far: 1000000 total 1000000 finished normally 0 blocked (3891.05/sec).
Executions attempted so far: 1000000 total 1000000 finished normally 0 blocked (3891.05/sec).
Executions attempted so far: 1000000 total 1000000 finished normally 0 blocked (3891.05/sec).
Executions attempted so far: 1000000 total 1000000 finished normally 0 blocked (3846.15/sec).
Executions attempted so far: 1000000 total 1000000 finished normally 0 blocked (3846.15/sec).
Executions attempted so far: 1000000 total 1000000 finished normally 0 blocked (3773.58/sec).
Executions attempted so far: 1000000 total 1000000 finished normally 0 blocked (3773.58/sec).
Executions attempted so far: 1000000 total 1000000 finished normally 0 blocked (3773.58/sec).
Executions attempted so far: 1000000 total 1000000 finished normally 0 blocked (3745.32/sec).
Executions attempted so far: 1000000 total 1000000 finished normally 0 blocked (3717.47/sec).
Executions attempted so far: 1000000 total 1000000 finished normally 0 blocked (3717.47/sec).
Executions attempted so far: 1000000 total 1000000 finished normally 0 blocked (3663.00/sec).
Executions attempted so far: 1000000 total 1000000 finished normally 0 blocked (3623.19/sec).
Executions attempted so far: 1000000 total 1000000 finished normally 0 blocked (3546.10/sec).
Executions attempted so far: 2000000 total 2000000 finished normally 0 blocked (4149.38/sec).
Executions attempted so far: 2000000 total 2000000 finished normally 0 blocked (3846.15/sec).
Executions attempted so far: 2000000 total 2000000 finished normally 0 blocked (3838.77/sec).
Executions attempted so far: 2000000 total 2000000 finished normally 0 blocked (3802.28/sec).
Executions attempted so far: 2000000 total 2000000 finished normally 0 blocked (3802.28/sec).
Executions attempted so far: 2000000 total 2000000 finished normally 0 blocked (3795.07/sec).
Executions attempted so far: 2000000 total 2000000 finished normally 0 blocked (3752.35/sec).
Executions attempted so far: 2000000 total 2000000 finished normally 0 blocked (3724.39/sec).
Executions attempted so far: 2000000 total 2000000 finished normally 0 blocked (3710.58/sec).
Executions attempted so far: 2000000 total 2000000 finished normally 0 blocked (3669.72/sec).
Executions attempted so far: 2000000 total 2000000 finished normally 0 blocked (3663.00/sec).
Executions attempted so far: 2000000 total 2000000 finished normally 0 blocked (3656.31/sec).
Executions attempted so far: 2000000 total 2000000 finished normally 0 blocked (3636.36/sec).
Executions attempted so far: 2000000 total 2000000 finished normally 0 blocked (3629.76/sec).
Executions attempted so far: 2000000 total 2000000 finished normally 0 blocked (3584.23/sec).
Executions attempted so far: 2000000 total 2000000 finished normally 0 blocked (3558.72/sec).
Executions attempted so far: 3000000 total 3000000 finished normally 0 blocked (4054.05/sec).
Executions attempted so far: 3000000 total 3000000 finished normally 0 blocked (3880.98/sec).
Executions attempted so far: 3000000 total 3000000 finished normally 0 blocked (3816.79/sec).
Executions attempted so far: 3000000 total 3000000 finished normally 0 blocked (3816.79/sec).
Executions attempted so far: 3000000 total 3000000 finished normally 0 blocked (3787.88/sec).
Executions attempted so far: 3000000 total 3000000 finished normally 0 blocked (3778.34/sec).
Executions attempted so far: 3000000 total 3000000 finished normally 0 blocked (3778.34/sec).
Executions attempted so far: 3000000 total 3000000 finished normally 0 blocked (3708.28/sec).
Executions attempted so far: 3000000 total 3000000 finished normally 0 blocked (3685.50/sec).
Executions attempted so far: 3000000 total 3000000 finished normally 0 blocked (3663.00/sec).
Executions attempted so far: 3000000 total 3000000 finished normally 0 blocked (3645.20/sec).
Executions attempted so far: 3000000 total 3000000 finished normally 0 blocked (3640.78/sec).
Executions attempted so far: 3000000 total 3000000 finished normally 0 blocked (3623.19/sec).
Executions attempted so far: 3000000 total 3000000 finished normally 0 blocked (3605.77/sec).
Executions attempted so far: 3000000 total 3000000 finished normally 0 blocked (3571.43/sec).
Executions attempted so far: 3000000 total 3000000 finished normally 0 blocked (3546.10/sec).
Executions attempted so far: 4000000 total 4000000 finished normally 0 blocked (4008.02/sec).
Executions attempted so far: 4000000 total 4000000 finished normally 0 blocked (3887.27/sec).
Executions attempted so far: 4000000 total 4000000 finished normally 0 blocked (3879.73/sec).
Executions attempted so far: 4000000 total 4000000 finished normally 0 blocked (3795.07/sec).
Executions attempted so far: 4000000 total 4000000 finished normally 0 blocked (3770.03/sec).
Executions attempted so far: 4000000 total 4000000 finished normally 0 blocked (3755.87/sec).
Executions attempted so far: 4000000 total 4000000 finished normally 0 blocked (3717.47/sec).
Executions attempted so far: 4000000 total 4000000 finished normally 0 blocked (3683.24/sec).
Executions attempted so far: 4000000 total 4000000 finished normally 0 blocked (3683.24/sec).
Executions attempted so far: 4000000 total 4000000 finished normally 0 blocked (3646.31/sec).
Executions attempted so far: 4000000 total 4000000 finished normally 0 blocked (3642.99/sec).
Executions attempted so far: 4000000 total 4000000 finished normally 0 blocked (3639.67/sec).
Executions attempted so far: 4000000 total 4000000 finished normally 0 blocked (3610.11/sec).
Executions attempted so far: 4000000 total 4000000 finished normally 0 blocked (3593.89/sec).
Executions attempted so far: 4000000 total 4000000 finished normally 0 blocked (3568.24/sec).
Executions attempted so far: 4000000 total 4000000 finished normally 0 blocked (3546.10/sec).
Executions attempted so far: 5000000 total 5000000 finished normally 0 blocked (3984.06/sec).
Executions attempted so far: 5000000 total 5000000 finished normally 0 blocked (3940.11/sec).
Executions attempted so far: 5000000 total 5000000 finished normally 0 blocked (3881.99/sec).
Executions attempted so far: 5000000 total 5000000 finished normally 0 blocked (3756.57/sec).
Executions attempted so far: 5000000 total 5000000 finished normally 0 blocked (3745.32/sec).
Executions attempted so far: 5000000 total 5000000 finished normally 0 blocked (3714.71/sec).
Executions attempted so far: 5000000 total 5000000 finished normally 0 blocked (3698.22/sec).
Executions attempted so far: 5000000 total 5000000 finished normally 0 blocked (3690.04/sec).
Executions attempted so far: 5000000 total 5000000 finished normally 0 blocked (3676.47/sec).
Executions attempted so far: 5000000 total 5000000 finished normally 0 blocked (3641.66/sec).
Executions attempted so far: 5000000 total 5000000 finished normally 0 blocked (3641.66/sec).
Executions attempted so far: 5000000 total 5000000 finished normally 0 blocked (3628.45/sec).
Executions attempted so far: 5000000 total 5000000 finished normally 0 blocked (3615.33/sec).
Executions attempted so far: 5000000 total 5000000 finished normally 0 blocked (3584.23/sec).
Executions attempted so far: 5000000 total 5000000 finished normally 0 blocked (3571.43/sec).
Executions attempted so far: 5000000 total 5000000 finished normally 0 blocked (3551.14/sec).
Executions attempted so far: 6000000 total 6000000 finished normally 0 blocked (3957.78/sec).
Executions attempted so far: 6000000 total 6000000 finished normally 0 blocked (3952.57/sec).
Executions attempted so far: 6000000 total 6000000 finished normally 0 blocked (3883.50/sec).
Executions attempted so far: 6000000 total 6000000 finished normally 0 blocked (3719.78/sec).
Executions attempted so far: 6000000 total 6000000 finished normally 0 blocked (3715.17/sec).
Executions attempted so far: 6000000 total 6000000 finished normally 0 blocked (3692.31/sec).
Executions attempted so far: 6000000 total 6000000 finished normally 0 blocked (3685.50/sec).
Executions attempted so far: 6000000 total 6000000 finished normally 0 blocked (3680.98/sec).
Executions attempted so far: 6000000 total 6000000 finished normally 0 blocked (3669.72/sec).
Executions attempted so far: 6000000 total 6000000 finished normally 0 blocked (3642.99/sec).
Executions attempted so far: 6000000 total 6000000 finished normally 0 blocked (3625.38/sec).
Executions attempted so far: 6000000 total 6000000 finished normally 0 blocked (3618.82/sec).
Executions attempted so far: 6000000 total 6000000 finished normally 0 blocked (3605.77/sec).
Executions attempted so far: 6000000 total 6000000 finished normally 0 blocked (3569.30/sec).
Executions attempted so far: 6000000 total 6000000 finished normally 0 blocked (3565.06/sec).
Executions attempted so far: 6000000 total 6000000 finished normally 0 blocked (3539.82/sec).
Executions attempted so far: 7000000 total 7000000 finished normally 0 blocked (3937.01/sec).
Executions attempted so far: 7000000 total 7000000 finished normally 0 blocked (3934.79/sec).
Executions attempted so far: 7000000 total 7000000 finished normally 0 blocked (3882.42/sec).
Executions attempted so far: 7000000 total 7000000 finished normally 0 blocked (3691.98/sec).
Executions attempted so far: 7000000 total 7000000 finished normally 0 blocked (3688.09/sec).
Executions attempted so far: 7000000 total 7000000 finished normally 0 blocked (3682.27/sec).
Executions attempted so far: 7000000 total 7000000 finished normally 0 blocked (3670.69/sec).
Executions attempted so far: 7000000 total 7000000 finished normally 0 blocked (3670.69/sec).
Executions attempted so far: 7000000 total 7000000 finished normally 0 blocked (3668.76/sec).
Executions attempted so far: 7000000 total 7000000 finished normally 0 blocked (3632.59/sec).
Executions attempted so far: 7000000 total 7000000 finished normally 0 blocked (3615.70/sec).
Executions attempted so far: 7000000 total 7000000 finished normally 0 blocked (3608.25/sec).
Executions attempted so far: 7000000 total 7000000 finished normally 0 blocked (3606.39/sec).
Executions attempted so far: 7000000 total 7000000 finished normally 0 blocked (3556.91/sec).
Executions attempted so far: 7000000 total 7000000 finished normally 0 blocked (3551.50/sec).
Executions attempted so far: 7000000 total 7000000 finished normally 0 blocked (3531.79/sec).
Executions attempted so far: 8000000 total 8000000 finished normally 0 blocked (3935.07/sec).
Executions attempted so far: 8000000 total 8000000 finished normally 0 blocked (3935.07/sec).
Executions attempted so far: 8000000 total 8000000 finished normally 0 blocked (3835.09/sec).
Executions attempted so far: 8000000 total 8000000 finished normally 0 blocked (3688.34/sec).
Executions attempted so far: 8000000 total 8000000 finished normally 0 blocked (3663.00/sec).
Executions attempted so far: 8000000 total 8000000 finished normally 0 blocked (3659.65/sec).
Executions attempted so far: 8000000 total 8000000 finished normally 0 blocked (3656.31/sec).
Executions attempted so far: 8000000 total 8000000 finished normally 0 blocked (3654.64/sec).
Executions attempted so far: 8000000 total 8000000 finished normally 0 blocked (3647.97/sec).
Executions attempted so far: 8000000 total 8000000 finished normally 0 blocked (3616.64/sec).
Executions attempted so far: 8000000 total 8000000 finished normally 0 blocked (3610.11/sec).
Executions attempted so far: 8000000 total 8000000 finished normally 0 blocked (3601.98/sec).
Executions attempted so far: 8000000 total 8000000 finished normally 0 blocked (3598.74/sec).
Executions attempted so far: 8000000 total 8000000 finished normally 0 blocked (3541.39/sec).
Executions attempted so far: 8000000 total 8000000 finished normally 0 blocked (3541.39/sec).
Executions attempted so far: 8000000 total 8000000 finished normally 0 blocked (3527.34/sec).
Executions attempted so far: 9000000 total 9000000 finished normally 0 blocked (3931.85/sec).
Executions attempted so far: 9000000 total 9000000 finished normally 0 blocked (3918.15/sec).
Executions attempted so far: 9000000 total 9000000 finished normally 0 blocked (3792.67/sec).
Executions attempted so far: 9000000 total 9000000 finished normally 0 blocked (3679.48/sec).
Executions attempted so far: 9000000 total 9000000 finished normally 0 blocked (3648.16/sec).
Executions attempted so far: 9000000 total 9000000 finished normally 0 blocked (3639.30/sec).
Executions attempted so far: 9000000 total 9000000 finished normally 0 blocked (3637.83/sec).
Executions attempted so far: 9000000 total 9000000 finished normally 0 blocked (3634.89/sec).
Executions attempted so far: 9000000 total 9000000 finished normally 0 blocked (3624.65/sec).
Executions attempted so far: 9000000 total 9000000 finished normally 0 blocked (3605.77/sec).
Executions attempted so far: 9000000 total 9000000 finished normally 0 blocked (3602.88/sec).
Executions attempted so far: 9000000 total 9000000 finished normally 0 blocked (3598.56/sec).
Executions attempted so far: 9000000 total 9000000 finished normally 0 blocked (3587.09/sec).
Executions attempted so far: 10000000 total 10000000 finished normally 0 blocked (3954.13/sec).
Executions attempted so far: 9000000 total 9000000 finished normally 0 blocked (3536.35/sec).
Executions attempted so far: 9000000 total 9000000 finished normally 0 blocked (3530.80/sec).
Executions attempted so far: 9000000 total 9000000 finished normally 0 blocked (3530.80/sec).
Executions attempted so far: 10000000 total 10000000 finished normally 0 blocked (3892.57/sec).
Executions attempted so far: 10000000 total 10000000 finished normally 0 blocked (3749.53/sec).
Executions attempted so far: 10000000 total 10000000 finished normally 0 blocked (3679.18/sec).
Executions attempted so far: 10000000 total 10000000 finished normally 0 blocked (3648.30/sec).
Executions attempted so far: 11000000 total 11000000 finished normally 0 blocked (4001.46/sec).
Executions attempted so far: 10000000 total 10000000 finished normally 0 blocked (3632.40/sec).
Executions attempted so far: 10000000 total 10000000 finished normally 0 blocked (3631.08/sec).
Executions attempted so far: 10000000 total 10000000 finished normally 0 blocked (3628.45/sec).
Executions attempted so far: 10000000 total 10000000 finished normally 0 blocked (3604.90/sec).
Executions attempted so far: 10000000 total 10000000 finished normally 0 blocked (3603.60/sec).
Executions attempted so far: 10000000 total 10000000 finished normally 0 blocked (3603.60/sec).
Executions attempted so far: 10000000 total 10000000 finished normally 0 blocked (3602.31/sec).
Executions attempted so far: 10000000 total 10000000 finished normally 0 blocked (3580.38/sec).
Executions attempted so far: 10000000 total 10000000 finished normally 0 blocked (3539.82/sec).
Executions attempted so far: 10000000 total 10000000 finished normally 0 blocked (3537.32/sec).
Executions attempted so far: 10000000 total 10000000 finished normally 0 blocked (3524.85/sec).
Executions attempted so far: 11000000 total 11000000 finished normally 0 blocked (3858.30/sec).
Executions attempted so far: 11000000 total 11000000 finished normally 0 blocked (3751.71/sec).
Executions attempted so far: 12000000 total 12000000 finished normally 0 blocked (4024.14/sec).
Executions attempted so far: 11000000 total 11000000 finished normally 0 blocked (3675.24/sec).
Executions attempted so far: 11000000 total 11000000 finished normally 0 blocked (3642.38/sec).
Executions attempted so far: 11000000 total 11000000 finished normally 0 blocked (3619.61/sec).
Executions attempted so far: 11000000 total 11000000 finished normally 0 blocked (3619.61/sec).
Executions attempted so far: 11000000 total 11000000 finished normally 0 blocked (3612.48/sec).
Executions attempted so far: 11000000 total 11000000 finished normally 0 blocked (3603.01/sec).
Executions attempted so far: 11000000 total 11000000 finished normally 0 blocked (3599.48/sec).
Executions attempted so far: 11000000 total 11000000 finished normally 0 blocked (3598.30/sec).
Executions attempted so far: 11000000 total 11000000 finished normally 0 blocked (3594.77/sec).
Executions attempted so far: 11000000 total 11000000 finished normally 0 blocked (3572.59/sec).
Executions attempted so far: 11000000 total 11000000 finished normally 0 blocked (3540.39/sec).
Executions attempted so far: 11000000 total 11000000 finished normally 0 blocked (3538.12/sec).
Executions attempted so far: 11000000 total 11000000 finished normally 0 blocked (3526.77/sec).
Executions attempted so far: 12000000 total 12000000 finished normally 0 blocked (3844.92/sec).
Executions attempted so far: 12000000 total 12000000 finished normally 0 blocked (3731.34/sec).
Executions attempted so far: 13000000 total 13000000 finished normally 0 blocked (4037.27/sec).
Executions attempted so far: 12000000 total 12000000 finished normally 0 blocked (3668.60/sec).
Executions attempted so far: 12000000 total 12000000 finished normally 0 blocked (3637.47/sec).
Executions attempted so far: 12000000 total 12000000 finished normally 0 blocked (3614.46/sec).
Executions attempted so far: 12000000 total 12000000 finished normally 0 blocked (3613.37/sec).
Executions attempted so far: 12000000 total 12000000 finished normally 0 blocked (3602.52/sec).
Executions attempted so far: 12000000 total 12000000 finished normally 0 blocked (3599.28/sec).
Executions attempted so far: 12000000 total 12000000 finished normally 0 blocked (3597.12/sec).
Executions attempted so far: 12000000 total 12000000 finished normally 0 blocked (3594.97/sec).
Executions attempted so far: 12000000 total 12000000 finished normally 0 blocked (3592.81/sec).
Executions attempted so far: 12000000 total 12000000 finished normally 0 blocked (3566.12/sec).
Executions attempted so far: 12000000 total 12000000 finished normally 0 blocked (3539.82/sec).
Executions attempted so far: 13000000 total 13000000 finished normally 0 blocked (3834.81/sec).
Executions attempted so far: 12000000 total 12000000 finished normally 0 blocked (3537.74/sec).
Executions attempted so far: 12000000 total 12000000 finished normally 0 blocked (3527.34/sec).
Executions attempted so far: 14000000 total 14000000 finished normally 0 blocked (4027.62/sec).
Executions attempted so far: 13000000 total 13000000 finished normally 0 blocked (3707.93/sec).
Executions attempted so far: 13000000 total 13000000 finished normally 0 blocked (3667.14/sec).
Executions attempted so far: 13000000 total 13000000 finished normally 0 blocked (3636.36/sec).
Executions attempted so far: 13000000 total 13000000 finished normally 0 blocked (3607.10/sec).
Executions attempted so far: 13000000 total 13000000 finished normally 0 blocked (3604.10/sec).
Executions attempted so far: 13000000 total 13000000 finished normally 0 blocked (3597.12/sec).
Executions attempted so far: 13000000 total 13000000 finished normally 0 blocked (3594.14/sec).
Executions attempted so far: 13000000 total 13000000 finished normally 0 blocked (3593.15/sec).
Executions attempted so far: 13000000 total 13000000 finished normally 0 blocked (3591.16/sec).
Executions attempted so far: 13000000 total 13000000 finished normally 0 blocked (3584.23/sec).
Executions attempted so far: 13000000 total 13000000 finished normally 0 blocked (3559.69/sec).
Executions attempted so far: 14000000 total 14000000 finished normally 0 blocked (3819.92/sec).
Executions attempted so far: 13000000 total 13000000 finished normally 0 blocked (3539.34/sec).
Executions attempted so far: 13000000 total 13000000 finished normally 0 blocked (3533.57/sec).
Executions attempted so far: 13000000 total 13000000 finished normally 0 blocked (3523.99/sec).
Executions attempted so far: 15000000 total 15000000 finished normally 0 blocked (4020.37/sec).
Executions attempted so far: 14000000 total 14000000 finished normally 0 blocked (3688.09/sec).
Executions attempted so far: 14000000 total 14000000 finished normally 0 blocked (3663.96/sec).
Executions attempted so far: 14000000 total 14000000 finished normally 0 blocked (3634.48/sec).
Executions attempted so far: 14000000 total 14000000 finished normally 0 blocked (3599.90/sec).
Executions attempted so far: 14000000 total 14000000 finished normally 0 blocked (3597.12/sec).
Executions attempted so far: 14000000 total 14000000 finished normally 0 blocked (3595.27/sec).
Executions attempted so far: 14000000 total 14000000 finished normally 0 blocked (3594.35/sec).
Executions attempted so far: 14000000 total 14000000 finished normally 0 blocked (3594.35/sec).
Executions attempted so far: 14000000 total 14000000 finished normally 0 blocked (3590.66/sec).
Executions attempted so far: 14000000 total 14000000 finished normally 0 blocked (3577.82/sec).
Executions attempted so far: 15000000 total 15000000 finished normally 0 blocked (3810.98/sec).
Executions attempted so far: 14000000 total 14000000 finished normally 0 blocked (3553.30/sec).
Executions attempted so far: 14000000 total 14000000 finished normally 0 blocked (3538.03/sec).
Executions attempted so far: 14000000 total 14000000 finished normally 0 blocked (3532.68/sec).
Executions attempted so far: 14000000 total 14000000 finished normally 0 blocked (3516.70/sec).
Executions attempted so far: 16000000 total 16000000 finished normally 0 blocked (4014.05/sec).
Executions attempted so far: 15000000 total 15000000 finished normally 0 blocked (3677.37/sec).
Executions attempted so far: 15000000 total 15000000 finished normally 0 blocked (3659.43/sec).
Executions attempted so far: 15000000 total 15000000 finished normally 0 blocked (3629.32/sec).
Executions attempted so far: 15000000 total 15000000 finished normally 0 blocked (3607.50/sec).
Executions attempted so far: 15000000 total 15000000 finished normally 0 blocked (3597.99/sec).
Executions attempted so far: 15000000 total 15000000 finished normally 0 blocked (3597.12/sec).
Executions attempted so far: 15000000 total 15000000 finished normally 0 blocked (3593.68/sec).
Executions attempted so far: 15000000 total 15000000 finished normally 0 blocked (3586.80/sec).
Executions attempted so far: 15000000 total 15000000 finished normally 0 blocked (3579.95/sec).
Executions attempted so far: 15000000 total 15000000 finished normally 0 blocked (3575.69/sec).
Executions attempted so far: 16000000 total 16000000 finished normally 0 blocked (3802.28/sec).
Executions attempted so far: 15000000 total 15000000 finished normally 0 blocked (3555.34/sec).
Executions attempted so far: 17000000 total 17000000 finished normally 0 blocked (4014.17/sec).
Executions attempted so far: 15000000 total 15000000 finished normally 0 blocked (3538.57/sec).
Executions attempted so far: 15000000 total 15000000 finished normally 0 blocked (3529.41/sec).
Executions attempted so far: 15000000 total 15000000 finished normally 0 blocked (3511.24/sec).
Executions attempted so far: 16000000 total 16000000 finished normally 0 blocked (3672.25/sec).
Executions attempted so far: 16000000 total 16000000 finished normally 0 blocked (3652.13/sec).
Executions attempted so far: 16000000 total 16000000 finished normally 0 blocked (3624.01/sec).
Executions attempted so far: 16000000 total 16000000 finished normally 0 blocked (3611.74/sec).
Executions attempted so far: 16000000 total 16000000 finished normally 0 blocked (3597.93/sec).
Executions attempted so far: 16000000 total 16000000 finished normally 0 blocked (3592.28/sec).
Executions attempted so far: 16000000 total 16000000 finished normally 0 blocked (3592.28/sec).
Executions attempted so far: 16000000 total 16000000 finished normally 0 blocked (3585.03/sec).
Executions attempted so far: 18000000 total 18000000 finished normally 0 blocked (4023.25/sec).
Executions attempted so far: 16000000 total 16000000 finished normally 0 blocked (3574.62/sec).
Executions attempted so far: 16000000 total 16000000 finished normally 0 blocked (3568.24/sec).
Executions attempted so far: 17000000 total 17000000 finished normally 0 blocked (3791.26/sec).
Executions attempted so far: 16000000 total 16000000 finished normally 0 blocked (3553.19/sec).
Executions attempted so far: 16000000 total 16000000 finished normally 0 blocked (3540.61/sec).
Executions attempted so far: 16000000 total 16000000 finished normally 0 blocked (3529.67/sec).
Executions attempted so far: 16000000 total 16000000 finished normally 0 blocked (3508.00/sec).
Executions attempted so far: 17000000 total 17000000 finished normally 0 blocked (3659.06/sec).
Executions attempted so far: 17000000 total 17000000 finished normally 0 blocked (3647.29/sec).
Executions attempted so far: 17000000 total 17000000 finished normally 0 blocked (3623.19/sec).
Executions attempted so far: 17000000 total 17000000 finished normally 0 blocked (3619.33/sec).
Executions attempted so far: 19000000 total 19000000 finished normally 0 blocked (4025.42/sec).
Executions attempted so far: 17000000 total 17000000 finished normally 0 blocked (3595.60/sec).
Executions attempted so far: 17000000 total 17000000 finished normally 0 blocked (3587.25/sec).
Executions attempted so far: 17000000 total 17000000 finished normally 0 blocked (3584.99/sec).
Executions attempted so far: 17000000 total 17000000 finished normally 0 blocked (3581.96/sec).
Executions attempted so far: 18000000 total 18000000 finished normally 0 blocked (3779.13/sec).
Executions attempted so far: 17000000 total 17000000 finished normally 0 blocked (3568.43/sec).
Executions attempted so far: 17000000 total 17000000 finished normally 0 blocked (3559.46/sec).
Executions attempted so far: 17000000 total 17000000 finished normally 0 blocked (3550.54/sec).
Executions attempted so far: 17000000 total 17000000 finished normally 0 blocked (3537.25/sec).
Executions attempted so far: 17000000 total 17000000 finished normally 0 blocked (3531.37/sec).
Executions attempted so far: 17000000 total 17000000 finished normally 0 blocked (3505.15/sec).
Executions attempted so far: 18000000 total 18000000 finished normally 0 blocked (3648.90/sec).
Executions attempted so far: 18000000 total 18000000 finished normally 0 blocked (3643.72/sec).
Executions attempted so far: 18000000 total 18000000 finished normally 0 blocked (3619.55/sec).
Executions attempted so far: 18000000 total 18000000 finished normally 0 blocked (3618.82/sec).
Executions attempted so far: 20000000 total 20000000 finished normally 0 blocked (4018.49/sec).
Executions attempted so far: 18000000 total 18000000 finished normally 0 blocked (3594.25/sec).
Executions attempted so far: 18000000 total 18000000 finished normally 0 blocked (3584.23/sec).
Executions attempted so far: 18000000 total 18000000 finished normally 0 blocked (3580.66/sec).
Executions attempted so far: 18000000 total 18000000 finished normally 0 blocked (3578.53/sec).
Executions attempted so far: 19000000 total 19000000 finished normally 0 blocked (3772.09/sec).
Executions attempted so far: 18000000 total 18000000 finished normally 0 blocked (3565.77/sec).
Executions attempted so far: 18000000 total 18000000 finished normally 0 blocked (3556.61/sec).
Executions attempted so far: 18000000 total 18000000 finished normally 0 blocked (3549.60/sec).
Executions attempted so far: 18000000 total 18000000 finished normally 0 blocked (3538.43/sec).
Executions attempted so far: 18000000 total 18000000 finished normally 0 blocked (3533.57/sec).
Executions attempted so far: 18000000 total 18000000 finished normally 0 blocked (3501.26/sec).
Executions attempted so far: 19000000 total 19000000 finished normally 0 blocked (3641.24/sec).
Executions attempted so far: 19000000 total 19000000 finished normally 0 blocked (3639.85/sec).
Executions attempted so far: 21000000 total 21000000 finished normally 0 blocked (4002.29/sec).
Executions attempted so far: 19000000 total 19000000 finished normally 0 blocked (3618.36/sec).
Executions attempted so far: 19000000 total 19000000 finished normally 0 blocked (3618.36/sec).
Executions attempted so far: 19000000 total 19000000 finished normally 0 blocked (3593.72/sec).
Executions attempted so far: 19000000 total 19000000 finished normally 0 blocked (3581.53/sec).
Executions attempted so far: 19000000 total 19000000 finished normally 0 blocked (3576.13/sec).
Executions attempted so far: 19000000 total 19000000 finished normally 0 blocked (3574.12/sec).
Executions attempted so far: 20000000 total 20000000 finished normally 0 blocked (3760.11/sec).
Executions attempted so far: 19000000 total 19000000 finished normally 0 blocked (3562.72/sec).
Executions attempted so far: 19000000 total 19000000 finished normally 0 blocked (3550.07/sec).
Executions attempted so far: 19000000 total 19000000 finished normally 0 blocked (3547.42/sec).
Executions attempted so far: 19000000 total 19000000 finished normally 0 blocked (3538.18/sec).
Executions attempted so far: 19000000 total 19000000 finished normally 0 blocked (3536.20/sec).
Executions attempted so far: 19000000 total 19000000 finished normally 0 blocked (3495.86/sec).
Executions attempted so far: 20000000 total 20000000 finished normally 0 blocked (3638.35/sec).
Executions attempted so far: 20000000 total 20000000 finished normally 0 blocked (3633.06/sec).
Executions attempted so far: 22000000 total 22000000 finished normally 0 blocked (3990.57/sec).
Executions attempted so far: 20000000 total 20000000 finished normally 0 blocked (3617.29/sec).
Executions attempted so far: 20000000 total 20000000 finished normally 0 blocked (3614.68/sec).
Executions attempted so far: 20000000 total 20000000 finished normally 0 blocked (3592.60/sec).
Executions attempted so far: 20000000 total 20000000 finished normally 0 blocked (3575.90/sec).
Executions attempted so far: 21000000 total 21000000 finished normally 0 blocked (3752.01/sec).
Executions attempted so far: 20000000 total 20000000 finished normally 0 blocked (3572.70/sec).
Executions attempted so far: 20000000 total 20000000 finished normally 0 blocked (3570.79/sec).
Executions attempted so far: 20000000 total 20000000 finished normally 0 blocked (3560.62/sec).
Executions attempted so far: 20000000 total 20000000 finished normally 0 blocked (3549.25/sec).
Executions attempted so far: 20000000 total 20000000 finished normally 0 blocked (3545.47/sec).
Executions attempted so far: 20000000 total 20000000 finished normally 0 blocked (3538.57/sec).
Executions attempted so far: 20000000 total 20000000 finished normally 0 blocked (3537.32/sec).
Executions attempted so far: 20000000 total 20000000 finished normally 0 blocked (3495.28/sec).
Executions attempted so far: 21000000 total 21000000 finished normally 0 blocked (3635.10/sec).
Executions attempted so far: 23000000 total 23000000 finished normally 0 blocked (3979.93/sec).
Executions attempted so far: 21000000 total 21000000 finished normally 0 blocked (3624.44/sec).
Executions attempted so far: 21000000 total 21000000 finished normally 0 blocked (3615.70/sec).
Executions attempted so far: 21000000 total 21000000 finished normally 0 blocked (3613.21/sec).
Executions attempted so far: 21000000 total 21000000 finished normally 0 blocked (3585.45/sec).
Executions attempted so far: 22000000 total 22000000 finished normally 0 blocked (3746.59/sec).
Executions attempted so far: 21000000 total 21000000 finished normally 0 blocked (3573.25/sec).
Executions attempted so far: 21000000 total 21000000 finished normally 0 blocked (3570.82/sec).
Executions attempted so far: 21000000 total 21000000 finished normally 0 blocked (3567.18/sec).
Executions attempted so far: 21000000 total 21000000 finished normally 0 blocked (3560.53/sec).
Executions attempted so far: 21000000 total 21000000 finished normally 0 blocked (3550.30/sec).
Executions attempted so far: 21000000 total 21000000 finished normally 0 blocked (3542.51/sec).
Executions attempted so far: 21000000 total 21000000 finished normally 0 blocked (3540.72/sec).
Executions attempted so far: 21000000 total 21000000 finished normally 0 blocked (3538.93/sec).
Executions attempted so far: 21000000 total 21000000 finished normally 0 blocked (3491.85/sec).
Executions attempted so far: 24000000 total 24000000 finished normally 0 blocked (3970.88/sec).
Executions attempted so far: 22000000 total 22000000 finished normally 0 blocked (3632.76/sec).
Executions attempted so far: 22000000 total 22000000 finished normally 0 blocked (3616.04/sec).
Executions attempted so far: 22000000 total 22000000 finished normally 0 blocked (3614.85/sec).
Executions attempted so far: 22000000 total 22000000 finished normally 0 blocked (3611.89/sec).
Executions attempted so far: 22000000 total 22000000 finished normally 0 blocked (3579.56/sec).
Executions attempted so far: 23000000 total 23000000 finished normally 0 blocked (3737.41/sec).
Executions attempted so far: 22000000 total 22000000 finished normally 0 blocked (3570.27/sec).
Executions attempted so far: 22000000 total 22000000 finished normally 0 blocked (3569.11/sec).
Executions attempted so far: 22000000 total 22000000 finished normally 0 blocked (3564.48/sec).
Executions attempted so far: 22000000 total 22000000 finished normally 0 blocked (3563.33/sec).
Executions attempted so far: 22000000 total 22000000 finished normally 0 blocked (3550.10/sec).
Executions attempted so far: 22000000 total 22000000 finished normally 0 blocked (3544.39/sec).
Executions attempted so far: 22000000 total 22000000 finished normally 0 blocked (3543.24/sec).
Executions attempted so far: 22000000 total 22000000 finished normally 0 blocked (3534.14/sec).
Executions attempted so far: 22000000 total 22000000 finished normally 0 blocked (3489.85/sec).
Executions attempted so far: 25000000 total 25000000 finished normally 0 blocked (3965.74/sec).
Executions attempted so far: 23000000 total 23000000 finished normally 0 blocked (3630.05/sec).
Executions attempted so far: 23000000 total 23000000 finished normally 0 blocked (3616.35/sec).
Executions attempted so far: 23000000 total 23000000 finished normally 0 blocked (3611.24/sec).
Executions attempted so far: 23000000 total 23000000 finished normally 0 blocked (3608.41/sec).
Executions attempted so far: 23000000 total 23000000 finished normally 0 blocked (3575.87/sec).
Executions attempted so far: 24000000 total 24000000 finished normally 0 blocked (3729.60/sec).
Executions attempted so far: 23000000 total 23000000 finished normally 0 blocked (3569.77/sec).
Executions attempted so far: 23000000 total 23000000 finished normally 0 blocked (3567.55/sec).
Executions attempted so far: 23000000 total 23000000 finished normally 0 blocked (3565.89/sec).
Executions attempted so far: 23000000 total 23000000 finished normally 0 blocked (3560.92/sec).
Executions attempted so far: 23000000 total 23000000 finished normally 0 blocked (3546.65/sec).
Executions attempted so far: 23000000 total 23000000 finished normally 0 blocked (3545.55/sec).
Executions attempted so far: 23000000 total 23000000 finished normally 0 blocked (3544.46/sec).
Executions attempted so far: 23000000 total 23000000 finished normally 0 blocked (3529.77/sec).
Executions attempted so far: 26000000 total 26000000 finished normally 0 blocked (3961.00/sec).
Executions attempted so far: 23000000 total 23000000 finished normally 0 blocked (3488.02/sec).
Executions attempted so far: 24000000 total 24000000 finished normally 0 blocked (3626.47/sec).
Executions attempted so far: 24000000 total 24000000 finished normally 0 blocked (3615.55/sec).
Executions attempted so far: 24000000 total 24000000 finished normally 0 blocked (3609.57/sec).
Executions attempted so far: 24000000 total 24000000 finished normally 0 blocked (3602.52/sec).
Executions attempted so far: 24000000 total 24000000 finished normally 0 blocked (3573.56/sec).
Executions attempted so far: 25000000 total 25000000 finished normally 0 blocked (3716.92/sec).
Executions attempted so far: 24000000 total 24000000 finished normally 0 blocked (3567.71/sec).
Executions attempted so far: 24000000 total 24000000 finished normally 0 blocked (3566.65/sec).
Executions attempted so far: 24000000 total 24000000 finished normally 0 blocked (3562.42/sec).
Executions attempted so far: 24000000 total 24000000 finished normally 0 blocked (3556.61/sec).
Executions attempted so far: 24000000 total 24000000 finished normally 0 blocked (3549.25/sec).
Executions attempted so far: 24000000 total 24000000 finished normally 0 blocked (3545.58/sec).
Executions attempted so far: 24000000 total 24000000 finished normally 0 blocked (3542.96/sec).
Executions attempted so far: 24000000 total 24000000 finished normally 0 blocked (3530.97/sec).
Executions attempted so far: 27000000 total 27000000 finished normally 0 blocked (3955.46/sec).
Executions attempted so far: 24000000 total 24000000 finished normally 0 blocked (3485.84/sec).
Executions attempted so far: 25000000 total 25000000 finished normally 0 blocked (3626.87/sec).
Executions attempted so far: 25000000 total 25000000 finished normally 0 blocked (3615.85/sec).
Executions attempted so far: 25000000 total 25000000 finished normally 0 blocked (3608.55/sec).
Executions attempted so far: 25000000 total 25000000 finished normally 0 blocked (3594.02/sec).
Executions attempted so far: 25000000 total 25000000 finished normally 0 blocked (3571.43/sec).
Executions attempted so far: 25000000 total 25000000 finished normally 0 blocked (3569.39/sec).
Executions attempted so far: 26000000 total 26000000 finished normally 0 blocked (3707.93/sec).
Executions attempted so far: 25000000 total 25000000 finished normally 0 blocked (3564.81/sec).
Executions attempted so far: 25000000 total 25000000 finished normally 0 blocked (3556.19/sec).
Executions attempted so far: 25000000 total 25000000 finished normally 0 blocked (3553.16/sec).
Executions attempted so far: 25000000 total 25000000 finished normally 0 blocked (3550.63/sec).
Executions attempted so far: 25000000 total 25000000 finished normally 0 blocked (3546.60/sec).
Executions attempted so far: 25000000 total 25000000 finished normally 0 blocked (3540.07/sec).
Executions attempted so far: 25000000 total 25000000 finished normally 0 blocked (3532.07/sec).
Executions attempted so far: 28000000 total 28000000 finished normally 0 blocked (3951.45/sec).
Executions attempted so far: 26000000 total 26000000 finished normally 0 blocked (3623.69/sec).
Executions attempted so far: 25000000 total 25000000 finished normally 0 blocked (3483.35/sec).
Executions attempted so far: 26000000 total 26000000 finished normally 0 blocked (3614.63/sec).
Executions attempted so far: 26000000 total 26000000 finished normally 0 blocked (3608.61/sec).
Executions attempted so far: 26000000 total 26000000 finished normally 0 blocked (3586.70/sec).
Executions attempted so far: 26000000 total 26000000 finished normally 0 blocked (3568.00/sec).
Executions attempted so far: 26000000 total 26000000 finished normally 0 blocked (3567.51/sec).
Executions attempted so far: 27000000 total 27000000 finished normally 0 blocked (3700.15/sec).
Executions attempted so far: 26000000 total 26000000 finished normally 0 blocked (3560.67/sec).
Executions attempted so far: 26000000 total 26000000 finished normally 0 blocked (3550.46/sec).
Executions attempted so far: 26000000 total 26000000 finished normally 0 blocked (3550.46/sec).
Executions attempted so far: 26000000 total 26000000 finished normally 0 blocked (3549.97/sec).
Executions attempted so far: 26000000 total 26000000 finished normally 0 blocked (3544.65/sec).
Executions attempted so far: 29000000 total 29000000 finished normally 0 blocked (3944.50/sec).
Executions attempted so far: 26000000 total 26000000 finished normally 0 blocked (3534.53/sec).
Executions attempted so far: 26000000 total 26000000 finished normally 0 blocked (3531.65/sec).
Executions attempted so far: 27000000 total 27000000 finished normally 0 blocked (3620.76/sec).
Executions attempted so far: 27000000 total 27000000 finished normally 0 blocked (3616.39/sec).
Executions attempted so far: 26000000 total 26000000 finished normally 0 blocked (3479.19/sec).
Executions attempted so far: 27000000 total 27000000 finished normally 0 blocked (3608.66/sec).
Executions attempted so far: 27000000 total 27000000 finished normally 0 blocked (3581.85/sec).
Executions attempted so far: 27000000 total 27000000 finished normally 0 blocked (3570.01/sec).
Executions attempted so far: 27000000 total 27000000 finished normally 0 blocked (3565.30/sec).
Executions attempted so far: 28000000 total 28000000 finished normally 0 blocked (3691.50/sec).
Executions attempted so far: 27000000 total 27000000 finished normally 0 blocked (3556.84/sec).
Executions attempted so far: 27000000 total 27000000 finished normally 0 blocked (3554.03/sec).
Executions attempted so far: 27000000 total 27000000 finished normally 0 blocked (3548.90/sec).
Executions attempted so far: 27000000 total 27000000 finished normally 0 blocked (3545.63/sec).
Executions attempted so far: 30000000 total 30000000 finished normally 0 blocked (3937.52/sec).
Executions attempted so far: 27000000 total 27000000 finished normally 0 blocked (3540.06/sec).
Executions attempted so far: 27000000 total 27000000 finished normally 0 blocked (3530.33/sec).
Executions attempted so far: 27000000 total 27000000 finished normally 0 blocked (3530.33/sec).
Executions attempted so far: 28000000 total 28000000 finished normally 0 blocked (3618.04/sec).
Executions attempted so far: 28000000 total 28000000 finished normally 0 blocked (3614.77/sec).
Executions attempted so far: 27000000 total 27000000 finished normally 0 blocked (3478.93/sec).
Executions attempted so far: 28000000 total 28000000 finished normally 0 blocked (3607.32/sec).
Executions attempted so far: 28000000 total 28000000 finished normally 0 blocked (3573.25/sec).
Executions attempted so far: 28000000 total 28000000 finished normally 0 blocked (3571.88/sec).
Executions attempted so far: 28000000 total 28000000 finished normally 0 blocked (3563.25/sec).
Executions attempted so far: 29000000 total 29000000 finished normally 0 blocked (3684.41/sec).
Executions attempted so far: 28000000 total 28000000 finished normally 0 blocked (3557.36/sec).
Executions attempted so far: 28000000 total 28000000 finished normally 0 blocked (3554.20/sec).
Executions attempted so far: 31000000 total 31000000 finished normally 0 blocked (3931.52/sec).
Executions attempted so far: 28000000 total 28000000 finished normally 0 blocked (3547.90/sec).
Executions attempted so far: 28000000 total 28000000 finished normally 0 blocked (3541.61/sec).
Executions attempted so far: 28000000 total 28000000 finished normally 0 blocked (3538.93/sec).
Executions attempted so far: 28000000 total 28000000 finished normally 0 blocked (3527.78/sec).
Executions attempted so far: 28000000 total 28000000 finished normally 0 blocked (3525.56/sec).
Executions attempted so far: 29000000 total 29000000 finished normally 0 blocked (3616.41/sec).
Executions attempted so far: 29000000 total 29000000 finished normally 0 blocked (3614.16/sec).
Executions attempted so far: 29000000 total 29000000 finished normally 0 blocked (3606.97/sec).
Executions attempted so far: 28000000 total 28000000 finished normally 0 blocked (3478.69/sec).
Executions attempted so far: 29000000 total 29000000 finished normally 0 blocked (3571.43/sec).
Executions attempted so far: 29000000 total 29000000 finished normally 0 blocked (3567.47/sec).
Executions attempted so far: 29000000 total 29000000 finished normally 0 blocked (3563.53/sec).
Executions attempted so far: 29000000 total 29000000 finished normally 0 blocked (3559.59/sec).
Executions attempted so far: 32000000 total 32000000 finished normally 0 blocked (3924.94/sec).
Executions attempted so far: 30000000 total 30000000 finished normally 0 blocked (3679.18/sec).
Executions attempted so far: 29000000 total 29000000 finished normally 0 blocked (3550.01/sec).
Executions attempted so far: 29000000 total 29000000 finished normally 0 blocked (3549.14/sec).
Executions attempted so far: 29000000 total 29000000 finished normally 0 blocked (3540.47/sec).
Executions attempted so far: 29000000 total 29000000 finished normally 0 blocked (3535.72/sec).
Executions attempted so far: 29000000 total 29000000 finished normally 0 blocked (3523.27/sec).
Executions attempted so far: 29000000 total 29000000 finished normally 0 blocked (3522.84/sec).
Executions attempted so far: 30000000 total 30000000 finished normally 0 blocked (3612.72/sec).
Executions attempted so far: 30000000 total 30000000 finished normally 0 blocked (3611.85/sec).
Executions attempted so far: 30000000 total 30000000 finished normally 0 blocked (3604.90/sec).
Executions attempted so far: 29000000 total 29000000 finished normally 0 blocked (3477.22/sec).
Executions attempted so far: 30000000 total 30000000 finished normally 0 blocked (3571.00/sec).
Executions attempted so far: 30000000 total 30000000 finished normally 0 blocked (3565.06/sec).
Executions attempted so far: 33000000 total 33000000 finished normally 0 blocked (3921.10/sec).
Executions attempted so far: 30000000 total 30000000 finished normally 0 blocked (3561.25/sec).
Executions attempted so far: 30000000 total 30000000 finished normally 0 blocked (3561.25/sec).
Executions attempted so far: 31000000 total 31000000 finished normally 0 blocked (3669.94/sec).
Executions attempted so far: 30000000 total 30000000 finished normally 0 blocked (3549.88/sec).
Executions attempted so far: 30000000 total 30000000 finished normally 0 blocked (3546.10/sec).
Executions attempted so far: 30000000 total 30000000 finished normally 0 blocked (3541.49/sec).
Executions attempted so far: 30000000 total 30000000 finished normally 0 blocked (3531.07/sec).
Executions attempted so far: 30000000 total 30000000 finished normally 0 blocked (3521.95/sec).
Executions attempted so far: 30000000 total 30000000 finished normally 0 blocked (3519.89/sec).
Executions attempted so far: 31000000 total 31000000 finished normally 0 blocked (3610.95/sec).
Executions attempted so far: 31000000 total 31000000 finished normally 0 blocked (3610.11/sec).
Executions attempted so far: 31000000 total 31000000 finished normally 0 blocked (3602.14/sec).
Executions attempted so far: 30000000 total 30000000 finished normally 0 blocked (3479.07/sec).
Executions attempted so far: 34000000 total 34000000 finished normally 0 blocked (3917.05/sec).
Executions attempted so far: 31000000 total 31000000 finished normally 0 blocked (3570.61/sec).
Executions attempted so far: 31000000 total 31000000 finished normally 0 blocked (3563.63/sec).
Executions attempted so far: 31000000 total 31000000 finished normally 0 blocked (3561.58/sec).
Executions attempted so far: 31000000 total 31000000 finished normally 0 blocked (3559.13/sec).
Executions attempted so far: 31000000 total 31000000 finished normally 0 blocked (3551.38/sec).
Executions attempted so far: 32000000 total 32000000 finished normally 0 blocked (3662.17/sec).
Executions attempted so far: 31000000 total 31000000 finished normally 0 blocked (3544.48/sec).
Executions attempted so far: 31000000 total 31000000 finished normally 0 blocked (3543.67/sec).
Executions attempted so far: 31000000 total 31000000 finished normally 0 blocked (3527.54/sec).
Executions attempted so far: 31000000 total 31000000 finished normally 0 blocked (3519.53/sec).
Executions attempted so far: 31000000 total 31000000 finished normally 0 blocked (3518.73/sec).
Executions attempted so far: 32000000 total 32000000 finished normally 0 blocked (3608.89/sec).
Executions attempted so far: 32000000 total 32000000 finished normally 0 blocked (3604.82/sec).
Executions attempted so far: 32000000 total 32000000 finished normally 0 blocked (3600.77/sec).
Executions attempted so far: 31000000 total 31000000 finished normally 0 blocked (3480.02/sec).
Executions attempted so far: 35000000 total 35000000 finished normally 0 blocked (3912.36/sec).
Executions attempted so far: 32000000 total 32000000 finished normally 0 blocked (3569.83/sec).
Executions attempted so far: 32000000 total 32000000 finished normally 0 blocked (3564.27/sec).
Executions attempted so far: 32000000 total 32000000 finished normally 0 blocked (3557.93/sec).
Executions attempted so far: 32000000 total 32000000 finished normally 0 blocked (3557.53/sec).
Executions attempted so far: 32000000 total 32000000 finished normally 0 blocked (3550.43/sec).
Executions attempted so far: 33000000 total 33000000 finished normally 0 blocked (3655.70/sec).
Executions attempted so far: 32000000 total 32000000 finished normally 0 blocked (3542.96/sec).
Executions attempted so far: 32000000 total 32000000 finished normally 0 blocked (3541.00/sec).
Executions attempted so far: 32000000 total 32000000 finished normally 0 blocked (3521.90/sec).
Executions attempted so far: 32000000 total 32000000 finished normally 0 blocked (3518.42/sec).
Executions attempted so far: 32000000 total 32000000 finished normally 0 blocked (3517.64/sec).
Executions attempted so far: 33000000 total 33000000 finished normally 0 blocked (3606.95/sec).
Executions attempted so far: 33000000 total 33000000 finished normally 0 blocked (3603.01/sec).
Executions attempted so far: 33000000 total 33000000 finished normally 0 blocked (3597.91/sec).
Executions attempted so far: 32000000 total 32000000 finished normally 0 blocked (3481.67/sec).
Executions attempted so far: 36000000 total 36000000 finished normally 0 blocked (3909.64/sec).
Executions attempted so far: 33000000 total 33000000 finished normally 0 blocked (3568.72/sec).
Executions attempted so far: 33000000 total 33000000 finished normally 0 blocked (3566.80/sec).
Executions attempted so far: 33000000 total 33000000 finished normally 0 blocked (3555.65/sec).
Executions attempted so far: 33000000 total 33000000 finished normally 0 blocked (3550.30/sec).
Executions attempted so far: 33000000 total 33000000 finished normally 0 blocked (3548.77/sec).
Executions attempted so far: 33000000 total 33000000 finished normally 0 blocked (3543.43/sec).
Executions attempted so far: 34000000 total 34000000 finished normally 0 blocked (3648.46/sec).
Executions attempted so far: 33000000 total 33000000 finished normally 0 blocked (3536.22/sec).
Executions attempted so far: 33000000 total 33000000 finished normally 0 blocked (3517.00/sec).
Executions attempted so far: 33000000 total 33000000 finished normally 0 blocked (3516.62/sec).
Executions attempted so far: 33000000 total 33000000 finished normally 0 blocked (3515.50/sec).
Executions attempted so far: 34000000 total 34000000 finished normally 0 blocked (3604.37/sec).
Executions attempted so far: 34000000 total 34000000 finished normally 0 blocked (3599.41/sec).
Executions attempted so far: 34000000 total 34000000 finished normally 0 blocked (3595.60/sec).
Executions attempted so far: 37000000 total 37000000 finished normally 0 blocked (3905.01/sec).
Executions attempted so far: 33000000 total 33000000 finished normally 0 blocked (3480.28/sec).
Executions attempted so far: 34000000 total 34000000 finished normally 0 blocked (3569.18/sec).
Executions attempted so far: 34000000 total 34000000 finished normally 0 blocked (3566.18/sec).
Executions attempted so far: 34000000 total 34000000 finished normally 0 blocked (3553.51/sec).
Executions attempted so far: 34000000 total 34000000 finished normally 0 blocked (3546.84/sec).
Executions attempted so far: 34000000 total 34000000 finished normally 0 blocked (3545.73/sec).
Executions attempted so far: 34000000 total 34000000 finished normally 0 blocked (3544.99/sec).
Executions attempted so far: 35000000 total 35000000 finished normally 0 blocked (3645.45/sec).
Executions attempted so far: 34000000 total 34000000 finished normally 0 blocked (3533.94/sec).
Executions attempted so far: 34000000 total 34000000 finished normally 0 blocked (3514.94/sec).
Executions attempted so far: 34000000 total 34000000 finished normally 0 blocked (3514.58/sec).
Executions attempted so far: 34000000 total 34000000 finished normally 0 blocked (3512.40/sec).
Executions attempted so far: 35000000 total 35000000 finished normally 0 blocked (3602.31/sec).
Executions attempted so far: 35000000 total 35000000 finished normally 0 blocked (3598.60/sec).
Executions attempted so far: 38000000 total 38000000 finished normally 0 blocked (3905.85/sec).
Executions attempted so far: 35000000 total 35000000 finished normally 0 blocked (3593.43/sec).
Executions attempted so far: 34000000 total 34000000 finished normally 0 blocked (3477.55/sec).
Executions attempted so far: 35000000 total 35000000 finished normally 0 blocked (3568.88/sec).
Executions attempted so far: 35000000 total 35000000 finished normally 0 blocked (3564.15/sec).
Executions attempted so far: 35000000 total 35000000 finished normally 0 blocked (3550.78/sec).
Executions attempted so far: 35000000 total 35000000 finished normally 0 blocked (3545.38/sec).
Executions attempted so far: 35000000 total 35000000 finished normally 0 blocked (3543.94/sec).
Executions attempted so far: 36000000 total 36000000 finished normally 0 blocked (3644.09/sec).
Executions attempted so far: 35000000 total 35000000 finished normally 0 blocked (3541.79/sec).
Executions attempted so far: 35000000 total 35000000 finished normally 0 blocked (3531.43/sec).
Executions attempted so far: 35000000 total 35000000 finished normally 0 blocked (3514.06/sec).
Executions attempted so far: 35000000 total 35000000 finished normally 0 blocked (3512.65/sec).
Executions attempted so far: 35000000 total 35000000 finished normally 0 blocked (3507.37/sec).
Executions attempted so far: 39000000 total 39000000 finished normally 0 blocked (3905.86/sec).
Executions attempted so far: 36000000 total 36000000 finished normally 0 blocked (3599.28/sec).
Executions attempted so far: 36000000 total 36000000 finished normally 0 blocked (3598.56/sec).
Executions attempted so far: 36000000 total 36000000 finished normally 0 blocked (3590.66/sec).
Executions attempted so far: 35000000 total 35000000 finished normally 0 blocked (3477.05/sec).
Executions attempted so far: 36000000 total 36000000 finished normally 0 blocked (3565.77/sec).
Executions attempted so far: 36000000 total 36000000 finished normally 0 blocked (3560.48/sec).
Executions attempted so far: 36000000 total 36000000 finished normally 0 blocked (3548.55/sec).
Executions attempted so far: 36000000 total 36000000 finished normally 0 blocked (3544.70/sec).
Executions attempted so far: 37000000 total 37000000 finished normally 0 blocked (3641.37/sec).
Executions attempted so far: 36000000 total 36000000 finished normally 0 blocked (3541.22/sec).
Executions attempted so far: 36000000 total 36000000 finished normally 0 blocked (3536.00/sec).
Executions attempted so far: 36000000 total 36000000 finished normally 0 blocked (3531.84/sec).
Executions attempted so far: 40000000 total 40000000 finished normally 0 blocked (3907.78/sec).
Executions attempted so far: 36000000 total 36000000 finished normally 0 blocked (3510.48/sec).
Executions attempted so far: 36000000 total 36000000 finished normally 0 blocked (3509.46/sec).
Executions attempted so far: 36000000 total 36000000 finished normally 0 blocked (3503.99/sec).
Executions attempted so far: 37000000 total 37000000 finished normally 0 blocked (3601.32/sec).
Executions attempted so far: 37000000 total 37000000 finished normally 0 blocked (3594.33/sec).
Executions attempted so far: 37000000 total 37000000 finished normally 0 blocked (3590.49/sec).
Executions attempted so far: 36000000 total 36000000 finished normally 0 blocked (3475.91/sec).
Executions attempted so far: 37000000 total 37000000 finished normally 0 blocked (3564.89/sec).
Executions attempted so far: 37000000 total 37000000 finished normally 0 blocked (3557.69/sec).
Executions attempted so far: 37000000 total 37000000 finished normally 0 blocked (3551.55/sec).
Executions attempted so far: 37000000 total 37000000 finished normally 0 blocked (3545.08/sec).
Executions attempted so far: 38000000 total 38000000 finished normally 0 blocked (3637.06/sec).
Executions attempted so far: 37000000 total 37000000 finished normally 0 blocked (3538.30/sec).
Executions attempted so far: 37000000 total 37000000 finished normally 0 blocked (3532.22/sec).
Executions attempted so far: 37000000 total 37000000 finished normally 0 blocked (3531.21/sec).
Executions attempted so far: 41000000 total 41000000 finished normally 0 blocked (3908.11/sec).
Executions attempted so far: 37000000 total 37000000 finished normally 0 blocked (3507.77/sec).
Executions attempted so far: 37000000 total 37000000 finished normally 0 blocked (3506.44/sec).
Executions attempted so far: 38000000 total 38000000 finished normally 0 blocked (3600.19/sec).
Executions attempted so far: 37000000 total 37000000 finished normally 0 blocked (3503.12/sec).
Executions attempted so far: 38000000 total 38000000 finished normally 0 blocked (3592.36/sec).
Executions attempted so far: 38000000 total 38000000 finished normally 0 blocked (3587.95/sec).
Executions attempted so far: 37000000 total 37000000 finished normally 0 blocked (3475.48/sec).
Executions attempted so far: 38000000 total 38000000 finished normally 0 blocked (3563.73/sec).
Executions attempted so far: 38000000 total 38000000 finished normally 0 blocked (3555.72/sec).
Executions attempted so far: 38000000 total 38000000 finished normally 0 blocked (3554.06/sec).
Executions attempted so far: 38000000 total 38000000 finished normally 0 blocked (3545.44/sec).
Executions attempted so far: 39000000 total 39000000 finished normally 0 blocked (3635.01/sec).
Executions attempted so far: 42000000 total 42000000 finished normally 0 blocked (3909.16/sec).
Executions attempted so far: 38000000 total 38000000 finished normally 0 blocked (3534.88/sec).
Executions attempted so far: 38000000 total 38000000 finished normally 0 blocked (3530.94/sec).
Executions attempted so far: 38000000 total 38000000 finished normally 0 blocked (3530.61/sec).
Executions attempted so far: 39000000 total 39000000 finished normally 0 blocked (3599.11/sec).
Executions attempted so far: 38000000 total 38000000 finished normally 0 blocked (3506.51/sec).
Executions attempted so far: 38000000 total 38000000 finished normally 0 blocked (3505.86/sec).
Executions attempted so far: 38000000 total 38000000 finished normally 0 blocked (3502.63/sec).
Executions attempted so far: 39000000 total 39000000 finished normally 0 blocked (3589.84/sec).
Executions attempted so far: 39000000 total 39000000 finished normally 0 blocked (3586.54/sec).
Executions attempted so far: 38000000 total 38000000 finished normally 0 blocked (3474.76/sec).
Executions attempted so far: 39000000 total 39000000 finished normally 0 blocked (3560.99/sec).
Executions attempted so far: 39000000 total 39000000 finished normally 0 blocked (3555.80/sec).
Executions attempted so far: 39000000 total 39000000 finished normally 0 blocked (3554.18/sec).
Executions attempted so far: 43000000 total 43000000 finished normally 0 blocked (3910.87/sec).
Executions attempted so far: 39000000 total 39000000 finished normally 0 blocked (3545.45/sec).
Executions attempted so far: 40000000 total 40000000 finished normally 0 blocked (3631.41/sec).
Executions attempted so far: 39000000 total 39000000 finished normally 0 blocked (3531.01/sec).
Executions attempted so far: 39000000 total 39000000 finished normally 0 blocked (3529.73/sec).
Executions attempted so far: 39000000 total 39000000 finished normally 0 blocked (3529.73/sec).
Executions attempted so far: 40000000 total 40000000 finished normally 0 blocked (3599.06/sec).
Executions attempted so far: 39000000 total 39000000 finished normally 0 blocked (3506.56/sec).
Executions attempted so far: 39000000 total 39000000 finished normally 0 blocked (3504.04/sec).
Executions attempted so far: 39000000 total 39000000 finished normally 0 blocked (3501.21/sec).
Executions attempted so far: 40000000 total 40000000 finished normally 0 blocked (3588.09/sec).
Executions attempted so far: 40000000 total 40000000 finished normally 0 blocked (3586.16/sec).
Executions attempted so far: 39000000 total 39000000 finished normally 0 blocked (3475.32/sec).
Executions attempted so far: 40000000 total 40000000 finished normally 0 blocked (3559.04/sec).
Executions attempted so far: 44000000 total 44000000 finished normally 0 blocked (3914.59/sec).
Executions attempted so far: 40000000 total 40000000 finished normally 0 blocked (3557.14/sec).
Executions attempted so far: 40000000 total 40000000 finished normally 0 blocked (3551.77/sec).
Executions attempted so far: 40000000 total 40000000 finished normally 0 blocked (3545.78/sec).
Executions attempted so far: 41000000 total 41000000 finished normally 0 blocked (3627.03/sec).
Executions attempted so far: 40000000 total 40000000 finished normally 0 blocked (3530.76/sec).
Executions attempted so far: 40000000 total 40000000 finished normally 0 blocked (3529.20/sec).
Executions attempted so far: 40000000 total 40000000 finished normally 0 blocked (3527.03/sec).
Executions attempted so far: 41000000 total 41000000 finished normally 0 blocked (3598.07/sec).
Executions attempted so far: 40000000 total 40000000 finished normally 0 blocked (3508.46/sec).
Executions attempted so far: 40000000 total 40000000 finished normally 0 blocked (3503.24/sec).
Executions attempted so far: 41000000 total 41000000 finished normally 0 blocked (3587.37/sec).
Executions attempted so far: 40000000 total 40000000 finished normally 0 blocked (3498.64/sec).
Executions attempted so far: 41000000 total 41000000 finished normally 0 blocked (3583.29/sec).
Executions attempted so far: 45000000 total 45000000 finished normally 0 blocked (3915.09/sec).
Executions attempted so far: 40000000 total 40000000 finished normally 0 blocked (3474.64/sec).
Executions attempted so far: 41000000 total 41000000 finished normally 0 blocked (3559.34/sec).
Executions attempted so far: 41000000 total 41000000 finished normally 0 blocked (3556.87/sec).
Executions attempted so far: 41000000 total 41000000 finished normally 0 blocked (3548.55/sec).
Executions attempted so far: 41000000 total 41000000 finished normally 0 blocked (3544.87/sec).
Executions attempted so far: 42000000 total 42000000 finished normally 0 blocked (3626.00/sec).
Executions attempted so far: 41000000 total 41000000 finished normally 0 blocked (3531.44/sec).
Executions attempted so far: 41000000 total 41000000 finished normally 0 blocked (3528.40/sec).
Executions attempted so far: 41000000 total 41000000 finished normally 0 blocked (3528.10/sec).
Executions attempted so far: 42000000 total 42000000 finished normally 0 blocked (3598.05/sec).
Executions attempted so far: 41000000 total 41000000 finished normally 0 blocked (3510.57/sec).
Executions attempted so far: 42000000 total 42000000 finished normally 0 blocked (3588.52/sec).
Executions attempted so far: 41000000 total 41000000 finished normally 0 blocked (3502.78/sec).
Executions attempted so far: 41000000 total 41000000 finished normally 0 blocked (3498.00/sec).
Executions attempted so far: 42000000 total 42000000 finished normally 0 blocked (3580.56/sec).
Executions attempted so far: 46000000 total 46000000 finished normally 0 blocked (3915.23/sec).
Executions attempted so far: 42000000 total 42000000 finished normally 0 blocked (3559.62/sec).
Executions attempted so far: 41000000 total 41000000 finished normally 0 blocked (3473.69/sec).
Executions attempted so far: 42000000 total 42000000 finished normally 0 blocked (3554.50/sec).
Executions attempted so far: 42000000 total 42000000 finished normally 0 blocked (3544.90/sec).
Executions attempted so far: 42000000 total 42000000 finished normally 0 blocked (3543.11/sec).
Executions attempted so far: 43000000 total 43000000 finished normally 0 blocked (3625.02/sec).
Executions attempted so far: 42000000 total 42000000 finished normally 0 blocked (3530.30/sec).
Executions attempted so far: 42000000 total 42000000 finished normally 0 blocked (3529.41/sec).
Executions attempted so far: 42000000 total 42000000 finished normally 0 blocked (3524.67/sec).
Executions attempted so far: 43000000 total 43000000 finished normally 0 blocked (3595.32/sec).
Executions attempted so far: 42000000 total 42000000 finished normally 0 blocked (3510.24/sec).
Executions attempted so far: 43000000 total 43000000 finished normally 0 blocked (3586.92/sec).
Executions attempted so far: 42000000 total 42000000 finished normally 0 blocked (3500.88/sec).
Executions attempted so far: 42000000 total 42000000 finished normally 0 blocked (3495.34/sec).
Executions attempted so far: 47000000 total 47000000 finished normally 0 blocked (3911.13/sec).
Executions attempted so far: 43000000 total 43000000 finished normally 0 blocked (3577.67/sec).
Executions attempted so far: 43000000 total 43000000 finished normally 0 blocked (3558.42/sec).
Executions attempted so far: 42000000 total 42000000 finished normally 0 blocked (3472.22/sec).
Executions attempted so far: 43000000 total 43000000 finished normally 0 blocked (3550.49/sec).
Executions attempted so far: 44000000 total 44000000 finished normally 0 blocked (3623.19/sec).
Executions attempted so far: 43000000 total 43000000 finished normally 0 blocked (3540.84/sec).
Executions attempted so far: 43000000 total 43000000 finished normally 0 blocked (3538.80/sec).
Executions attempted so far: 43000000 total 43000000 finished normally 0 blocked (3529.80/sec).
Executions attempted so far: 43000000 total 43000000 finished normally 0 blocked (3525.75/sec).
Executions attempted so far: 43000000 total 43000000 finished normally 0 blocked (3522.28/sec).
Executions attempted so far: 44000000 total 44000000 finished normally 0 blocked (3593.30/sec).
Executions attempted so far: 43000000 total 43000000 finished normally 0 blocked (3509.34/sec).
Executions attempted so far: 44000000 total 44000000 finished normally 0 blocked (3584.52/sec).
Executions attempted so far: 48000000 total 48000000 finished normally 0 blocked (3909.11/sec).
Executions attempted so far: 43000000 total 43000000 finished normally 0 blocked (3498.78/sec).
Executions attempted so far: 43000000 total 43000000 finished normally 0 blocked (3493.95/sec).
Executions attempted so far: 44000000 total 44000000 finished normally 0 blocked (3574.33/sec).
Executions attempted so far: 44000000 total 44000000 finished normally 0 blocked (3559.58/sec).
Executions attempted so far: 43000000 total 43000000 finished normally 0 blocked (3472.78/sec).
Executions attempted so far: 44000000 total 44000000 finished normally 0 blocked (3548.10/sec).
Executions attempted so far: 45000000 total 45000000 finished normally 0 blocked (3621.15/sec).
Executions attempted so far: 44000000 total 44000000 finished normally 0 blocked (3537.55/sec).
Executions attempted so far: 44000000 total 44000000 finished normally 0 blocked (3536.12/sec).
Executions attempted so far: 44000000 total 44000000 finished normally 0 blocked (3528.47/sec).
Executions attempted so far: 44000000 total 44000000 finished normally 0 blocked (3525.36/sec).
Executions attempted so far: 44000000 total 44000000 finished normally 0 blocked (3518.87/sec).
Executions attempted so far: 45000000 total 45000000 finished normally 0 blocked (3590.23/sec).
Executions attempted so far: 49000000 total 49000000 finished normally 0 blocked (3907.50/sec).
Executions attempted so far: 44000000 total 44000000 finished normally 0 blocked (3506.26/sec).
Executions attempted so far: 45000000 total 45000000 finished normally 0 blocked (3583.37/sec).
Executions attempted so far: 44000000 total 44000000 finished normally 0 blocked (3495.95/sec).
Executions attempted so far: 45000000 total 45000000 finished normally 0 blocked (3571.43/sec).
Executions attempted so far: 44000000 total 44000000 finished normally 0 blocked (3490.12/sec).
Executions attempted so far: 45000000 total 45000000 finished normally 0 blocked (3559.00/sec).
Executions attempted so far: 44000000 total 44000000 finished normally 0 blocked (3471.95/sec).
Executions attempted so far: 45000000 total 45000000 finished normally 0 blocked (3544.98/sec).
Executions attempted so far: 46000000 total 46000000 finished normally 0 blocked (3619.77/sec).
Executions attempted so far: 45000000 total 45000000 finished normally 0 blocked (3537.18/sec).
Executions attempted so far: 45000000 total 45000000 finished normally 0 blocked (3534.68/sec).
Executions attempted so far: 45000000 total 45000000 finished normally 0 blocked (3526.65/sec).
Executions attempted so far: 45000000 total 45000000 finished normally 0 blocked (3521.95/sec).
Executions attempted so far: 45000000 total 45000000 finished normally 0 blocked (3516.17/sec).
Executions attempted so far: 50000000 total 50000000 finished normally 0 blocked (3905.03/sec).
Executions attempted so far: 46000000 total 46000000 finished normally 0 blocked (3588.42/sec).
Executions attempted so far: 45000000 total 45000000 finished normally 0 blocked (3505.22/sec).
Executions attempted so far: 46000000 total 46000000 finished normally 0 blocked (3580.05/sec).
Executions attempted so far: 45000000 total 45000000 finished normally 0 blocked (3494.87/sec).
Executions attempted so far: 46000000 total 46000000 finished normally 0 blocked (3569.77/sec).
Executions attempted so far: 45000000 total 45000000 finished normally 0 blocked (3489.18/sec).
Executions attempted so far: 46000000 total 46000000 finished normally 0 blocked (3557.89/sec).
Executions attempted so far: 45000000 total 45000000 finished normally 0 blocked (3470.35/sec).
Executions attempted so far: 46000000 total 46000000 finished normally 0 blocked (3540.91/sec).
Executions attempted so far: 47000000 total 47000000 finished normally 0 blocked (3615.38/sec).
Executions attempted so far: 46000000 total 46000000 finished normally 0 blocked (3538.19/sec).
Executions attempted so far: 46000000 total 46000000 finished normally 0 blocked (3530.86/sec).
Executions attempted so far: 46000000 total 46000000 finished normally 0 blocked (3524.36/sec).
Executions attempted so far: 46000000 total 46000000 finished normally 0 blocked (3518.43/sec).
Executions attempted so far: 51000000 total 51000000 finished normally 0 blocked (3900.57/sec).
Executions attempted so far: 46000000 total 46000000 finished normally 0 blocked (3512.25/sec).
Executions attempted so far: 47000000 total 47000000 finished normally 0 blocked (3585.60/sec).
Executions attempted so far: 46000000 total 46000000 finished normally 0 blocked (3503.43/sec).
Executions attempted so far: 47000000 total 47000000 finished normally 0 blocked (3577.14/sec).
Executions attempted so far: 46000000 total 46000000 finished normally 0 blocked (3492.26/sec).
Executions attempted so far: 47000000 total 47000000 finished normally 0 blocked (3566.28/sec).
Executions attempted so far: 46000000 total 46000000 finished normally 0 blocked (3489.34/sec).
Executions attempted so far: 47000000 total 47000000 finished normally 0 blocked (3556.56/sec).
Executions attempted so far: 46000000 total 46000000 finished normally 0 blocked (3469.34/sec).
Executions attempted so far: 47000000 total 47000000 finished normally 0 blocked (3540.22/sec).
Executions attempted so far: 47000000 total 47000000 finished normally 0 blocked (3539.42/sec).
Executions attempted so far: 48000000 total 48000000 finished normally 0 blocked (3612.01/sec).
Executions attempted so far: 47000000 total 47000000 finished normally 0 blocked (3528.53/sec).
Executions attempted so far: 47000000 total 47000000 finished normally 0 blocked (3524.30/sec).
Executions attempted so far: 52000000 total 52000000 finished normally 0 blocked (3897.17/sec).
Executions attempted so far: 47000000 total 47000000 finished normally 0 blocked (3517.17/sec).
Executions attempted so far: 47000000 total 47000000 finished normally 0 blocked (3510.87/sec).
Executions attempted so far: 48000000 total 48000000 finished normally 0 blocked (3585.30/sec).
Executions attempted so far: 47000000 total 47000000 finished normally 0 blocked (3503.54/sec).
Executions attempted so far: 48000000 total 48000000 finished normally 0 blocked (3574.62/sec).
Executions attempted so far: 47000000 total 47000000 finished normally 0 blocked (3491.83/sec).
Executions attempted so far: 48000000 total 48000000 finished normally 0 blocked (3564.00/sec).
Executions attempted so far: 47000000 total 47000000 finished normally 0 blocked (3488.98/sec).
Executions attempted so far: 48000000 total 48000000 finished normally 0 blocked (3557.14/sec).
Executions attempted so far: 47000000 total 47000000 finished normally 0 blocked (3468.89/sec).
Executions attempted so far: 48000000 total 48000000 finished normally 0 blocked (3540.35/sec).
Executions attempted so far: 48000000 total 48000000 finished normally 0 blocked (3540.08/sec).
Executions attempted so far: 49000000 total 49000000 finished normally 0 blocked (3607.72/sec).
Executions attempted so far: 53000000 total 53000000 finished normally 0 blocked (3894.20/sec).
Executions attempted so far: 48000000 total 48000000 finished normally 0 blocked (3526.04/sec).
Executions attempted so far: 48000000 total 48000000 finished normally 0 blocked (3523.19/sec).
Executions attempted so far: 48000000 total 48000000 finished normally 0 blocked (3515.45/sec).
Executions attempted so far: 49000000 total 49000000 finished normally 0 blocked (3583.97/sec).
Executions attempted so far: 48000000 total 48000000 finished normally 0 blocked (3509.03/sec).
Executions attempted so far: 48000000 total 48000000 finished normally 0 blocked (3502.88/sec).
Executions attempted so far: 49000000 total 49000000 finished normally 0 blocked (3573.51/sec).
Executions attempted so far: 48000000 total 48000000 finished normally 0 blocked (3491.67/sec).
Executions attempted so far: 49000000 total 49000000 finished normally 0 blocked (3562.08/sec).
Executions attempted so far: 48000000 total 48000000 finished normally 0 blocked (3487.87/sec).
Executions attempted so far: 49000000 total 49000000 finished normally 0 blocked (3557.17/sec).
Executions attempted so far: 49000000 total 49000000 finished normally 0 blocked (3540.46/sec).
Executions attempted so far: 49000000 total 49000000 finished normally 0 blocked (3540.21/sec).
Executions attempted so far: 48000000 total 48000000 finished normally 0 blocked (3467.46/sec).
Executions attempted so far: 50000000 total 50000000 finished normally 0 blocked (3603.34/sec).
Executions attempted so far: 54000000 total 54000000 finished normally 0 blocked (3890.49/sec).
Executions attempted so far: 49000000 total 49000000 finished normally 0 blocked (3523.91/sec).
Executions attempted so far: 49000000 total 49000000 finished normally 0 blocked (3522.39/sec).
Executions attempted so far: 49000000 total 49000000 finished normally 0 blocked (3513.05/sec).
Executions attempted so far: 50000000 total 50000000 finished normally 0 blocked (3582.43/sec).
Executions attempted so far: 49000000 total 49000000 finished normally 0 blocked (3507.52/sec).
Executions attempted so far: 49000000 total 49000000 finished normally 0 blocked (3501.25/sec).
Executions attempted so far: 50000000 total 50000000 finished normally 0 blocked (3569.64/sec).
Executions attempted so far: 49000000 total 49000000 finished normally 0 blocked (3490.03/sec).
Executions attempted so far: 50000000 total 50000000 finished normally 0 blocked (3559.99/sec).
Executions attempted so far: 49000000 total 49000000 finished normally 0 blocked (3486.55/sec).
Executions attempted so far: 50000000 total 50000000 finished normally 0 blocked (3557.20/sec).
Executions attempted so far: 50000000 total 50000000 finished normally 0 blocked (3540.07/sec).
Executions attempted so far: 50000000 total 50000000 finished normally 0 blocked (3538.57/sec).
Executions attempted so far: 49000000 total 49000000 finished normally 0 blocked (3465.59/sec).
Executions attempted so far: 55000000 total 55000000 finished normally 0 blocked (3887.20/sec).
Executions attempted so far: 51000000 total 51000000 finished normally 0 blocked (3600.17/sec).
Executions attempted so far: 50000000 total 50000000 finished normally 0 blocked (3522.86/sec).
Executions attempted so far: 50000000 total 50000000 finished normally 0 blocked (3520.88/sec).
Executions attempted so far: 50000000 total 50000000 finished normally 0 blocked (3511.24/sec).
Executions attempted so far: 51000000 total 51000000 finished normally 0 blocked (3580.71/sec).
Executions attempted so far: 50000000 total 50000000 finished normally 0 blocked (3507.05/sec).
Executions attempted so far: 50000000 total 50000000 finished normally 0 blocked (3501.40/sec).
Executions attempted so far: 51000000 total 51000000 finished normally 0 blocked (3566.93/sec).
Executions attempted so far: 50000000 total 50000000 finished normally 0 blocked (3492.11/sec).
Executions attempted so far: 51000000 total 51000000 finished normally 0 blocked (3559.22/sec).
Executions attempted so far: 51000000 total 51000000 finished normally 0 blocked (3556.49/sec).
Executions attempted so far: 50000000 total 50000000 finished normally 0 blocked (3486.51/sec).
Executions attempted so far: 51000000 total 51000000 finished normally 0 blocked (3540.19/sec).
Executions attempted so far: 51000000 total 51000000 finished normally 0 blocked (3537.98/sec).
Executions attempted so far: 56000000 total 56000000 finished normally 0 blocked (3884.84/sec).
Executions attempted so far: 50000000 total 50000000 finished normally 0 blocked (3464.76/sec).
Executions attempted so far: 52000000 total 52000000 finished normally 0 blocked (3596.13/sec).
Executions attempted so far: 51000000 total 51000000 finished normally 0 blocked (3521.86/sec).
Executions attempted so far: 51000000 total 51000000 finished normally 0 blocked (3520.15/sec).
Executions attempted so far: 52000000 total 52000000 finished normally 0 blocked (3581.27/sec).
Executions attempted so far: 51000000 total 51000000 finished normally 0 blocked (3507.08/sec).
Executions attempted so far: 51000000 total 51000000 finished normally 0 blocked (3506.60/sec).
Executions attempted so far: 51000000 total 51000000 finished normally 0 blocked (3501.06/sec).
Executions attempted so far: 52000000 total 52000000 finished normally 0 blocked (3569.71/sec).
Executions attempted so far: 51000000 total 51000000 finished normally 0 blocked (3492.43/sec).
Executions attempted so far: 52000000 total 52000000 finished normally 0 blocked (3558.23/sec).
Executions attempted so far: 52000000 total 52000000 finished normally 0 blocked (3555.80/sec).
Executions attempted so far: 51000000 total 51000000 finished normally 0 blocked (3485.03/sec).
Executions attempted so far: 57000000 total 57000000 finished normally 0 blocked (3882.04/sec).
Executions attempted so far: 52000000 total 52000000 finished normally 0 blocked (3540.79/sec).
Executions attempted so far: 52000000 total 52000000 finished normally 0 blocked (3536.69/sec).
Executions attempted so far: 51000000 total 51000000 finished normally 0 blocked (3464.44/sec).
Executions attempted so far: 53000000 total 53000000 finished normally 0 blocked (3593.22/sec).
Executions attempted so far: 52000000 total 52000000 finished normally 0 blocked (3519.94/sec).
Executions attempted so far: 52000000 total 52000000 finished normally 0 blocked (3519.70/sec).
Executions attempted so far: 53000000 total 53000000 finished normally 0 blocked (3580.11/sec).
Executions attempted so far: 53000000 total 53000000 finished normally 0 blocked (3575.52/sec).
Executions attempted so far: 52000000 total 52000000 finished normally 0 blocked (3506.88/sec).
Executions attempted so far: 52000000 total 52000000 finished normally 0 blocked (3504.52/sec).
Executions attempted so far: 52000000 total 52000000 finished normally 0 blocked (3500.50/sec).
Executions attempted so far: 52000000 total 52000000 finished normally 0 blocked (3491.81/sec).
Executions attempted so far: 53000000 total 53000000 finished normally 0 blocked (3557.05/sec).
Executions attempted so far: 53000000 total 53000000 finished normally 0 blocked (3554.42/sec).
Executions attempted so far: 52000000 total 52000000 finished normally 0 blocked (3484.32/sec).
Executions attempted so far: 58000000 total 58000000 finished normally 0 blocked (3879.86/sec).
Executions attempted so far: 53000000 total 53000000 finished normally 0 blocked (3539.23/sec).
Executions attempted so far: 53000000 total 53000000 finished normally 0 blocked (3536.63/sec).
Executions attempted so far: 52000000 total 52000000 finished normally 0 blocked (3463.90/sec).
Executions attempted so far: 54000000 total 54000000 finished normally 0 blocked (3591.38/sec).
Executions attempted so far: 53000000 total 53000000 finished normally 0 blocked (3519.02/sec).
Executions attempted so far: 53000000 total 53000000 finished normally 0 blocked (3517.39/sec).
Executions attempted so far: 54000000 total 54000000 finished normally 0 blocked (3578.77/sec).
Executions attempted so far: 54000000 total 54000000 finished normally 0 blocked (3577.82/sec).
Executions attempted so far: 53000000 total 53000000 finished normally 0 blocked (3506.22/sec).
Executions attempted so far: 53000000 total 53000000 finished normally 0 blocked (3502.97/sec).
Executions attempted so far: 53000000 total 53000000 finished normally 0 blocked (3500.20/sec).
Executions attempted so far: 53000000 total 53000000 finished normally 0 blocked (3492.36/sec).
Executions attempted so far: 54000000 total 54000000 finished normally 0 blocked (3555.20/sec).
Executions attempted so far: 54000000 total 54000000 finished normally 0 blocked (3553.57/sec).
Executions attempted so far: 59000000 total 59000000 finished normally 0 blocked (3878.01/sec).
Executions attempted so far: 53000000 total 53000000 finished normally 0 blocked (3483.63/sec).
Executions attempted so far: 54000000 total 54000000 finished normally 0 blocked (3537.50/sec).
Executions attempted so far: 54000000 total 54000000 finished normally 0 blocked (3535.65/sec).
Executions attempted so far: 53000000 total 53000000 finished normally 0 blocked (3463.15/sec).
Executions attempted so far: 55000000 total 55000000 finished normally 0 blocked (3589.84/sec).
Executions attempted so far: 54000000 total 54000000 finished normally 0 blocked (3517.23/sec).
Executions attempted so far: 54000000 total 54000000 finished normally 0 blocked (3516.77/sec).
Executions attempted so far: 55000000 total 55000000 finished normally 0 blocked (3578.87/sec).
Executions attempted so far: 55000000 total 55000000 finished normally 0 blocked (3577.47/sec).
Executions attempted so far: 54000000 total 54000000 finished normally 0 blocked (3506.72/sec).
Executions attempted so far: 54000000 total 54000000 finished normally 0 blocked (3502.17/sec).
Executions attempted so far: 54000000 total 54000000 finished normally 0 blocked (3500.13/sec).
Executions attempted so far: 54000000 total 54000000 finished normally 0 blocked (3492.21/sec).
Executions attempted so far: 60000000 total 60000000 finished normally 0 blocked (3878.98/sec).
Executions attempted so far: 55000000 total 55000000 finished normally 0 blocked (3554.12/sec).
Executions attempted so far: 55000000 total 55000000 finished normally 0 blocked (3552.51/sec).
Executions attempted so far: 54000000 total 54000000 finished normally 0 blocked (3483.42/sec).
Executions attempted so far: 55000000 total 55000000 finished normally 0 blocked (3536.98/sec).
Executions attempted so far: 55000000 total 55000000 finished normally 0 blocked (3536.75/sec).
Executions attempted so far: 54000000 total 54000000 finished normally 0 blocked (3462.65/sec).
Executions attempted so far: 56000000 total 56000000 finished normally 0 blocked (3588.59/sec).
Executions attempted so far: 55000000 total 55000000 finished normally 0 blocked (3516.85/sec).
Executions attempted so far: 55000000 total 55000000 finished normally 0 blocked (3516.85/sec).
Executions attempted so far: 56000000 total 56000000 finished normally 0 blocked (3580.56/sec).
Executions attempted so far: 56000000 total 56000000 finished normally 0 blocked (3576.45/sec).
Executions attempted so far: 55000000 total 55000000 finished normally 0 blocked (3505.64/sec).
Executions attempted so far: 55000000 total 55000000 finished normally 0 blocked (3501.40/sec).
Executions attempted so far: 55000000 total 55000000 finished normally 0 blocked (3499.84/sec).
Executions attempted so far: 61000000 total 61000000 finished normally 0 blocked (3878.43/sec).
Executions attempted so far: 55000000 total 55000000 finished normally 0 blocked (3492.73/sec).
Executions attempted so far: 56000000 total 56000000 finished normally 0 blocked (3553.75/sec).
Executions attempted so far: 56000000 total 56000000 finished normally 0 blocked (3552.62/sec).
Executions attempted so far: 55000000 total 55000000 finished normally 0 blocked (3482.78/sec).
Executions attempted so far: 56000000 total 56000000 finished normally 0 blocked (3537.59/sec).
Executions attempted so far: 56000000 total 56000000 finished normally 0 blocked (3537.36/sec).
Executions attempted so far: 55000000 total 55000000 finished normally 0 blocked (3462.82/sec).
Executions attempted so far: 57000000 total 57000000 finished normally 0 blocked (3587.16/sec).
Executions attempted so far: 57000000 total 57000000 finished normally 0 blocked (3581.75/sec).
Executions attempted so far: 56000000 total 56000000 finished normally 0 blocked (3517.15/sec).
Executions attempted so far: 56000000 total 56000000 finished normally 0 blocked (3516.04/sec).
Executions attempted so far: 57000000 total 57000000 finished normally 0 blocked (3576.58/sec).
Executions attempted so far: 56000000 total 56000000 finished normally 0 blocked (3504.38/sec).
Executions attempted so far: 62000000 total 62000000 finished normally 0 blocked (3878.15/sec).
Executions attempted so far: 56000000 total 56000000 finished normally 0 blocked (3498.25/sec).
Executions attempted so far: 56000000 total 56000000 finished normally 0 blocked (3497.38/sec).
Executions attempted so far: 56000000 total 56000000 finished normally 0 blocked (3494.32/sec).
Executions attempted so far: 57000000 total 57000000 finished normally 0 blocked (3553.84/sec).
Executions attempted so far: 57000000 total 57000000 finished normally 0 blocked (3552.07/sec).
Executions attempted so far: 56000000 total 56000000 finished normally 0 blocked (3481.94/sec).
Executions attempted so far: 57000000 total 57000000 finished normally 0 blocked (3537.52/sec).
Executions attempted so far: 57000000 total 57000000 finished normally 0 blocked (3537.30/sec).
Executions attempted so far: 56000000 total 56000000 finished normally 0 blocked (3462.78/sec).
Executions attempted so far: 58000000 total 58000000 finished normally 0 blocked (3586.00/sec).
Executions attempted so far: 58000000 total 58000000 finished normally 0 blocked (3583.34/sec).
Executions attempted so far: 57000000 total 57000000 finished normally 0 blocked (3517.22/sec).
Executions attempted so far: 57000000 total 57000000 finished normally 0 blocked (3515.91/sec).
Executions attempted so far: 58000000 total 58000000 finished normally 0 blocked (3576.71/sec).
Executions attempted so far: 63000000 total 63000000 finished normally 0 blocked (3878.83/sec).
Executions attempted so far: 57000000 total 57000000 finished normally 0 blocked (3503.60/sec).
Executions attempted so far: 57000000 total 57000000 finished normally 0 blocked (3497.15/sec).
Executions attempted so far: 57000000 total 57000000 finished normally 0 blocked (3496.50/sec).
Executions attempted so far: 57000000 total 57000000 finished normally 0 blocked (3494.79/sec).
Executions attempted so far: 58000000 total 58000000 finished normally 0 blocked (3553.70/sec).
Executions attempted so far: 58000000 total 58000000 finished normally 0 blocked (3550.22/sec).
Executions attempted so far: 57000000 total 57000000 finished normally 0 blocked (3481.98/sec).
Executions attempted so far: 58000000 total 58000000 finished normally 0 blocked (3537.23/sec).
Executions attempted so far: 58000000 total 58000000 finished normally 0 blocked (3536.37/sec).
Executions attempted so far: 59000000 total 59000000 finished normally 0 blocked (3584.66/sec).
Executions attempted so far: 57000000 total 57000000 finished normally 0 blocked (3462.73/sec).
Executions attempted so far: 59000000 total 59000000 finished normally 0 blocked (3583.58/sec).
Executions attempted so far: 59000000 total 59000000 finished normally 0 blocked (3578.36/sec).
Executions attempted so far: 58000000 total 58000000 finished normally 0 blocked (3516.43/sec).
Executions attempted so far: 58000000 total 58000000 finished normally 0 blocked (3516.22/sec).
Executions attempted so far: 64000000 total 64000000 finished normally 0 blocked (3877.85/sec).
Executions attempted so far: 58000000 total 58000000 finished normally 0 blocked (3503.68/sec).
Executions attempted so far: 58000000 total 58000000 finished normally 0 blocked (3495.66/sec).
Executions attempted so far: 58000000 total 58000000 finished normally 0 blocked (3495.24/sec).
Executions attempted so far: 58000000 total 58000000 finished normally 0 blocked (3495.03/sec).
Executions attempted so far: 59000000 total 59000000 finished normally 0 blocked (3552.72/sec).
Executions attempted so far: 59000000 total 59000000 finished normally 0 blocked (3550.58/sec).
Executions attempted so far: 58000000 total 58000000 finished normally 0 blocked (3480.77/sec).
Executions attempted so far: 59000000 total 59000000 finished normally 0 blocked (3538.23/sec).
Executions attempted so far: 59000000 total 59000000 finished normally 0 blocked (3535.90/sec).
Executions attempted so far: 60000000 total 60000000 finished normally 0 blocked (3582.95/sec).
Executions attempted so far: 58000000 total 58000000 finished normally 0 blocked (3461.86/sec).
Executions attempted so far: 60000000 total 60000000 finished normally 0 blocked (3581.23/sec).
Executions attempted so far: 65000000 total 65000000 finished normally 0 blocked (3877.82/sec).
Executions attempted so far: 60000000 total 60000000 finished normally 0 blocked (3578.03/sec).
Executions attempted so far: 59000000 total 59000000 finished normally 0 blocked (3515.46/sec).
Executions attempted so far: 59000000 total 59000000 finished normally 0 blocked (3513.16/sec).
Executions attempted so far: 59000000 total 59000000 finished normally 0 blocked (3502.11/sec).
Executions attempted so far: 59000000 total 59000000 finished normally 0 blocked (3495.26/sec).
Executions attempted so far: 59000000 total 59000000 finished normally 0 blocked (3494.23/sec).
Executions attempted so far: 60000000 total 60000000 finished normally 0 blocked (3551.98/sec).
Executions attempted so far: 59000000 total 59000000 finished normally 0 blocked (3491.95/sec).
Executions attempted so far: 60000000 total 60000000 finished normally 0 blocked (3549.46/sec).
Executions attempted so far: 60000000 total 60000000 finished normally 0 blocked (3543.80/sec).
Executions attempted so far: 59000000 total 59000000 finished normally 0 blocked (3480.00/sec).
Executions attempted so far: 60000000 total 60000000 finished normally 0 blocked (3534.40/sec).
Executions attempted so far: 66000000 total 66000000 finished normally 0 blocked (3877.79/sec).
Executions attempted so far: 61000000 total 61000000 finished normally 0 blocked (3580.02/sec).
Executions attempted so far: 61000000 total 61000000 finished normally 0 blocked (3579.81/sec).
Executions attempted so far: 59000000 total 59000000 finished normally 0 blocked (3461.43/sec).
Executions attempted so far: 61000000 total 61000000 finished normally 0 blocked (3578.55/sec).
Executions attempted so far: 60000000 total 60000000 finished normally 0 blocked (3514.94/sec).
Executions attempted so far: 60000000 total 60000000 finished normally 0 blocked (3511.65/sec).
Executions attempted so far: 60000000 total 60000000 finished normally 0 blocked (3501.81/sec).
Executions attempted so far: 60000000 total 60000000 finished normally 0 blocked (3496.71/sec).
Executions attempted so far: 60000000 total 60000000 finished normally 0 blocked (3493.86/sec).
Executions attempted so far: 61000000 total 61000000 finished normally 0 blocked (3551.47/sec).
Executions attempted so far: 61000000 total 61000000 finished normally 0 blocked (3550.85/sec).
Executions attempted so far: 60000000 total 60000000 finished normally 0 blocked (3491.01/sec).
Executions attempted so far: 61000000 total 61000000 finished normally 0 blocked (3548.78/sec).
Executions attempted so far: 60000000 total 60000000 finished normally 0 blocked (3479.87/sec).
Executions attempted so far: 61000000 total 61000000 finished normally 0 blocked (3534.80/sec).
Executions attempted so far: 67000000 total 67000000 finished normally 0 blocked (3870.15/sec).
Executions attempted so far: 62000000 total 62000000 finished normally 0 blocked (3580.09/sec).
Executions attempted so far: 62000000 total 62000000 finished normally 0 blocked (3578.85/sec).
Executions attempted so far: 60000000 total 60000000 finished normally 0 blocked (3461.80/sec).
Executions attempted so far: 62000000 total 62000000 finished normally 0 blocked (3577.20/sec).
Executions attempted so far: 61000000 total 61000000 finished normally 0 blocked (3514.84/sec).
Executions attempted so far: 61000000 total 61000000 finished normally 0 blocked (3510.39/sec).
Executions attempted so far: 61000000 total 61000000 finished normally 0 blocked (3501.92/sec).
Executions attempted so far: 61000000 total 61000000 finished normally 0 blocked (3498.31/sec).
Executions attempted so far: 62000000 total 62000000 finished normally 0 blocked (3552.19/sec).
Executions attempted so far: 62000000 total 62000000 finished normally 0 blocked (3551.38/sec).
Executions attempted so far: 62000000 total 62000000 finished normally 0 blocked (3551.38/sec).
Executions attempted so far: 61000000 total 61000000 finished normally 0 blocked (3493.90/sec).
Executions attempted so far: 61000000 total 61000000 finished normally 0 blocked (3489.70/sec).
Executions attempted so far: 62000000 total 62000000 finished normally 0 blocked (3535.18/sec).
Executions attempted so far: 61000000 total 61000000 finished normally 0 blocked (3478.16/sec).
Executions attempted so far: 63000000 total 63000000 finished normally 0 blocked (3580.56/sec).
Executions attempted so far: 68000000 total 68000000 finished normally 0 blocked (3862.32/sec).
Executions attempted so far: 63000000 total 63000000 finished normally 0 blocked (3578.12/sec).
Executions attempted so far: 63000000 total 63000000 finished normally 0 blocked (3575.48/sec).
Executions attempted so far: 61000000 total 61000000 finished normally 0 blocked (3461.98/sec).
Executions attempted so far: 62000000 total 62000000 finished normally 0 blocked (3515.34/sec).
Executions attempted so far: 62000000 total 62000000 finished normally 0 blocked (3510.36/sec).
Executions attempted so far: 62000000 total 62000000 finished normally 0 blocked (3501.04/sec).
Executions attempted so far: 62000000 total 62000000 finished normally 0 blocked (3499.27/sec).
Executions attempted so far: 63000000 total 63000000 finished normally 0 blocked (3553.70/sec).
Executions attempted so far: 63000000 total 63000000 finished normally 0 blocked (3551.50/sec).
Executions attempted so far: 63000000 total 63000000 finished normally 0 blocked (3551.30/sec).
Executions attempted so far: 62000000 total 62000000 finished normally 0 blocked (3493.15/sec).
Executions attempted so far: 62000000 total 62000000 finished normally 0 blocked (3486.67/sec).
Executions attempted so far: 63000000 total 63000000 finished normally 0 blocked (3535.75/sec).
Executions attempted so far: 62000000 total 62000000 finished normally 0 blocked (3475.34/sec).
Executions attempted so far: 64000000 total 64000000 finished normally 0 blocked (3581.02/sec).
Executions attempted so far: 64000000 total 64000000 finished normally 0 blocked (3580.02/sec).
Executions attempted so far: 63000000 total 63000000 finished normally 0 blocked (3519.95/sec).
Executions attempted so far: 69000000 total 69000000 finished normally 0 blocked (3855.18/sec).
Executions attempted so far: 62000000 total 62000000 finished normally 0 blocked (3460.21/sec).
Executions attempted so far: 64000000 total 64000000 finished normally 0 blocked (3571.03/sec).
Executions attempted so far: 63000000 total 63000000 finished normally 0 blocked (3508.19/sec).
=== END cc2_t_n4b2_A rc=124 elapsed=18000.012946081

=== RUN pc2_t_n6_w10 cap=18000s CMD: /home/sahar/Desktop/MPI/TraceForge/target/release/examples/three_pc_timed --mode timed --participants 6 --u 20 --w-ratio 10 --l-ratio 0.0 --sd-ratio 0.25
timed      N=6 R=1  L=0 U=20 W=200 (W/U=10) sd=5  execs=37742085 blocked=0      commit=33177600 abort=1269765 time=7627.160392677s
=== END pc2_t_n6_w10 rc=0 elapsed=7627.168822460

=== RUN pc2_base_n6_r1 cap=18000s CMD: /home/sahar/Desktop/MPI/TraceForge/target/release/examples/three_pc_timed --mode baseline --participants 6 --u 20 --w-ratio 10
baseline   N=6 R=1  L=0 U=20 W=200 (W/U=10) sd=0  execs=91808848 blocked=0      commit=33177600 abort=16974928 time=12920.022386678s
=== END pc2_base_n6_r1 rc=0 elapsed=12920.030485799

=== RUN ccx2_base_n4b2 cap=18000s CMD: /home/sahar/Desktop/MPI/TraceForge/target/release/examples/comm_closed_leader_election_inbox --mode baseline --nodes 4 --ballots 2 --w 100 --u 20
=== END ccx2_base_n4b2 rc=124 elapsed=18000.024396522

=== RUN ccx2_base_n5b1 cap=18000s CMD: /home/sahar/Desktop/MPI/TraceForge/target/release/examples/comm_closed_leader_election_inbox --mode baseline --nodes 5 --ballots 1 --w 100 --u 20
baseline   nodes=5 ballots=1 w=100 (untimed)  execs=278558488 blocked=0 elected=49755220 time=7418.224481612s
=== END ccx2_base_n5b1 rc=0 elapsed=7418.245774679

=== RUN cc2_t_n5b1_A cap=18000s CMD: /home/sahar/Desktop/MPI/TraceForge/target/release/examples/comm_closed_leader_election --mode timed --nodes 5 --ballots 1 --u 20 --w 200 --l 18 --sd 2
Executions attempted so far: 1 total 1 finished normally 0 blocked.
Executions attempted so far: 2 total 2 finished normally 0 blocked.
Executions attempted so far: 3 total 3 finished normally 0 blocked.
Executions attempted so far: 4 total 4 finished normally 0 blocked.
Executions attempted so far: 5 total 5 finished normally 0 blocked.
Executions attempted so far: 6 total 6 finished normally 0 blocked.
Executions attempted so far: 7 total 7 finished normally 0 blocked.
Executions attempted so far: 8 total 8 finished normally 0 blocked.
Executions attempted so far: 9 total 9 finished normally 0 blocked.
Executions attempted so far: 10 total 10 finished normally 0 blocked.
Executions attempted so far: 20 total 20 finished normally 0 blocked.
Executions attempted so far: 30 total 30 finished normally 0 blocked.
Executions attempted so far: 40 total 40 finished normally 0 blocked.
Executions attempted so far: 1 total 1 finished normally 0 blocked.
Executions attempted so far: 2 total 2 finished normally 0 blocked.
Executions attempted so far: 1 total 1 finished normally 0 blocked.
Executions attempted so far: 3 total 3 finished normally 0 blocked.
Executions attempted so far: 4 total 4 finished normally 0 blocked.
Executions attempted so far: 2 total 2 finished normally 0 blocked.
Executions attempted so far: 5 total 5 finished normally 0 blocked.
Executions attempted so far: 3 total 3 finished normally 0 blocked.
Executions attempted so far: 6 total 6 finished normally 0 blocked.
Executions attempted so far: 4 total 4 finished normally 0 blocked.
Executions attempted so far: 7 total 7 finished normally 0 blocked.
Executions attempted so far: 5 total 5 finished normally 0 blocked.
Executions attempted so far: 1 total 1 finished normally 0 blocked.
Executions attempted so far: 8 total 8 finished normally 0 blocked.
Executions attempted so far: 6 total 6 finished normally 0 blocked.
Executions attempted so far: 9 total 9 finished normally 0 blocked.
Executions attempted so far: 7 total 7 finished normally 0 blocked.
Executions attempted so far: 10 total 10 finished normally 0 blocked.
Executions attempted so far: 8 total 8 finished normally 0 blocked.
Executions attempted so far: 2 total 2 finished normally 0 blocked.
Executions attempted so far: 1 total 1 finished normally 0 blocked.
Executions attempted so far: 9 total 9 finished normally 0 blocked.
Executions attempted so far: 10 total 10 finished normally 0 blocked.
Executions attempted so far: 3 total 3 finished normally 0 blocked.
Executions attempted so far: 2 total 2 finished normally 0 blocked.
Executions attempted so far: 4 total 4 finished normally 0 blocked.
Executions attempted so far: 3 total 3 finished normally 0 blocked.
Executions attempted so far: 50 total 50 finished normally 0 blocked.
Executions attempted so far: 5 total 5 finished normally 0 blocked.
Executions attempted so far: 4 total 4 finished normally 0 blocked.
Executions attempted so far: 6 total 6 finished normally 0 blocked.
Executions attempted so far: 20 total 20 finished normally 0 blocked.
Executions attempted so far: 5 total 5 finished normally 0 blocked.
Executions attempted so far: 7 total 7 finished normally 0 blocked.
Executions attempted so far: 6 total 6 finished normally 0 blocked.
Executions attempted so far: 8 total 8 finished normally 0 blocked.
Executions attempted so far: 20 total 20 finished normally 0 blocked.
Executions attempted so far: 7 total 7 finished normally 0 blocked.
Executions attempted so far: 9 total 9 finished normally 0 blocked.
Executions attempted so far: 60 total 60 finished normally 0 blocked.
Executions attempted so far: 8 total 8 finished normally 0 blocked.
Executions attempted so far: 10 total 10 finished normally 0 blocked.
Executions attempted so far: 9 total 9 finished normally 0 blocked.
Executions attempted so far: 30 total 30 finished normally 0 blocked.
Executions attempted so far: 10 total 10 finished normally 0 blocked.
Executions attempted so far: 30 total 30 finished normally 0 blocked.
Executions attempted so far: 1 total 1 finished normally 0 blocked.
Executions attempted so far: 2 total 2 finished normally 0 blocked.
Executions attempted so far: 40 total 40 finished normally 0 blocked.
Executions attempted so far: 1 total 1 finished normally 0 blocked.
Executions attempted so far: 70 total 70 finished normally 0 blocked.
Executions attempted so far: 1 total 1 finished normally 0 blocked.
Executions attempted so far: 3 total 3 finished normally 0 blocked.
Executions attempted so far: 20 total 20 finished normally 0 blocked.
Executions attempted so far: 2 total 2 finished normally 0 blocked.
Executions attempted so far: 2 total 2 finished normally 0 blocked.
Executions attempted so far: 40 total 40 finished normally 0 blocked.
Executions attempted so far: 4 total 4 finished normally 0 blocked.
Executions attempted so far: 3 total 3 finished normally 0 blocked.
Executions attempted so far: 4 total 4 finished normally 0 blocked.
Executions attempted so far: 3 total 3 finished normally 0 blocked.
Executions attempted so far: 5 total 5 finished normally 0 blocked.
Executions attempted so far: 5 total 5 finished normally 0 blocked.
Executions attempted so far: 6 total 6 finished normally 0 blocked.
Executions attempted so far: 4 total 4 finished normally 0 blocked.
Executions attempted so far: 20 total 20 finished normally 0 blocked.
Executions attempted so far: 6 total 6 finished normally 0 blocked.
Executions attempted so far: 7 total 7 finished normally 0 blocked.
Executions attempted so far: 8 total 8 finished normally 0 blocked.
Executions attempted so far: 5 total 5 finished normally 0 blocked.
Executions attempted so far: 7 total 7 finished normally 0 blocked.
Executions attempted so far: 9 total 9 finished normally 0 blocked.
Executions attempted so far: 10 total 10 finished normally 0 blocked.
Executions attempted so far: 80 total 80 finished normally 0 blocked.
Executions attempted so far: 6 total 6 finished normally 0 blocked.
Executions attempted so far: 8 total 8 finished normally 0 blocked.
Executions attempted so far: 1 total 1 finished normally 0 blocked.
Executions attempted so far: 7 total 7 finished normally 0 blocked.
Executions attempted so far: 9 total 9 finished normally 0 blocked.
Executions attempted so far: 2 total 2 finished normally 0 blocked.
Executions attempted so far: 8 total 8 finished normally 0 blocked.
Executions attempted so far: 10 total 10 finished normally 0 blocked.
Executions attempted so far: 3 total 3 finished normally 0 blocked.
Executions attempted so far: 9 total 9 finished normally 0 blocked.
Executions attempted so far: 4 total 4 finished normally 0 blocked.
Executions attempted so far: 5 total 5 finished normally 0 blocked.
Executions attempted so far: 10 total 10 finished normally 0 blocked.
Executions attempted so far: 6 total 6 finished normally 0 blocked.
Executions attempted so far: 20 total 20 finished normally 0 blocked.
Executions attempted so far: 50 total 50 finished normally 0 blocked.
Executions attempted so far: 90 total 90 finished normally 0 blocked.
Executions attempted so far: 30 total 30 finished normally 0 blocked.
Executions attempted so far: 7 total 7 finished normally 0 blocked.
Executions attempted so far: 8 total 8 finished normally 0 blocked.
Executions attempted so far: 9 total 9 finished normally 0 blocked.
Executions attempted so far: 10 total 10 finished normally 0 blocked.
Executions attempted so far: 30 total 30 finished normally 0 blocked.
Executions attempted so far: 50 total 50 finished normally 0 blocked.
Executions attempted so far: 1 total 1 finished normally 0 blocked.
Executions attempted so far: 1 total 1 finished normally 0 blocked.
Executions attempted so far: 20 total 20 finished normally 0 blocked.
Executions attempted so far: 2 total 2 finished normally 0 blocked.
Executions attempted so far: 20 total 20 finished normally 0 blocked.
Executions attempted so far: 1 total 1 finished normally 0 blocked.
Executions attempted so far: 2 total 2 finished normally 0 blocked.
Executions attempted so far: 20 total 20 finished normally 0 blocked.
Executions attempted so far: 1 total 1 finished normally 0 blocked.
Executions attempted so far: 3 total 3 finished normally 0 blocked.
Executions attempted so far: 2 total 2 finished normally 0 blocked.
Executions attempted so far: 3 total 3 finished normally 0 blocked.
Executions attempted so far: 60 total 60 finished normally 0 blocked.
Executions attempted so far: 2 total 2 finished normally 0 blocked.
Executions attempted so far: 40 total 40 finished normally 0 blocked.
Executions attempted so far: 4 total 4 finished normally 0 blocked.
Executions attempted so far: 3 total 3 finished normally 0 blocked.
Executions attempted so far: 4 total 4 finished normally 0 blocked.
Executions attempted so far: 1 total 1 finished normally 0 blocked.
Executions attempted so far: 5 total 5 finished normally 0 blocked.
Executions attempted so far: 3 total 3 finished normally 0 blocked.
Executions attempted so far: 4 total 4 finished normally 0 blocked.
Executions attempted so far: 5 total 5 finished normally 0 blocked.
Executions attempted so far: 6 total 6 finished normally 0 blocked.
Executions attempted so far: 2 total 2 finished normally 0 blocked.
Executions attempted so far: 4 total 4 finished normally 0 blocked.
Executions attempted so far: 6 total 6 finished normally 0 blocked.
Executions attempted so far: 30 total 30 finished normally 0 blocked.
Executions attempted so far: 5 total 5 finished normally 0 blocked.
Executions attempted so far: 7 total 7 finished normally 0 blocked.
Executions attempted so far: 7 total 7 finished normally 0 blocked.
Executions attempted so far: 3 total 3 finished normally 0 blocked.
Executions attempted so far: 6 total 6 finished normally 0 blocked.
Executions attempted so far: 5 total 5 finished normally 0 blocked.
Executions attempted so far: 8 total 8 finished normally 0 blocked.
Executions attempted so far: 60 total 60 finished normally 0 blocked.
Executions attempted so far: 40 total 40 finished normally 0 blocked.
Executions attempted so far: 8 total 8 finished normally 0 blocked.
Executions attempted so far: 7 total 7 finished normally 0 blocked.
Executions attempted so far: 6 total 6 finished normally 0 blocked.
Executions attempted so far: 9 total 9 finished normally 0 blocked.
Executions attempted so far: 9 total 9 finished normally 0 blocked.
Executions attempted so far: 4 total 4 finished normally 0 blocked.
Executions attempted so far: 7 total 7 finished normally 0 blocked.
Executions attempted so far: 8 total 8 finished normally 0 blocked.
Executions attempted so far: 100 total 100 finished normally 0 blocked.
Executions attempted so far: 10 total 10 finished normally 0 blocked.
Executions attempted so far: 10 total 10 finished normally 0 blocked.
Executions attempted so far: 9 total 9 finished normally 0 blocked.
Executions attempted so far: 8 total 8 finished normally 0 blocked.
Executions attempted so far: 5 total 5 finished normally 0 blocked.
Executions attempted so far: 1 total 1 finished normally 0 blocked.
Executions attempted so far: 10 total 10 finished normally 0 blocked.
Executions attempted so far: 30 total 30 finished normally 0 blocked.
Executions attempted so far: 6 total 6 finished normally 0 blocked.
Executions attempted so far: 9 total 9 finished normally 0 blocked.
Executions attempted so far: 7 total 7 finished normally 0 blocked.
Executions attempted so far: 2 total 2 finished normally 0 blocked.
Executions attempted so far: 10 total 10 finished normally 0 blocked.
Executions attempted so far: 1 total 1 finished normally 0 blocked.
Executions attempted so far: 70 total 70 finished normally 0 blocked.
Executions attempted so far: 8 total 8 finished normally 0 blocked.
Executions attempted so far: 3 total 3 finished normally 0 blocked.
Executions attempted so far: 2 total 2 finished normally 0 blocked.
Executions attempted so far: 9 total 9 finished normally 0 blocked.
Executions attempted so far: 4 total 4 finished normally 0 blocked.
Executions attempted so far: 3 total 3 finished normally 0 blocked.
Executions attempted so far: 10 total 10 finished normally 0 blocked.
Executions attempted so far: 5 total 5 finished normally 0 blocked.
Executions attempted so far: 40 total 40 finished normally 0 blocked.
Executions attempted so far: 4 total 4 finished normally 0 blocked.
Executions attempted so far: 6 total 6 finished normally 0 blocked.
Executions attempted so far: 5 total 5 finished normally 0 blocked.
Executions attempted so far: 30 total 30 finished normally 0 blocked.
Executions attempted so far: 7 total 7 finished normally 0 blocked.
Executions attempted so far: 70 total 70 finished normally 0 blocked.
Executions attempted so far: 50 total 50 finished normally 0 blocked.
Executions attempted so far: 6 total 6 finished normally 0 blocked.
Executions attempted so far: 8 total 8 finished normally 0 blocked.
Executions attempted so far: 50 total 50 finished normally 0 blocked.
Executions attempted so far: 20 total 20 finished normally 0 blocked.
Executions attempted so far: 7 total 7 finished normally 0 blocked.
Executions attempted so far: 9 total 9 finished normally 0 blocked.
Executions attempted so far: 20 total 20 finished normally 0 blocked.
Executions attempted so far: 8 total 8 finished normally 0 blocked.
Executions attempted so far: 20 total 20 finished normally 0 blocked.
Executions attempted so far: 10 total 10 finished normally 0 blocked.
Executions attempted so far: 9 total 9 finished normally 0 blocked.
Executions attempted so far: 40 total 40 finished normally 0 blocked.
Executions attempted so far: 10 total 10 finished normally 0 blocked.
Executions attempted so far: 20 total 20 finished normally 0 blocked.
Executions attempted so far: 80 total 80 finished normally 0 blocked.
Executions attempted so far: 20 total 20 finished normally 0 blocked.
Executions attempted so far: 50 total 50 finished normally 0 blocked.
Executions attempted so far: 30 total 30 finished normally 0 blocked.
Executions attempted so far: 80 total 80 finished normally 0 blocked.
Executions attempted so far: 60 total 60 finished normally 0 blocked.
Executions attempted so far: 20 total 20 finished normally 0 blocked.
Executions attempted so far: 50 total 50 finished normally 0 blocked.
Executions attempted so far: 30 total 30 finished normally 0 blocked.
Executions attempted so far: 20 total 20 finished normally 0 blocked.
Executions attempted so far: 30 total 30 finished normally 0 blocked.
Executions attempted so far: 90 total 90 finished normally 0 blocked.
Executions attempted so far: 30 total 30 finished normally 0 blocked.
Executions attempted so far: 30 total 30 finished normally 0 blocked.
Executions attempted so far: 40 total 40 finished normally 0 blocked.
Executions attempted so far: 60 total 60 finished normally 0 blocked.
Executions attempted so far: 60 total 60 finished normally 0 blocked.
Executions attempted so far: 70 total 70 finished normally 0 blocked.
Executions attempted so far: 90 total 90 finished normally 0 blocked.
Executions attempted so far: 30 total 30 finished normally 0 blocked.
Executions attempted so far: 30 total 30 finished normally 0 blocked.
Executions attempted so far: 40 total 40 finished normally 0 blocked.
Executions attempted so far: 30 total 30 finished normally 0 blocked.
Executions attempted so far: 40 total 40 finished normally 0 blocked.
Executions attempted so far: 100 total 100 finished normally 0 blocked.
Executions attempted so far: 40 total 40 finished normally 0 blocked.
Executions attempted so far: 60 total 60 finished normally 0 blocked.
Executions attempted so far: 40 total 40 finished normally 0 blocked.
Executions attempted so far: 70 total 70 finished normally 0 blocked.
Executions attempted so far: 70 total 70 finished normally 0 blocked.
Executions attempted so far: 40 total 40 finished normally 0 blocked.
Executions attempted so far: 80 total 80 finished normally 0 blocked.
Executions attempted so far: 100 total 100 finished normally 0 blocked.
Executions attempted so far: 40 total 40 finished normally 0 blocked.
Executions attempted so far: 50 total 50 finished normally 0 blocked.
Executions attempted so far: 40 total 40 finished normally 0 blocked.
Executions attempted so far: 50 total 50 finished normally 0 blocked.
Executions attempted so far: 50 total 50 finished normally 0 blocked.
Executions attempted so far: 50 total 50 finished normally 0 blocked.
Executions attempted so far: 40 total 40 finished normally 0 blocked.
Executions attempted so far: 80 total 80 finished normally 0 blocked.
Executions attempted so far: 80 total 80 finished normally 0 blocked.
Executions attempted so far: 90 total 90 finished normally 0 blocked.
Executions attempted so far: 50 total 50 finished normally 0 blocked.
Executions attempted so far: 50 total 50 finished normally 0 blocked.
Executions attempted so far: 50 total 50 finished normally 0 blocked.
Executions attempted so far: 60 total 60 finished normally 0 blocked.
Executions attempted so far: 60 total 60 finished normally 0 blocked.
Executions attempted so far: 60 total 60 finished normally 0 blocked.
Executions attempted so far: 70 total 70 finished normally 0 blocked.
Executions attempted so far: 50 total 50 finished normally 0 blocked.
Executions attempted so far: 90 total 90 finished normally 0 blocked.
Executions attempted so far: 50 total 50 finished normally 0 blocked.
Executions attempted so far: 90 total 90 finished normally 0 blocked.
Executions attempted so far: 100 total 100 finished normally 0 blocked.
Executions attempted so far: 60 total 60 finished normally 0 blocked.
Executions attempted so far: 70 total 70 finished normally 0 blocked.
Executions attempted so far: 70 total 70 finished normally 0 blocked.
Executions attempted so far: 70 total 70 finished normally 0 blocked.
Executions attempted so far: 60 total 60 finished normally 0 blocked.
Executions attempted so far: 60 total 60 finished normally 0 blocked.
Executions attempted so far: 100 total 100 finished normally 0 blocked.
Executions attempted so far: 60 total 60 finished normally 0 blocked.
Executions attempted so far: 60 total 60 finished normally 0 blocked.
Executions attempted so far: 70 total 70 finished normally 0 blocked.
Executions attempted so far: 80 total 80 finished normally 0 blocked.
Executions attempted so far: 100 total 100 finished normally 0 blocked.
Executions attempted so far: 80 total 80 finished normally 0 blocked.
Executions attempted so far: 80 total 80 finished normally 0 blocked.
Executions attempted so far: 70 total 70 finished normally 0 blocked.
Executions attempted so far: 80 total 80 finished normally 0 blocked.
Executions attempted so far: 70 total 70 finished normally 0 blocked.
Executions attempted so far: 60 total 60 finished normally 0 blocked.
Executions attempted so far: 80 total 80 finished normally 0 blocked.
Executions attempted so far: 70 total 70 finished normally 0 blocked.
Executions attempted so far: 90 total 90 finished normally 0 blocked.
Executions attempted so far: 90 total 90 finished normally 0 blocked.
Executions attempted so far: 70 total 70 finished normally 0 blocked.
Executions attempted so far: 90 total 90 finished normally 0 blocked.
Executions attempted so far: 80 total 80 finished normally 0 blocked.
Executions attempted so far: 90 total 90 finished normally 0 blocked.
Executions attempted so far: 90 total 90 finished normally 0 blocked.
Executions attempted so far: 100 total 100 finished normally 0 blocked.
Executions attempted so far: 100 total 100 finished normally 0 blocked.
Executions attempted so far: 70 total 70 finished normally 0 blocked.
Executions attempted so far: 100 total 100 finished normally 0 blocked.
Executions attempted so far: 90 total 90 finished normally 0 blocked.
Executions attempted so far: 80 total 80 finished normally 0 blocked.
Executions attempted so far: 100 total 100 finished normally 0 blocked.
Executions attempted so far: 80 total 80 finished normally 0 blocked.
Executions attempted so far: 100 total 100 finished normally 0 blocked.
Executions attempted so far: 100 total 100 finished normally 0 blocked.
Executions attempted so far: 90 total 90 finished normally 0 blocked.
Executions attempted so far: 80 total 80 finished normally 0 blocked.
Executions attempted so far: 80 total 80 finished normally 0 blocked.
Executions attempted so far: 100 total 100 finished normally 0 blocked.
Executions attempted so far: 90 total 90 finished normally 0 blocked.
Executions attempted so far: 90 total 90 finished normally 0 blocked.
Executions attempted so far: 200 total 200 finished normally 0 blocked.
Executions attempted so far: 200 total 200 finished normally 0 blocked.
Executions attempted so far: 90 total 90 finished normally 0 blocked.
Executions attempted so far: 100 total 100 finished normally 0 blocked.
Executions attempted so far: 100 total 100 finished normally 0 blocked.
Executions attempted so far: 200 total 200 finished normally 0 blocked.
Executions attempted so far: 100 total 100 finished normally 0 blocked.
Executions attempted so far: 200 total 200 finished normally 0 blocked.
Executions attempted so far: 200 total 200 finished normally 0 blocked.
Executions attempted so far: 200 total 200 finished normally 0 blocked.
Executions attempted so far: 200 total 200 finished normally 0 blocked.
Executions attempted so far: 200 total 200 finished normally 0 blocked.
Executions attempted so far: 200 total 200 finished normally 0 blocked.
Executions attempted so far: 200 total 200 finished normally 0 blocked.
Executions attempted so far: 200 total 200 finished normally 0 blocked.
Executions attempted so far: 200 total 200 finished normally 0 blocked.
Executions attempted so far: 200 total 200 finished normally 0 blocked.
Executions attempted so far: 300 total 300 finished normally 0 blocked.
Executions attempted so far: 200 total 200 finished normally 0 blocked.
Executions attempted so far: 300 total 300 finished normally 0 blocked.
Executions attempted so far: 300 total 300 finished normally 0 blocked.
Executions attempted so far: 300 total 300 finished normally 0 blocked.
Executions attempted so far: 300 total 300 finished normally 0 blocked.
Executions attempted so far: 300 total 300 finished normally 0 blocked.
Executions attempted so far: 300 total 300 finished normally 0 blocked.
Executions attempted so far: 300 total 300 finished normally 0 blocked.
Executions attempted so far: 300 total 300 finished normally 0 blocked.
Executions attempted so far: 300 total 300 finished normally 0 blocked.
Executions attempted so far: 300 total 300 finished normally 0 blocked.
Executions attempted so far: 300 total 300 finished normally 0 blocked.
Executions attempted so far: 400 total 400 finished normally 0 blocked.
Executions attempted so far: 300 total 300 finished normally 0 blocked.
Executions attempted so far: 300 total 300 finished normally 0 blocked.
Executions attempted so far: 200 total 200 finished normally 0 blocked.
Executions attempted so far: 400 total 400 finished normally 0 blocked.
Executions attempted so far: 400 total 400 finished normally 0 blocked.
Executions attempted so far: 200 total 200 finished normally 0 blocked.
Executions attempted so far: 400 total 400 finished normally 0 blocked.
Executions attempted so far: 400 total 400 finished normally 0 blocked.
Executions attempted so far: 400 total 400 finished normally 0 blocked.
Executions attempted so far: 400 total 400 finished normally 0 blocked.
Executions attempted so far: 400 total 400 finished normally 0 blocked.
Executions attempted so far: 400 total 400 finished normally 0 blocked.
Executions attempted so far: 400 total 400 finished normally 0 blocked.
Executions attempted so far: 400 total 400 finished normally 0 blocked.
Executions attempted so far: 400 total 400 finished normally 0 blocked.
Executions attempted so far: 500 total 500 finished normally 0 blocked.
Executions attempted so far: 400 total 400 finished normally 0 blocked.
Executions attempted so far: 400 total 400 finished normally 0 blocked.
Executions attempted so far: 500 total 500 finished normally 0 blocked.
Executions attempted so far: 500 total 500 finished normally 0 blocked.
Executions attempted so far: 500 total 500 finished normally 0 blocked.
Executions attempted so far: 500 total 500 finished normally 0 blocked.
Executions attempted so far: 500 total 500 finished normally 0 blocked.
Executions attempted so far: 500 total 500 finished normally 0 blocked.
Executions attempted so far: 500 total 500 finished normally 0 blocked.
Executions attempted so far: 500 total 500 finished normally 0 blocked.
Executions attempted so far: 500 total 500 finished normally 0 blocked.
Executions attempted so far: 500 total 500 finished normally 0 blocked.
Executions attempted so far: 500 total 500 finished normally 0 blocked.
Executions attempted so far: 600 total 600 finished normally 0 blocked.
Executions attempted so far: 500 total 500 finished normally 0 blocked.
Executions attempted so far: 500 total 500 finished normally 0 blocked.
Executions attempted so far: 600 total 600 finished normally 0 blocked.
Executions attempted so far: 300 total 300 finished normally 0 blocked.
Executions attempted so far: 300 total 300 finished normally 0 blocked.
Executions attempted so far: 600 total 600 finished normally 0 blocked.
Executions attempted so far: 600 total 600 finished normally 0 blocked.
Executions attempted so far: 600 total 600 finished normally 0 blocked.
Executions attempted so far: 600 total 600 finished normally 0 blocked.
Executions attempted so far: 600 total 600 finished normally 0 blocked.
Executions attempted so far: 600 total 600 finished normally 0 blocked.
Executions attempted so far: 600 total 600 finished normally 0 blocked.
Executions attempted so far: 600 total 600 finished normally 0 blocked.
Executions attempted so far: 600 total 600 finished normally 0 blocked.
Executions attempted so far: 700 total 700 finished normally 0 blocked.
Executions attempted so far: 600 total 600 finished normally 0 blocked.
Executions attempted so far: 600 total 600 finished normally 0 blocked.
Executions attempted so far: 600 total 600 finished normally 0 blocked.
Executions attempted so far: 700 total 700 finished normally 0 blocked.
Executions attempted so far: 700 total 700 finished normally 0 blocked.
Executions attempted so far: 700 total 700 finished normally 0 blocked.
Executions attempted so far: 700 total 700 finished normally 0 blocked.
Executions attempted so far: 700 total 700 finished normally 0 blocked.
Executions attempted so far: 700 total 700 finished normally 0 blocked.
Executions attempted so far: 700 total 700 finished normally 0 blocked.
Executions attempted so far: 700 total 700 finished normally 0 blocked.
Executions attempted so far: 700 total 700 finished normally 0 blocked.
Executions attempted so far: 700 total 700 finished normally 0 blocked.
Executions attempted so far: 800 total 800 finished normally 0 blocked.
Executions attempted so far: 400 total 400 finished normally 0 blocked.
Executions attempted so far: 400 total 400 finished normally 0 blocked.
Executions attempted so far: 700 total 700 finished normally 0 blocked.
Executions attempted so far: 700 total 700 finished normally 0 blocked.
Executions attempted so far: 800 total 800 finished normally 0 blocked.
Executions attempted so far: 700 total 700 finished normally 0 blocked.
Executions attempted so far: 800 total 800 finished normally 0 blocked.
Executions attempted so far: 800 total 800 finished normally 0 blocked.
Executions attempted so far: 800 total 800 finished normally 0 blocked.
Executions attempted so far: 800 total 800 finished normally 0 blocked.
Executions attempted so far: 800 total 800 finished normally 0 blocked.
Executions attempted so far: 800 total 800 finished normally 0 blocked.
Executions attempted so far: 800 total 800 finished normally 0 blocked.
Executions attempted so far: 800 total 800 finished normally 0 blocked.
Executions attempted so far: 900 total 900 finished normally 0 blocked.
Executions attempted so far: 800 total 800 finished normally 0 blocked.
Executions attempted so far: 500 total 500 finished normally 0 blocked.
Executions attempted so far: 800 total 800 finished normally 0 blocked.
Executions attempted so far: 500 total 500 finished normally 0 blocked.
Executions attempted so far: 900 total 900 finished normally 0 blocked.
Executions attempted so far: 800 total 800 finished normally 0 blocked.
Executions attempted so far: 800 total 800 finished normally 0 blocked.
Executions attempted so far: 900 total 900 finished normally 0 blocked.
Executions attempted so far: 900 total 900 finished normally 0 blocked.
Executions attempted so far: 900 total 900 finished normally 0 blocked.
Executions attempted so far: 900 total 900 finished normally 0 blocked.
Executions attempted so far: 600 total 600 finished normally 0 blocked.
Executions attempted so far: 900 total 900 finished normally 0 blocked.
Executions attempted so far: 900 total 900 finished normally 0 blocked.
Executions attempted so far: 900 total 900 finished normally 0 blocked.
Executions attempted so far: 1000 total 1000 finished normally 0 blocked.
Executions attempted so far: 900 total 900 finished normally 0 blocked.
Executions attempted so far: 700 total 700 finished normally 0 blocked.
Executions attempted so far: 900 total 900 finished normally 0 blocked.
Executions attempted so far: 1000 total 1000 finished normally 0 blocked.
Executions attempted so far: 600 total 600 finished normally 0 blocked.
Executions attempted so far: 1000 total 1000 finished normally 0 blocked.
Executions attempted so far: 900 total 900 finished normally 0 blocked.
Executions attempted so far: 900 total 900 finished normally 0 blocked.
Executions attempted so far: 1000 total 1000 finished normally 0 blocked.
Executions attempted so far: 1000 total 1000 finished normally 0 blocked.
Executions attempted so far: 1000 total 1000 finished normally 0 blocked.
Executions attempted so far: 800 total 800 finished normally 0 blocked.
Executions attempted so far: 1000 total 1000 finished normally 0 blocked.
Executions attempted so far: 900 total 900 finished normally 0 blocked.
Executions attempted so far: 1000 total 1000 finished normally 0 blocked.
Executions attempted so far: 1000 total 1000 finished normally 0 blocked.
Executions attempted so far: 1000 total 1000 finished normally 0 blocked.
Executions attempted so far: 1000 total 1000 finished normally 0 blocked.
Executions attempted so far: 900 total 900 finished normally 0 blocked.
Executions attempted so far: 700 total 700 finished normally 0 blocked.
Executions attempted so far: 1000 total 1000 finished normally 0 blocked.
Executions attempted so far: 1000 total 1000 finished normally 0 blocked.
Executions attempted so far: 800 total 800 finished normally 0 blocked.
Executions attempted so far: 1000 total 1000 finished normally 0 blocked.
Executions attempted so far: 1000 total 1000 finished normally 0 blocked.
Executions attempted so far: 900 total 900 finished normally 0 blocked.
Executions attempted so far: 1000 total 1000 finished normally 0 blocked.
Executions attempted so far: 2000 total 2000 finished normally 0 blocked.
Executions attempted so far: 2000 total 2000 finished normally 0 blocked.
Executions attempted so far: 2000 total 2000 finished normally 0 blocked.
Executions attempted so far: 2000 total 2000 finished normally 0 blocked.
Executions attempted so far: 2000 total 2000 finished normally 0 blocked.
Executions attempted so far: 2000 total 2000 finished normally 0 blocked.
Executions attempted so far: 2000 total 2000 finished normally 0 blocked.
Executions attempted so far: 2000 total 2000 finished normally 0 blocked.
Executions attempted so far: 2000 total 2000 finished normally 0 blocked.
Executions attempted so far: 2000 total 2000 finished normally 0 blocked.
Executions attempted so far: 2000 total 2000 finished normally 0 blocked.
Executions attempted so far: 2000 total 2000 finished normally 0 blocked.
Executions attempted so far: 2000 total 2000 finished normally 0 blocked.
Executions attempted so far: 2000 total 2000 finished normally 0 blocked.
Executions attempted so far: 2000 total 2000 finished normally 0 blocked.
Executions attempted so far: 2000 total 2000 finished normally 0 blocked.
Executions attempted so far: 3000 total 3000 finished normally 0 blocked.
Executions attempted so far: 3000 total 3000 finished normally 0 blocked.
Executions attempted so far: 3000 total 3000 finished normally 0 blocked.
Executions attempted so far: 3000 total 3000 finished normally 0 blocked.
Executions attempted so far: 3000 total 3000 finished normally 0 blocked.
Executions attempted so far: 3000 total 3000 finished normally 0 blocked.
Executions attempted so far: 3000 total 3000 finished normally 0 blocked.
Executions attempted so far: 3000 total 3000 finished normally 0 blocked.
Executions attempted so far: 3000 total 3000 finished normally 0 blocked.
Executions attempted so far: 3000 total 3000 finished normally 0 blocked.
Executions attempted so far: 3000 total 3000 finished normally 0 blocked.
Executions attempted so far: 3000 total 3000 finished normally 0 blocked.
Executions attempted so far: 3000 total 3000 finished normally 0 blocked.
Executions attempted so far: 3000 total 3000 finished normally 0 blocked.
Executions attempted so far: 3000 total 3000 finished normally 0 blocked.
Executions attempted so far: 4000 total 4000 finished normally 0 blocked.
Executions attempted so far: 4000 total 4000 finished normally 0 blocked.
Executions attempted so far: 4000 total 4000 finished normally 0 blocked.
Executions attempted so far: 3000 total 3000 finished normally 0 blocked.
Executions attempted so far: 4000 total 4000 finished normally 0 blocked.
Executions attempted so far: 4000 total 4000 finished normally 0 blocked.
Executions attempted so far: 4000 total 4000 finished normally 0 blocked.
Executions attempted so far: 4000 total 4000 finished normally 0 blocked.
Executions attempted so far: 4000 total 4000 finished normally 0 blocked.
Executions attempted so far: 4000 total 4000 finished normally 0 blocked.
Executions attempted so far: 4000 total 4000 finished normally 0 blocked.
Executions attempted so far: 4000 total 4000 finished normally 0 blocked.
Executions attempted so far: 4000 total 4000 finished normally 0 blocked.
Executions attempted so far: 4000 total 4000 finished normally 0 blocked.
Executions attempted so far: 4000 total 4000 finished normally 0 blocked.
Executions attempted so far: 4000 total 4000 finished normally 0 blocked.
Executions attempted so far: 5000 total 5000 finished normally 0 blocked.
Executions attempted so far: 5000 total 5000 finished normally 0 blocked.
Executions attempted so far: 4000 total 4000 finished normally 0 blocked.
Executions attempted so far: 5000 total 5000 finished normally 0 blocked.
Executions attempted so far: 5000 total 5000 finished normally 0 blocked.
Executions attempted so far: 5000 total 5000 finished normally 0 blocked.
Executions attempted so far: 5000 total 5000 finished normally 0 blocked.
Executions attempted so far: 5000 total 5000 finished normally 0 blocked.
Executions attempted so far: 5000 total 5000 finished normally 0 blocked.
Executions attempted so far: 5000 total 5000 finished normally 0 blocked.
Executions attempted so far: 5000 total 5000 finished normally 0 blocked.
Executions attempted so far: 5000 total 5000 finished normally 0 blocked.
Executions attempted so far: 5000 total 5000 finished normally 0 blocked.
Executions attempted so far: 5000 total 5000 finished normally 0 blocked.
Executions attempted so far: 5000 total 5000 finished normally 0 blocked.
Executions attempted so far: 5000 total 5000 finished normally 0 blocked.
Executions attempted so far: 6000 total 6000 finished normally 0 blocked.
Executions attempted so far: 6000 total 6000 finished normally 0 blocked.
Executions attempted so far: 5000 total 5000 finished normally 0 blocked.
Executions attempted so far: 6000 total 6000 finished normally 0 blocked.
Executions attempted so far: 6000 total 6000 finished normally 0 blocked.
Executions attempted so far: 6000 total 6000 finished normally 0 blocked.
Executions attempted so far: 6000 total 6000 finished normally 0 blocked.
Executions attempted so far: 6000 total 6000 finished normally 0 blocked.
Executions attempted so far: 6000 total 6000 finished normally 0 blocked.
Executions attempted so far: 6000 total 6000 finished normally 0 blocked.
Executions attempted so far: 6000 total 6000 finished normally 0 blocked.
Executions attempted so far: 6000 total 6000 finished normally 0 blocked.
Executions attempted so far: 6000 total 6000 finished normally 0 blocked.
Executions attempted so far: 6000 total 6000 finished normally 0 blocked.
Executions attempted so far: 6000 total 6000 finished normally 0 blocked.
Executions attempted so far: 6000 total 6000 finished normally 0 blocked.
Executions attempted so far: 7000 total 7000 finished normally 0 blocked.
Executions attempted so far: 7000 total 7000 finished normally 0 blocked.
Executions attempted so far: 7000 total 7000 finished normally 0 blocked.
Executions attempted so far: 6000 total 6000 finished normally 0 blocked.
Executions attempted so far: 7000 total 7000 finished normally 0 blocked.
Executions attempted so far: 7000 total 7000 finished normally 0 blocked.
Executions attempted so far: 7000 total 7000 finished normally 0 blocked.
Executions attempted so far: 7000 total 7000 finished normally 0 blocked.
Executions attempted so far: 7000 total 7000 finished normally 0 blocked.
Executions attempted so far: 7000 total 7000 finished normally 0 blocked.
Executions attempted so far: 7000 total 7000 finished normally 0 blocked.
Executions attempted so far: 7000 total 7000 finished normally 0 blocked.
Executions attempted so far: 7000 total 7000 finished normally 0 blocked.
Executions attempted so far: 7000 total 7000 finished normally 0 blocked.
Executions attempted so far: 7000 total 7000 finished normally 0 blocked.
Executions attempted so far: 7000 total 7000 finished normally 0 blocked.
Executions attempted so far: 8000 total 8000 finished normally 0 blocked.
Executions attempted so far: 8000 total 8000 finished normally 0 blocked.
Executions attempted so far: 7000 total 7000 finished normally 0 blocked.
Executions attempted so far: 8000 total 8000 finished normally 0 blocked.
Executions attempted so far: 8000 total 8000 finished normally 0 blocked.
Executions attempted so far: 8000 total 8000 finished normally 0 blocked.
Executions attempted so far: 8000 total 8000 finished normally 0 blocked.
Executions attempted so far: 8000 total 8000 finished normally 0 blocked.
Executions attempted so far: 8000 total 8000 finished normally 0 blocked.
Executions attempted so far: 8000 total 8000 finished normally 0 blocked.
Executions attempted so far: 8000 total 8000 finished normally 0 blocked.
Executions attempted so far: 8000 total 8000 finished normally 0 blocked.
Executions attempted so far: 8000 total 8000 finished normally 0 blocked.
Executions attempted so far: 8000 total 8000 finished normally 0 blocked.
Executions attempted so far: 8000 total 8000 finished normally 0 blocked.
Executions attempted so far: 8000 total 8000 finished normally 0 blocked.
Executions attempted so far: 9000 total 9000 finished normally 0 blocked.
Executions attempted so far: 9000 total 9000 finished normally 0 blocked.
Executions attempted so far: 9000 total 9000 finished normally 0 blocked.
Executions attempted so far: 9000 total 9000 finished normally 0 blocked.
Executions attempted so far: 9000 total 9000 finished normally 0 blocked.
Executions attempted so far: 8000 total 8000 finished normally 0 blocked.
Executions attempted so far: 9000 total 9000 finished normally 0 blocked.
Executions attempted so far: 9000 total 9000 finished normally 0 blocked.
Executions attempted so far: 9000 total 9000 finished normally 0 blocked.
Executions attempted so far: 9000 total 9000 finished normally 0 blocked.
Executions attempted so far: 9000 total 9000 finished normally 0 blocked.
Executions attempted so far: 9000 total 9000 finished normally 0 blocked.
Executions attempted so far: 9000 total 9000 finished normally 0 blocked.
Executions attempted so far: 9000 total 9000 finished normally 0 blocked.
Executions attempted so far: 10000 total 10000 finished normally 0 blocked.
Executions attempted so far: 10000 total 10000 finished normally 0 blocked.
Executions attempted so far: 10000 total 10000 finished normally 0 blocked.
Executions attempted so far: 9000 total 9000 finished normally 0 blocked.
Executions attempted so far: 9000 total 9000 finished normally 0 blocked.
Executions attempted so far: 9000 total 9000 finished normally 0 blocked.
Executions attempted so far: 10000 total 10000 finished normally 0 blocked.
Executions attempted so far: 10000 total 10000 finished normally 0 blocked.
Executions attempted so far: 10000 total 10000 finished normally 0 blocked.
Executions attempted so far: 10000 total 10000 finished normally 0 blocked.
Executions attempted so far: 10000 total 10000 finished normally 0 blocked.
Executions attempted so far: 10000 total 10000 finished normally 0 blocked.
Executions attempted so far: 10000 total 10000 finished normally 0 blocked.
Executions attempted so far: 10000 total 10000 finished normally 0 blocked.
Executions attempted so far: 10000 total 10000 finished normally 0 blocked.
Executions attempted so far: 10000 total 10000 finished normally 0 blocked.
Executions attempted so far: 10000 total 10000 finished normally 0 blocked.
Executions attempted so far: 10000 total 10000 finished normally 0 blocked.
Executions attempted so far: 10000 total 10000 finished normally 0 blocked.
Executions attempted so far: 20000 total 20000 finished normally 0 blocked.
Executions attempted so far: 20000 total 20000 finished normally 0 blocked.
Executions attempted so far: 20000 total 20000 finished normally 0 blocked.
Executions attempted so far: 20000 total 20000 finished normally 0 blocked.
Executions attempted so far: 20000 total 20000 finished normally 0 blocked.
Executions attempted so far: 20000 total 20000 finished normally 0 blocked.
Executions attempted so far: 20000 total 20000 finished normally 0 blocked.
Executions attempted so far: 20000 total 20000 finished normally 0 blocked.
Executions attempted so far: 20000 total 20000 finished normally 0 blocked.
Executions attempted so far: 20000 total 20000 finished normally 0 blocked.
Executions attempted so far: 20000 total 20000 finished normally 0 blocked.
Executions attempted so far: 20000 total 20000 finished normally 0 blocked.
Executions attempted so far: 20000 total 20000 finished normally 0 blocked.
Executions attempted so far: 20000 total 20000 finished normally 0 blocked.
Executions attempted so far: 20000 total 20000 finished normally 0 blocked (4000.00/sec).
Executions attempted so far: 20000 total 20000 finished normally 0 blocked (4000.00/sec).
Executions attempted so far: 30000 total 30000 finished normally 0 blocked (5000.00/sec).
Executions attempted so far: 30000 total 30000 finished normally 0 blocked (5000.00/sec).
Executions attempted so far: 30000 total 30000 finished normally 0 blocked (5000.00/sec).
Executions attempted so far: 30000 total 30000 finished normally 0 blocked (5000.00/sec).
Executions attempted so far: 30000 total 30000 finished normally 0 blocked (4285.71/sec).
Executions attempted so far: 30000 total 30000 finished normally 0 blocked (4285.71/sec).
Executions attempted so far: 30000 total 30000 finished normally 0 blocked (4285.71/sec).
Executions attempted so far: 30000 total 30000 finished normally 0 blocked (4285.71/sec).
Executions attempted so far: 30000 total 30000 finished normally 0 blocked (4285.71/sec).
Executions attempted so far: 30000 total 30000 finished normally 0 blocked (4285.71/sec).
Executions attempted so far: 30000 total 30000 finished normally 0 blocked (4285.71/sec).
Executions attempted so far: 30000 total 30000 finished normally 0 blocked (4285.71/sec).
Executions attempted so far: 30000 total 30000 finished normally 0 blocked (4285.71/sec).
Executions attempted so far: 30000 total 30000 finished normally 0 blocked (4285.71/sec).
Executions attempted so far: 30000 total 30000 finished normally 0 blocked (4285.71/sec).
Executions attempted so far: 30000 total 30000 finished normally 0 blocked (4285.71/sec).
Executions attempted so far: 40000 total 40000 finished normally 0 blocked (4444.44/sec).
Executions attempted so far: 40000 total 40000 finished normally 0 blocked (4444.44/sec).
Executions attempted so far: 40000 total 40000 finished normally 0 blocked (4444.44/sec).
Executions attempted so far: 40000 total 40000 finished normally 0 blocked (4444.44/sec).
Executions attempted so far: 40000 total 40000 finished normally 0 blocked (4444.44/sec).
Executions attempted so far: 40000 total 40000 finished normally 0 blocked (4444.44/sec).
Executions attempted so far: 40000 total 40000 finished normally 0 blocked (4444.44/sec).
Executions attempted so far: 40000 total 40000 finished normally 0 blocked (4444.44/sec).
Executions attempted so far: 40000 total 40000 finished normally 0 blocked (4444.44/sec).
Executions attempted so far: 40000 total 40000 finished normally 0 blocked (4444.44/sec).
Executions attempted so far: 40000 total 40000 finished normally 0 blocked (4444.44/sec).
Executions attempted so far: 40000 total 40000 finished normally 0 blocked (4444.44/sec).
Executions attempted so far: 40000 total 40000 finished normally 0 blocked (4444.44/sec).
Executions attempted so far: 40000 total 40000 finished normally 0 blocked (4000.00/sec).
Executions attempted so far: 40000 total 40000 finished normally 0 blocked (4000.00/sec).
Executions attempted so far: 40000 total 40000 finished normally 0 blocked (4000.00/sec).
Executions attempted so far: 50000 total 50000 finished normally 0 blocked (4545.45/sec).
Executions attempted so far: 50000 total 50000 finished normally 0 blocked (4545.45/sec).
Executions attempted so far: 50000 total 50000 finished normally 0 blocked (4545.45/sec).
Executions attempted so far: 50000 total 50000 finished normally 0 blocked (4545.45/sec).
Executions attempted so far: 50000 total 50000 finished normally 0 blocked (4545.45/sec).
Executions attempted so far: 50000 total 50000 finished normally 0 blocked (4545.45/sec).
Executions attempted so far: 50000 total 50000 finished normally 0 blocked (4545.45/sec).
Executions attempted so far: 50000 total 50000 finished normally 0 blocked (4545.45/sec).
Executions attempted so far: 50000 total 50000 finished normally 0 blocked (4166.67/sec).
Executions attempted so far: 50000 total 50000 finished normally 0 blocked (4166.67/sec).
Executions attempted so far: 50000 total 50000 finished normally 0 blocked (4166.67/sec).
Executions attempted so far: 50000 total 50000 finished normally 0 blocked (4166.67/sec).
Executions attempted so far: 50000 total 50000 finished normally 0 blocked (4166.67/sec).
Executions attempted so far: 50000 total 50000 finished normally 0 blocked (4166.67/sec).
Executions attempted so far: 50000 total 50000 finished normally 0 blocked (4166.67/sec).
Executions attempted so far: 50000 total 50000 finished normally 0 blocked (4166.67/sec).
Executions attempted so far: 60000 total 60000 finished normally 0 blocked (4615.38/sec).
Executions attempted so far: 60000 total 60000 finished normally 0 blocked (4615.38/sec).
Executions attempted so far: 60000 total 60000 finished normally 0 blocked (4285.71/sec).
Executions attempted so far: 60000 total 60000 finished normally 0 blocked (4285.71/sec).
Executions attempted so far: 60000 total 60000 finished normally 0 blocked (4285.71/sec).
Executions attempted so far: 60000 total 60000 finished normally 0 blocked (4285.71/sec).
Executions attempted so far: 60000 total 60000 finished normally 0 blocked (4285.71/sec).
Executions attempted so far: 60000 total 60000 finished normally 0 blocked (4285.71/sec).
Executions attempted so far: 60000 total 60000 finished normally 0 blocked (4285.71/sec).
Executions attempted so far: 60000 total 60000 finished normally 0 blocked (4285.71/sec).
Executions attempted so far: 60000 total 60000 finished normally 0 blocked (4285.71/sec).
Executions attempted so far: 60000 total 60000 finished normally 0 blocked (4285.71/sec).
Executions attempted so far: 60000 total 60000 finished normally 0 blocked (4000.00/sec).
Executions attempted so far: 60000 total 60000 finished normally 0 blocked (4000.00/sec).
Executions attempted so far: 60000 total 60000 finished normally 0 blocked (4000.00/sec).
Executions attempted so far: 60000 total 60000 finished normally 0 blocked (4000.00/sec).
Executions attempted so far: 70000 total 70000 finished normally 0 blocked (4666.67/sec).
Executions attempted so far: 70000 total 70000 finished normally 0 blocked (4375.00/sec).
Executions attempted so far: 70000 total 70000 finished normally 0 blocked (4375.00/sec).
Executions attempted so far: 70000 total 70000 finished normally 0 blocked (4375.00/sec).
Executions attempted so far: 70000 total 70000 finished normally 0 blocked (4375.00/sec).
Executions attempted so far: 70000 total 70000 finished normally 0 blocked (4375.00/sec).
Executions attempted so far: 70000 total 70000 finished normally 0 blocked (4375.00/sec).
Executions attempted so far: 70000 total 70000 finished normally 0 blocked (4117.65/sec).
Executions attempted so far: 70000 total 70000 finished normally 0 blocked (4117.65/sec).
Executions attempted so far: 70000 total 70000 finished normally 0 blocked (4117.65/sec).
Executions attempted so far: 70000 total 70000 finished normally 0 blocked (4117.65/sec).
Executions attempted so far: 70000 total 70000 finished normally 0 blocked (4117.65/sec).
Executions attempted so far: 70000 total 70000 finished normally 0 blocked (4117.65/sec).
Executions attempted so far: 70000 total 70000 finished normally 0 blocked (4117.65/sec).
Executions attempted so far: 70000 total 70000 finished normally 0 blocked (4117.65/sec).
Executions attempted so far: 70000 total 70000 finished normally 0 blocked (4117.65/sec).
Executions attempted so far: 80000 total 80000 finished normally 0 blocked (4444.44/sec).
Executions attempted so far: 80000 total 80000 finished normally 0 blocked (4444.44/sec).
Executions attempted so far: 80000 total 80000 finished normally 0 blocked (4210.53/sec).
Executions attempted so far: 80000 total 80000 finished normally 0 blocked (4210.53/sec).
Executions attempted so far: 80000 total 80000 finished normally 0 blocked (4210.53/sec).
Executions attempted so far: 80000 total 80000 finished normally 0 blocked (4210.53/sec).
Executions attempted so far: 80000 total 80000 finished normally 0 blocked (4210.53/sec).
Executions attempted so far: 80000 total 80000 finished normally 0 blocked (4210.53/sec).
Executions attempted so far: 80000 total 80000 finished normally 0 blocked (4210.53/sec).
Executions attempted so far: 80000 total 80000 finished normally 0 blocked (4210.53/sec).
Executions attempted so far: 80000 total 80000 finished normally 0 blocked (4210.53/sec).
Executions attempted so far: 80000 total 80000 finished normally 0 blocked (4000.00/sec).
Executions attempted so far: 80000 total 80000 finished normally 0 blocked (4000.00/sec).
Executions attempted so far: 80000 total 80000 finished normally 0 blocked (4000.00/sec).
Executions attempted so far: 90000 total 90000 finished normally 0 blocked (4500.00/sec).
Executions attempted so far: 80000 total 80000 finished normally 0 blocked (4000.00/sec).
Executions attempted so far: 80000 total 80000 finished normally 0 blocked (4000.00/sec).
Executions attempted so far: 90000 total 90000 finished normally 0 blocked (4285.71/sec).
Executions attempted so far: 90000 total 90000 finished normally 0 blocked (4285.71/sec).
Executions attempted so far: 90000 total 90000 finished normally 0 blocked (4285.71/sec).
Executions attempted so far: 90000 total 90000 finished normally 0 blocked (4285.71/sec).
Executions attempted so far: 90000 total 90000 finished normally 0 blocked (4285.71/sec).
Executions attempted so far: 90000 total 90000 finished normally 0 blocked (4090.91/sec).
Executions attempted so far: 90000 total 90000 finished normally 0 blocked (4090.91/sec).
Executions attempted so far: 90000 total 90000 finished normally 0 blocked (4090.91/sec).
Executions attempted so far: 90000 total 90000 finished normally 0 blocked (4090.91/sec).
Executions attempted so far: 90000 total 90000 finished normally 0 blocked (4090.91/sec).
Executions attempted so far: 90000 total 90000 finished normally 0 blocked (4090.91/sec).
Executions attempted so far: 90000 total 90000 finished normally 0 blocked (4090.91/sec).
Executions attempted so far: 90000 total 90000 finished normally 0 blocked (3913.04/sec).
Executions attempted so far: 100000 total 100000 finished normally 0 blocked (4347.83/sec).
Executions attempted so far: 90000 total 90000 finished normally 0 blocked (3913.04/sec).
Executions attempted so far: 90000 total 90000 finished normally 0 blocked (3913.04/sec).
Executions attempted so far: 100000 total 100000 finished normally 0 blocked (4347.83/sec).
Executions attempted so far: 100000 total 100000 finished normally 0 blocked (4347.83/sec).
Executions attempted so far: 100000 total 100000 finished normally 0 blocked (4166.67/sec).
Executions attempted so far: 100000 total 100000 finished normally 0 blocked (4166.67/sec).
Executions attempted so far: 100000 total 100000 finished normally 0 blocked (4166.67/sec).
Executions attempted so far: 100000 total 100000 finished normally 0 blocked (4166.67/sec).
Executions attempted so far: 100000 total 100000 finished normally 0 blocked (4166.67/sec).
Executions attempted so far: 100000 total 100000 finished normally 0 blocked (4166.67/sec).
Executions attempted so far: 100000 total 100000 finished normally 0 blocked (4166.67/sec).
Executions attempted so far: 100000 total 100000 finished normally 0 blocked (4000.00/sec).
Executions attempted so far: 100000 total 100000 finished normally 0 blocked (4000.00/sec).
Executions attempted so far: 100000 total 100000 finished normally 0 blocked (4000.00/sec).
Executions attempted so far: 100000 total 100000 finished normally 0 blocked (4000.00/sec).
Executions attempted so far: 100000 total 100000 finished normally 0 blocked (4000.00/sec).
Executions attempted so far: 100000 total 100000 finished normally 0 blocked (4000.00/sec).
Executions attempted so far: 200000 total 200000 finished normally 0 blocked (4444.44/sec).
Executions attempted so far: 200000 total 200000 finished normally 0 blocked (4347.83/sec).
Executions attempted so far: 200000 total 200000 finished normally 0 blocked (4347.83/sec).
Executions attempted so far: 200000 total 200000 finished normally 0 blocked (4166.67/sec).
Executions attempted so far: 200000 total 200000 finished normally 0 blocked (4166.67/sec).
Executions attempted so far: 200000 total 200000 finished normally 0 blocked (4166.67/sec).
Executions attempted so far: 200000 total 200000 finished normally 0 blocked (4166.67/sec).
Executions attempted so far: 200000 total 200000 finished normally 0 blocked (4081.63/sec).
Executions attempted so far: 200000 total 200000 finished normally 0 blocked (4081.63/sec).
Executions attempted so far: 200000 total 200000 finished normally 0 blocked (4081.63/sec).
Executions attempted so far: 200000 total 200000 finished normally 0 blocked (4081.63/sec).
Executions attempted so far: 200000 total 200000 finished normally 0 blocked (4000.00/sec).
Executions attempted so far: 200000 total 200000 finished normally 0 blocked (3921.57/sec).
Executions attempted so far: 200000 total 200000 finished normally 0 blocked (3921.57/sec).
Executions attempted so far: 200000 total 200000 finished normally 0 blocked (3921.57/sec).
Executions attempted so far: 200000 total 200000 finished normally 0 blocked (3921.57/sec).
Executions attempted so far: 300000 total 300000 finished normally 0 blocked (4347.83/sec).
Executions attempted so far: 300000 total 300000 finished normally 0 blocked (4285.71/sec).
Executions attempted so far: 300000 total 300000 finished normally 0 blocked (4225.35/sec).
Executions attempted so far: 300000 total 300000 finished normally 0 blocked (4166.67/sec).
Executions attempted so far: 300000 total 300000 finished normally 0 blocked (4109.59/sec).
Executions attempted so far: 300000 total 300000 finished normally 0 blocked (4109.59/sec).
Executions attempted so far: 300000 total 300000 finished normally 0 blocked (4109.59/sec).
Executions attempted so far: 300000 total 300000 finished normally 0 blocked (4109.59/sec).
Executions attempted so far: 300000 total 300000 finished normally 0 blocked (4054.05/sec).
Executions attempted so far: 300000 total 300000 finished normally 0 blocked (4054.05/sec).
Executions attempted so far: 300000 total 300000 finished normally 0 blocked (4054.05/sec).
Executions attempted so far: 300000 total 300000 finished normally 0 blocked (4000.00/sec).
Executions attempted so far: 300000 total 300000 finished normally 0 blocked (3947.37/sec).
Executions attempted so far: 300000 total 300000 finished normally 0 blocked (3896.10/sec).
Executions attempted so far: 300000 total 300000 finished normally 0 blocked (3896.10/sec).
Executions attempted so far: 300000 total 300000 finished normally 0 blocked (3846.15/sec).
Executions attempted so far: 400000 total 400000 finished normally 0 blocked (4347.83/sec).
Executions attempted so far: 400000 total 400000 finished normally 0 blocked (4255.32/sec).
Executions attempted so far: 400000 total 400000 finished normally 0 blocked (4081.63/sec).
Executions attempted so far: 400000 total 400000 finished normally 0 blocked (4081.63/sec).
Executions attempted so far: 400000 total 400000 finished normally 0 blocked (4081.63/sec).
Executions attempted so far: 400000 total 400000 finished normally 0 blocked (4081.63/sec).
Executions attempted so far: 400000 total 400000 finished normally 0 blocked (4040.40/sec).
Executions attempted so far: 400000 total 400000 finished normally 0 blocked (4040.40/sec).
Executions attempted so far: 400000 total 400000 finished normally 0 blocked (4040.40/sec).
Executions attempted so far: 400000 total 400000 finished normally 0 blocked (4040.40/sec).
Executions attempted so far: 400000 total 400000 finished normally 0 blocked (4000.00/sec).
Executions attempted so far: 400000 total 400000 finished normally 0 blocked (3921.57/sec).
Executions attempted so far: 400000 total 400000 finished normally 0 blocked (3921.57/sec).
Executions attempted so far: 400000 total 400000 finished normally 0 blocked (3883.50/sec).
Executions attempted so far: 400000 total 400000 finished normally 0 blocked (3846.15/sec).
Executions attempted so far: 400000 total 400000 finished normally 0 blocked (3809.52/sec).
Executions attempted so far: 500000 total 500000 finished normally 0 blocked (4385.96/sec).
Executions attempted so far: 500000 total 500000 finished normally 0 blocked (4237.29/sec).
Executions attempted so far: 500000 total 500000 finished normally 0 blocked (4098.36/sec).
Executions attempted so far: 500000 total 500000 finished normally 0 blocked (4098.36/sec).
Executions attempted so far: 500000 total 500000 finished normally 0 blocked (4098.36/sec).
Executions attempted so far: 500000 total 500000 finished normally 0 blocked (4065.04/sec).
Executions attempted so far: 500000 total 500000 finished normally 0 blocked (4065.04/sec).
Executions attempted so far: 500000 total 500000 finished normally 0 blocked (4032.26/sec).
Executions attempted so far: 500000 total 500000 finished normally 0 blocked (4032.26/sec).
Executions attempted so far: 500000 total 500000 finished normally 0 blocked (4032.26/sec).
Executions attempted so far: 500000 total 500000 finished normally 0 blocked (3937.01/sec).
Executions attempted so far: 500000 total 500000 finished normally 0 blocked (3906.25/sec).
Executions attempted so far: 500000 total 500000 finished normally 0 blocked (3906.25/sec).
Executions attempted so far: 500000 total 500000 finished normally 0 blocked (3846.15/sec).
Executions attempted so far: 500000 total 500000 finished normally 0 blocked (3846.15/sec).
Executions attempted so far: 500000 total 500000 finished normally 0 blocked (3787.88/sec).
Executions attempted so far: 600000 total 600000 finished normally 0 blocked (4316.55/sec).
Executions attempted so far: 600000 total 600000 finished normally 0 blocked (4195.80/sec).
Executions attempted so far: 600000 total 600000 finished normally 0 blocked (4109.59/sec).
Executions attempted so far: 600000 total 600000 finished normally 0 blocked (4081.63/sec).
Executions attempted so far: 600000 total 600000 finished normally 0 blocked (4054.05/sec).
Executions attempted so far: 600000 total 600000 finished normally 0 blocked (4054.05/sec).
Executions attempted so far: 600000 total 600000 finished normally 0 blocked (4054.05/sec).
Executions attempted so far: 600000 total 600000 finished normally 0 blocked (4054.05/sec).
Executions attempted so far: 600000 total 600000 finished normally 0 blocked (4026.85/sec).
Executions attempted so far: 600000 total 600000 finished normally 0 blocked (3973.51/sec).
Executions attempted so far: 600000 total 600000 finished normally 0 blocked (3921.57/sec).
Executions attempted so far: 600000 total 600000 finished normally 0 blocked (3896.10/sec).
Executions attempted so far: 600000 total 600000 finished normally 0 blocked (3870.97/sec).
Executions attempted so far: 600000 total 600000 finished normally 0 blocked (3846.15/sec).
Executions attempted so far: 600000 total 600000 finished normally 0 blocked (3821.66/sec).
Executions attempted so far: 600000 total 600000 finished normally 0 blocked (3797.47/sec).
Executions attempted so far: 700000 total 700000 finished normally 0 blocked (4268.29/sec).
Executions attempted so far: 700000 total 700000 finished normally 0 blocked (4191.62/sec).
Executions attempted so far: 700000 total 700000 finished normally 0 blocked (4093.57/sec).
Executions attempted so far: 700000 total 700000 finished normally 0 blocked (4069.77/sec).
Executions attempted so far: 700000 total 700000 finished normally 0 blocked (4069.77/sec).
Executions attempted so far: 700000 total 700000 finished normally 0 blocked (4046.24/sec).
Executions attempted so far: 700000 total 700000 finished normally 0 blocked (4022.99/sec).
Executions attempted so far: 700000 total 700000 finished normally 0 blocked (4022.99/sec).
Executions attempted so far: 700000 total 700000 finished normally 0 blocked (4000.00/sec).
Executions attempted so far: 700000 total 700000 finished normally 0 blocked (3954.80/sec).
Executions attempted so far: 700000 total 700000 finished normally 0 blocked (3910.61/sec).
Executions attempted so far: 700000 total 700000 finished normally 0 blocked (3888.89/sec).
Executions attempted so far: 700000 total 700000 finished normally 0 blocked (3867.40/sec).
Executions attempted so far: 700000 total 700000 finished normally 0 blocked (3846.15/sec).
Executions attempted so far: 700000 total 700000 finished normally 0 blocked (3825.14/sec).
Executions attempted so far: 700000 total 700000 finished normally 0 blocked (3804.35/sec).
Executions attempted so far: 800000 total 800000 finished normally 0 blocked (4255.32/sec).
Executions attempted so far: 800000 total 800000 finished normally 0 blocked (4210.53/sec).
Executions attempted so far: 800000 total 800000 finished normally 0 blocked (4102.56/sec).
Executions attempted so far: 800000 total 800000 finished normally 0 blocked (4060.91/sec).
Executions attempted so far: 800000 total 800000 finished normally 0 blocked (4060.91/sec).
Executions attempted so far: 800000 total 800000 finished normally 0 blocked (4020.10/sec).
Executions attempted so far: 800000 total 800000 finished normally 0 blocked (4020.10/sec).
Executions attempted so far: 800000 total 800000 finished normally 0 blocked (4000.00/sec).
Executions attempted so far: 800000 total 800000 finished normally 0 blocked (3980.10/sec).
Executions attempted so far: 800000 total 800000 finished normally 0 blocked (3921.57/sec).
Executions attempted so far: 800000 total 800000 finished normally 0 blocked (3902.44/sec).
Executions attempted so far: 800000 total 800000 finished normally 0 blocked (3902.44/sec).
Executions attempted so far: 800000 total 800000 finished normally 0 blocked (3864.73/sec).
Executions attempted so far: 800000 total 800000 finished normally 0 blocked (3827.75/sec).
Executions attempted so far: 800000 total 800000 finished normally 0 blocked (3809.52/sec).
Executions attempted so far: 800000 total 800000 finished normally 0 blocked (3791.47/sec).
Executions attempted so far: 900000 total 900000 finished normally 0 blocked (4225.35/sec).
Executions attempted so far: 900000 total 900000 finished normally 0 blocked (4166.67/sec).
Executions attempted so far: 900000 total 900000 finished normally 0 blocked (4090.91/sec).
Executions attempted so far: 900000 total 900000 finished normally 0 blocked (4054.05/sec).
Executions attempted so far: 900000 total 900000 finished normally 0 blocked (4054.05/sec).
Executions attempted so far: 900000 total 900000 finished normally 0 blocked (4017.86/sec).
Executions attempted so far: 900000 total 900000 finished normally 0 blocked (4017.86/sec).
Executions attempted so far: 900000 total 900000 finished normally 0 blocked (4000.00/sec).
Executions attempted so far: 900000 total 900000 finished normally 0 blocked (3982.30/sec).
Executions attempted so far: 900000 total 900000 finished normally 0 blocked (3913.04/sec).
Executions attempted so far: 900000 total 900000 finished normally 0 blocked (3896.10/sec).
Executions attempted so far: 900000 total 900000 finished normally 0 blocked (3896.10/sec).
Executions attempted so far: 900000 total 900000 finished normally 0 blocked (3879.31/sec).
Executions attempted so far: 900000 total 900000 finished normally 0 blocked (3813.56/sec).
Executions attempted so far: 900000 total 900000 finished normally 0 blocked (3813.56/sec).
Executions attempted so far: 900000 total 900000 finished normally 0 blocked (3797.47/sec).
Executions attempted so far: 1000000 total 1000000 finished normally 0 blocked (4201.68/sec).
Executions attempted so far: 1000000 total 1000000 finished normally 0 blocked (4166.67/sec).
Executions attempted so far: 1000000 total 1000000 finished normally 0 blocked (4081.63/sec).
Executions attempted so far: 1000000 total 1000000 finished normally 0 blocked (4048.58/sec).
Executions attempted so far: 1000000 total 1000000 finished normally 0 blocked (4016.06/sec).
Executions attempted so far: 1000000 total 1000000 finished normally 0 blocked (4016.06/sec).
Executions attempted so far: 1000000 total 1000000 finished normally 0 blocked (4000.00/sec).
Executions attempted so far: 1000000 total 1000000 finished normally 0 blocked (3984.06/sec).
Executions attempted so far: 1000000 total 1000000 finished normally 0 blocked (3968.25/sec).
Executions attempted so far: 1000000 total 1000000 finished normally 0 blocked (3937.01/sec).
Executions attempted so far: 1000000 total 1000000 finished normally 0 blocked (3921.57/sec).
Executions attempted so far: 1000000 total 1000000 finished normally 0 blocked (3891.05/sec).
Executions attempted so far: 1000000 total 1000000 finished normally 0 blocked (3875.97/sec).
Executions attempted so far: 1000000 total 1000000 finished normally 0 blocked (3816.79/sec).
Executions attempted so far: 1000000 total 1000000 finished normally 0 blocked (3816.79/sec).
Executions attempted so far: 1000000 total 1000000 finished normally 0 blocked (3787.88/sec).
Executions attempted so far: 2000000 total 2000000 finished normally 0 blocked (4149.38/sec).
Executions attempted so far: 2000000 total 2000000 finished normally 0 blocked (4123.71/sec).
Executions attempted so far: 2000000 total 2000000 finished normally 0 blocked (4089.98/sec).
Executions attempted so far: 2000000 total 2000000 finished normally 0 blocked (4024.14/sec).
Executions attempted so far: 2000000 total 2000000 finished normally 0 blocked (3952.57/sec).
Executions attempted so far: 2000000 total 2000000 finished normally 0 blocked (3944.77/sec).
Executions attempted so far: 2000000 total 2000000 finished normally 0 blocked (3929.27/sec).
Executions attempted so far: 2000000 total 2000000 finished normally 0 blocked (3921.57/sec).
Executions attempted so far: 2000000 total 2000000 finished normally 0 blocked (3906.25/sec).
Executions attempted so far: 2000000 total 2000000 finished normally 0 blocked (3891.05/sec).
Executions attempted so far: 2000000 total 2000000 finished normally 0 blocked (3883.50/sec).
Executions attempted so far: 2000000 total 2000000 finished normally 0 blocked (3868.47/sec).
Executions attempted so far: 2000000 total 2000000 finished normally 0 blocked (3853.56/sec).
Executions attempted so far: 2000000 total 2000000 finished normally 0 blocked (3831.42/sec).
Executions attempted so far: 2000000 total 2000000 finished normally 0 blocked (3824.09/sec).
Executions attempted so far: 2000000 total 2000000 finished normally 0 blocked (3824.09/sec).
Executions attempted so far: 3000000 total 3000000 finished normally 0 blocked (4109.59/sec).
Executions attempted so far: 3000000 total 3000000 finished normally 0 blocked (4065.04/sec).
Executions attempted so far: 3000000 total 3000000 finished normally 0 blocked (4032.26/sec).
Executions attempted so far: 3000000 total 3000000 finished normally 0 blocked (4000.00/sec).
Executions attempted so far: 3000000 total 3000000 finished normally 0 blocked (3942.18/sec).
Executions attempted so far: 3000000 total 3000000 finished normally 0 blocked (3916.45/sec).
Executions attempted so far: 3000000 total 3000000 finished normally 0 blocked (3911.34/sec).
Executions attempted so far: 3000000 total 3000000 finished normally 0 blocked (3901.17/sec).
Executions attempted so far: 3000000 total 3000000 finished normally 0 blocked (3886.01/sec).
Executions attempted so far: 3000000 total 3000000 finished normally 0 blocked (3870.97/sec).
Executions attempted so far: 3000000 total 3000000 finished normally 0 blocked (3865.98/sec).
Executions attempted so far: 3000000 total 3000000 finished normally 0 blocked (3856.04/sec).
Executions attempted so far: 3000000 total 3000000 finished normally 0 blocked (3846.15/sec).
Executions attempted so far: 3000000 total 3000000 finished normally 0 blocked (3826.53/sec).
Executions attempted so far: 3000000 total 3000000 finished normally 0 blocked (3826.53/sec).
Executions attempted so far: 3000000 total 3000000 finished normally 0 blocked (3821.66/sec).
Executions attempted so far: 4000000 total 4000000 finished normally 0 blocked (4048.58/sec).
Executions attempted so far: 4000000 total 4000000 finished normally 0 blocked (4032.26/sec).
Executions attempted so far: 4000000 total 4000000 finished normally 0 blocked (3956.48/sec).
Executions attempted so far: 4000000 total 4000000 finished normally 0 blocked (3948.67/sec).
Executions attempted so far: 4000000 total 4000000 finished normally 0 blocked (3913.89/sec).
Executions attempted so far: 4000000 total 4000000 finished normally 0 blocked (3891.05/sec).
Executions attempted so far: 4000000 total 4000000 finished normally 0 blocked (3875.97/sec).
Executions attempted so far: 4000000 total 4000000 finished normally 0 blocked (3868.47/sec).
Executions attempted so far: 4000000 total 4000000 finished normally 0 blocked (3861.00/sec).
Executions attempted so far: 4000000 total 4000000 finished normally 0 blocked (3846.15/sec).
Executions attempted so far: 4000000 total 4000000 finished normally 0 blocked (3842.46/sec).
Executions attempted so far: 4000000 total 4000000 finished normally 0 blocked (3838.77/sec).
Executions attempted so far: 4000000 total 4000000 finished normally 0 blocked (3827.75/sec).
Executions attempted so far: 4000000 total 4000000 finished normally 0 blocked (3816.79/sec).
Executions attempted so far: 4000000 total 4000000 finished normally 0 blocked (3813.16/sec).
Executions attempted so far: 4000000 total 4000000 finished normally 0 blocked (3809.52/sec).
Executions attempted so far: 5000000 total 5000000 finished normally 0 blocked (4029.01/sec).
Executions attempted so far: 5000000 total 5000000 finished normally 0 blocked (4022.53/sec).
Executions attempted so far: 5000000 total 5000000 finished normally 0 blocked (3940.11/sec).
Executions attempted so far: 5000000 total 5000000 finished normally 0 blocked (3924.65/sec).
Executions attempted so far: 5000000 total 5000000 finished normally 0 blocked (3894.08/sec).
Executions attempted so far: 5000000 total 5000000 finished normally 0 blocked (3891.05/sec).
Executions attempted so far: 5000000 total 5000000 finished normally 0 blocked (3881.99/sec).
Executions attempted so far: 5000000 total 5000000 finished normally 0 blocked (3875.97/sec).
Executions attempted so far: 5000000 total 5000000 finished normally 0 blocked (3872.97/sec).
Executions attempted so far: 5000000 total 5000000 finished normally 0 blocked (3869.97/sec).
Executions attempted so far: 5000000 total 5000000 finished normally 0 blocked (3849.11/sec).
Executions attempted so far: 5000000 total 5000000 finished normally 0 blocked (3843.20/sec).
Executions attempted so far: 5000000 total 5000000 finished normally 0 blocked (3840.25/sec).
Executions attempted so far: 5000000 total 5000000 finished normally 0 blocked (3828.48/sec).
Executions attempted so far: 5000000 total 5000000 finished normally 0 blocked (3828.48/sec).
Executions attempted so far: 5000000 total 5000000 finished normally 0 blocked (3819.71/sec).
Executions attempted so far: 6000000 total 6000000 finished normally 0 blocked (4034.97/sec).
Executions attempted so far: 6000000 total 6000000 finished normally 0 blocked (4000.00/sec).
Executions attempted so far: 6000000 total 6000000 finished normally 0 blocked (3924.13/sec).
Executions attempted so far: 6000000 total 6000000 finished normally 0 blocked (3921.57/sec).
Executions attempted so far: 6000000 total 6000000 finished normally 0 blocked (3916.45/sec).
Executions attempted so far: 6000000 total 6000000 finished normally 0 blocked (3913.89/sec).
Executions attempted so far: 6000000 total 6000000 finished normally 0 blocked (3896.10/sec).
Executions attempted so far: 6000000 total 6000000 finished normally 0 blocked (3880.98/sec).
Executions attempted so far: 6000000 total 6000000 finished normally 0 blocked (3875.97/sec).
Executions attempted so far: 6000000 total 6000000 finished normally 0 blocked (3875.97/sec).
Executions attempted so far: 6000000 total 6000000 finished normally 0 blocked (3870.97/sec).
Executions attempted so far: 6000000 total 6000000 finished normally 0 blocked (3856.04/sec).
Executions attempted so far: 6000000 total 6000000 finished normally 0 blocked (3856.04/sec).
Executions attempted so far: 6000000 total 6000000 finished normally 0 blocked (3838.77/sec).
Executions attempted so far: 6000000 total 6000000 finished normally 0 blocked (3836.32/sec).
Executions attempted so far: 6000000 total 6000000 finished normally 0 blocked (3826.53/sec).
Executions attempted so far: 7000000 total 7000000 finished normally 0 blocked (4029.94/sec).
Executions attempted so far: 7000000 total 7000000 finished normally 0 blocked (3977.27/sec).
Executions attempted so far: 7000000 total 7000000 finished normally 0 blocked (3914.99/sec).
Executions attempted so far: 7000000 total 7000000 finished normally 0 blocked (3914.99/sec).
Executions attempted so far: 7000000 total 7000000 finished normally 0 blocked (3914.99/sec).
Executions attempted so far: 7000000 total 7000000 finished normally 0 blocked (3912.80/sec).
Executions attempted so far: 7000000 total 7000000 finished normally 0 blocked (3893.21/sec).
Executions attempted so far: 7000000 total 7000000 finished normally 0 blocked (3880.27/sec).
Executions attempted so far: 7000000 total 7000000 finished normally 0 blocked (3878.12/sec).
Executions attempted so far: 7000000 total 7000000 finished normally 0 blocked (3867.40/sec).
Executions attempted so far: 7000000 total 7000000 finished normally 0 blocked (3865.27/sec).
Executions attempted so far: 7000000 total 7000000 finished normally 0 blocked (3865.27/sec).
Executions attempted so far: 7000000 total 7000000 finished normally 0 blocked (3865.27/sec).
Executions attempted so far: 7000000 total 7000000 finished normally 0 blocked (3856.75/sec).
Executions attempted so far: 7000000 total 7000000 finished normally 0 blocked (3831.42/sec).
Executions attempted so far: 7000000 total 7000000 finished normally 0 blocked (3827.23/sec).
Executions attempted so far: 8000000 total 8000000 finished normally 0 blocked (4014.05/sec).
Executions attempted so far: 8000000 total 8000000 finished normally 0 blocked (3960.40/sec).
Executions attempted so far: 8000000 total 8000000 finished normally 0 blocked (3927.34/sec).
Executions attempted so far: 8000000 total 8000000 finished normally 0 blocked (3923.49/sec).
Executions attempted so far: 8000000 total 8000000 finished normally 0 blocked (3908.16/sec).
Executions attempted so far: 8000000 total 8000000 finished normally 0 blocked (3904.34/sec).
Executions attempted so far: 8000000 total 8000000 finished normally 0 blocked (3891.05/sec).
Executions attempted so far: 8000000 total 8000000 finished normally 0 blocked (3887.27/sec).
Executions attempted so far: 8000000 total 8000000 finished normally 0 blocked (3883.50/sec).
Executions attempted so far: 8000000 total 8000000 finished normally 0 blocked (3879.73/sec).
Executions attempted so far: 8000000 total 8000000 finished normally 0 blocked (3866.60/sec).
Executions attempted so far: 8000000 total 8000000 finished normally 0 blocked (3866.60/sec).
Executions attempted so far: 8000000 total 8000000 finished normally 0 blocked (3861.00/sec).
Executions attempted so far: 8000000 total 8000000 finished normally 0 blocked (3861.00/sec).
Executions attempted so far: 8000000 total 8000000 finished normally 0 blocked (3842.46/sec).
Executions attempted so far: 8000000 total 8000000 finished normally 0 blocked (3827.75/sec).
Executions attempted so far: 9000000 total 9000000 finished normally 0 blocked (4000.00/sec).
Executions attempted so far: 9000000 total 9000000 finished normally 0 blocked (3949.10/sec).
Executions attempted so far: 9000000 total 9000000 finished normally 0 blocked (3926.70/sec).
Executions attempted so far: 9000000 total 9000000 finished normally 0 blocked (3923.28/sec).
Executions attempted so far: 9000000 total 9000000 finished normally 0 blocked (3899.48/sec).
Executions attempted so far: 9000000 total 9000000 finished normally 0 blocked (3897.79/sec).
Executions attempted so far: 9000000 total 9000000 finished normally 0 blocked (3892.73/sec).
Executions attempted so far: 9000000 total 9000000 finished normally 0 blocked (3887.69/sec).
Executions attempted so far: 9000000 total 9000000 finished normally 0 blocked (3875.97/sec).
Executions attempted so far: 9000000 total 9000000 finished normally 0 blocked (3874.30/sec).
Executions attempted so far: 9000000 total 9000000 finished normally 0 blocked (3865.98/sec).
Executions attempted so far: 9000000 total 9000000 finished normally 0 blocked (3864.32/sec).
Executions attempted so far: 9000000 total 9000000 finished normally 0 blocked (3857.69/sec).
Executions attempted so far: 9000000 total 9000000 finished normally 0 blocked (3856.04/sec).
Executions attempted so far: 9000000 total 9000000 finished normally 0 blocked (3841.23/sec).
Executions attempted so far: 9000000 total 9000000 finished normally 0 blocked (3824.90/sec).
Executions attempted so far: 10000000 total 10000000 finished normally 0 blocked (3980.89/sec).
Executions attempted so far: 10000000 total 10000000 finished normally 0 blocked (3940.11/sec).
Executions attempted so far: 10000000 total 10000000 finished normally 0 blocked (3927.73/sec).
Executions attempted so far: 10000000 total 10000000 finished normally 0 blocked (3923.11/sec).
Executions attempted so far: 10000000 total 10000000 finished normally 0 blocked (3898.64/sec).
Executions attempted so far: 10000000 total 10000000 finished normally 0 blocked (3892.57/sec).
Executions attempted so far: 10000000 total 10000000 finished normally 0 blocked (3892.57/sec).
Executions attempted so far: 10000000 total 10000000 finished normally 0 blocked (3883.50/sec).
Executions attempted so far: 10000000 total 10000000 finished normally 0 blocked (3874.47/sec).
Executions attempted so far: 10000000 total 10000000 finished normally 0 blocked (3872.97/sec).
Executions attempted so far: 10000000 total 10000000 finished normally 0 blocked (3868.47/sec).
Executions attempted so far: 10000000 total 10000000 finished normally 0 blocked (3862.50/sec).
Executions attempted so far: 10000000 total 10000000 finished normally 0 blocked (3856.54/sec).
Executions attempted so far: 10000000 total 10000000 finished normally 0 blocked (3847.63/sec).
Executions attempted so far: 10000000 total 10000000 finished normally 0 blocked (3844.68/sec).
Executions attempted so far: 10000000 total 10000000 finished normally 0 blocked (3835.83/sec).
Executions attempted so far: 11000000 total 11000000 finished normally 0 blocked (3981.18/sec).
Executions attempted so far: 11000000 total 11000000 finished normally 0 blocked (3925.77/sec).
Executions attempted so far: 11000000 total 11000000 finished normally 0 blocked (3925.77/sec).
Executions attempted so far: 11000000 total 11000000 finished normally 0 blocked (3924.37/sec).
Executions attempted so far: 11000000 total 11000000 finished normally 0 blocked (3907.64/sec).
Executions attempted so far: 11000000 total 11000000 finished normally 0 blocked (3886.93/sec).
Executions attempted so far: 11000000 total 11000000 finished normally 0 blocked (3882.81/sec).
Executions attempted so far: 11000000 total 11000000 finished normally 0 blocked (3878.70/sec).
Executions attempted so far: 11000000 total 11000000 finished normally 0 blocked (3870.51/sec).
Executions attempted so far: 11000000 total 11000000 finished normally 0 blocked (3865.07/sec).
Executions attempted so far: 11000000 total 11000000 finished normally 0 blocked (3861.00/sec).
Executions attempted so far: 11000000 total 11000000 finished normally 0 blocked (3854.24/sec).
Executions attempted so far: 11000000 total 11000000 finished normally 0 blocked (3848.85/sec).
Executions attempted so far: 11000000 total 11000000 finished normally 0 blocked (3844.81/sec).
Executions attempted so far: 11000000 total 11000000 finished normally 0 blocked (3838.10/sec).
Executions attempted so far: 11000000 total 11000000 finished normally 0 blocked (3836.76/sec).
Executions attempted so far: 12000000 total 12000000 finished normally 0 blocked (3978.78/sec).
Executions attempted so far: 12000000 total 12000000 finished normally 0 blocked (3922.85/sec).
Executions attempted so far: 12000000 total 12000000 finished normally 0 blocked (3919.01/sec).
Executions attempted so far: 12000000 total 12000000 finished normally 0 blocked (3913.89/sec).
Executions attempted so far: 12000000 total 12000000 finished normally 0 blocked (3910.07/sec).
Executions attempted so far: 12000000 total 12000000 finished normally 0 blocked (3878.47/sec).
Executions attempted so far: 12000000 total 12000000 finished normally 0 blocked (3873.47/sec).
Executions attempted so far: 12000000 total 12000000 finished normally 0 blocked (3869.72/sec).
Executions attempted so far: 12000000 total 12000000 finished normally 0 blocked (3868.47/sec).
Executions attempted so far: 12000000 total 12000000 finished normally 0 blocked (3858.52/sec).
Executions attempted so far: 12000000 total 12000000 finished normally 0 blocked (3847.39/sec).
Executions attempted so far: 12000000 total 12000000 finished normally 0 blocked (3844.92/sec).
Executions attempted so far: 12000000 total 12000000 finished normally 0 blocked (3838.77/sec).
Executions attempted so far: 12000000 total 12000000 finished normally 0 blocked (3825.31/sec).
Executions attempted so far: 12000000 total 12000000 finished normally 0 blocked (3824.09/sec).
Executions attempted so far: 12000000 total 12000000 finished normally 0 blocked (3821.66/sec).
Executions attempted so far: 13000000 total 13000000 finished normally 0 blocked (3973.11/sec).
Executions attempted so far: 13000000 total 13000000 finished normally 0 blocked (3915.66/sec).
Executions attempted so far: 13000000 total 13000000 finished normally 0 blocked (3910.95/sec).
Executions attempted so far: 13000000 total 13000000 finished normally 0 blocked (3906.25/sec).
Executions attempted so far: 13000000 total 13000000 finished normally 0 blocked (3900.39/sec).
Executions attempted so far: 13000000 total 13000000 finished normally 0 blocked (3873.66/sec).
Executions attempted so far: 13000000 total 13000000 finished normally 0 blocked (3870.20/sec).
Executions attempted so far: 13000000 total 13000000 finished normally 0 blocked (3864.45/sec).
Executions attempted so far: 13000000 total 13000000 finished normally 0 blocked (3856.42/sec).
Executions attempted so far: 13000000 total 13000000 finished normally 0 blocked (3854.14/sec).
Executions attempted so far: 13000000 total 13000000 finished normally 0 blocked (3840.47/sec).
Executions attempted so far: 13000000 total 13000000 finished normally 0 blocked (3837.07/sec).
Executions attempted so far: 13000000 total 13000000 finished normally 0 blocked (3829.16/sec).
Executions attempted so far: 13000000 total 13000000 finished normally 0 blocked (3816.79/sec).
Executions attempted so far: 13000000 total 13000000 finished normally 0 blocked (3810.08/sec).
Executions attempted so far: 13000000 total 13000000 finished normally 0 blocked (3797.84/sec).
Executions attempted so far: 14000000 total 14000000 finished normally 0 blocked (3968.25/sec).
Executions attempted so far: 14000000 total 14000000 finished normally 0 blocked (3912.80/sec).
Executions attempted so far: 14000000 total 14000000 finished normally 0 blocked (3911.71/sec).
Executions attempted so far: 14000000 total 14000000 finished normally 0 blocked (3907.34/sec).
Executions attempted so far: 14000000 total 14000000 finished normally 0 blocked (3872.75/sec).
Executions attempted so far: 14000000 total 14000000 finished normally 0 blocked (3864.20/sec).
Executions attempted so far: 14000000 total 14000000 finished normally 0 blocked (3859.94/sec).
Executions attempted so far: 14000000 total 14000000 finished normally 0 blocked (3851.44/sec).
Executions attempted so far: 14000000 total 14000000 finished normally 0 blocked (3850.39/sec).
Executions attempted so far: 14000000 total 14000000 finished normally 0 blocked (3846.15/sec).
Executions attempted so far: 14000000 total 14000000 finished normally 0 blocked (3835.62/sec).
Executions attempted so far: 14000000 total 14000000 finished normally 0 blocked (3834.57/sec).
Executions attempted so far: 14000000 total 14000000 finished normally 0 blocked (3820.96/sec).
Executions attempted so far: 14000000 total 14000000 finished normally 0 blocked (3805.38/sec).
Executions attempted so far: 14000000 total 14000000 finished normally 0 blocked (3801.25/sec).
Executions attempted so far: 14000000 total 14000000 finished normally 0 blocked (3777.66/sec).
Executions attempted so far: 15000000 total 15000000 finished normally 0 blocked (3963.01/sec).
Executions attempted so far: 15000000 total 15000000 finished normally 0 blocked (3914.41/sec).
Executions attempted so far: 15000000 total 15000000 finished normally 0 blocked (3909.30/sec).
Executions attempted so far: 15000000 total 15000000 finished normally 0 blocked (3902.19/sec).
Executions attempted so far: 15000000 total 15000000 finished normally 0 blocked (3862.00/sec).
Executions attempted so far: 15000000 total 15000000 finished normally 0 blocked (3855.05/sec).
Executions attempted so far: 15000000 total 15000000 finished normally 0 blocked (3854.06/sec).
Executions attempted so far: 15000000 total 15000000 finished normally 0 blocked (3841.23/sec).
Executions attempted so far: 15000000 total 15000000 finished normally 0 blocked (3838.28/sec).
Executions attempted so far: 15000000 total 15000000 finished normally 0 blocked (3837.30/sec).
Executions attempted so far: 15000000 total 15000000 finished normally 0 blocked (3830.44/sec).
Executions attempted so far: 15000000 total 15000000 finished normally 0 blocked (3828.48/sec).
Executions attempted so far: 15000000 total 15000000 finished normally 0 blocked (3814.85/sec).
Executions attempted so far: 15000000 total 15000000 finished normally 0 blocked (3801.32/sec).
Executions attempted so far: 15000000 total 15000000 finished normally 0 blocked (3799.39/sec).
Executions attempted so far: 15000000 total 15000000 finished normally 0 blocked (3758.46/sec).
Executions attempted so far: 16000000 total 16000000 finished normally 0 blocked (3952.57/sec).
Executions attempted so far: 16000000 total 16000000 finished normally 0 blocked (3919.65/sec).
Executions attempted so far: 16000000 total 16000000 finished normally 0 blocked (3911.02/sec).
Executions attempted so far: 16000000 total 16000000 finished normally 0 blocked (3895.79/sec).
Executions attempted so far: 16000000 total 16000000 finished normally 0 blocked (3857.28/sec).
Executions attempted so far: 16000000 total 16000000 finished normally 0 blocked (3855.42/sec).
Executions attempted so far: 16000000 total 16000000 finished normally 0 blocked (3844.31/sec).
Executions attempted so far: 16000000 total 16000000 finished normally 0 blocked (3841.54/sec).
Executions attempted so far: 16000000 total 16000000 finished normally 0 blocked (3836.93/sec).
Executions attempted so far: 16000000 total 16000000 finished normally 0 blocked (3832.34/sec).
Executions attempted so far: 16000000 total 16000000 finished normally 0 blocked (3830.50/sec).
Executions attempted so far: 16000000 total 16000000 finished normally 0 blocked (3826.84/sec).
Executions attempted so far: 16000000 total 16000000 finished normally 0 blocked (3810.43/sec).
Executions attempted so far: 16000000 total 16000000 finished normally 0 blocked (3795.97/sec).
Executions attempted so far: 16000000 total 16000000 finished normally 0 blocked (3795.97/sec).
Executions attempted so far: 16000000 total 16000000 finished normally 0 blocked (3747.07/sec).
Executions attempted so far: 17000000 total 17000000 finished normally 0 blocked (3948.90/sec).
Executions attempted so far: 17000000 total 17000000 finished normally 0 blocked (3919.76/sec).
Executions attempted so far: 17000000 total 17000000 finished normally 0 blocked (3914.34/sec).
Executions attempted so far: 17000000 total 17000000 finished normally 0 blocked (3895.51/sec).
Executions attempted so far: 17000000 total 17000000 finished normally 0 blocked (3854.00/sec).
Executions attempted so far: 17000000 total 17000000 finished normally 0 blocked (3853.13/sec).
Executions attempted so far: 17000000 total 17000000 finished normally 0 blocked (3843.55/sec).
Executions attempted so far: 17000000 total 17000000 finished normally 0 blocked (3840.07/sec).
Executions attempted so far: 17000000 total 17000000 finished normally 0 blocked (3834.01/sec).
Executions attempted so far: 17000000 total 17000000 finished normally 0 blocked (3832.28/sec).
Executions attempted so far: 17000000 total 17000000 finished normally 0 blocked (3829.69/sec).
Executions attempted so far: 17000000 total 17000000 finished normally 0 blocked (3825.38/sec).
Executions attempted so far: 17000000 total 17000000 finished normally 0 blocked (3803.98/sec).
Executions attempted so far: 17000000 total 17000000 finished normally 0 blocked (3790.41/sec).
Executions attempted so far: 17000000 total 17000000 finished normally 0 blocked (3789.57/sec).
Executions attempted so far: 17000000 total 17000000 finished normally 0 blocked (3739.55/sec).
Executions attempted so far: 18000000 total 18000000 finished normally 0 blocked (3943.04/sec).
Executions attempted so far: 18000000 total 18000000 finished normally 0 blocked (3919.01/sec).
Executions attempted so far: 18000000 total 18000000 finished normally 0 blocked (3912.19/sec).
Executions attempted so far: 18000000 total 18000000 finished normally 0 blocked (3897.79/sec).
Executions attempted so far: 18000000 total 18000000 finished normally 0 blocked (3850.27/sec).
Executions attempted so far: 18000000 total 18000000 finished normally 0 blocked (3849.44/sec).
Executions attempted so far: 18000000 total 18000000 finished normally 0 blocked (3845.33/sec).
Executions attempted so far: 18000000 total 18000000 finished normally 0 blocked (3833.87/sec).
Executions attempted so far: 18000000 total 18000000 finished normally 0 blocked (3833.05/sec).
Executions attempted so far: 18000000 total 18000000 finished normally 0 blocked (3827.34/sec).
Executions attempted so far: 18000000 total 18000000 finished normally 0 blocked (3826.53/sec).
Executions attempted so far: 18000000 total 18000000 finished normally 0 blocked (3824.90/sec).
Executions attempted so far: 18000000 total 18000000 finished normally 0 blocked (3802.28/sec).
Executions attempted so far: 18000000 total 18000000 finished normally 0 blocked (3784.69/sec).
Executions attempted so far: 18000000 total 18000000 finished normally 0 blocked (3783.10/sec).
Executions attempted so far: 19000000 total 19000000 finished normally 0 blocked (3940.27/sec).
Executions attempted so far: 18000000 total 18000000 finished normally 0 blocked (3732.89/sec).
Executions attempted so far: 19000000 total 19000000 finished normally 0 blocked (3917.53/sec).
Executions attempted so far: 19000000 total 19000000 finished normally 0 blocked (3911.88/sec).
Executions attempted so far: 19000000 total 19000000 finished normally 0 blocked (3902.24/sec).
Executions attempted so far: 19000000 total 19000000 finished normally 0 blocked (3847.71/sec).
Executions attempted so far: 19000000 total 19000000 finished normally 0 blocked (3846.93/sec).
Executions attempted so far: 19000000 total 19000000 finished normally 0 blocked (3843.04/sec).
Executions attempted so far: 19000000 total 19000000 finished normally 0 blocked (3835.28/sec).
Executions attempted so far: 19000000 total 19000000 finished normally 0 blocked (3826.79/sec).
Executions attempted so far: 19000000 total 19000000 finished normally 0 blocked (3823.71/sec).
Executions attempted so far: 19000000 total 19000000 finished normally 0 blocked (3822.17/sec).
Executions attempted so far: 19000000 total 19000000 finished normally 0 blocked (3819.10/sec).
Executions attempted so far: 19000000 total 19000000 finished normally 0 blocked (3794.69/sec).
Executions attempted so far: 19000000 total 19000000 finished normally 0 blocked (3780.34/sec).
Executions attempted so far: 19000000 total 19000000 finished normally 0 blocked (3778.09/sec).
Executions attempted so far: 20000000 total 20000000 finished normally 0 blocked (3943.22/sec).
Executions attempted so far: 19000000 total 19000000 finished normally 0 blocked (3731.34/sec).
Executions attempted so far: 20000000 total 20000000 finished normally 0 blocked (3914.66/sec).
Executions attempted so far: 20000000 total 20000000 finished normally 0 blocked (3911.60/sec).
Executions attempted so far: 20000000 total 20000000 finished normally 0 blocked (3898.64/sec).
Executions attempted so far: 20000000 total 20000000 finished normally 0 blocked (3846.15/sec).
Executions attempted so far: 20000000 total 20000000 finished normally 0 blocked (3843.94/sec).
Executions attempted so far: 20000000 total 20000000 finished normally 0 blocked (3835.09/sec).
Executions attempted so far: 20000000 total 20000000 finished normally 0 blocked (3830.68/sec).
Executions attempted so far: 20000000 total 20000000 finished normally 0 blocked (3820.44/sec).
Executions attempted so far: 20000000 total 20000000 finished normally 0 blocked (3818.98/sec).
Executions attempted so far: 20000000 total 20000000 finished normally 0 blocked (3816.79/sec).
Executions attempted so far: 20000000 total 20000000 finished normally 0 blocked (3810.25/sec).
Executions attempted so far: 20000000 total 20000000 finished normally 0 blocked (3792.19/sec).
Executions attempted so far: 20000000 total 20000000 finished normally 0 blocked (3775.01/sec).
Executions attempted so far: 20000000 total 20000000 finished normally 0 blocked (3774.30/sec).
Executions attempted so far: 21000000 total 21000000 finished normally 0 blocked (3945.89/sec).
Executions attempted so far: 21000000 total 21000000 finished normally 0 blocked (3912.80/sec).
Executions attempted so far: 20000000 total 20000000 finished normally 0 blocked (3724.39/sec).
Executions attempted so far: 21000000 total 21000000 finished normally 0 blocked (3909.89/sec).
Executions attempted so far: 21000000 total 21000000 finished normally 0 blocked (3899.72/sec).
Executions attempted so far: 21000000 total 21000000 finished normally 0 blocked (3846.15/sec).
Executions attempted so far: 21000000 total 21000000 finished normally 0 blocked (3832.12/sec).
Executions attempted so far: 21000000 total 21000000 finished normally 0 blocked (3831.42/sec).
Executions attempted so far: 21000000 total 21000000 finished normally 0 blocked (3823.05/sec).
Executions attempted so far: 21000000 total 21000000 finished normally 0 blocked (3816.10/sec).
Executions attempted so far: 21000000 total 21000000 finished normally 0 blocked (3816.10/sec).
Executions attempted so far: 21000000 total 21000000 finished normally 0 blocked (3815.41/sec).
Executions attempted so far: 21000000 total 21000000 finished normally 0 blocked (3804.35/sec).
Executions attempted so far: 21000000 total 21000000 finished normally 0 blocked (3792.67/sec).
Executions attempted so far: 21000000 total 21000000 finished normally 0 blocked (3772.91/sec).
Executions attempted so far: 21000000 total 21000000 finished normally 0 blocked (3770.87/sec).
Executions attempted so far: 22000000 total 22000000 finished normally 0 blocked (3948.31/sec).
Executions attempted so far: 22000000 total 22000000 finished normally 0 blocked (3913.20/sec).
Executions attempted so far: 22000000 total 22000000 finished normally 0 blocked (3909.72/sec).
Executions attempted so far: 22000000 total 22000000 finished normally 0 blocked (3901.40/sec).
Executions attempted so far: 21000000 total 21000000 finished normally 0 blocked (3716.81/sec).
Executions attempted so far: 22000000 total 22000000 finished normally 0 blocked (3846.15/sec).
Executions attempted so far: 22000000 total 22000000 finished normally 0 blocked (3831.42/sec).
Executions attempted so far: 22000000 total 22000000 finished normally 0 blocked (3824.09/sec).
Executions attempted so far: 22000000 total 22000000 finished normally 0 blocked (3820.11/sec).
Executions attempted so far: 22000000 total 22000000 finished normally 0 blocked (3816.79/sec).
Executions attempted so far: 22000000 total 22000000 finished normally 0 blocked (3813.49/sec).
Executions attempted so far: 22000000 total 22000000 finished normally 0 blocked (3812.82/sec).
Executions attempted so far: 22000000 total 22000000 finished normally 0 blocked (3799.00/sec).
Executions attempted so far: 22000000 total 22000000 finished normally 0 blocked (3786.57/sec).
Executions attempted so far: 23000000 total 23000000 finished normally 0 blocked (3947.82/sec).
Executions attempted so far: 22000000 total 22000000 finished normally 0 blocked (3770.35/sec).
Executions attempted so far: 22000000 total 22000000 finished normally 0 blocked (3767.77/sec).
Executions attempted so far: 23000000 total 23000000 finished normally 0 blocked (3913.56/sec).
Executions attempted so far: 23000000 total 23000000 finished normally 0 blocked (3907.58/sec).
Executions attempted so far: 23000000 total 23000000 finished normally 0 blocked (3900.95/sec).
Executions attempted so far: 22000000 total 22000000 finished normally 0 blocked (3716.84/sec).
Executions attempted so far: 23000000 total 23000000 finished normally 0 blocked (3846.80/sec).
Executions attempted so far: 23000000 total 23000000 finished normally 0 blocked (3827.59/sec).
Executions attempted so far: 23000000 total 23000000 finished normally 0 blocked (3820.60/sec).
Executions attempted so far: 23000000 total 23000000 finished normally 0 blocked (3813.63/sec).
Executions attempted so far: 23000000 total 23000000 finished normally 0 blocked (3809.84/sec).
Executions attempted so far: 23000000 total 23000000 finished normally 0 blocked (3806.69/sec).
Executions attempted so far: 23000000 total 23000000 finished normally 0 blocked (3806.06/sec).
Executions attempted so far: 23000000 total 23000000 finished normally 0 blocked (3792.25/sec).
Executions attempted so far: 23000000 total 23000000 finished normally 0 blocked (3786.63/sec).
Executions attempted so far: 24000000 total 24000000 finished normally 0 blocked (3940.24/sec).
Executions attempted so far: 23000000 total 23000000 finished normally 0 blocked (3768.02/sec).
Executions attempted so far: 23000000 total 23000000 finished normally 0 blocked (3766.79/sec).
Executions attempted so far: 24000000 total 24000000 finished normally 0 blocked (3910.07/sec).
Executions attempted so far: 24000000 total 24000000 finished normally 0 blocked (3907.52/sec).
Executions attempted so far: 24000000 total 24000000 finished normally 0 blocked (3903.71/sec).
Executions attempted so far: 23000000 total 23000000 finished normally 0 blocked (3710.87/sec).
Executions attempted so far: 24000000 total 24000000 finished normally 0 blocked (3849.86/sec).
Executions attempted so far: 24000000 total 24000000 finished normally 0 blocked (3818.62/sec).
Executions attempted so far: 24000000 total 24000000 finished normally 0 blocked (3815.58/sec).
Executions attempted so far: 24000000 total 24000000 finished normally 0 blocked (3808.31/sec).
Executions attempted so far: 24000000 total 24000000 finished normally 0 blocked (3807.71/sec).
Executions attempted so far: 24000000 total 24000000 finished normally 0 blocked (3806.50/sec).
Executions attempted so far: 24000000 total 24000000 finished normally 0 blocked (3802.88/sec).
Executions attempted so far: 24000000 total 24000000 finished normally 0 blocked (3793.87/sec).
Executions attempted so far: 24000000 total 24000000 finished normally 0 blocked (3790.87/sec).
Executions attempted so far: 25000000 total 25000000 finished normally 0 blocked (3934.53/sec).
Executions attempted so far: 24000000 total 24000000 finished normally 0 blocked (3767.07/sec).
Executions attempted so far: 24000000 total 24000000 finished normally 0 blocked (3764.71/sec).
Executions attempted so far: 25000000 total 25000000 finished normally 0 blocked (3912.98/sec).
Executions attempted so far: 25000000 total 25000000 finished normally 0 blocked (3905.03/sec).
Executions attempted so far: 25000000 total 25000000 finished normally 0 blocked (3894.69/sec).
Executions attempted so far: 24000000 total 24000000 finished normally 0 blocked (3701.99/sec).
Executions attempted so far: 25000000 total 25000000 finished normally 0 blocked (3852.08/sec).
Executions attempted so far: 25000000 total 25000000 finished normally 0 blocked (3815.05/sec).
Executions attempted so far: 25000000 total 25000000 finished normally 0 blocked (3814.46/sec).
Executions attempted so far: 25000000 total 25000000 finished normally 0 blocked (3806.33/sec).
Executions attempted so far: 25000000 total 25000000 finished normally 0 blocked (3802.28/sec).
Executions attempted so far: 25000000 total 25000000 finished normally 0 blocked (3802.28/sec).
Executions attempted so far: 25000000 total 25000000 finished normally 0 blocked (3799.97/sec).
Executions attempted so far: 25000000 total 25000000 finished normally 0 blocked (3797.08/sec).
Executions attempted so far: 25000000 total 25000000 finished normally 0 blocked (3787.30/sec).
Executions attempted so far: 26000000 total 26000000 finished normally 0 blocked (3933.43/sec).
Executions attempted so far: 25000000 total 25000000 finished normally 0 blocked (3765.63/sec).
Executions attempted so far: 25000000 total 25000000 finished normally 0 blocked (3763.36/sec).
Executions attempted so far: 26000000 total 26000000 finished normally 0 blocked (3912.13/sec).
Executions attempted so far: 26000000 total 26000000 finished normally 0 blocked (3906.84/sec).
Executions attempted so far: 26000000 total 26000000 finished normally 0 blocked (3882.34/sec).
Executions attempted so far: 26000000 total 26000000 finished normally 0 blocked (3849.00/sec).
Executions attempted so far: 25000000 total 25000000 finished normally 0 blocked (3692.22/sec).
Executions attempted so far: 26000000 total 26000000 finished normally 0 blocked (3810.64/sec).
Executions attempted so far: 26000000 total 26000000 finished normally 0 blocked (3806.73/sec).
Executions attempted so far: 26000000 total 26000000 finished normally 0 blocked (3801.73/sec).
Executions attempted so far: 26000000 total 26000000 finished normally 0 blocked (3794.51/sec).
Executions attempted so far: 26000000 total 26000000 finished normally 0 blocked (3792.85/sec).
Executions attempted so far: 26000000 total 26000000 finished normally 0 blocked (3792.30/sec).
Executions attempted so far: 26000000 total 26000000 finished normally 0 blocked (3788.98/sec).
Executions attempted so far: 27000000 total 27000000 finished normally 0 blocked (3932.42/sec).
Executions attempted so far: 26000000 total 26000000 finished normally 0 blocked (3781.82/sec).
Executions attempted so far: 27000000 total 27000000 finished normally 0 blocked (3906.82/sec).
Executions attempted so far: 27000000 total 27000000 finished normally 0 blocked (3905.68/sec).
Executions attempted so far: 26000000 total 26000000 finished normally 0 blocked (3758.85/sec).
Executions attempted so far: 26000000 total 26000000 finished normally 0 blocked (3758.31/sec).
Executions attempted so far: 27000000 total 27000000 finished normally 0 blocked (3868.75/sec).
Executions attempted so far: 27000000 total 27000000 finished normally 0 blocked (3839.04/sec).
Executions attempted so far: 26000000 total 26000000 finished normally 0 blocked (3683.24/sec).
Executions attempted so far: 27000000 total 27000000 finished normally 0 blocked (3806.57/sec).
Executions attempted so far: 27000000 total 27000000 finished normally 0 blocked (3801.21/sec).
Executions attempted so far: 27000000 total 27000000 finished normally 0 blocked (3800.68/sec).
Executions attempted so far: 27000000 total 27000000 finished normally 0 blocked (3791.07/sec).
Executions attempted so far: 28000000 total 28000000 finished normally 0 blocked (3929.27/sec).
Executions attempted so far: 27000000 total 27000000 finished normally 0 blocked (3786.29/sec).
Executions attempted so far: 27000000 total 27000000 finished normally 0 blocked (3783.10/sec).
Executions attempted so far: 27000000 total 27000000 finished normally 0 blocked (3780.98/sec).
Executions attempted so far: 27000000 total 27000000 finished normally 0 blocked (3776.75/sec).
Executions attempted so far: 28000000 total 28000000 finished normally 0 blocked (3901.35/sec).
Executions attempted so far: 28000000 total 28000000 finished normally 0 blocked (3899.72/sec).
Executions attempted so far: 27000000 total 27000000 finished normally 0 blocked (3755.22/sec).
Executions attempted so far: 27000000 total 27000000 finished normally 0 blocked (3752.61/sec).
Executions attempted so far: 28000000 total 28000000 finished normally 0 blocked (3858.88/sec).
Executions attempted so far: 28000000 total 28000000 finished normally 0 blocked (3828.80/sec).
Executions attempted so far: 27000000 total 27000000 finished normally 0 blocked (3679.48/sec).
Executions attempted so far: 28000000 total 28000000 finished normally 0 blocked (3802.80/sec).
Executions attempted so far: 28000000 total 28000000 finished normally 0 blocked (3796.61/sec).
Executions attempted so far: 28000000 total 28000000 finished normally 0 blocked (3794.55/sec).
Executions attempted so far: 29000000 total 29000000 finished normally 0 blocked (3925.28/sec).
Executions attempted so far: 28000000 total 28000000 finished normally 0 blocked (3787.37/sec).
Executions attempted so far: 28000000 total 28000000 finished normally 0 blocked (3780.21/sec).
Executions attempted so far: 28000000 total 28000000 finished normally 0 blocked (3779.19/sec).
Executions attempted so far: 28000000 total 28000000 finished normally 0 blocked (3778.17/sec).
Executions attempted so far: 28000000 total 28000000 finished normally 0 blocked (3771.04/sec).
Executions attempted so far: 29000000 total 29000000 finished normally 0 blocked (3899.95/sec).
Executions attempted so far: 29000000 total 29000000 finished normally 0 blocked (3893.14/sec).
Executions attempted so far: 28000000 total 28000000 finished normally 0 blocked (3751.34/sec).
Executions attempted so far: 28000000 total 28000000 finished normally 0 blocked (3750.33/sec).
Executions attempted so far: 29000000 total 29000000 finished normally 0 blocked (3858.95/sec).
Executions attempted so far: 29000000 total 29000000 finished normally 0 blocked (3824.85/sec).
Executions attempted so far: 28000000 total 28000000 finished normally 0 blocked (3682.76/sec).
Executions attempted so far: 29000000 total 29000000 finished normally 0 blocked (3796.31/sec).
Executions attempted so far: 29000000 total 29000000 finished normally 0 blocked (3791.35/sec).
Executions attempted so far: 30000000 total 30000000 finished normally 0 blocked (3920.54/sec).
Executions attempted so far: 29000000 total 29000000 finished normally 0 blocked (3785.41/sec).
Executions attempted so far: 29000000 total 29000000 finished normally 0 blocked (3780.96/sec).
Executions attempted so far: 29000000 total 29000000 finished normally 0 blocked (3775.06/sec).
Executions attempted so far: 29000000 total 29000000 finished normally 0 blocked (3772.60/sec).
Executions attempted so far: 29000000 total 29000000 finished normally 0 blocked (3770.64/sec).
Executions attempted so far: 30000000 total 30000000 finished normally 0 blocked (3896.10/sec).
Executions attempted so far: 29000000 total 29000000 finished normally 0 blocked (3761.35/sec).
Executions attempted so far: 30000000 total 30000000 finished normally 0 blocked (3878.47/sec).
Executions attempted so far: 29000000 total 29000000 finished normally 0 blocked (3747.25/sec).
Executions attempted so far: 29000000 total 29000000 finished normally 0 blocked (3740.49/sec).
Executions attempted so far: 30000000 total 30000000 finished normally 0 blocked (3855.55/sec).
Executions attempted so far: 30000000 total 30000000 finished normally 0 blocked (3817.28/sec).
Executions attempted so far: 29000000 total 29000000 finished normally 0 blocked (3680.67/sec).
Executions attempted so far: 30000000 total 30000000 finished normally 0 blocked (3789.31/sec).
Executions attempted so far: 31000000 total 31000000 finished normally 0 blocked (3914.64/sec).
Executions attempted so far: 30000000 total 30000000 finished normally 0 blocked (3784.06/sec).
Executions attempted so far: 30000000 total 30000000 finished normally 0 blocked (3775.96/sec).
Executions attempted so far: 30000000 total 30000000 finished normally 0 blocked (3774.06/sec).
Executions attempted so far: 30000000 total 30000000 finished normally 0 blocked (3769.32/sec).
Executions attempted so far: 31000000 total 31000000 finished normally 0 blocked (3893.49/sec).
Executions attempted so far: 30000000 total 30000000 finished normally 0 blocked (3764.59/sec).
Executions attempted so far: 30000000 total 30000000 finished normally 0 blocked (3763.64/sec).
Executions attempted so far: 30000000 total 30000000 finished normally 0 blocked (3759.40/sec).
Executions attempted so far: 30000000 total 30000000 finished normally 0 blocked (3750.00/sec).
Executions attempted so far: 31000000 total 31000000 finished normally 0 blocked (3870.16/sec).
Executions attempted so far: 30000000 total 30000000 finished normally 0 blocked (3735.99/sec).
Executions attempted so far: 31000000 total 31000000 finished normally 0 blocked (3855.72/sec).
Executions attempted so far: 31000000 total 31000000 finished normally 0 blocked (3816.32/sec).
Executions attempted so far: 30000000 total 30000000 finished normally 0 blocked (3681.89/sec).
Executions attempted so far: 32000000 total 32000000 finished normally 0 blocked (3915.33/sec).
Executions attempted so far: 31000000 total 31000000 finished normally 0 blocked (3789.27/sec).
Executions attempted so far: 31000000 total 31000000 finished normally 0 blocked (3785.57/sec).
Executions attempted so far: 32000000 total 32000000 finished normally 0 blocked (3899.59/sec).
Executions attempted so far: 31000000 total 31000000 finished normally 0 blocked (3776.80/sec).
Executions attempted so far: 31000000 total 31000000 finished normally 0 blocked (3776.34/sec).
Executions attempted so far: 31000000 total 31000000 finished normally 0 blocked (3769.00/sec).
Executions attempted so far: 31000000 total 31000000 finished normally 0 blocked (3768.08/sec).
Executions attempted so far: 31000000 total 31000000 finished normally 0 blocked (3766.25/sec).
Executions attempted so far: 31000000 total 31000000 finished normally 0 blocked (3766.25/sec).
Executions attempted so far: 31000000 total 31000000 finished normally 0 blocked (3759.85/sec).
Executions attempted so far: 32000000 total 32000000 finished normally 0 blocked (3872.22/sec).
Executions attempted so far: 31000000 total 31000000 finished normally 0 blocked (3735.39/sec).
Executions attempted so far: 32000000 total 32000000 finished normally 0 blocked (3854.96/sec).
Executions attempted so far: 32000000 total 32000000 finished normally 0 blocked (3814.06/sec).
Executions attempted so far: 31000000 total 31000000 finished normally 0 blocked (3681.71/sec).
Executions attempted so far: 33000000 total 33000000 finished normally 0 blocked (3910.42/sec).
Executions attempted so far: 32000000 total 32000000 finished normally 0 blocked (3781.17/sec).
Executions attempted so far: 32000000 total 32000000 finished normally 0 blocked (3778.49/sec).
Executions attempted so far: 33000000 total 33000000 finished normally 0 blocked (3894.26/sec).
Executions attempted so far: 32000000 total 32000000 finished normally 0 blocked (3769.14/sec).
Executions attempted so far: 32000000 total 32000000 finished normally 0 blocked (3767.81/sec).
Executions attempted so far: 32000000 total 32000000 finished normally 0 blocked (3761.17/sec).
Executions attempted so far: 32000000 total 32000000 finished normally 0 blocked (3758.96/sec).
Executions attempted so far: 32000000 total 32000000 finished normally 0 blocked (3758.96/sec).
Executions attempted so far: 32000000 total 32000000 finished normally 0 blocked (3758.96/sec).
Executions attempted so far: 32000000 total 32000000 finished normally 0 blocked (3756.75/sec).
Executions attempted so far: 33000000 total 33000000 finished normally 0 blocked (3864.62/sec).
Executions attempted so far: 33000000 total 33000000 finished normally 0 blocked (3848.40/sec).
Executions attempted so far: 32000000 total 32000000 finished normally 0 blocked (3726.56/sec).
Executions attempted so far: 33000000 total 33000000 finished normally 0 blocked (3810.62/sec).
Executions attempted so far: 32000000 total 32000000 finished normally 0 blocked (3681.97/sec).
Executions attempted so far: 34000000 total 34000000 finished normally 0 blocked (3908.05/sec).
Executions attempted so far: 34000000 total 34000000 finished normally 0 blocked (3898.19/sec).
Executions attempted so far: 33000000 total 33000000 finished normally 0 blocked (3780.07/sec).
Executions attempted so far: 33000000 total 33000000 finished normally 0 blocked (3779.64/sec).
Executions attempted so far: 33000000 total 33000000 finished normally 0 blocked (3772.29/sec).
Executions attempted so far: 33000000 total 33000000 finished normally 0 blocked (3769.71/sec).
Executions attempted so far: 33000000 total 33000000 finished normally 0 blocked (3762.40/sec).
Executions attempted so far: 33000000 total 33000000 finished normally 0 blocked (3761.11/sec).
Executions attempted so far: 33000000 total 33000000 finished normally 0 blocked (3759.40/sec).
Executions attempted so far: 33000000 total 33000000 finished normally 0 blocked (3759.40/sec).
Executions attempted so far: 33000000 total 33000000 finished normally 0 blocked (3757.69/sec).
Executions attempted so far: 34000000 total 34000000 finished normally 0 blocked (3867.59/sec).
Executions attempted so far: 34000000 total 34000000 finished normally 0 blocked (3854.00/sec).
Executions attempted so far: 33000000 total 33000000 finished normally 0 blocked (3728.39/sec).
Executions attempted so far: 34000000 total 34000000 finished normally 0 blocked (3811.23/sec).
Executions attempted so far: 35000000 total 35000000 finished normally 0 blocked (3910.61/sec).
Executions attempted so far: 33000000 total 33000000 finished normally 0 blocked (3685.09/sec).
Executions attempted so far: 35000000 total 35000000 finished normally 0 blocked (3901.46/sec).
Executions attempted so far: 34000000 total 34000000 finished normally 0 blocked (3782.82/sec).
Executions attempted so far: 34000000 total 34000000 finished normally 0 blocked (3781.14/sec).
Executions attempted so far: 34000000 total 34000000 finished normally 0 blocked (3773.58/sec).
Executions attempted so far: 34000000 total 34000000 finished normally 0 blocked (3772.75/sec).
Executions attempted so far: 34000000 total 34000000 finished normally 0 blocked (3763.98/sec).
Executions attempted so far: 34000000 total 34000000 finished normally 0 blocked (3763.56/sec).
Executions attempted so far: 34000000 total 34000000 finished normally 0 blocked (3761.48/sec).
Executions attempted so far: 34000000 total 34000000 finished normally 0 blocked (3761.06/sec).
Executions attempted so far: 35000000 total 35000000 finished normally 0 blocked (3871.25/sec).
Executions attempted so far: 34000000 total 34000000 finished normally 0 blocked (3758.57/sec).
Executions attempted so far: 35000000 total 35000000 finished normally 0 blocked (3856.75/sec).
Executions attempted so far: 34000000 total 34000000 finished normally 0 blocked (3731.34/sec).
Executions attempted so far: 35000000 total 35000000 finished normally 0 blocked (3816.38/sec).
Executions attempted so far: 36000000 total 36000000 finished normally 0 blocked (3914.32/sec).
Executions attempted so far: 36000000 total 36000000 finished normally 0 blocked (3913.04/sec).
Executions attempted so far: 34000000 total 34000000 finished normally 0 blocked (3687.64/sec).
Executions attempted so far: 35000000 total 35000000 finished normally 0 blocked (3787.47/sec).
Executions attempted so far: 35000000 total 35000000 finished normally 0 blocked (3787.47/sec).
Executions attempted so far: 35000000 total 35000000 finished normally 0 blocked (3787.47/sec).
Executions attempted so far: 35000000 total 35000000 finished normally 0 blocked (3777.25/sec).
Executions attempted so far: 35000000 total 35000000 finished normally 0 blocked (3771.55/sec).
Executions attempted so far: 35000000 total 35000000 finished normally 0 blocked (3769.93/sec).
Executions attempted so far: 36000000 total 36000000 finished normally 0 blocked (3877.64/sec).
Executions attempted so far: 35000000 total 35000000 finished normally 0 blocked (3768.71/sec).
Executions attempted so far: 35000000 total 35000000 finished normally 0 blocked (3768.71/sec).
Executions attempted so far: 35000000 total 35000000 finished normally 0 blocked (3760.21/sec).
Executions attempted so far: 36000000 total 36000000 finished normally 0 blocked (3862.25/sec).
Executions attempted so far: 35000000 total 35000000 finished normally 0 blocked (3737.72/sec).
Executions attempted so far: 36000000 total 36000000 finished normally 0 blocked (3819.63/sec).
Executions attempted so far: 37000000 total 37000000 finished normally 0 blocked (3921.98/sec).
Executions attempted so far: 37000000 total 37000000 finished normally 0 blocked (3919.08/sec).
Executions attempted so far: 36000000 total 36000000 finished normally 0 blocked (3799.07/sec).
Executions attempted so far: 35000000 total 35000000 finished normally 0 blocked (3690.43/sec).
Executions attempted so far: 36000000 total 36000000 finished normally 0 blocked (3791.07/sec).
Executions attempted so far: 36000000 total 36000000 finished normally 0 blocked (3790.27/sec).
Executions attempted so far: 36000000 total 36000000 finished normally 0 blocked (3779.53/sec).
Executions attempted so far: 37000000 total 37000000 finished normally 0 blocked (3879.63/sec).
Executions attempted so far: 36000000 total 36000000 finished normally 0 blocked (3773.98/sec).
Executions attempted so far: 36000000 total 36000000 finished normally 0 blocked (3772.79/sec).
Executions attempted so far: 36000000 total 36000000 finished normally 0 blocked (3772.79/sec).
Executions attempted so far: 36000000 total 36000000 finished normally 0 blocked (3769.63/sec).
Executions attempted so far: 37000000 total 37000000 finished normally 0 blocked (3864.63/sec).
Executions attempted so far: 36000000 total 36000000 finished normally 0 blocked (3759.79/sec).
Executions attempted so far: 36000000 total 36000000 finished normally 0 blocked (3740.26/sec).
Executions attempted so far: 38000000 total 38000000 finished normally 0 blocked (3927.24/sec).
Executions attempted so far: 37000000 total 37000000 finished normally 0 blocked (3817.98/sec).
Executions attempted so far: 38000000 total 38000000 finished normally 0 blocked (3919.55/sec).
Executions attempted so far: 37000000 total 37000000 finished normally 0 blocked (3806.58/sec).
Executions attempted so far: 36000000 total 36000000 finished normally 0 blocked (3691.55/sec).
Executions attempted so far: 37000000 total 37000000 finished normally 0 blocked (3789.82/sec).
Executions attempted so far: 37000000 total 37000000 finished normally 0 blocked (3789.43/sec).
Executions attempted so far: 37000000 total 37000000 finished normally 0 blocked (3782.84/sec).
Executions attempted so far: 38000000 total 38000000 finished normally 0 blocked (3880.72/sec).
Executions attempted so far: 37000000 total 37000000 finished normally 0 blocked (3777.05/sec).
Executions attempted so far: 37000000 total 37000000 finished normally 0 blocked (3776.28/sec).
Executions attempted so far: 37000000 total 37000000 finished normally 0 blocked (3772.43/sec).
Executions attempted so far: 37000000 total 37000000 finished normally 0 blocked (3769.74/sec).
Executions attempted so far: 38000000 total 38000000 finished normally 0 blocked (3865.72/sec).
Executions attempted so far: 37000000 total 37000000 finished normally 0 blocked (3760.54/sec).
Executions attempted so far: 37000000 total 37000000 finished normally 0 blocked (3743.80/sec).
Executions attempted so far: 39000000 total 39000000 finished normally 0 blocked (3931.06/sec).
Executions attempted so far: 39000000 total 39000000 finished normally 0 blocked (3919.60/sec).
Executions attempted so far: 38000000 total 38000000 finished normally 0 blocked (3816.41/sec).
Executions attempted so far: 38000000 total 38000000 finished normally 0 blocked (3808.00/sec).
Executions attempted so far: 38000000 total 38000000 finished normally 0 blocked (3789.39/sec).
Executions attempted so far: 38000000 total 38000000 finished normally 0 blocked (3789.01/sec).
Executions attempted so far: 37000000 total 37000000 finished normally 0 blocked (3689.30/sec).
Executions attempted so far: 38000000 total 38000000 finished normally 0 blocked (3784.86/sec).
Executions attempted so far: 39000000 total 39000000 finished normally 0 blocked (3882.92/sec).
Executions attempted so far: 38000000 total 38000000 finished normally 0 blocked (3779.21/sec).
Executions attempted so far: 38000000 total 38000000 finished normally 0 blocked (3775.46/sec).
Executions attempted so far: 38000000 total 38000000 finished normally 0 blocked (3771.34/sec).
Executions attempted so far: 38000000 total 38000000 finished normally 0 blocked (3769.84/sec).
Executions attempted so far: 39000000 total 39000000 finished normally 0 blocked (3867.13/sec).
Executions attempted so far: 38000000 total 38000000 finished normally 0 blocked (3757.91/sec).
Executions attempted so far: 38000000 total 38000000 finished normally 0 blocked (3746.43/sec).
Executions attempted so far: 40000000 total 40000000 finished normally 0 blocked (3935.07/sec).
Executions attempted so far: 40000000 total 40000000 finished normally 0 blocked (3920.03/sec).
Executions attempted so far: 39000000 total 39000000 finished normally 0 blocked (3815.67/sec).
Executions attempted so far: 39000000 total 39000000 finished normally 0 blocked (3810.83/sec).
Executions attempted so far: 39000000 total 39000000 finished normally 0 blocked (3788.61/sec).
Executions attempted so far: 40000000 total 40000000 finished normally 0 blocked (3885.38/sec).
Executions attempted so far: 39000000 total 39000000 finished normally 0 blocked (3786.78/sec).
Executions attempted so far: 38000000 total 38000000 finished normally 0 blocked (3685.38/sec).
Executions attempted so far: 39000000 total 39000000 finished normally 0 blocked (3781.27/sec).
Executions attempted so far: 39000000 total 39000000 finished normally 0 blocked (3780.54/sec).
Executions attempted so far: 39000000 total 39000000 finished normally 0 blocked (3774.68/sec).
Executions attempted so far: 39000000 total 39000000 finished normally 0 blocked (3772.12/sec).
Executions attempted so far: 40000000 total 40000000 finished normally 0 blocked (3868.47/sec).
Executions attempted so far: 39000000 total 39000000 finished normally 0 blocked (3767.75/sec).
Executions attempted so far: 39000000 total 39000000 finished normally 0 blocked (3755.05/sec).
Executions attempted so far: 41000000 total 41000000 finished normally 0 blocked (3939.28/sec).
Executions attempted so far: 39000000 total 39000000 finished normally 0 blocked (3746.76/sec).
Executions attempted so far: 41000000 total 41000000 finished normally 0 blocked (3916.70/sec).
Executions attempted so far: 40000000 total 40000000 finished normally 0 blocked (3814.97/sec).
Executions attempted so far: 40000000 total 40000000 finished normally 0 blocked (3811.34/sec).
Executions attempted so far: 41000000 total 41000000 finished normally 0 blocked (3885.52/sec).
Executions attempted so far: 40000000 total 40000000 finished normally 0 blocked (3788.60/sec).
Executions attempted so far: 40000000 total 40000000 finished normally 0 blocked (3788.24/sec).
Executions attempted so far: 40000000 total 40000000 finished normally 0 blocked (3783.94/sec).
Executions attempted so far: 39000000 total 39000000 finished normally 0 blocked (3684.81/sec).
Executions attempted so far: 40000000 total 40000000 finished normally 0 blocked (3778.22/sec).
Executions attempted so far: 41000000 total 41000000 finished normally 0 blocked (3869.75/sec).
Executions attempted so far: 40000000 total 40000000 finished normally 0 blocked (3774.30/sec).
Executions attempted so far: 40000000 total 40000000 finished normally 0 blocked (3769.32/sec).
Executions attempted so far: 40000000 total 40000000 finished normally 0 blocked (3765.06/sec).
Executions attempted so far: 42000000 total 42000000 finished normally 0 blocked (3944.03/sec).
Executions attempted so far: 40000000 total 40000000 finished normally 0 blocked (3752.70/sec).
Executions attempted so far: 40000000 total 40000000 finished normally 0 blocked (3748.83/sec).
Executions attempted so far: 42000000 total 42000000 finished normally 0 blocked (3916.45/sec).
Executions attempted so far: 41000000 total 41000000 finished normally 0 blocked (3813.60/sec).
Executions attempted so far: 41000000 total 41000000 finished normally 0 blocked (3810.76/sec).
Executions attempted so far: 42000000 total 42000000 finished normally 0 blocked (3884.21/sec).
Executions attempted so far: 41000000 total 41000000 finished normally 0 blocked (3787.53/sec).
Executions attempted so far: 41000000 total 41000000 finished normally 0 blocked (3786.13/sec).
Executions attempted so far: 41000000 total 41000000 finished normally 0 blocked (3784.38/sec).
Executions attempted so far: 42000000 total 42000000 finished normally 0 blocked (3870.97/sec).
Executions attempted so far: 41000000 total 41000000 finished normally 0 blocked (3776.37/sec).
Executions attempted so far: 40000000 total 40000000 finished normally 0 blocked (3683.24/sec).
Executions attempted so far: 41000000 total 41000000 finished normally 0 blocked (3771.50/sec).
Executions attempted so far: 41000000 total 41000000 finished normally 0 blocked (3765.96/sec).
Executions attempted so far: 43000000 total 43000000 finished normally 0 blocked (3948.21/sec).
Executions attempted so far: 41000000 total 41000000 finished normally 0 blocked (3763.19/sec).
Executions attempted so far: 41000000 total 41000000 finished normally 0 blocked (3749.77/sec).
Executions attempted so far: 41000000 total 41000000 finished normally 0 blocked (3748.06/sec).
Executions attempted so far: 43000000 total 43000000 finished normally 0 blocked (3912.65/sec).
Executions attempted so far: 42000000 total 42000000 finished normally 0 blocked (3808.14/sec).
Executions attempted so far: 42000000 total 42000000 finished normally 0 blocked (3806.76/sec).
Executions attempted so far: 43000000 total 43000000 finished normally 0 blocked (3882.97/sec).
Executions attempted so far: 42000000 total 42000000 finished normally 0 blocked (3785.15/sec).
Executions attempted so far: 42000000 total 42000000 finished normally 0 blocked (3784.12/sec).
Executions attempted so far: 42000000 total 42000000 finished normally 0 blocked (3783.44/sec).
Executions attempted so far: 43000000 total 43000000 finished normally 0 blocked (3867.95/sec).
Executions attempted so far: 42000000 total 42000000 finished normally 0 blocked (3772.23/sec).
Executions attempted so far: 44000000 total 44000000 finished normally 0 blocked (3949.38/sec).
Executions attempted so far: 41000000 total 41000000 finished normally 0 blocked (3679.11/sec).
Executions attempted so far: 42000000 total 42000000 finished normally 0 blocked (3767.83/sec).
Executions attempted so far: 42000000 total 42000000 finished normally 0 blocked (3764.12/sec).
Executions attempted so far: 42000000 total 42000000 finished normally 0 blocked (3762.09/sec).
Executions attempted so far: 42000000 total 42000000 finished normally 0 blocked (3749.33/sec).
Executions attempted so far: 42000000 total 42000000 finished normally 0 blocked (3748.33/sec).
Executions attempted so far: 44000000 total 44000000 finished normally 0 blocked (3913.20/sec).
Executions attempted so far: 43000000 total 43000000 finished normally 0 blocked (3808.01/sec).
Executions attempted so far: 43000000 total 43000000 finished normally 0 blocked (3806.66/sec).
Executions attempted so far: 44000000 total 44000000 finished normally 0 blocked (3883.84/sec).
Executions attempted so far: 43000000 total 43000000 finished normally 0 blocked (3786.54/sec).
Executions attempted so far: 43000000 total 43000000 finished normally 0 blocked (3783.88/sec).
Executions attempted so far: 43000000 total 43000000 finished normally 0 blocked (3783.55/sec).
Executions attempted so far: 44000000 total 44000000 finished normally 0 blocked (3871.19/sec).
Executions attempted so far: 45000000 total 45000000 finished normally 0 blocked (3954.31/sec).
Executions attempted so far: 43000000 total 43000000 finished normally 0 blocked (3772.92/sec).
Executions attempted so far: 43000000 total 43000000 finished normally 0 blocked (3769.62/sec).
Executions attempted so far: 42000000 total 42000000 finished normally 0 blocked (3680.66/sec).
Executions attempted so far: 43000000 total 43000000 finished normally 0 blocked (3763.68/sec).
Executions attempted so far: 43000000 total 43000000 finished normally 0 blocked (3762.69/sec).
Executions attempted so far: 43000000 total 43000000 finished normally 0 blocked (3753.49/sec).
Executions attempted so far: 43000000 total 43000000 finished normally 0 blocked (3748.26/sec).
Executions attempted so far: 45000000 total 45000000 finished normally 0 blocked (3914.75/sec).
Executions attempted so far: 44000000 total 44000000 finished normally 0 blocked (3809.19/sec).
Executions attempted so far: 44000000 total 44000000 finished normally 0 blocked (3808.86/sec).
Executions attempted so far: 45000000 total 45000000 finished normally 0 blocked (3888.70/sec).
Executions attempted so far: 44000000 total 44000000 finished normally 0 blocked (3791.80/sec).
Executions attempted so far: 45000000 total 45000000 finished normally 0 blocked (3875.64/sec).
Executions attempted so far: 46000000 total 46000000 finished normally 0 blocked (3961.08/sec).
Executions attempted so far: 44000000 total 44000000 finished normally 0 blocked (3786.90/sec).
Executions attempted so far: 44000000 total 44000000 finished normally 0 blocked (3785.92/sec).
Executions attempted so far: 44000000 total 44000000 finished normally 0 blocked (3776.18/sec).
Executions attempted so far: 44000000 total 44000000 finished normally 0 blocked (3771.32/sec).
Executions attempted so far: 43000000 total 43000000 finished normally 0 blocked (3683.08/sec).
Executions attempted so far: 44000000 total 44000000 finished normally 0 blocked (3766.80/sec).
Executions attempted so far: 44000000 total 44000000 finished normally 0 blocked (3765.19/sec).
Executions attempted so far: 44000000 total 44000000 finished normally 0 blocked (3758.44/sec).
Executions attempted so far: 44000000 total 44000000 finished normally 0 blocked (3750.75/sec).
Executions attempted so far: 46000000 total 46000000 finished normally 0 blocked (3917.89/sec).
Executions attempted so far: 45000000 total 45000000 finished normally 0 blocked (3811.62/sec).
Executions attempted so far: 45000000 total 45000000 finished normally 0 blocked (3810.33/sec).
Executions attempted so far: 46000000 total 46000000 finished normally 0 blocked (3892.70/sec).
Executions attempted so far: 47000000 total 47000000 finished normally 0 blocked (3967.25/sec).
Executions attempted so far: 45000000 total 45000000 finished normally 0 blocked (3797.79/sec).
Executions attempted so far: 46000000 total 46000000 finished normally 0 blocked (3879.89/sec).
Executions attempted so far: 45000000 total 45000000 finished normally 0 blocked (3789.47/sec).
Executions attempted so far: 45000000 total 45000000 finished normally 0 blocked (3787.88/sec).
Executions attempted so far: 45000000 total 45000000 finished normally 0 blocked (3778.65/sec).
Executions attempted so far: 45000000 total 45000000 finished normally 0 blocked (3773.27/sec).
Executions attempted so far: 44000000 total 44000000 finished normally 0 blocked (3686.02/sec).
Executions attempted so far: 45000000 total 45000000 finished normally 0 blocked (3768.53/sec).
Executions attempted so far: 45000000 total 45000000 finished normally 0 blocked (3766.64/sec).
Executions attempted so far: 45000000 total 45000000 finished normally 0 blocked (3760.66/sec).
Executions attempted so far: 45000000 total 45000000 finished normally 0 blocked (3752.19/sec).
Executions attempted so far: 47000000 total 47000000 finished normally 0 blocked (3917.32/sec).
Executions attempted so far: 47000000 total 47000000 finished normally 0 blocked (3893.95/sec).
Executions attempted so far: 46000000 total 46000000 finished normally 0 blocked (3811.10/sec).
Executions attempted so far: 46000000 total 46000000 finished normally 0 blocked (3809.21/sec).
Executions attempted so far: 48000000 total 48000000 finished normally 0 blocked (3971.87/sec).
Executions attempted so far: 46000000 total 46000000 finished normally 0 blocked (3800.40/sec).
Executions attempted so far: 47000000 total 47000000 finished normally 0 blocked (3882.05/sec).
Executions attempted so far: 46000000 total 46000000 finished normally 0 blocked (3788.19/sec).
Executions attempted so far: 46000000 total 46000000 finished normally 0 blocked (3786.32/sec).
Executions attempted so far: 46000000 total 46000000 finished normally 0 blocked (3777.30/sec).
Executions attempted so far: 46000000 total 46000000 finished normally 0 blocked (3772.97/sec).
Executions attempted so far: 45000000 total 45000000 finished normally 0 blocked (3687.62/sec).
Executions attempted so far: 46000000 total 46000000 finished normally 0 blocked (3769.26/sec).
Executions attempted so far: 46000000 total 46000000 finished normally 0 blocked (3768.02/sec).
Executions attempted so far: 46000000 total 46000000 finished normally 0 blocked (3761.24/sec).
Executions attempted so far: 46000000 total 46000000 finished normally 0 blocked (3750.51/sec).
Executions attempted so far: 48000000 total 48000000 finished normally 0 blocked (3911.98/sec).
Executions attempted so far: 49000000 total 49000000 finished normally 0 blocked (3975.34/sec).
Executions attempted so far: 47000000 total 47000000 finished normally 0 blocked (3810.91/sec).
Executions attempted so far: 48000000 total 48000000 finished normally 0 blocked (3891.68/sec).
Executions attempted so far: 47000000 total 47000000 finished normally 0 blocked (3806.59/sec).
Executions attempted so far: 47000000 total 47000000 finished normally 0 blocked (3803.82/sec).
Executions attempted so far: 48000000 total 48000000 finished normally 0 blocked (3883.50/sec).
Executions attempted so far: 47000000 total 47000000 finished normally 0 blocked (3789.41/sec).
Executions attempted so far: 47000000 total 47000000 finished normally 0 blocked (3783.61/sec).
Executions attempted so far: 47000000 total 47000000 finished normally 0 blocked (3776.01/sec).
Executions attempted so far: 47000000 total 47000000 finished normally 0 blocked (3771.77/sec).
Executions attempted so far: 47000000 total 47000000 finished normally 0 blocked (3769.95/sec).
Executions attempted so far: 46000000 total 46000000 finished normally 0 blocked (3689.74/sec).
Executions attempted so far: 47000000 total 47000000 finished normally 0 blocked (3768.44/sec).
Executions attempted so far: 47000000 total 47000000 finished normally 0 blocked (3760.60/sec).
Executions attempted so far: 47000000 total 47000000 finished normally 0 blocked (3750.70/sec).
Executions attempted so far: 49000000 total 49000000 finished normally 0 blocked (3904.69/sec).
Executions attempted so far: 50000000 total 50000000 finished normally 0 blocked (3979.31/sec).
Executions attempted so far: 48000000 total 48000000 finished normally 0 blocked (3810.73/sec).
Executions attempted so far: 49000000 total 49000000 finished normally 0 blocked (3890.12/sec).
Executions attempted so far: 48000000 total 48000000 finished normally 0 blocked (3807.41/sec).
Executions attempted so far: 48000000 total 48000000 finished normally 0 blocked (3806.50/sec).
Executions attempted so far: 49000000 total 49000000 finished normally 0 blocked (3884.57/sec).
Executions attempted so far: 48000000 total 48000000 finished normally 0 blocked (3789.37/sec).
Executions attempted so far: 48000000 total 48000000 finished normally 0 blocked (3782.51/sec).
Executions attempted so far: 48000000 total 48000000 finished normally 0 blocked (3776.85/sec).
Executions attempted so far: 48000000 total 48000000 finished normally 0 blocked (3771.51/sec).
Executions attempted so far: 47000000 total 47000000 finished normally 0 blocked (3692.07/sec).
Executions attempted so far: 48000000 total 48000000 finished normally 0 blocked (3770.03/sec).
Executions attempted so far: 48000000 total 48000000 finished normally 0 blocked (3769.44/sec).
Executions attempted so far: 48000000 total 48000000 finished normally 0 blocked (3760.58/sec).
Executions attempted so far: 48000000 total 48000000 finished normally 0 blocked (3750.00/sec).
Executions attempted so far: 51000000 total 51000000 finished normally 0 blocked (3977.85/sec).
Executions attempted so far: 50000000 total 50000000 finished normally 0 blocked (3898.94/sec).
Executions attempted so far: 50000000 total 50000000 finished normally 0 blocked (3889.84/sec).
Executions attempted so far: 49000000 total 49000000 finished normally 0 blocked (3810.56/sec).
Executions attempted so far: 49000000 total 49000000 finished normally 0 blocked (3810.56/sec).
Executions attempted so far: 50000000 total 50000000 finished normally 0 blocked (3885.31/sec).
Executions attempted so far: 49000000 total 49000000 finished normally 0 blocked (3806.12/sec).
Executions attempted so far: 49000000 total 49000000 finished normally 0 blocked (3788.17/sec).
Executions attempted so far: 49000000 total 49000000 finished normally 0 blocked (3782.62/sec).
Executions attempted so far: 49000000 total 49000000 finished normally 0 blocked (3776.49/sec).
Executions attempted so far: 48000000 total 48000000 finished normally 0 blocked (3695.72/sec).
Executions attempted so far: 49000000 total 49000000 finished normally 0 blocked (3772.13/sec).
Executions attempted so far: 49000000 total 49000000 finished normally 0 blocked (3769.81/sec).
Executions attempted so far: 49000000 total 49000000 finished normally 0 blocked (3768.07/sec).
Executions attempted so far: 49000000 total 49000000 finished normally 0 blocked (3760.55/sec).
Executions attempted so far: 52000000 total 52000000 finished normally 0 blocked (3979.19/sec).
Executions attempted so far: 49000000 total 49000000 finished normally 0 blocked (3749.33/sec).
Executions attempted so far: 51000000 total 51000000 finished normally 0 blocked (3894.32/sec).
Executions attempted so far: 51000000 total 51000000 finished normally 0 blocked (3891.05/sec).
Executions attempted so far: 50000000 total 50000000 finished normally 0 blocked (3813.88/sec).
Executions attempted so far: 50000000 total 50000000 finished normally 0 blocked (3810.69/sec).
Executions attempted so far: 51000000 total 51000000 finished normally 0 blocked (3886.01/sec).
Executions attempted so far: 50000000 total 50000000 finished normally 0 blocked (3807.20/sec).
Executions attempted so far: 50000000 total 50000000 finished normally 0 blocked (3785.87/sec).
Executions attempted so far: 50000000 total 50000000 finished normally 0 blocked (3784.72/sec).
Executions attempted so far: 50000000 total 50000000 finished normally 0 blocked (3781.58/sec).
Executions attempted so far: 49000000 total 49000000 finished normally 0 blocked (3698.95/sec).
Executions attempted so far: 50000000 total 50000000 finished normally 0 blocked (3773.58/sec).
Executions attempted so far: 50000000 total 50000000 finished normally 0 blocked (3771.31/sec).
Executions attempted so far: 50000000 total 50000000 finished normally 0 blocked (3767.33/sec).
Executions attempted so far: 50000000 total 50000000 finished normally 0 blocked (3766.48/sec).
Executions attempted so far: 53000000 total 53000000 finished normally 0 blocked (3982.57/sec).
Executions attempted so far: 50000000 total 50000000 finished normally 0 blocked (3748.69/sec).
Executions attempted so far: 51000000 total 51000000 finished normally 0 blocked (3817.37/sec).
Executions attempted so far: 52000000 total 52000000 finished normally 0 blocked (3891.05/sec).
Executions attempted so far: 52000000 total 52000000 finished normally 0 blocked (3889.60/sec).
Executions attempted so far: 51000000 total 51000000 finished normally 0 blocked (3810.52/sec).
Executions attempted so far: 51000000 total 51000000 finished normally 0 blocked (3810.24/sec).
Executions attempted so far: 52000000 total 52000000 finished normally 0 blocked (3884.37/sec).
Executions attempted so far: 51000000 total 51000000 finished normally 0 blocked (3787.32/sec).
Executions attempted so far: 51000000 total 51000000 finished normally 0 blocked (3785.91/sec).
Executions attempted so far: 51000000 total 51000000 finished normally 0 blocked (3783.38/sec).
Executions attempted so far: 50000000 total 50000000 finished normally 0 blocked (3701.24/sec).
Executions attempted so far: 51000000 total 51000000 finished normally 0 blocked (3774.70/sec).
Executions attempted so far: 51000000 total 51000000 finished normally 0 blocked (3773.31/sec).
Executions attempted so far: 51000000 total 51000000 finished normally 0 blocked (3771.63/sec).
Executions attempted so far: 51000000 total 51000000 finished normally 0 blocked (3764.12/sec).
Executions attempted so far: 54000000 total 54000000 finished normally 0 blocked (3984.06/sec).
Executions attempted so far: 51000000 total 51000000 finished normally 0 blocked (3746.42/sec).
Executions attempted so far: 53000000 total 53000000 finished normally 0 blocked (3889.05/sec).
Executions attempted so far: 52000000 total 52000000 finished normally 0 blocked (3815.39/sec).
Executions attempted so far: 53000000 total 53000000 finished normally 0 blocked (3884.78/sec).
Executions attempted so far: 52000000 total 52000000 finished normally 0 blocked (3810.36/sec).
Executions attempted so far: 53000000 total 53000000 finished normally 0 blocked (3882.78/sec).
Executions attempted so far: 52000000 total 52000000 finished normally 0 blocked (3809.24/sec).
Executions attempted so far: 52000000 total 52000000 finished normally 0 blocked (3792.02/sec).
Executions attempted so far: 52000000 total 52000000 finished normally 0 blocked (3787.05/sec).
Executions attempted so far: 52000000 total 52000000 finished normally 0 blocked (3781.82/sec).
Executions attempted so far: 52000000 total 52000000 finished normally 0 blocked (3777.97/sec).
Executions attempted so far: 51000000 total 51000000 finished normally 0 blocked (3703.97/sec).
Executions attempted so far: 52000000 total 52000000 finished normally 0 blocked (3776.33/sec).
Executions attempted so far: 52000000 total 52000000 finished normally 0 blocked (3774.13/sec).
Executions attempted so far: 55000000 total 55000000 finished normally 0 blocked (3987.82/sec).
Executions attempted so far: 52000000 total 52000000 finished normally 0 blocked (3764.02/sec).
Executions attempted so far: 54000000 total 54000000 finished normally 0 blocked (3893.29/sec).
Executions attempted so far: 52000000 total 52000000 finished normally 0 blocked (3748.29/sec).
Executions attempted so far: 53000000 total 53000000 finished normally 0 blocked (3818.99/sec).
Executions attempted so far: 54000000 total 54000000 finished normally 0 blocked (3886.85/sec).
Executions attempted so far: 53000000 total 53000000 finished normally 0 blocked (3814.60/sec).
Executions attempted so far: 53000000 total 53000000 finished normally 0 blocked (3812.95/sec).
Executions attempted so far: 54000000 total 54000000 finished normally 0 blocked (3882.10/sec).
Executions attempted so far: 53000000 total 53000000 finished normally 0 blocked (3796.56/sec).
Executions attempted so far: 53000000 total 53000000 finished normally 0 blocked (3791.13/sec).
Executions attempted so far: 53000000 total 53000000 finished normally 0 blocked (3782.74/sec).
Executions attempted so far: 53000000 total 53000000 finished normally 0 blocked (3780.31/sec).
Executions attempted so far: 56000000 total 56000000 finished normally 0 blocked (3994.29/sec).
Executions attempted so far: 53000000 total 53000000 finished normally 0 blocked (3779.51/sec).
Executions attempted so far: 52000000 total 52000000 finished normally 0 blocked (3708.19/sec).
Executions attempted so far: 53000000 total 53000000 finished normally 0 blocked (3778.16/sec).
Executions attempted so far: 53000000 total 53000000 finished normally 0 blocked (3766.08/sec).
Executions attempted so far: 54000000 total 54000000 finished normally 0 blocked (3827.34/sec).
Executions attempted so far: 55000000 total 55000000 finished normally 0 blocked (3898.22/sec).
Executions attempted so far: 53000000 total 53000000 finished normally 0 blocked (3752.48/sec).
Executions attempted so far: 54000000 total 54000000 finished normally 0 blocked (3818.14/sec).
Executions attempted so far: 55000000 total 55000000 finished normally 0 blocked (3887.48/sec).
Executions attempted so far: 54000000 total 54000000 finished normally 0 blocked (3816.79/sec).
Executions attempted so far: 55000000 total 55000000 finished normally 0 blocked (3881.71/sec).
Executions attempted so far: 54000000 total 54000000 finished normally 0 blocked (3798.54/sec).
Executions attempted so far: 54000000 total 54000000 finished normally 0 blocked (3794.00/sec).
Executions attempted so far: 57000000 total 57000000 finished normally 0 blocked (3998.88/sec).
Executions attempted so far: 54000000 total 54000000 finished normally 0 blocked (3783.90/sec).
Executions attempted so far: 54000000 total 54000000 finished normally 0 blocked (3783.63/sec).
Executions attempted so far: 54000000 total 54000000 finished normally 0 blocked (3782.31/sec).
Executions attempted so far: 53000000 total 53000000 finished normally 0 blocked (3711.48/sec).
Executions attempted so far: 54000000 total 54000000 finished normally 0 blocked (3780.98/sec).
Executions attempted so far: 54000000 total 54000000 finished normally 0 blocked (3768.06/sec).
Executions attempted so far: 56000000 total 56000000 finished normally 0 blocked (3900.54/sec).
Executions attempted so far: 55000000 total 55000000 finished normally 0 blocked (3828.75/sec).
Executions attempted so far: 54000000 total 54000000 finished normally 0 blocked (3755.74/sec).
Executions attempted so far: 55000000 total 55000000 finished normally 0 blocked (3822.36/sec).
Executions attempted so far: 56000000 total 56000000 finished normally 0 blocked (3890.24/sec).
Executions attempted so far: 55000000 total 55000000 finished normally 0 blocked (3820.24/sec).
Executions attempted so far: 56000000 total 56000000 finished normally 0 blocked (3881.07/sec).
Executions attempted so far: 55000000 total 55000000 finished normally 0 blocked (3801.23/sec).
Executions attempted so far: 58000000 total 58000000 finished normally 0 blocked (4003.59/sec).
Executions attempted so far: 55000000 total 55000000 finished normally 0 blocked (3795.20/sec).
Executions attempted so far: 55000000 total 55000000 finished normally 0 blocked (3785.79/sec).
Executions attempted so far: 55000000 total 55000000 finished normally 0 blocked (3785.27/sec).
Executions attempted so far: 55000000 total 55000000 finished normally 0 blocked (3784.49/sec).
Executions attempted so far: 54000000 total 54000000 finished normally 0 blocked (3714.91/sec).
Executions attempted so far: 55000000 total 55000000 finished normally 0 blocked (3783.71/sec).
Executions attempted so far: 55000000 total 55000000 finished normally 0 blocked (3769.45/sec).
Executions attempted so far: 57000000 total 57000000 finished normally 0 blocked (3903.84/sec).
Executions attempted so far: 56000000 total 56000000 finished normally 0 blocked (3828.54/sec).
Executions attempted so far: 55000000 total 55000000 finished normally 0 blocked (3756.57/sec).
Executions attempted so far: 56000000 total 56000000 finished normally 0 blocked (3823.83/sec).
Executions attempted so far: 57000000 total 57000000 finished normally 0 blocked (3891.32/sec).
Executions attempted so far: 56000000 total 56000000 finished normally 0 blocked (3818.62/sec).
Executions attempted so far: 57000000 total 57000000 finished normally 0 blocked (3877.29/sec).
Executions attempted so far: 59000000 total 59000000 finished normally 0 blocked (4005.43/sec).
Executions attempted so far: 56000000 total 56000000 finished normally 0 blocked (3800.99/sec).
Executions attempted so far: 56000000 total 56000000 finished normally 0 blocked (3793.01/sec).
Executions attempted so far: 56000000 total 56000000 finished normally 0 blocked (3785.57/sec).
Executions attempted so far: 56000000 total 56000000 finished normally 0 blocked (3782.25/sec).
Executions attempted so far: 56000000 total 56000000 finished normally 0 blocked (3781.74/sec).
Executions attempted so far: 55000000 total 55000000 finished normally 0 blocked (3713.21/sec).
Executions attempted so far: 56000000 total 56000000 finished normally 0 blocked (3780.21/sec).
Executions attempted so far: 58000000 total 58000000 finished normally 0 blocked (3900.47/sec).
Executions attempted so far: 56000000 total 56000000 finished normally 0 blocked (3765.72/sec).
Executions attempted so far: 57000000 total 57000000 finished normally 0 blocked (3823.96/sec).
Executions attempted so far: 56000000 total 56000000 finished normally 0 blocked (3754.61/sec).
Executions attempted so far: 57000000 total 57000000 finished normally 0 blocked (3818.84/sec).
Executions attempted so far: 58000000 total 58000000 finished normally 0 blocked (3885.84/sec).
Executions attempted so far: 57000000 total 57000000 finished normally 0 blocked (3814.50/sec).
Executions attempted so far: 58000000 total 58000000 finished normally 0 blocked (3871.83/sec).
Executions attempted so far: 60000000 total 60000000 finished normally 0 blocked (4002.40/sec).
Executions attempted so far: 57000000 total 57000000 finished normally 0 blocked (3798.73/sec).
Executions attempted so far: 57000000 total 57000000 finished normally 0 blocked (3792.42/sec).
Executions attempted so far: 57000000 total 57000000 finished normally 0 blocked (3784.86/sec).
Executions attempted so far: 56000000 total 56000000 finished normally 0 blocked (3716.24/sec).
Executions attempted so far: 57000000 total 57000000 finished normally 0 blocked (3782.10/sec).
Executions attempted so far: 57000000 total 57000000 finished normally 0 blocked (3781.85/sec).
Executions attempted so far: 57000000 total 57000000 finished normally 0 blocked (3781.35/sec).
Executions attempted so far: 59000000 total 59000000 finished normally 0 blocked (3903.92/sec).
Executions attempted so far: 57000000 total 57000000 finished normally 0 blocked (3767.85/sec).
Executions attempted so far: 58000000 total 58000000 finished normally 0 blocked (3825.10/sec).
Executions attempted so far: 57000000 total 57000000 finished normally 0 blocked (3757.66/sec).
Executions attempted so far: 58000000 total 58000000 finished normally 0 blocked (3819.31/sec).
Executions attempted so far: 59000000 total 59000000 finished normally 0 blocked (3883.88/sec).
Executions attempted so far: 58000000 total 58000000 finished normally 0 blocked (3816.04/sec).
Executions attempted so far: 59000000 total 59000000 finished normally 0 blocked (3870.38/sec).
Executions attempted so far: 61000000 total 61000000 finished normally 0 blocked (3998.69/sec).
Executions attempted so far: 58000000 total 58000000 finished normally 0 blocked (3799.04/sec).
Executions attempted so far: 58000000 total 58000000 finished normally 0 blocked (3791.10/sec).
Executions attempted so far: 58000000 total 58000000 finished normally 0 blocked (3785.16/sec).
Executions attempted so far: 58000000 total 58000000 finished normally 0 blocked (3782.69/sec).
Executions attempted so far: 58000000 total 58000000 finished normally 0 blocked (3782.44/sec).
Executions attempted so far: 58000000 total 58000000 finished normally 0 blocked (3781.95/sec).
Executions attempted so far: 57000000 total 57000000 finished normally 0 blocked (3714.57/sec).
Executions attempted so far: 60000000 total 60000000 finished normally 0 blocked (3905.49/sec).
Executions attempted so far: 58000000 total 58000000 finished normally 0 blocked (3769.91/sec).
Executions attempted so far: 58000000 total 58000000 finished normally 0 blocked (3761.10/sec).
Executions attempted so far: 59000000 total 59000000 finished normally 0 blocked (3824.22/sec).
Executions attempted so far: 59000000 total 59000000 finished normally 0 blocked (3819.76/sec).
Executions attempted so far: 59000000 total 59000000 finished normally 0 blocked (3815.81/sec).
Executions attempted so far: 60000000 total 60000000 finished normally 0 blocked (3879.23/sec).
Executions attempted so far: 62000000 total 62000000 finished normally 0 blocked (3997.94/sec).
Executions attempted so far: 60000000 total 60000000 finished normally 0 blocked (3866.23/sec).
Executions attempted so far: 59000000 total 59000000 finished normally 0 blocked (3798.12/sec).
Executions attempted so far: 59000000 total 59000000 finished normally 0 blocked (3791.53/sec).
Executions attempted so far: 59000000 total 59000000 finished normally 0 blocked (3783.26/sec).
Executions attempted so far: 59000000 total 59000000 finished normally 0 blocked (3782.05/sec).
Executions attempted so far: 59000000 total 59000000 finished normally 0 blocked (3781.32/sec).
Executions attempted so far: 59000000 total 59000000 finished normally 0 blocked (3781.08/sec).
Executions attempted so far: 58000000 total 58000000 finished normally 0 blocked (3713.19/sec).
Executions attempted so far: 61000000 total 61000000 finished normally 0 blocked (3905.00/sec).
Executions attempted so far: 59000000 total 59000000 finished normally 0 blocked (3769.73/sec).
Executions attempted so far: 59000000 total 59000000 finished normally 0 blocked (3762.28/sec).
Executions attempted so far: 60000000 total 60000000 finished normally 0 blocked (3821.17/sec).
Executions attempted so far: 60000000 total 60000000 finished normally 0 blocked (3818.25/sec).
Executions attempted so far: 60000000 total 60000000 finished normally 0 blocked (3814.61/sec).
Executions attempted so far: 61000000 total 61000000 finished normally 0 blocked (3874.49/sec).
Executions attempted so far: 63000000 total 63000000 finished normally 0 blocked (3996.70/sec).
Executions attempted so far: 61000000 total 61000000 finished normally 0 blocked (3862.72/sec).
Executions attempted so far: 60000000 total 60000000 finished normally 0 blocked (3796.99/sec).
Executions attempted so far: 60000000 total 60000000 finished normally 0 blocked (3790.27/sec).
Executions attempted so far: 60000000 total 60000000 finished normally 0 blocked (3782.63/sec).
Executions attempted so far: 60000000 total 60000000 finished normally 0 blocked (3782.15/sec).
Executions attempted so far: 60000000 total 60000000 finished normally 0 blocked (3780.24/sec).
Executions attempted so far: 60000000 total 60000000 finished normally 0 blocked (3779.53/sec).
Executions attempted so far: 59000000 total 59000000 finished normally 0 blocked (3715.37/sec).
Executions attempted so far: 62000000 total 62000000 finished normally 0 blocked (3904.04/sec).
Executions attempted so far: 60000000 total 60000000 finished normally 0 blocked (3769.32/sec).
Executions attempted so far: 60000000 total 60000000 finished normally 0 blocked (3763.64/sec).
Executions attempted so far: 61000000 total 61000000 finished normally 0 blocked (3818.71/sec).
Executions attempted so far: 61000000 total 61000000 finished normally 0 blocked (3818.47/sec).
Executions attempted so far: 61000000 total 61000000 finished normally 0 blocked (3812.98/sec).
Executions attempted so far: 62000000 total 62000000 finished normally 0 blocked (3870.40/sec).
Executions attempted so far: 64000000 total 64000000 finished normally 0 blocked (3994.76/sec).
Executions attempted so far: 62000000 total 62000000 finished normally 0 blocked (3859.08/sec).
Executions attempted so far: 61000000 total 61000000 finished normally 0 blocked (3793.06/sec).
Executions attempted so far: 61000000 total 61000000 finished normally 0 blocked (3787.17/sec).
Executions attempted so far: 61000000 total 61000000 finished normally 0 blocked (3780.37/sec).
Executions attempted so far: 61000000 total 61000000 finished normally 0 blocked (3780.13/sec).
Executions attempted so far: 60000000 total 60000000 finished normally 0 blocked (3715.86/sec).
Executions attempted so far: 63000000 total 63000000 finished normally 0 blocked (3901.65/sec).
Executions attempted so far: 61000000 total 61000000 finished normally 0 blocked (3777.32/sec).
Executions attempted so far: 61000000 total 61000000 finished normally 0 blocked (3777.09/sec).
Executions attempted so far: 61000000 total 61000000 finished normally 0 blocked (3767.76/sec).
Executions attempted so far: 61000000 total 61000000 finished normally 0 blocked (3763.81/sec).
Executions attempted so far: 62000000 total 62000000 finished normally 0 blocked (3818.91/sec).
Executions attempted so far: 62000000 total 62000000 finished normally 0 blocked (3816.09/sec).
Executions attempted so far: 62000000 total 62000000 finished normally 0 blocked (3812.10/sec).
Executions attempted so far: 65000000 total 65000000 finished normally 0 blocked (3993.12/sec).
Executions attempted so far: 63000000 total 63000000 finished normally 0 blocked (3866.93/sec).
Executions attempted so far: 63000000 total 63000000 finished normally 0 blocked (3856.99/sec).
Executions attempted so far: 62000000 total 62000000 finished normally 0 blocked (3791.12/sec).
Executions attempted so far: 62000000 total 62000000 finished normally 0 blocked (3786.26/sec).
Executions attempted so far: 62000000 total 62000000 finished normally 0 blocked (3780.26/sec).
Executions attempted so far: 62000000 total 62000000 finished normally 0 blocked (3779.34/sec).
Executions attempted so far: 61000000 total 61000000 finished normally 0 blocked (3716.34/sec).
Executions attempted so far: 64000000 total 64000000 finished normally 0 blocked (3898.87/sec).
Executions attempted so far: 62000000 total 62000000 finished normally 0 blocked (3775.88/sec).
Executions attempted so far: 62000000 total 62000000 finished normally 0 blocked (3775.19/sec).
Executions attempted so far: 62000000 total 62000000 finished normally 0 blocked (3765.79/sec).
Executions attempted so far: 62000000 total 62000000 finished normally 0 blocked (3762.14/sec).
Executions attempted so far: 63000000 total 63000000 finished normally 0 blocked (3818.64/sec).
Executions attempted so far: 63000000 total 63000000 finished normally 0 blocked (3814.02/sec).
Executions attempted so far: 66000000 total 66000000 finished normally 0 blocked (3992.98/sec).
Executions attempted so far: 63000000 total 63000000 finished normally 0 blocked (3811.25/sec).
Executions attempted so far: 64000000 total 64000000 finished normally 0 blocked (3864.50/sec).
Executions attempted so far: 64000000 total 64000000 finished normally 0 blocked (3854.26/sec).
Executions attempted so far: 63000000 total 63000000 finished normally 0 blocked (3789.25/sec).
Executions attempted so far: 63000000 total 63000000 finished normally 0 blocked (3785.38/sec).
Executions attempted so far: 63000000 total 63000000 finished normally 0 blocked (3779.02/sec).
Executions attempted so far: 63000000 total 63000000 finished normally 0 blocked (3777.20/sec).
Executions attempted so far: 62000000 total 62000000 finished normally 0 blocked (3716.80/sec).
Executions attempted so far: 65000000 total 65000000 finished normally 0 blocked (3895.48/sec).
Executions attempted so far: 63000000 total 63000000 finished normally 0 blocked (3774.26/sec).
Executions attempted so far: 63000000 total 63000000 finished normally 0 blocked (3773.58/sec).
Executions attempted so far: 63000000 total 63000000 finished normally 0 blocked (3764.57/sec).
Executions attempted so far: 63000000 total 63000000 finished normally 0 blocked (3760.30/sec).
Executions attempted so far: 64000000 total 64000000 finished normally 0 blocked (3817.25/sec).
Executions attempted so far: 64000000 total 64000000 finished normally 0 blocked (3814.75/sec).
Executions attempted so far: 67000000 total 67000000 finished normally 0 blocked (3990.47/sec).
Executions attempted so far: 64000000 total 64000000 finished normally 0 blocked (3808.16/sec).
Executions attempted so far: 65000000 total 65000000 finished normally 0 blocked (3859.86/sec).
Executions attempted so far: 65000000 total 65000000 finished normally 0 blocked (3850.03/sec).
Executions attempted so far: 64000000 total 64000000 finished normally 0 blocked (3787.65/sec).
Executions attempted so far: 64000000 total 64000000 finished normally 0 blocked (3785.19/sec).
Executions attempted so far: 64000000 total 64000000 finished normally 0 blocked (3778.26/sec).
Executions attempted so far: 63000000 total 63000000 finished normally 0 blocked (3717.91/sec).
Executions attempted so far: 64000000 total 64000000 finished normally 0 blocked (3775.14/sec).
Executions attempted so far: 66000000 total 66000000 finished normally 0 blocked (3892.20/sec).
Executions attempted so far: 64000000 total 64000000 finished normally 0 blocked (3773.14/sec).
Executions attempted so far: 64000000 total 64000000 finished normally 0 blocked (3772.03/sec).
Executions attempted so far: 64000000 total 64000000 finished normally 0 blocked (3763.60/sec).
Executions attempted so far: 64000000 total 64000000 finished normally 0 blocked (3759.40/sec).
Executions attempted so far: 65000000 total 65000000 finished normally 0 blocked (3817.47/sec).
Executions attempted so far: 68000000 total 68000000 finished normally 0 blocked (3989.21/sec).
Executions attempted so far: 65000000 total 65000000 finished normally 0 blocked (3812.54/sec).
Executions attempted so far: 65000000 total 65000000 finished normally 0 blocked (3806.29/sec).
Executions attempted so far: 66000000 total 66000000 finished normally 0 blocked (3853.56/sec).
Executions attempted so far: 66000000 total 66000000 finished normally 0 blocked (3848.62/sec).
Executions attempted so far: 65000000 total 65000000 finished normally 0 blocked (3786.55/sec).
Executions attempted so far: 65000000 total 65000000 finished normally 0 blocked (3785.01/sec).
Executions attempted so far: 65000000 total 65000000 finished normally 0 blocked (3776.65/sec).
Executions attempted so far: 64000000 total 64000000 finished normally 0 blocked (3718.55/sec).
Executions attempted so far: 67000000 total 67000000 finished normally 0 blocked (3891.95/sec).
Executions attempted so far: 65000000 total 65000000 finished normally 0 blocked (3775.12/sec).
Executions attempted so far: 65000000 total 65000000 finished normally 0 blocked (3773.58/sec).
Executions attempted so far: 65000000 total 65000000 finished normally 0 blocked (3771.83/sec).
Executions attempted so far: 65000000 total 65000000 finished normally 0 blocked (3765.28/sec).
Executions attempted so far: 65000000 total 65000000 finished normally 0 blocked (3760.70/sec).
Executions attempted so far: 66000000 total 66000000 finished normally 0 blocked (3818.56/sec).
Executions attempted so far: 69000000 total 69000000 finished normally 0 blocked (3990.98/sec).
Executions attempted so far: 66000000 total 66000000 finished normally 0 blocked (3813.49/sec).
Executions attempted so far: 66000000 total 66000000 finished normally 0 blocked (3806.89/sec).
Executions attempted so far: 67000000 total 67000000 finished normally 0 blocked (3851.24/sec).
Executions attempted so far: 67000000 total 67000000 finished normally 0 blocked (3850.57/sec).
Executions attempted so far: 66000000 total 66000000 finished normally 0 blocked (3786.36/sec).
Executions attempted so far: 66000000 total 66000000 finished normally 0 blocked (3785.05/sec).
Executions attempted so far: 65000000 total 65000000 finished normally 0 blocked (3720.88/sec).
Executions attempted so far: 66000000 total 66000000 finished normally 0 blocked (3777.47/sec).
Executions attempted so far: 68000000 total 68000000 finished normally 0 blocked (3891.05/sec).
Executions attempted so far: 66000000 total 66000000 finished normally 0 blocked (3775.10/sec).
Executions attempted so far: 66000000 total 66000000 finished normally 0 blocked (3775.10/sec).
Executions attempted so far: 66000000 total 66000000 finished normally 0 blocked (3771.43/sec).
Executions attempted so far: 66000000 total 66000000 finished normally 0 blocked (3767.12/sec).
Executions attempted so far: 67000000 total 67000000 finished normally 0 blocked (3820.71/sec).
Executions attempted so far: 66000000 total 66000000 finished normally 0 blocked (3762.83/sec).
Executions attempted so far: 70000000 total 70000000 finished normally 0 blocked (3989.97/sec).
Executions attempted so far: 67000000 total 67000000 finished normally 0 blocked (3814.40/sec).
Executions attempted so far: 67000000 total 67000000 finished normally 0 blocked (3807.90/sec).
Executions attempted so far: 68000000 total 68000000 finished normally 0 blocked (3850.95/sec).
Executions attempted so far: 68000000 total 68000000 finished normally 0 blocked (3847.46/sec).
Executions attempted so far: 67000000 total 67000000 finished normally 0 blocked (3788.31/sec).
Executions attempted so far: 67000000 total 67000000 finished normally 0 blocked (3785.95/sec).
Executions attempted so far: 66000000 total 66000000 finished normally 0 blocked (3724.18/sec).
Executions attempted so far: 67000000 total 67000000 finished normally 0 blocked (3779.12/sec).
Executions attempted so far: 69000000 total 69000000 finished normally 0 blocked (3891.49/sec).
Executions attempted so far: 67000000 total 67000000 finished normally 0 blocked (3776.35/sec).
Executions attempted so far: 67000000 total 67000000 finished normally 0 blocked (3776.35/sec).
Executions attempted so far: 67000000 total 67000000 finished normally 0 blocked (3772.31/sec).
Executions attempted so far: 67000000 total 67000000 finished normally 0 blocked (3769.13/sec).
Executions attempted so far: 68000000 total 68000000 finished normally 0 blocked (3822.16/sec).
Executions attempted so far: 67000000 total 67000000 finished normally 0 blocked (3765.74/sec).
Executions attempted so far: 71000000 total 71000000 finished normally 0 blocked (3989.21/sec).
Executions attempted so far: 68000000 total 68000000 finished normally 0 blocked (3815.51/sec).
Executions attempted so far: 68000000 total 68000000 finished normally 0 blocked (3810.16/sec).
Executions attempted so far: 69000000 total 69000000 finished normally 0 blocked (3851.74/sec).
Executions attempted so far: 69000000 total 69000000 finished normally 0 blocked (3847.23/sec).
Executions attempted so far: 68000000 total 68000000 finished normally 0 blocked (3789.99/sec).
Executions attempted so far: 68000000 total 68000000 finished normally 0 blocked (3787.67/sec).
Executions attempted so far: 68000000 total 68000000 finished normally 0 blocked (3782.19/sec).
Executions attempted so far: 67000000 total 67000000 finished normally 0 blocked (3726.16/sec).
Executions attempted so far: 70000000 total 70000000 finished normally 0 blocked (3893.00/sec).
Executions attempted so far: 68000000 total 68000000 finished normally 0 blocked (3779.25/sec).
Executions attempted so far: 68000000 total 68000000 finished normally 0 blocked (3777.99/sec).
=== END cc2_t_n5b1_A rc=124 elapsed=18000.027072510

=== RUN ccx2_t_n5b1_F cap=18000s CMD: /home/sahar/Desktop/MPI/TraceForge/target/release/examples/comm_closed_leader_election_inbox --mode timed --nodes 5 --ballots 1 --u 20 --w 40 --l 0 --sd 10
timed      nodes=5 ballots=1 w=40 l=0 u=20 sd=10  execs=278558488 blocked=0 elected=49755220 time=7724.107933438s
=== END ccx2_t_n5b1_F rc=0 elapsed=7724.151944263

=== RUN cc2_base_n4b2 cap=18000s CMD: /home/sahar/Desktop/MPI/TraceForge/target/release/examples/comm_closed_leader_election --mode baseline --nodes 4 --ballots 2 --w 100 --u 20
Executions attempted so far: 1 total 1 finished normally 0 blocked.
Executions attempted so far: 2 total 2 finished normally 0 blocked.
Executions attempted so far: 3 total 3 finished normally 0 blocked.
Executions attempted so far: 4 total 4 finished normally 0 blocked.
Executions attempted so far: 5 total 5 finished normally 0 blocked.
Executions attempted so far: 6 total 6 finished normally 0 blocked.
Executions attempted so far: 7 total 7 finished normally 0 blocked.
Executions attempted so far: 8 total 8 finished normally 0 blocked.
Executions attempted so far: 9 total 9 finished normally 0 blocked.
Executions attempted so far: 10 total 10 finished normally 0 blocked.
Executions attempted so far: 1 total 1 finished normally 0 blocked.
Executions attempted so far: 1 total 1 finished normally 0 blocked.
Executions attempted so far: 2 total 2 finished normally 0 blocked.
Executions attempted so far: 3 total 3 finished normally 0 blocked.
Executions attempted so far: 2 total 2 finished normally 0 blocked.
Executions attempted so far: 20 total 20 finished normally 0 blocked.
Executions attempted so far: 4 total 4 finished normally 0 blocked.
Executions attempted so far: 3 total 3 finished normally 0 blocked.
Executions attempted so far: 5 total 5 finished normally 0 blocked.
Executions attempted so far: 4 total 4 finished normally 0 blocked.
Executions attempted so far: 6 total 6 finished normally 0 blocked.
Executions attempted so far: 5 total 5 finished normally 0 blocked.
Executions attempted so far: 7 total 7 finished normally 0 blocked.
Executions attempted so far: 6 total 6 finished normally 0 blocked.
Executions attempted so far: 8 total 8 finished normally 0 blocked.
Executions attempted so far: 7 total 7 finished normally 0 blocked.
Executions attempted so far: 9 total 9 finished normally 0 blocked.
Executions attempted so far: 8 total 8 finished normally 0 blocked.
Executions attempted so far: 10 total 10 finished normally 0 blocked.
Executions attempted so far: 9 total 9 finished normally 0 blocked.
Executions attempted so far: 10 total 10 finished normally 0 blocked.
Executions attempted so far: 30 total 30 finished normally 0 blocked.
Executions attempted so far: 20 total 20 finished normally 0 blocked.
Executions attempted so far: 20 total 20 finished normally 0 blocked.
Executions attempted so far: 1 total 1 finished normally 0 blocked.
Executions attempted so far: 1 total 1 finished normally 0 blocked.
Executions attempted so far: 2 total 2 finished normally 0 blocked.
Executions attempted so far: 1 total 1 finished normally 0 blocked.
Executions attempted so far: 2 total 2 finished normally 0 blocked.
Executions attempted so far: 3 total 3 finished normally 0 blocked.
Executions attempted so far: 30 total 30 finished normally 0 blocked.
Executions attempted so far: 4 total 4 finished normally 0 blocked.
Executions attempted so far: 2 total 2 finished normally 0 blocked.
Executions attempted so far: 3 total 3 finished normally 0 blocked.
Executions attempted so far: 5 total 5 finished normally 0 blocked.
Executions attempted so far: 4 total 4 finished normally 0 blocked.
Executions attempted so far: 6 total 6 finished normally 0 blocked.
Executions attempted so far: 3 total 3 finished normally 0 blocked.
Executions attempted so far: 7 total 7 finished normally 0 blocked.
Executions attempted so far: 5 total 5 finished normally 0 blocked.
Executions attempted so far: 4 total 4 finished normally 0 blocked.
Executions attempted so far: 8 total 8 finished normally 0 blocked.
Executions attempted so far: 6 total 6 finished normally 0 blocked.
Executions attempted so far: 9 total 9 finished normally 0 blocked.
Executions attempted so far: 5 total 5 finished normally 0 blocked.
Executions attempted so far: 10 total 10 finished normally 0 blocked.
Executions attempted so far: 7 total 7 finished normally 0 blocked.
Executions attempted so far: 6 total 6 finished normally 0 blocked.
Executions attempted so far: 40 total 40 finished normally 0 blocked.
Executions attempted so far: 40 total 40 finished normally 0 blocked.
Executions attempted so far: 30 total 30 finished normally 0 blocked.
Executions attempted so far: 8 total 8 finished normally 0 blocked.
Executions attempted so far: 7 total 7 finished normally 0 blocked.
Executions attempted so far: 9 total 9 finished normally 0 blocked.
Executions attempted so far: 8 total 8 finished normally 0 blocked.
Executions attempted so far: 10 total 10 finished normally 0 blocked.
Executions attempted so far: 9 total 9 finished normally 0 blocked.
Executions attempted so far: 10 total 10 finished normally 0 blocked.
Executions attempted so far: 20 total 20 finished normally 0 blocked.
Executions attempted so far: 50 total 50 finished normally 0 blocked.
Executions attempted so far: 40 total 40 finished normally 0 blocked.
Executions attempted so far: 20 total 20 finished normally 0 blocked.
Executions attempted so far: 30 total 30 finished normally 0 blocked.
Executions attempted so far: 60 total 60 finished normally 0 blocked.
Executions attempted so far: 50 total 50 finished normally 0 blocked.
Executions attempted so far: 30 total 30 finished normally 0 blocked.
Executions attempted so far: 1 total 1 finished normally 0 blocked.
Executions attempted so far: 40 total 40 finished normally 0 blocked.
Executions attempted so far: 1 total 1 finished normally 0 blocked.
Executions attempted so far: 20 total 20 finished normally 0 blocked.
Executions attempted so far: 2 total 2 finished normally 0 blocked.
Executions attempted so far: 3 total 3 finished normally 0 blocked.
Executions attempted so far: 1 total 1 finished normally 0 blocked.
Executions attempted so far: 2 total 2 finished normally 0 blocked.
Executions attempted so far: 4 total 4 finished normally 0 blocked.
Executions attempted so far: 70 total 70 finished normally 0 blocked.
Executions attempted so far: 50 total 50 finished normally 0 blocked.
Executions attempted so far: 60 total 60 finished normally 0 blocked.
Executions attempted so far: 5 total 5 finished normally 0 blocked.
Executions attempted so far: 1 total 1 finished normally 0 blocked.
Executions attempted so far: 3 total 3 finished normally 0 blocked.
Executions attempted so far: 2 total 2 finished normally 0 blocked.
Executions attempted so far: 6 total 6 finished normally 0 blocked.
Executions attempted so far: 7 total 7 finished normally 0 blocked.
Executions attempted so far: 4 total 4 finished normally 0 blocked.
Executions attempted so far: 2 total 2 finished normally 0 blocked.
Executions attempted so far: 3 total 3 finished normally 0 blocked.
Executions attempted so far: 8 total 8 finished normally 0 blocked.
Executions attempted so far: 40 total 40 finished normally 0 blocked.
Executions attempted so far: 9 total 9 finished normally 0 blocked.
Executions attempted so far: 4 total 4 finished normally 0 blocked.
Executions attempted so far: 5 total 5 finished normally 0 blocked.
Executions attempted so far: 10 total 10 finished normally 0 blocked.
Executions attempted so far: 3 total 3 finished normally 0 blocked.
Executions attempted so far: 5 total 5 finished normally 0 blocked.
Executions attempted so far: 6 total 6 finished normally 0 blocked.
Executions attempted so far: 4 total 4 finished normally 0 blocked.
Executions attempted so far: 50 total 50 finished normally 0 blocked.
Executions attempted so far: 6 total 6 finished normally 0 blocked.
Executions attempted so far: 7 total 7 finished normally 0 blocked.
Executions attempted so far: 5 total 5 finished normally 0 blocked.
Executions attempted so far: 7 total 7 finished normally 0 blocked.
Executions attempted so far: 8 total 8 finished normally 0 blocked.
Executions attempted so far: 6 total 6 finished normally 0 blocked.
Executions attempted so far: 8 total 8 finished normally 0 blocked.
Executions attempted so far: 9 total 9 finished normally 0 blocked.
Executions attempted so far: 7 total 7 finished normally 0 blocked.
Executions attempted so far: 30 total 30 finished normally 0 blocked.
Executions attempted so far: 50 total 50 finished normally 0 blocked.
Executions attempted so far: 9 total 9 finished normally 0 blocked.
Executions attempted so far: 10 total 10 finished normally 0 blocked.
Executions attempted so far: 8 total 8 finished normally 0 blocked.
Executions attempted so far: 10 total 10 finished normally 0 blocked.
Executions attempted so far: 9 total 9 finished normally 0 blocked.
Executions attempted so far: 80 total 80 finished normally 0 blocked.
Executions attempted so far: 20 total 20 finished normally 0 blocked.
Executions attempted so far: 70 total 70 finished normally 0 blocked.
Executions attempted so far: 60 total 60 finished normally 0 blocked.
Executions attempted so far: 10 total 10 finished normally 0 blocked.
Executions attempted so far: 60 total 60 finished normally 0 blocked.
Executions attempted so far: 60 total 60 finished normally 0 blocked.
Executions attempted so far: 30 total 30 finished normally 0 blocked.
Executions attempted so far: 40 total 40 finished normally 0 blocked.
Executions attempted so far: 70 total 70 finished normally 0 blocked.
Executions attempted so far: 70 total 70 finished normally 0 blocked.
Executions attempted so far: 20 total 20 finished normally 0 blocked.
Executions attempted so far: 1 total 1 finished normally 0 blocked.
Executions attempted so far: 2 total 2 finished normally 0 blocked.
Executions attempted so far: 80 total 80 finished normally 0 blocked.
Executions attempted so far: 90 total 90 finished normally 0 blocked.
Executions attempted so far: 3 total 3 finished normally 0 blocked.
Executions attempted so far: 20 total 20 finished normally 0 blocked.
Executions attempted so far: 4 total 4 finished normally 0 blocked.
Executions attempted so far: 20 total 20 finished normally 0 blocked.
Executions attempted so far: 1 total 1 finished normally 0 blocked.
Executions attempted so far: 5 total 5 finished normally 0 blocked.
Executions attempted so far: 40 total 40 finished normally 0 blocked.
Executions attempted so far: 2 total 2 finished normally 0 blocked.
Executions attempted so far: 6 total 6 finished normally 0 blocked.
Executions attempted so far: 3 total 3 finished normally 0 blocked.
Executions attempted so far: 1 total 1 finished normally 0 blocked.
Executions attempted so far: 7 total 7 finished normally 0 blocked.
Executions attempted so far: 80 total 80 finished normally 0 blocked.
Executions attempted so far: 4 total 4 finished normally 0 blocked.
Executions attempted so far: 2 total 2 finished normally 0 blocked.
Executions attempted so far: 8 total 8 finished normally 0 blocked.
Executions attempted so far: 80 total 80 finished normally 0 blocked.
Executions attempted so far: 50 total 50 finished normally 0 blocked.
Executions attempted so far: 3 total 3 finished normally 0 blocked.
Executions attempted so far: 9 total 9 finished normally 0 blocked.
Executions attempted so far: 4 total 4 finished normally 0 blocked.
Executions attempted so far: 10 total 10 finished normally 0 blocked.
Executions attempted so far: 5 total 5 finished normally 0 blocked.
Executions attempted so far: 30 total 30 finished normally 0 blocked.
Executions attempted so far: 5 total 5 finished normally 0 blocked.
Executions attempted so far: 6 total 6 finished normally 0 blocked.
Executions attempted so far: 6 total 6 finished normally 0 blocked.
Executions attempted so far: 70 total 70 finished normally 0 blocked.
Executions attempted so far: 7 total 7 finished normally 0 blocked.
Executions attempted so far: 100 total 100 finished normally 0 blocked.
Executions attempted so far: 90 total 90 finished normally 0 blocked.
Executions attempted so far: 30 total 30 finished normally 0 blocked.
Executions attempted so far: 7 total 7 finished normally 0 blocked.
Executions attempted so far: 8 total 8 finished normally 0 blocked.
Executions attempted so far: 30 total 30 finished normally 0 blocked.
Executions attempted so far: 8 total 8 finished normally 0 blocked.
Executions attempted so far: 9 total 9 finished normally 0 blocked.
Executions attempted so far: 9 total 9 finished normally 0 blocked.
Executions attempted so far: 50 total 50 finished normally 0 blocked.
Executions attempted so far: 10 total 10 finished normally 0 blocked.
Executions attempted so far: 90 total 90 finished normally 0 blocked.
Executions attempted so far: 10 total 10 finished normally 0 blocked.
Executions attempted so far: 90 total 90 finished normally 0 blocked.
Executions attempted so far: 60 total 60 finished normally 0 blocked.
Executions attempted so far: 40 total 40 finished normally 0 blocked.
Executions attempted so far: 20 total 20 finished normally 0 blocked.
Executions attempted so far: 100 total 100 finished normally 0 blocked.
Executions attempted so far: 80 total 80 finished normally 0 blocked.
Executions attempted so far: 100 total 100 finished normally 0 blocked.
Executions attempted so far: 40 total 40 finished normally 0 blocked.
Executions attempted so far: 100 total 100 finished normally 0 blocked.
Executions attempted so far: 40 total 40 finished normally 0 blocked.
Executions attempted so far: 60 total 60 finished normally 0 blocked.
Executions attempted so far: 20 total 20 finished normally 0 blocked.
Executions attempted so far: 70 total 70 finished normally 0 blocked.
Executions attempted so far: 1 total 1 finished normally 0 blocked.
Executions attempted so far: 1 total 1 finished normally 0 blocked.
Executions attempted so far: 20 total 20 finished normally 0 blocked.
Executions attempted so far: 2 total 2 finished normally 0 blocked.
Executions attempted so far: 1 total 1 finished normally 0 blocked.
Executions attempted so far: 50 total 50 finished normally 0 blocked.
Executions attempted so far: 3 total 3 finished normally 0 blocked.
Executions attempted so far: 2 total 2 finished normally 0 blocked.
Executions attempted so far: 4 total 4 finished normally 0 blocked.
Executions attempted so far: 3 total 3 finished normally 0 blocked.
Executions attempted so far: 5 total 5 finished normally 0 blocked.
Executions attempted so far: 4 total 4 finished normally 0 blocked.
Executions attempted so far: 6 total 6 finished normally 0 blocked.
Executions attempted so far: 5 total 5 finished normally 0 blocked.
Executions attempted so far: 50 total 50 finished normally 0 blocked.
Executions attempted so far: 2 total 2 finished normally 0 blocked.
Executions attempted so far: 7 total 7 finished normally 0 blocked.
Executions attempted so far: 50 total 50 finished normally 0 blocked.
Executions attempted so far: 30 total 30 finished normally 0 blocked.
Executions attempted so far: 80 total 80 finished normally 0 blocked.
Executions attempted so far: 30 total 30 finished normally 0 blocked.
Executions attempted so far: 30 total 30 finished normally 0 blocked.
Executions attempted so far: 60 total 60 finished normally 0 blocked.
Executions attempted so far: 3 total 3 finished normally 0 blocked.
Executions attempted so far: 8 total 8 finished normally 0 blocked.
Executions attempted so far: 4 total 4 finished normally 0 blocked.
Executions attempted so far: 5 total 5 finished normally 0 blocked.
Executions attempted so far: 90 total 90 finished normally 0 blocked.
Executions attempted so far: 6 total 6 finished normally 0 blocked.
Executions attempted so far: 7 total 7 finished normally 0 blocked.
Executions attempted so far: 8 total 8 finished normally 0 blocked.
Executions attempted so far: 6 total 6 finished normally 0 blocked.
Executions attempted so far: 9 total 9 finished normally 0 blocked.
Executions attempted so far: 9 total 9 finished normally 0 blocked.
Executions attempted so far: 70 total 70 finished normally 0 blocked.
Executions attempted so far: 7 total 7 finished normally 0 blocked.
Executions attempted so far: 10 total 10 finished normally 0 blocked.
Executions attempted so far: 60 total 60 finished normally 0 blocked.
Executions attempted so far: 10 total 10 finished normally 0 blocked.
Executions attempted so far: 8 total 8 finished normally 0 blocked.
Executions attempted so far: 40 total 40 finished normally 0 blocked.
Executions attempted so far: 70 total 70 finished normally 0 blocked.
Executions attempted so far: 90 total 90 finished normally 0 blocked.
Executions attempted so far: 40 total 40 finished normally 0 blocked.
Executions attempted so far: 9 total 9 finished normally 0 blocked.
Executions attempted so far: 10 total 10 finished normally 0 blocked.
Executions attempted so far: 100 total 100 finished normally 0 blocked.
Executions attempted so far: 80 total 80 finished normally 0 blocked.
Executions attempted so far: 70 total 70 finished normally 0 blocked.
Executions attempted so far: 60 total 60 finished normally 0 blocked.
Executions attempted so far: 20 total 20 finished normally 0 blocked.
Executions attempted so far: 100 total 100 finished normally 0 blocked.
Executions attempted so far: 80 total 80 finished normally 0 blocked.
Executions attempted so far: 50 total 50 finished normally 0 blocked.
Executions attempted so far: 20 total 20 finished normally 0 blocked.
Executions attempted so far: 90 total 90 finished normally 0 blocked.
Executions attempted so far: 40 total 40 finished normally 0 blocked.
Executions attempted so far: 30 total 30 finished normally 0 blocked.
Executions attempted so far: 90 total 90 finished normally 0 blocked.
Executions attempted so far: 20 total 20 finished normally 0 blocked.
Executions attempted so far: 60 total 60 finished normally 0 blocked.
Executions attempted so far: 80 total 80 finished normally 0 blocked.
Executions attempted so far: 30 total 30 finished normally 0 blocked.
Executions attempted so far: 50 total 50 finished normally 0 blocked.
Executions attempted so far: 70 total 70 finished normally 0 blocked.
Executions attempted so far: 100 total 100 finished normally 0 blocked.
Executions attempted so far: 100 total 100 finished normally 0 blocked.
Executions attempted so far: 40 total 40 finished normally 0 blocked.
Executions attempted so far: 70 total 70 finished normally 0 blocked.
Executions attempted so far: 90 total 90 finished normally 0 blocked.
Executions attempted so far: 40 total 40 finished normally 0 blocked.
Executions attempted so far: 50 total 50 finished normally 0 blocked.
Executions attempted so far: 50 total 50 finished normally 0 blocked.
Executions attempted so far: 80 total 80 finished normally 0 blocked.
Executions attempted so far: 100 total 100 finished normally 0 blocked.
Executions attempted so far: 50 total 50 finished normally 0 blocked.
Executions attempted so far: 60 total 60 finished normally 0 blocked.
Executions attempted so far: 80 total 80 finished normally 0 blocked.
Executions attempted so far: 30 total 30 finished normally 0 blocked.
Executions attempted so far: 60 total 60 finished normally 0 blocked.
Executions attempted so far: 60 total 60 finished normally 0 blocked.
Executions attempted so far: 200 total 200 finished normally 0 blocked.
Executions attempted so far: 60 total 60 finished normally 0 blocked.
Executions attempted so far: 90 total 90 finished normally 0 blocked.
Executions attempted so far: 200 total 200 finished normally 0 blocked.
Executions attempted so far: 70 total 70 finished normally 0 blocked.
Executions attempted so far: 40 total 40 finished normally 0 blocked.
Executions attempted so far: 70 total 70 finished normally 0 blocked.
Executions attempted so far: 70 total 70 finished normally 0 blocked.
Executions attempted so far: 100 total 100 finished normally 0 blocked.
Executions attempted so far: 70 total 70 finished normally 0 blocked.
Executions attempted so far: 200 total 200 finished normally 0 blocked.
Executions attempted so far: 90 total 90 finished normally 0 blocked.
Executions attempted so far: 80 total 80 finished normally 0 blocked.
Executions attempted so far: 50 total 50 finished normally 0 blocked.
Executions attempted so far: 80 total 80 finished normally 0 blocked.
Executions attempted so far: 80 total 80 finished normally 0 blocked.
Executions attempted so far: 100 total 100 finished normally 0 blocked.
Executions attempted so far: 90 total 90 finished normally 0 blocked.
Executions attempted so far: 80 total 80 finished normally 0 blocked.
Executions attempted so far: 60 total 60 finished normally 0 blocked.
Executions attempted so far: 90 total 90 finished normally 0 blocked.
Executions attempted so far: 90 total 90 finished normally 0 blocked.
Executions attempted so far: 100 total 100 finished normally 0 blocked.
Executions attempted so far: 200 total 200 finished normally 0 blocked.
Executions attempted so far: 70 total 70 finished normally 0 blocked.
Executions attempted so far: 100 total 100 finished normally 0 blocked.
Executions attempted so far: 100 total 100 finished normally 0 blocked.
Executions attempted so far: 90 total 90 finished normally 0 blocked.
Executions attempted so far: 80 total 80 finished normally 0 blocked.
Executions attempted so far: 100 total 100 finished normally 0 blocked.
Executions attempted so far: 90 total 90 finished normally 0 blocked.
Executions attempted so far: 200 total 200 finished normally 0 blocked.
Executions attempted so far: 200 total 200 finished normally 0 blocked.
Executions attempted so far: 100 total 100 finished normally 0 blocked.
Executions attempted so far: 200 total 200 finished normally 0 blocked.
Executions attempted so far: 300 total 300 finished normally 0 blocked.
Executions attempted so far: 300 total 300 finished normally 0 blocked.
Executions attempted so far: 200 total 200 finished normally 0 blocked.
Executions attempted so far: 200 total 200 finished normally 0 blocked.
Executions attempted so far: 200 total 200 finished normally 0 blocked.
Executions attempted so far: 200 total 200 finished normally 0 blocked.
Executions attempted so far: 300 total 300 finished normally 0 blocked.
Executions attempted so far: 200 total 200 finished normally 0 blocked.
Executions attempted so far: 200 total 200 finished normally 0 blocked.
Executions attempted so far: 200 total 200 finished normally 0 blocked.
Executions attempted so far: 300 total 300 finished normally 0 blocked.
Executions attempted so far: 300 total 300 finished normally 0 blocked.
Executions attempted so far: 200 total 200 finished normally 0 blocked.
Executions attempted so far: 300 total 300 finished normally 0 blocked.
Executions attempted so far: 300 total 300 finished normally 0 blocked.
Executions attempted so far: 400 total 400 finished normally 0 blocked.
Executions attempted so far: 300 total 300 finished normally 0 blocked.
Executions attempted so far: 300 total 300 finished normally 0 blocked.
Executions attempted so far: 300 total 300 finished normally 0 blocked.
Executions attempted so far: 300 total 300 finished normally 0 blocked.
Executions attempted so far: 300 total 300 finished normally 0 blocked.
Executions attempted so far: 400 total 400 finished normally 0 blocked.
Executions attempted so far: 300 total 300 finished normally 0 blocked.
Executions attempted so far: 300 total 300 finished normally 0 blocked.
Executions attempted so far: 400 total 400 finished normally 0 blocked.
Executions attempted so far: 400 total 400 finished normally 0 blocked.
Executions attempted so far: 500 total 500 finished normally 0 blocked.
Executions attempted so far: 400 total 400 finished normally 0 blocked.
Executions attempted so far: 400 total 400 finished normally 0 blocked.
Executions attempted so far: 400 total 400 finished normally 0 blocked.
Executions attempted so far: 400 total 400 finished normally 0 blocked.
Executions attempted so far: 200 total 200 finished normally 0 blocked.
Executions attempted so far: 400 total 400 finished normally 0 blocked.
Executions attempted so far: 400 total 400 finished normally 0 blocked.
Executions attempted so far: 400 total 400 finished normally 0 blocked.
Executions attempted so far: 400 total 400 finished normally 0 blocked.
Executions attempted so far: 500 total 500 finished normally 0 blocked.
Executions attempted so far: 400 total 400 finished normally 0 blocked.
Executions attempted so far: 400 total 400 finished normally 0 blocked.
Executions attempted so far: 500 total 500 finished normally 0 blocked.
Executions attempted so far: 500 total 500 finished normally 0 blocked.
Executions attempted so far: 500 total 500 finished normally 0 blocked.
Executions attempted so far: 500 total 500 finished normally 0 blocked.
Executions attempted so far: 600 total 600 finished normally 0 blocked.
Executions attempted so far: 500 total 500 finished normally 0 blocked.
Executions attempted so far: 600 total 600 finished normally 0 blocked.
Executions attempted so far: 500 total 500 finished normally 0 blocked.
Executions attempted so far: 500 total 500 finished normally 0 blocked.
Executions attempted so far: 500 total 500 finished normally 0 blocked.
Executions attempted so far: 600 total 600 finished normally 0 blocked.
Executions attempted so far: 600 total 600 finished normally 0 blocked.
Executions attempted so far: 500 total 500 finished normally 0 blocked.
Executions attempted so far: 500 total 500 finished normally 0 blocked.
Executions attempted so far: 500 total 500 finished normally 0 blocked.
Executions attempted so far: 600 total 600 finished normally 0 blocked.
Executions attempted so far: 600 total 600 finished normally 0 blocked.
Executions attempted so far: 300 total 300 finished normally 0 blocked.
Executions attempted so far: 700 total 700 finished normally 0 blocked.
Executions attempted so far: 700 total 700 finished normally 0 blocked.
Executions attempted so far: 600 total 600 finished normally 0 blocked.
Executions attempted so far: 700 total 700 finished normally 0 blocked.
Executions attempted so far: 600 total 600 finished normally 0 blocked.
Executions attempted so far: 600 total 600 finished normally 0 blocked.
Executions attempted so far: 700 total 700 finished normally 0 blocked.
Executions attempted so far: 600 total 600 finished normally 0 blocked.
Executions attempted so far: 800 total 800 finished normally 0 blocked.
Executions attempted so far: 600 total 600 finished normally 0 blocked.
Executions attempted so far: 600 total 600 finished normally 0 blocked.
Executions attempted so far: 600 total 600 finished normally 0 blocked.
Executions attempted so far: 800 total 800 finished normally 0 blocked.
Executions attempted so far: 700 total 700 finished normally 0 blocked.
Executions attempted so far: 700 total 700 finished normally 0 blocked.
Executions attempted so far: 800 total 800 finished normally 0 blocked.
Executions attempted so far: 700 total 700 finished normally 0 blocked.
Executions attempted so far: 900 total 900 finished normally 0 blocked.
Executions attempted so far: 300 total 300 finished normally 0 blocked.
Executions attempted so far: 900 total 900 finished normally 0 blocked.
Executions attempted so far: 700 total 700 finished normally 0 blocked.
Executions attempted so far: 500 total 500 finished normally 0 blocked.
Executions attempted so far: 700 total 700 finished normally 0 blocked.
Executions attempted so far: 700 total 700 finished normally 0 blocked.
Executions attempted so far: 800 total 800 finished normally 0 blocked.
Executions attempted so far: 700 total 700 finished normally 0 blocked.
Executions attempted so far: 700 total 700 finished normally 0 blocked.
Executions attempted so far: 800 total 800 finished normally 0 blocked.
Executions attempted so far: 700 total 700 finished normally 0 blocked.
Executions attempted so far: 1000 total 1000 finished normally 0 blocked.
Executions attempted so far: 800 total 800 finished normally 0 blocked.
Executions attempted so far: 900 total 900 finished normally 0 blocked.
Executions attempted so far: 800 total 800 finished normally 0 blocked.
Executions attempted so far: 1000 total 1000 finished normally 0 blocked.
Executions attempted so far: 400 total 400 finished normally 0 blocked.
Executions attempted so far: 800 total 800 finished normally 0 blocked.
Executions attempted so far: 800 total 800 finished normally 0 blocked.
Executions attempted so far: 900 total 900 finished normally 0 blocked.
Executions attempted so far: 400 total 400 finished normally 0 blocked.
Executions attempted so far: 800 total 800 finished normally 0 blocked.
Executions attempted so far: 800 total 800 finished normally 0 blocked.
Executions attempted so far: 900 total 900 finished normally 0 blocked.
Executions attempted so far: 800 total 800 finished normally 0 blocked.
Executions attempted so far: 1000 total 1000 finished normally 0 blocked.
Executions attempted so far: 800 total 800 finished normally 0 blocked.
Executions attempted so far: 900 total 900 finished normally 0 blocked.
Executions attempted so far: 900 total 900 finished normally 0 blocked.
Executions attempted so far: 600 total 600 finished normally 0 blocked.
Executions attempted so far: 900 total 900 finished normally 0 blocked.
Executions attempted so far: 900 total 900 finished normally 0 blocked.
Executions attempted so far: 1000 total 1000 finished normally 0 blocked.
Executions attempted so far: 900 total 900 finished normally 0 blocked.
Executions attempted so far: 500 total 500 finished normally 0 blocked.
Executions attempted so far: 900 total 900 finished normally 0 blocked.
Executions attempted so far: 1000 total 1000 finished normally 0 blocked.
Executions attempted so far: 900 total 900 finished normally 0 blocked.
Executions attempted so far: 1000 total 1000 finished normally 0 blocked.
Executions attempted so far: 1000 total 1000 finished normally 0 blocked.
Executions attempted so far: 500 total 500 finished normally 0 blocked.
Executions attempted so far: 900 total 900 finished normally 0 blocked.
Executions attempted so far: 1000 total 1000 finished normally 0 blocked.
Executions attempted so far: 1000 total 1000 finished normally 0 blocked.
Executions attempted so far: 600 total 600 finished normally 0 blocked.
Executions attempted so far: 1000 total 1000 finished normally 0 blocked.
Executions attempted so far: 1000 total 1000 finished normally 0 blocked.
Executions attempted so far: 1000 total 1000 finished normally 0 blocked.
Executions attempted so far: 700 total 700 finished normally 0 blocked.
Executions attempted so far: 700 total 700 finished normally 0 blocked.
Executions attempted so far: 1000 total 1000 finished normally 0 blocked.
Executions attempted so far: 800 total 800 finished normally 0 blocked.
Executions attempted so far: 600 total 600 finished normally 0 blocked.
Executions attempted so far: 900 total 900 finished normally 0 blocked.
Executions attempted so far: 800 total 800 finished normally 0 blocked.
Executions attempted so far: 1000 total 1000 finished normally 0 blocked.
Executions attempted so far: 700 total 700 finished normally 0 blocked.
Executions attempted so far: 900 total 900 finished normally 0 blocked.
Executions attempted so far: 800 total 800 finished normally 0 blocked.
Executions attempted so far: 1000 total 1000 finished normally 0 blocked.
Executions attempted so far: 900 total 900 finished normally 0 blocked.
Executions attempted so far: 1000 total 1000 finished normally 0 blocked.
Executions attempted so far: 2000 total 2000 finished normally 0 blocked.
Executions attempted so far: 2000 total 2000 finished normally 0 blocked.
Executions attempted so far: 2000 total 2000 finished normally 0 blocked.
Executions attempted so far: 2000 total 2000 finished normally 0 blocked.
Executions attempted so far: 2000 total 2000 finished normally 0 blocked.
Executions attempted so far: 2000 total 2000 finished normally 0 blocked.
Executions attempted so far: 2000 total 2000 finished normally 0 blocked.
Executions attempted so far: 2000 total 2000 finished normally 0 blocked.
Executions attempted so far: 2000 total 2000 finished normally 0 blocked.
Executions attempted so far: 2000 total 2000 finished normally 0 blocked.
Executions attempted so far: 2000 total 2000 finished normally 0 blocked.
Executions attempted so far: 2000 total 2000 finished normally 0 blocked.
Executions attempted so far: 2000 total 2000 finished normally 0 blocked.
Executions attempted so far: 2000 total 2000 finished normally 0 blocked.
Executions attempted so far: 2000 total 2000 finished normally 0 blocked.
Executions attempted so far: 2000 total 2000 finished normally 0 blocked.
Executions attempted so far: 3000 total 3000 finished normally 0 blocked.
Executions attempted so far: 3000 total 3000 finished normally 0 blocked.
Executions attempted so far: 3000 total 3000 finished normally 0 blocked.
Executions attempted so far: 3000 total 3000 finished normally 0 blocked.
Executions attempted so far: 3000 total 3000 finished normally 0 blocked.
Executions attempted so far: 3000 total 3000 finished normally 0 blocked.
Executions attempted so far: 3000 total 3000 finished normally 0 blocked.
Executions attempted so far: 3000 total 3000 finished normally 0 blocked.
Executions attempted so far: 3000 total 3000 finished normally 0 blocked.
Executions attempted so far: 3000 total 3000 finished normally 0 blocked.
Executions attempted so far: 3000 total 3000 finished normally 0 blocked.
Executions attempted so far: 3000 total 3000 finished normally 0 blocked.
Executions attempted so far: 3000 total 3000 finished normally 0 blocked.
Executions attempted so far: 3000 total 3000 finished normally 0 blocked.
Executions attempted so far: 3000 total 3000 finished normally 0 blocked.
Executions attempted so far: 4000 total 4000 finished normally 0 blocked.
Executions attempted so far: 3000 total 3000 finished normally 0 blocked.
Executions attempted so far: 4000 total 4000 finished normally 0 blocked.
Executions attempted so far: 4000 total 4000 finished normally 0 blocked.
Executions attempted so far: 4000 total 4000 finished normally 0 blocked.
Executions attempted so far: 4000 total 4000 finished normally 0 blocked.
Executions attempted so far: 4000 total 4000 finished normally 0 blocked.
Executions attempted so far: 4000 total 4000 finished normally 0 blocked.
Executions attempted so far: 4000 total 4000 finished normally 0 blocked.
Executions attempted so far: 4000 total 4000 finished normally 0 blocked.
Executions attempted so far: 4000 total 4000 finished normally 0 blocked.
Executions attempted so far: 4000 total 4000 finished normally 0 blocked.
Executions attempted so far: 4000 total 4000 finished normally 0 blocked.
Executions attempted so far: 4000 total 4000 finished normally 0 blocked.
Executions attempted so far: 5000 total 5000 finished normally 0 blocked.
Executions attempted so far: 4000 total 4000 finished normally 0 blocked.
Executions attempted so far: 4000 total 4000 finished normally 0 blocked.
Executions attempted so far: 4000 total 4000 finished normally 0 blocked.
Executions attempted so far: 5000 total 5000 finished normally 0 blocked.
Executions attempted so far: 5000 total 5000 finished normally 0 blocked.
Executions attempted so far: 5000 total 5000 finished normally 0 blocked.
Executions attempted so far: 5000 total 5000 finished normally 0 blocked.
Executions attempted so far: 5000 total 5000 finished normally 0 blocked.
Executions attempted so far: 5000 total 5000 finished normally 0 blocked.
Executions attempted so far: 5000 total 5000 finished normally 0 blocked.
Executions attempted so far: 5000 total 5000 finished normally 0 blocked.
Executions attempted so far: 5000 total 5000 finished normally 0 blocked.
Executions attempted so far: 5000 total 5000 finished normally 0 blocked.
Executions attempted so far: 6000 total 6000 finished normally 0 blocked.
Executions attempted so far: 5000 total 5000 finished normally 0 blocked.
Executions attempted so far: 5000 total 5000 finished normally 0 blocked.
Executions attempted so far: 5000 total 5000 finished normally 0 blocked.
Executions attempted so far: 6000 total 6000 finished normally 0 blocked.
Executions attempted so far: 6000 total 6000 finished normally 0 blocked.
Executions attempted so far: 6000 total 6000 finished normally 0 blocked.
Executions attempted so far: 6000 total 6000 finished normally 0 blocked.
Executions attempted so far: 5000 total 5000 finished normally 0 blocked.
Executions attempted so far: 6000 total 6000 finished normally 0 blocked.
Executions attempted so far: 6000 total 6000 finished normally 0 blocked.
Executions attempted so far: 5000 total 5000 finished normally 0 blocked.
Executions attempted so far: 7000 total 7000 finished normally 0 blocked.
Executions attempted so far: 6000 total 6000 finished normally 0 blocked.
Executions attempted so far: 6000 total 6000 finished normally 0 blocked.
Executions attempted so far: 6000 total 6000 finished normally 0 blocked.
Executions attempted so far: 6000 total 6000 finished normally 0 blocked.
Executions attempted so far: 6000 total 6000 finished normally 0 blocked.
Executions attempted so far: 7000 total 7000 finished normally 0 blocked.
Executions attempted so far: 7000 total 7000 finished normally 0 blocked.
Executions attempted so far: 6000 total 6000 finished normally 0 blocked.
Executions attempted so far: 7000 total 7000 finished normally 0 blocked.
Executions attempted so far: 6000 total 6000 finished normally 0 blocked.
Executions attempted so far: 7000 total 7000 finished normally 0 blocked.
Executions attempted so far: 7000 total 7000 finished normally 0 blocked.
Executions attempted so far: 6000 total 6000 finished normally 0 blocked.
Executions attempted so far: 8000 total 8000 finished normally 0 blocked.
Executions attempted so far: 7000 total 7000 finished normally 0 blocked.
Executions attempted so far: 7000 total 7000 finished normally 0 blocked.
Executions attempted so far: 8000 total 8000 finished normally 0 blocked.
Executions attempted so far: 7000 total 7000 finished normally 0 blocked.
Executions attempted so far: 7000 total 7000 finished normally 0 blocked.
Executions attempted so far: 7000 total 7000 finished normally 0 blocked.
Executions attempted so far: 6000 total 6000 finished normally 0 blocked.
Executions attempted so far: 7000 total 7000 finished normally 0 blocked.
Executions attempted so far: 8000 total 8000 finished normally 0 blocked.
Executions attempted so far: 8000 total 8000 finished normally 0 blocked.
Executions attempted so far: 7000 total 7000 finished normally 0 blocked.
Executions attempted so far: 9000 total 9000 finished normally 0 blocked.
Executions attempted so far: 8000 total 8000 finished normally 0 blocked.
Executions attempted so far: 8000 total 8000 finished normally 0 blocked.
Executions attempted so far: 9000 total 9000 finished normally 0 blocked.
Executions attempted so far: 8000 total 8000 finished normally 0 blocked.
Executions attempted so far: 7000 total 7000 finished normally 0 blocked.
Executions attempted so far: 7000 total 7000 finished normally 0 blocked.
Executions attempted so far: 8000 total 8000 finished normally 0 blocked.
Executions attempted so far: 8000 total 8000 finished normally 0 blocked.
Executions attempted so far: 8000 total 8000 finished normally 0 blocked.
Executions attempted so far: 8000 total 8000 finished normally 0 blocked.
Executions attempted so far: 7000 total 7000 finished normally 0 blocked.
Executions attempted so far: 8000 total 8000 finished normally 0 blocked.
Executions attempted so far: 10000 total 10000 finished normally 0 blocked.
Executions attempted so far: 9000 total 9000 finished normally 0 blocked.
Executions attempted so far: 9000 total 9000 finished normally 0 blocked.
Executions attempted so far: 9000 total 9000 finished normally 0 blocked.
Executions attempted so far: 9000 total 9000 finished normally 0 blocked.
Executions attempted so far: 8000 total 8000 finished normally 0 blocked.
Executions attempted so far: 8000 total 8000 finished normally 0 blocked.
Executions attempted so far: 8000 total 8000 finished normally 0 blocked.
Executions attempted so far: 9000 total 9000 finished normally 0 blocked.
Executions attempted so far: 9000 total 9000 finished normally 0 blocked.
Executions attempted so far: 10000 total 10000 finished normally 0 blocked.
Executions attempted so far: 9000 total 9000 finished normally 0 blocked.
Executions attempted so far: 9000 total 9000 finished normally 0 blocked.
Executions attempted so far: 9000 total 9000 finished normally 0 blocked.
Executions attempted so far: 8000 total 8000 finished normally 0 blocked.
Executions attempted so far: 10000 total 10000 finished normally 0 blocked.
Executions attempted so far: 10000 total 10000 finished normally 0 blocked.
Executions attempted so far: 10000 total 10000 finished normally 0 blocked.
Executions attempted so far: 9000 total 9000 finished normally 0 blocked.
Executions attempted so far: 10000 total 10000 finished normally 0 blocked.
Executions attempted so far: 9000 total 9000 finished normally 0 blocked.
Executions attempted so far: 9000 total 9000 finished normally 0 blocked.
Executions attempted so far: 9000 total 9000 finished normally 0 blocked.
Executions attempted so far: 10000 total 10000 finished normally 0 blocked.
Executions attempted so far: 10000 total 10000 finished normally 0 blocked.
Executions attempted so far: 10000 total 10000 finished normally 0 blocked.
Executions attempted so far: 10000 total 10000 finished normally 0 blocked.
Executions attempted so far: 9000 total 9000 finished normally 0 blocked.
Executions attempted so far: 10000 total 10000 finished normally 0 blocked.
Executions attempted so far: 10000 total 10000 finished normally 0 blocked.
Executions attempted so far: 10000 total 10000 finished normally 0 blocked.
Executions attempted so far: 10000 total 10000 finished normally 0 blocked.
Executions attempted so far: 10000 total 10000 finished normally 0 blocked.
Executions attempted so far: 10000 total 10000 finished normally 0 blocked.
Executions attempted so far: 20000 total 20000 finished normally 0 blocked.
Executions attempted so far: 20000 total 20000 finished normally 0 blocked.
Executions attempted so far: 20000 total 20000 finished normally 0 blocked.
Executions attempted so far: 20000 total 20000 finished normally 0 blocked.
Executions attempted so far: 20000 total 20000 finished normally 0 blocked (4000.00/sec).
Executions attempted so far: 20000 total 20000 finished normally 0 blocked (4000.00/sec).
Executions attempted so far: 20000 total 20000 finished normally 0 blocked (4000.00/sec).
Executions attempted so far: 20000 total 20000 finished normally 0 blocked (4000.00/sec).
Executions attempted so far: 20000 total 20000 finished normally 0 blocked (4000.00/sec).
Executions attempted so far: 20000 total 20000 finished normally 0 blocked (4000.00/sec).
Executions attempted so far: 20000 total 20000 finished normally 0 blocked (4000.00/sec).
Executions attempted so far: 20000 total 20000 finished normally 0 blocked (4000.00/sec).
Executions attempted so far: 20000 total 20000 finished normally 0 blocked (4000.00/sec).
Executions attempted so far: 20000 total 20000 finished normally 0 blocked (4000.00/sec).
Executions attempted so far: 20000 total 20000 finished normally 0 blocked (4000.00/sec).
Executions attempted so far: 20000 total 20000 finished normally 0 blocked (4000.00/sec).
Executions attempted so far: 30000 total 30000 finished normally 0 blocked (4285.71/sec).
Executions attempted so far: 30000 total 30000 finished normally 0 blocked (4285.71/sec).
Executions attempted so far: 30000 total 30000 finished normally 0 blocked (4285.71/sec).
Executions attempted so far: 30000 total 30000 finished normally 0 blocked (4285.71/sec).
Executions attempted so far: 30000 total 30000 finished normally 0 blocked (4285.71/sec).
Executions attempted so far: 30000 total 30000 finished normally 0 blocked (4285.71/sec).
Executions attempted so far: 30000 total 30000 finished normally 0 blocked (4285.71/sec).
Executions attempted so far: 30000 total 30000 finished normally 0 blocked (4285.71/sec).
Executions attempted so far: 30000 total 30000 finished normally 0 blocked (4285.71/sec).
Executions attempted so far: 30000 total 30000 finished normally 0 blocked (4285.71/sec).
Executions attempted so far: 30000 total 30000 finished normally 0 blocked (4285.71/sec).
Executions attempted so far: 30000 total 30000 finished normally 0 blocked (3750.00/sec).
Executions attempted so far: 30000 total 30000 finished normally 0 blocked (3750.00/sec).
Executions attempted so far: 30000 total 30000 finished normally 0 blocked (3750.00/sec).
Executions attempted so far: 30000 total 30000 finished normally 0 blocked (3750.00/sec).
Executions attempted so far: 30000 total 30000 finished normally 0 blocked (3750.00/sec).
Executions attempted so far: 40000 total 40000 finished normally 0 blocked (4444.44/sec).
Executions attempted so far: 40000 total 40000 finished normally 0 blocked (4444.44/sec).
Executions attempted so far: 40000 total 40000 finished normally 0 blocked (4444.44/sec).
Executions attempted so far: 40000 total 40000 finished normally 0 blocked (4000.00/sec).
Executions attempted so far: 40000 total 40000 finished normally 0 blocked (4000.00/sec).
Executions attempted so far: 40000 total 40000 finished normally 0 blocked (4000.00/sec).
Executions attempted so far: 40000 total 40000 finished normally 0 blocked (4000.00/sec).
Executions attempted so far: 40000 total 40000 finished normally 0 blocked (4000.00/sec).
Executions attempted so far: 40000 total 40000 finished normally 0 blocked (4000.00/sec).
Executions attempted so far: 40000 total 40000 finished normally 0 blocked (4000.00/sec).
Executions attempted so far: 40000 total 40000 finished normally 0 blocked (4000.00/sec).
Executions attempted so far: 40000 total 40000 finished normally 0 blocked (4000.00/sec).
Executions attempted so far: 40000 total 40000 finished normally 0 blocked (4000.00/sec).
Executions attempted so far: 40000 total 40000 finished normally 0 blocked (3636.36/sec).
Executions attempted so far: 40000 total 40000 finished normally 0 blocked (3636.36/sec).
Executions attempted so far: 40000 total 40000 finished normally 0 blocked (3636.36/sec).
Executions attempted so far: 50000 total 50000 finished normally 0 blocked (4545.45/sec).
Executions attempted so far: 50000 total 50000 finished normally 0 blocked (4166.67/sec).
Executions attempted so far: 50000 total 50000 finished normally 0 blocked (4166.67/sec).
Executions attempted so far: 50000 total 50000 finished normally 0 blocked (4166.67/sec).
Executions attempted so far: 50000 total 50000 finished normally 0 blocked (4166.67/sec).
Executions attempted so far: 50000 total 50000 finished normally 0 blocked (4166.67/sec).
Executions attempted so far: 50000 total 50000 finished normally 0 blocked (4166.67/sec).
Executions attempted so far: 50000 total 50000 finished normally 0 blocked (4166.67/sec).
Executions attempted so far: 50000 total 50000 finished normally 0 blocked (4166.67/sec).
Executions attempted so far: 50000 total 50000 finished normally 0 blocked (3846.15/sec).
Executions attempted so far: 50000 total 50000 finished normally 0 blocked (3846.15/sec).
Executions attempted so far: 50000 total 50000 finished normally 0 blocked (3846.15/sec).
Executions attempted so far: 50000 total 50000 finished normally 0 blocked (3846.15/sec).
Executions attempted so far: 50000 total 50000 finished normally 0 blocked (3846.15/sec).
Executions attempted so far: 50000 total 50000 finished normally 0 blocked (3846.15/sec).
Executions attempted so far: 50000 total 50000 finished normally 0 blocked (3846.15/sec).
Executions attempted so far: 60000 total 60000 finished normally 0 blocked (4285.71/sec).
Executions attempted so far: 60000 total 60000 finished normally 0 blocked (4285.71/sec).
Executions attempted so far: 60000 total 60000 finished normally 0 blocked (4285.71/sec).
Executions attempted so far: 60000 total 60000 finished normally 0 blocked (4000.00/sec).
Executions attempted so far: 60000 total 60000 finished normally 0 blocked (4000.00/sec).
Executions attempted so far: 60000 total 60000 finished normally 0 blocked (4000.00/sec).
Executions attempted so far: 60000 total 60000 finished normally 0 blocked (4000.00/sec).
Executions attempted so far: 60000 total 60000 finished normally 0 blocked (4000.00/sec).
Executions attempted so far: 60000 total 60000 finished normally 0 blocked (4000.00/sec).
Executions attempted so far: 60000 total 60000 finished normally 0 blocked (4000.00/sec).
Executions attempted so far: 60000 total 60000 finished normally 0 blocked (4000.00/sec).
Executions attempted so far: 60000 total 60000 finished normally 0 blocked (3750.00/sec).
Executions attempted so far: 60000 total 60000 finished normally 0 blocked (3750.00/sec).
Executions attempted so far: 60000 total 60000 finished normally 0 blocked (3750.00/sec).
Executions attempted so far: 60000 total 60000 finished normally 0 blocked (3750.00/sec).
Executions attempted so far: 60000 total 60000 finished normally 0 blocked (3750.00/sec).
Executions attempted so far: 70000 total 70000 finished normally 0 blocked (4117.65/sec).
Executions attempted so far: 70000 total 70000 finished normally 0 blocked (4117.65/sec).
Executions attempted so far: 70000 total 70000 finished normally 0 blocked (4117.65/sec).
Executions attempted so far: 70000 total 70000 finished normally 0 blocked (4117.65/sec).
Executions attempted so far: 70000 total 70000 finished normally 0 blocked (4117.65/sec).
Executions attempted so far: 70000 total 70000 finished normally 0 blocked (4117.65/sec).
Executions attempted so far: 70000 total 70000 finished normally 0 blocked (3888.89/sec).
Executions attempted so far: 70000 total 70000 finished normally 0 blocked (3888.89/sec).
Executions attempted so far: 70000 total 70000 finished normally 0 blocked (3888.89/sec).
Executions attempted so far: 70000 total 70000 finished normally 0 blocked (3888.89/sec).
Executions attempted so far: 70000 total 70000 finished normally 0 blocked (3888.89/sec).
Executions attempted so far: 70000 total 70000 finished normally 0 blocked (3888.89/sec).
Executions attempted so far: 70000 total 70000 finished normally 0 blocked (3888.89/sec).
Executions attempted so far: 70000 total 70000 finished normally 0 blocked (3684.21/sec).
Executions attempted so far: 70000 total 70000 finished normally 0 blocked (3684.21/sec).
Executions attempted so far: 70000 total 70000 finished normally 0 blocked (3684.21/sec).
Executions attempted so far: 80000 total 80000 finished normally 0 blocked (4210.53/sec).
Executions attempted so far: 80000 total 80000 finished normally 0 blocked (4210.53/sec).
Executions attempted so far: 80000 total 80000 finished normally 0 blocked (4210.53/sec).
Executions attempted so far: 80000 total 80000 finished normally 0 blocked (4000.00/sec).
Executions attempted so far: 80000 total 80000 finished normally 0 blocked (4000.00/sec).
Executions attempted so far: 80000 total 80000 finished normally 0 blocked (4000.00/sec).
Executions attempted so far: 80000 total 80000 finished normally 0 blocked (4000.00/sec).
Executions attempted so far: 80000 total 80000 finished normally 0 blocked (4000.00/sec).
Executions attempted so far: 80000 total 80000 finished normally 0 blocked (4000.00/sec).
Executions attempted so far: 80000 total 80000 finished normally 0 blocked (3809.52/sec).
Executions attempted so far: 80000 total 80000 finished normally 0 blocked (3809.52/sec).
Executions attempted so far: 80000 total 80000 finished normally 0 blocked (3809.52/sec).
Executions attempted so far: 80000 total 80000 finished normally 0 blocked (3809.52/sec).
Executions attempted so far: 80000 total 80000 finished normally 0 blocked (3809.52/sec).
Executions attempted so far: 80000 total 80000 finished normally 0 blocked (3809.52/sec).
Executions attempted so far: 80000 total 80000 finished normally 0 blocked (3636.36/sec).
Executions attempted so far: 90000 total 90000 finished normally 0 blocked (4090.91/sec).
Executions attempted so far: 90000 total 90000 finished normally 0 blocked (4090.91/sec).
Executions attempted so far: 90000 total 90000 finished normally 0 blocked (4090.91/sec).
Executions attempted so far: 90000 total 90000 finished normally 0 blocked (4090.91/sec).
Executions attempted so far: 90000 total 90000 finished normally 0 blocked (4090.91/sec).
Executions attempted so far: 90000 total 90000 finished normally 0 blocked (4090.91/sec).
Executions attempted so far: 90000 total 90000 finished normally 0 blocked (4090.91/sec).
Executions attempted so far: 90000 total 90000 finished normally 0 blocked (4090.91/sec).
Executions attempted so far: 90000 total 90000 finished normally 0 blocked (3913.04/sec).
Executions attempted so far: 90000 total 90000 finished normally 0 blocked (3913.04/sec).
Executions attempted so far: 90000 total 90000 finished normally 0 blocked (3913.04/sec).
Executions attempted so far: 90000 total 90000 finished normally 0 blocked (3913.04/sec).
Executions attempted so far: 90000 total 90000 finished normally 0 blocked (3913.04/sec).
Executions attempted so far: 100000 total 100000 finished normally 0 blocked (4166.67/sec).
Executions attempted so far: 100000 total 100000 finished normally 0 blocked (4166.67/sec).
Executions attempted so far: 90000 total 90000 finished normally 0 blocked (3750.00/sec).
Executions attempted so far: 100000 total 100000 finished normally 0 blocked (4166.67/sec).
Executions attempted so far: 90000 total 90000 finished normally 0 blocked (3750.00/sec).
Executions attempted so far: 100000 total 100000 finished normally 0 blocked (4166.67/sec).
Executions attempted so far: 100000 total 100000 finished normally 0 blocked (4166.67/sec).
Executions attempted so far: 90000 total 90000 finished normally 0 blocked (3750.00/sec).
Executions attempted so far: 100000 total 100000 finished normally 0 blocked (4000.00/sec).
Executions attempted so far: 100000 total 100000 finished normally 0 blocked (4000.00/sec).
Executions attempted so far: 100000 total 100000 finished normally 0 blocked (4000.00/sec).
Executions attempted so far: 100000 total 100000 finished normally 0 blocked (4000.00/sec).
Executions attempted so far: 100000 total 100000 finished normally 0 blocked (3846.15/sec).
Executions attempted so far: 100000 total 100000 finished normally 0 blocked (3846.15/sec).
Executions attempted so far: 100000 total 100000 finished normally 0 blocked (3846.15/sec).
Executions attempted so far: 100000 total 100000 finished normally 0 blocked (3846.15/sec).
Executions attempted so far: 100000 total 100000 finished normally 0 blocked (3703.70/sec).
Executions attempted so far: 100000 total 100000 finished normally 0 blocked (3703.70/sec).
Executions attempted so far: 100000 total 100000 finished normally 0 blocked (3703.70/sec).
Executions attempted so far: 200000 total 200000 finished normally 0 blocked (4255.32/sec).
Executions attempted so far: 200000 total 200000 finished normally 0 blocked (4166.67/sec).
Executions attempted so far: 200000 total 200000 finished normally 0 blocked (4081.63/sec).
Executions attempted so far: 200000 total 200000 finished normally 0 blocked (4081.63/sec).
Executions attempted so far: 200000 total 200000 finished normally 0 blocked (4081.63/sec).
Executions attempted so far: 200000 total 200000 finished normally 0 blocked (4000.00/sec).
Executions attempted so far: 200000 total 200000 finished normally 0 blocked (4000.00/sec).
Executions attempted so far: 200000 total 200000 finished normally 0 blocked (4000.00/sec).
Executions attempted so far: 200000 total 200000 finished normally 0 blocked (3921.57/sec).
Executions attempted so far: 200000 total 200000 finished normally 0 blocked (3921.57/sec).
Executions attempted so far: 200000 total 200000 finished normally 0 blocked (3846.15/sec).
Executions attempted so far: 200000 total 200000 finished normally 0 blocked (3846.15/sec).
Executions attempted so far: 200000 total 200000 finished normally 0 blocked (3846.15/sec).
Executions attempted so far: 200000 total 200000 finished normally 0 blocked (3846.15/sec).
Executions attempted so far: 200000 total 200000 finished normally 0 blocked (3773.58/sec).
Executions attempted so far: 200000 total 200000 finished normally 0 blocked (3773.58/sec).
Executions attempted so far: 300000 total 300000 finished normally 0 blocked (4225.35/sec).
Executions attempted so far: 300000 total 300000 finished normally 0 blocked (4166.67/sec).
Executions attempted so far: 300000 total 300000 finished normally 0 blocked (4166.67/sec).
Executions attempted so far: 300000 total 300000 finished normally 0 blocked (4109.59/sec).
Executions attempted so far: 300000 total 300000 finished normally 0 blocked (4109.59/sec).
Executions attempted so far: 300000 total 300000 finished normally 0 blocked (4054.05/sec).
Executions attempted so far: 300000 total 300000 finished normally 0 blocked (4054.05/sec).
Executions attempted so far: 300000 total 300000 finished normally 0 blocked (4000.00/sec).
Executions attempted so far: 300000 total 300000 finished normally 0 blocked (3947.37/sec).
Executions attempted so far: 300000 total 300000 finished normally 0 blocked (3947.37/sec).
Executions attempted so far: 300000 total 300000 finished normally 0 blocked (3896.10/sec).
Executions attempted so far: 300000 total 300000 finished normally 0 blocked (3896.10/sec).
Executions attempted so far: 300000 total 300000 finished normally 0 blocked (3896.10/sec).
Executions attempted so far: 300000 total 300000 finished normally 0 blocked (3846.15/sec).
Executions attempted so far: 300000 total 300000 finished normally 0 blocked (3846.15/sec).
Executions attempted so far: 300000 total 300000 finished normally 0 blocked (3703.70/sec).
Executions attempted so far: 400000 total 400000 finished normally 0 blocked (4255.32/sec).
Executions attempted so far: 400000 total 400000 finished normally 0 blocked (4166.67/sec).
Executions attempted so far: 400000 total 400000 finished normally 0 blocked (4123.71/sec).
Executions attempted so far: 400000 total 400000 finished normally 0 blocked (4123.71/sec).
Executions attempted so far: 400000 total 400000 finished normally 0 blocked (4123.71/sec).
Executions attempted so far: 400000 total 400000 finished normally 0 blocked (4081.63/sec).
Executions attempted so far: 400000 total 400000 finished normally 0 blocked (4081.63/sec).
Executions attempted so far: 400000 total 400000 finished normally 0 blocked (4000.00/sec).
Executions attempted so far: 400000 total 400000 finished normally 0 blocked (3960.40/sec).
Executions attempted so far: 400000 total 400000 finished normally 0 blocked (3960.40/sec).
Executions attempted so far: 400000 total 400000 finished normally 0 blocked (3921.57/sec).
Executions attempted so far: 400000 total 400000 finished normally 0 blocked (3883.50/sec).
Executions attempted so far: 400000 total 400000 finished normally 0 blocked (3883.50/sec).
Executions attempted so far: 400000 total 400000 finished normally 0 blocked (3883.50/sec).
Executions attempted so far: 400000 total 400000 finished normally 0 blocked (3809.52/sec).
Executions attempted so far: 400000 total 400000 finished normally 0 blocked (3703.70/sec).
Executions attempted so far: 500000 total 500000 finished normally 0 blocked (4237.29/sec).
Executions attempted so far: 500000 total 500000 finished normally 0 blocked (4132.23/sec).
Executions attempted so far: 500000 total 500000 finished normally 0 blocked (4132.23/sec).
Executions attempted so far: 500000 total 500000 finished normally 0 blocked (4098.36/sec).
Executions attempted so far: 500000 total 500000 finished normally 0 blocked (4098.36/sec).
Executions attempted so far: 500000 total 500000 finished normally 0 blocked (4065.04/sec).
Executions attempted so far: 500000 total 500000 finished normally 0 blocked (4032.26/sec).
Executions attempted so far: 500000 total 500000 finished normally 0 blocked (4000.00/sec).
Executions attempted so far: 500000 total 500000 finished normally 0 blocked (4000.00/sec).
Executions attempted so far: 500000 total 500000 finished normally 0 blocked (3906.25/sec).
Executions attempted so far: 500000 total 500000 finished normally 0 blocked (3906.25/sec).
Executions attempted so far: 500000 total 500000 finished normally 0 blocked (3875.97/sec).
Executions attempted so far: 500000 total 500000 finished normally 0 blocked (3875.97/sec).
Executions attempted so far: 500000 total 500000 finished normally 0 blocked (3875.97/sec).
Executions attempted so far: 500000 total 500000 finished normally 0 blocked (3787.88/sec).
Executions attempted so far: 500000 total 500000 finished normally 0 blocked (3703.70/sec).
Executions attempted so far: 600000 total 600000 finished normally 0 blocked (4225.35/sec).
Executions attempted so far: 600000 total 600000 finished normally 0 blocked (4109.59/sec).
Executions attempted so far: 600000 total 600000 finished normally 0 blocked (4109.59/sec).
Executions attempted so far: 600000 total 600000 finished normally 0 blocked (4081.63/sec).
Executions attempted so far: 600000 total 600000 finished normally 0 blocked (4054.05/sec).
Executions attempted so far: 600000 total 600000 finished normally 0 blocked (4054.05/sec).
Executions attempted so far: 600000 total 600000 finished normally 0 blocked (4000.00/sec).
Executions attempted so far: 600000 total 600000 finished normally 0 blocked (4000.00/sec).
Executions attempted so far: 600000 total 600000 finished normally 0 blocked (3947.37/sec).
Executions attempted so far: 600000 total 600000 finished normally 0 blocked (3896.10/sec).
Executions attempted so far: 600000 total 600000 finished normally 0 blocked (3896.10/sec).
Executions attempted so far: 600000 total 600000 finished normally 0 blocked (3870.97/sec).
Executions attempted so far: 600000 total 600000 finished normally 0 blocked (3870.97/sec).
Executions attempted so far: 600000 total 600000 finished normally 0 blocked (3821.66/sec).
Executions attempted so far: 600000 total 600000 finished normally 0 blocked (3750.00/sec).
Executions attempted so far: 600000 total 600000 finished normally 0 blocked (3680.98/sec).
Executions attempted so far: 700000 total 700000 finished normally 0 blocked (4216.87/sec).
Executions attempted so far: 700000 total 700000 finished normally 0 blocked (4093.57/sec).
Executions attempted so far: 700000 total 700000 finished normally 0 blocked (4069.77/sec).
Executions attempted so far: 700000 total 700000 finished normally 0 blocked (4069.77/sec).
Executions attempted so far: 700000 total 700000 finished normally 0 blocked (4022.99/sec).
Executions attempted so far: 700000 total 700000 finished normally 0 blocked (4022.99/sec).
Executions attempted so far: 700000 total 700000 finished normally 0 blocked (3977.27/sec).
Executions attempted so far: 700000 total 700000 finished normally 0 blocked (3977.27/sec).
Executions attempted so far: 700000 total 700000 finished normally 0 blocked (3910.61/sec).
Executions attempted so far: 700000 total 700000 finished normally 0 blocked (3846.15/sec).
Executions attempted so far: 700000 total 700000 finished normally 0 blocked (3846.15/sec).
Executions attempted so far: 700000 total 700000 finished normally 0 blocked (3846.15/sec).
Executions attempted so far: 700000 total 700000 finished normally 0 blocked (3846.15/sec).
Executions attempted so far: 700000 total 700000 finished normally 0 blocked (3804.35/sec).
Executions attempted so far: 700000 total 700000 finished normally 0 blocked (3723.40/sec).
Executions attempted so far: 800000 total 800000 finished normally 0 blocked (4210.53/sec).
Executions attempted so far: 700000 total 700000 finished normally 0 blocked (3664.92/sec).
Executions attempted so far: 800000 total 800000 finished normally 0 blocked (4081.63/sec).
Executions attempted so far: 800000 total 800000 finished normally 0 blocked (4081.63/sec).
Executions attempted so far: 800000 total 800000 finished normally 0 blocked (4060.91/sec).
Executions attempted so far: 800000 total 800000 finished normally 0 blocked (4020.10/sec).
Executions attempted so far: 800000 total 800000 finished normally 0 blocked (4000.00/sec).
Executions attempted so far: 800000 total 800000 finished normally 0 blocked (4000.00/sec).
Executions attempted so far: 800000 total 800000 finished normally 0 blocked (3960.40/sec).
Executions attempted so far: 800000 total 800000 finished normally 0 blocked (3902.44/sec).
Executions attempted so far: 800000 total 800000 finished normally 0 blocked (3846.15/sec).
Executions attempted so far: 800000 total 800000 finished normally 0 blocked (3846.15/sec).
Executions attempted so far: 800000 total 800000 finished normally 0 blocked (3846.15/sec).
Executions attempted so far: 800000 total 800000 finished normally 0 blocked (3809.52/sec).
Executions attempted so far: 800000 total 800000 finished normally 0 blocked (3791.47/sec).
Executions attempted so far: 800000 total 800000 finished normally 0 blocked (3738.32/sec).
Executions attempted so far: 900000 total 900000 finished normally 0 blocked (4205.61/sec).
Executions attempted so far: 800000 total 800000 finished normally 0 blocked (3669.72/sec).
Executions attempted so far: 900000 total 900000 finished normally 0 blocked (4109.59/sec).
Executions attempted so far: 900000 total 900000 finished normally 0 blocked (4090.91/sec).
Executions attempted so far: 900000 total 900000 finished normally 0 blocked (4035.87/sec).
Executions attempted so far: 900000 total 900000 finished normally 0 blocked (4017.86/sec).
Executions attempted so far: 900000 total 900000 finished normally 0 blocked (4000.00/sec).
Executions attempted so far: 900000 total 900000 finished normally 0 blocked (3982.30/sec).
Executions attempted so far: 900000 total 900000 finished normally 0 blocked (3947.37/sec).
Executions attempted so far: 900000 total 900000 finished normally 0 blocked (3879.31/sec).
Executions attempted so far: 900000 total 900000 finished normally 0 blocked (3846.15/sec).
Executions attempted so far: 900000 total 900000 finished normally 0 blocked (3846.15/sec).
Executions attempted so far: 900000 total 900000 finished normally 0 blocked (3829.79/sec).
Executions attempted so far: 1000000 total 1000000 finished normally 0 blocked (4201.68/sec).
Executions attempted so far: 900000 total 900000 finished normally 0 blocked (3781.51/sec).
Executions attempted so far: 900000 total 900000 finished normally 0 blocked (3781.51/sec).
Executions attempted so far: 900000 total 900000 finished normally 0 blocked (3734.44/sec).
Executions attempted so far: 1000000 total 1000000 finished normally 0 blocked (4115.23/sec).
Executions attempted so far: 1000000 total 1000000 finished normally 0 blocked (4115.23/sec).
Executions attempted so far: 900000 total 900000 finished normally 0 blocked (3643.72/sec).
Executions attempted so far: 1000000 total 1000000 finished normally 0 blocked (4032.26/sec).
Executions attempted so far: 1000000 total 1000000 finished normally 0 blocked (4000.00/sec).
Executions attempted so far: 1000000 total 1000000 finished normally 0 blocked (4000.00/sec).
Executions attempted so far: 1000000 total 1000000 finished normally 0 blocked (3968.25/sec).
Executions attempted so far: 1000000 total 1000000 finished normally 0 blocked (3952.57/sec).
Executions attempted so far: 1000000 total 1000000 finished normally 0 blocked (3875.97/sec).
Executions attempted so far: 1000000 total 1000000 finished normally 0 blocked (3846.15/sec).
Executions attempted so far: 1000000 total 1000000 finished normally 0 blocked (3846.15/sec).
Executions attempted so far: 1000000 total 1000000 finished normally 0 blocked (3831.42/sec).
Executions attempted so far: 1000000 total 1000000 finished normally 0 blocked (3787.88/sec).
Executions attempted so far: 1000000 total 1000000 finished normally 0 blocked (3787.88/sec).
Executions attempted so far: 1000000 total 1000000 finished normally 0 blocked (3717.47/sec).
Executions attempted so far: 1000000 total 1000000 finished normally 0 blocked (3649.64/sec).
Executions attempted so far: 2000000 total 2000000 finished normally 0 blocked (4228.33/sec).
Executions attempted so far: 2000000 total 2000000 finished normally 0 blocked (4123.71/sec).
Executions attempted so far: 2000000 total 2000000 finished normally 0 blocked (4115.23/sec).
Executions attempted so far: 2000000 total 2000000 finished normally 0 blocked (4000.00/sec).
Executions attempted so far: 2000000 total 2000000 finished normally 0 blocked (3984.06/sec).
Executions attempted so far: 2000000 total 2000000 finished normally 0 blocked (3984.06/sec).
Executions attempted so far: 2000000 total 2000000 finished normally 0 blocked (3944.77/sec).
Executions attempted so far: 2000000 total 2000000 finished normally 0 blocked (3929.27/sec).
Executions attempted so far: 2000000 total 2000000 finished normally 0 blocked (3868.47/sec).
Executions attempted so far: 2000000 total 2000000 finished normally 0 blocked (3846.15/sec).
Executions attempted so far: 2000000 total 2000000 finished normally 0 blocked (3838.77/sec).
Executions attempted so far: 2000000 total 2000000 finished normally 0 blocked (3831.42/sec).
Executions attempted so far: 2000000 total 2000000 finished normally 0 blocked (3752.35/sec).
Executions attempted so far: 2000000 total 2000000 finished normally 0 blocked (3745.32/sec).
Executions attempted so far: 2000000 total 2000000 finished normally 0 blocked (3724.39/sec).
Executions attempted so far: 2000000 total 2000000 finished normally 0 blocked (3649.64/sec).
Executions attempted so far: 3000000 total 3000000 finished normally 0 blocked (4155.12/sec).
Executions attempted so far: 3000000 total 3000000 finished normally 0 blocked (4076.09/sec).
Executions attempted so far: 3000000 total 3000000 finished normally 0 blocked (4070.56/sec).
Executions attempted so far: 3000000 total 3000000 finished normally 0 blocked (4037.69/sec).
Executions attempted so far: 3000000 total 3000000 finished normally 0 blocked (3994.67/sec).
Executions attempted so far: 3000000 total 3000000 finished normally 0 blocked (3978.78/sec).
Executions attempted so far: 3000000 total 3000000 finished normally 0 blocked (3963.01/sec).
Executions attempted so far: 3000000 total 3000000 finished normally 0 blocked (3937.01/sec).
Executions attempted so far: 3000000 total 3000000 finished normally 0 blocked (3865.98/sec).
Executions attempted so far: 3000000 total 3000000 finished normally 0 blocked (3856.04/sec).
Executions attempted so far: 3000000 total 3000000 finished normally 0 blocked (3836.32/sec).
Executions attempted so far: 3000000 total 3000000 finished normally 0 blocked (3802.28/sec).
Executions attempted so far: 3000000 total 3000000 finished normally 0 blocked (3759.40/sec).
Executions attempted so far: 3000000 total 3000000 finished normally 0 blocked (3750.00/sec).
Executions attempted so far: 3000000 total 3000000 finished normally 0 blocked (3731.34/sec).
Executions attempted so far: 3000000 total 3000000 finished normally 0 blocked (3658.54/sec).
Executions attempted so far: 4000000 total 4000000 finished normally 0 blocked (4127.97/sec).
Executions attempted so far: 4000000 total 4000000 finished normally 0 blocked (4032.26/sec).
Executions attempted so far: 4000000 total 4000000 finished normally 0 blocked (4008.02/sec).
Executions attempted so far: 4000000 total 4000000 finished normally 0 blocked (3996.00/sec).
Executions attempted so far: 4000000 total 4000000 finished normally 0 blocked (3992.02/sec).
Executions attempted so far: 4000000 total 4000000 finished normally 0 blocked (3984.06/sec).
Executions attempted so far: 4000000 total 4000000 finished normally 0 blocked (3964.32/sec).
Executions attempted so far: 4000000 total 4000000 finished normally 0 blocked (3948.67/sec).
Executions attempted so far: 4000000 total 4000000 finished normally 0 blocked (3868.47/sec).
Executions attempted so far: 4000000 total 4000000 finished normally 0 blocked (3864.73/sec).
Executions attempted so far: 4000000 total 4000000 finished normally 0 blocked (3831.42/sec).
Executions attempted so far: 4000000 total 4000000 finished normally 0 blocked (3787.88/sec).
Executions attempted so far: 4000000 total 4000000 finished normally 0 blocked (3759.40/sec).
Executions attempted so far: 4000000 total 4000000 finished normally 0 blocked (3745.32/sec).
Executions attempted so far: 4000000 total 4000000 finished normally 0 blocked (3734.83/sec).
Executions attempted so far: 4000000 total 4000000 finished normally 0 blocked (3663.00/sec).
Executions attempted so far: 5000000 total 5000000 finished normally 0 blocked (4101.72/sec).
Executions attempted so far: 5000000 total 5000000 finished normally 0 blocked (4003.20/sec).
Executions attempted so far: 5000000 total 5000000 finished normally 0 blocked (4000.00/sec).
Executions attempted so far: 5000000 total 5000000 finished normally 0 blocked (3990.42/sec).
Executions attempted so far: 5000000 total 5000000 finished normally 0 blocked (3965.11/sec).
Executions attempted so far: 5000000 total 5000000 finished normally 0 blocked (3965.11/sec).
Executions attempted so far: 5000000 total 5000000 finished normally 0 blocked (3943.22/sec).
Executions attempted so far: 5000000 total 5000000 finished normally 0 blocked (3937.01/sec).
Executions attempted so far: 5000000 total 5000000 finished normally 0 blocked (3869.97/sec).
Executions attempted so far: 5000000 total 5000000 finished normally 0 blocked (3861.00/sec).
Executions attempted so far: 5000000 total 5000000 finished normally 0 blocked (3828.48/sec).
Executions attempted so far: 5000000 total 5000000 finished normally 0 blocked (3767.90/sec).
Executions attempted so far: 5000000 total 5000000 finished normally 0 blocked (3759.40/sec).
Executions attempted so far: 5000000 total 5000000 finished normally 0 blocked (3748.13/sec).
Executions attempted so far: 5000000 total 5000000 finished normally 0 blocked (3742.51/sec).
Executions attempted so far: 5000000 total 5000000 finished normally 0 blocked (3646.97/sec).
Executions attempted so far: 6000000 total 6000000 finished normally 0 blocked (4067.80/sec).
Executions attempted so far: 6000000 total 6000000 finished normally 0 blocked (3994.67/sec).
Executions attempted so far: 6000000 total 6000000 finished normally 0 blocked (3992.02/sec).
Executions attempted so far: 6000000 total 6000000 finished normally 0 blocked (3986.71/sec).
Executions attempted so far: 6000000 total 6000000 finished normally 0 blocked (3957.78/sec).
Executions attempted so far: 6000000 total 6000000 finished normally 0 blocked (3947.37/sec).
Executions attempted so far: 6000000 total 6000000 finished normally 0 blocked (3926.70/sec).
Executions attempted so far: 6000000 total 6000000 finished normally 0 blocked (3911.34/sec).
Executions attempted so far: 6000000 total 6000000 finished normally 0 blocked (3868.47/sec).
Executions attempted so far: 6000000 total 6000000 finished normally 0 blocked (3865.98/sec).
Executions attempted so far: 6000000 total 6000000 finished normally 0 blocked (3821.66/sec).
Executions attempted so far: 6000000 total 6000000 finished normally 0 blocked (3768.84/sec).
Executions attempted so far: 6000000 total 6000000 finished normally 0 blocked (3752.35/sec).
Executions attempted so far: 6000000 total 6000000 finished normally 0 blocked (3752.35/sec).
Executions attempted so far: 6000000 total 6000000 finished normally 0 blocked (3747.66/sec).
Executions attempted so far: 6000000 total 6000000 finished normally 0 blocked (3636.36/sec).
Executions attempted so far: 7000000 total 7000000 finished normally 0 blocked (4043.91/sec).
Executions attempted so far: 7000000 total 7000000 finished normally 0 blocked (3988.60/sec).
Executions attempted so far: 7000000 total 7000000 finished normally 0 blocked (3988.60/sec).
Executions attempted so far: 7000000 total 7000000 finished normally 0 blocked (3968.25/sec).
Executions attempted so far: 7000000 total 7000000 finished normally 0 blocked (3961.52/sec).
Executions attempted so far: 7000000 total 7000000 finished normally 0 blocked (3957.04/sec).
Executions attempted so far: 7000000 total 7000000 finished normally 0 blocked (3906.25/sec).
Executions attempted so far: 7000000 total 7000000 finished normally 0 blocked (3888.89/sec).
Executions attempted so far: 7000000 total 7000000 finished normally 0 blocked (3869.54/sec).
Executions attempted so far: 7000000 total 7000000 finished normally 0 blocked (3865.27/sec).
Executions attempted so far: 7000000 total 7000000 finished normally 0 blocked (3812.64/sec).
Executions attempted so far: 7000000 total 7000000 finished normally 0 blocked (3767.49/sec).
Executions attempted so far: 7000000 total 7000000 finished normally 0 blocked (3759.40/sec).
Executions attempted so far: 7000000 total 7000000 finished normally 0 blocked (3753.35/sec).
Executions attempted so far: 7000000 total 7000000 finished normally 0 blocked (3737.32/sec).
Executions attempted so far: 7000000 total 7000000 finished normally 0 blocked (3625.06/sec).
Executions attempted so far: 8000000 total 8000000 finished normally 0 blocked (4030.23/sec).
Executions attempted so far: 8000000 total 8000000 finished normally 0 blocked (3984.06/sec).
Executions attempted so far: 8000000 total 8000000 finished normally 0 blocked (3982.08/sec).
Executions attempted so far: 8000000 total 8000000 finished normally 0 blocked (3964.32/sec).
Executions attempted so far: 8000000 total 8000000 finished normally 0 blocked (3962.36/sec).
Executions attempted so far: 8000000 total 8000000 finished normally 0 blocked (3956.48/sec).
Executions attempted so far: 8000000 total 8000000 finished normally 0 blocked (3891.05/sec).
Executions attempted so far: 8000000 total 8000000 finished normally 0 blocked (3870.34/sec).
Executions attempted so far: 8000000 total 8000000 finished normally 0 blocked (3866.60/sec).
Executions attempted so far: 8000000 total 8000000 finished normally 0 blocked (3861.00/sec).
Executions attempted so far: 8000000 total 8000000 finished normally 0 blocked (3791.47/sec).
Executions attempted so far: 8000000 total 8000000 finished normally 0 blocked (3768.25/sec).
Executions attempted so far: 8000000 total 8000000 finished normally 0 blocked (3757.63/sec).
Executions attempted so far: 8000000 total 8000000 finished normally 0 blocked (3755.87/sec).
Executions attempted so far: 8000000 total 8000000 finished normally 0 blocked (3729.60/sec).
Executions attempted so far: 8000000 total 8000000 finished normally 0 blocked (3621.55/sec).
Executions attempted so far: 9000000 total 9000000 finished normally 0 blocked (4017.86/sec).
Executions attempted so far: 9000000 total 9000000 finished normally 0 blocked (4012.48/sec).
Executions attempted so far: 9000000 total 9000000 finished normally 0 blocked (4010.70/sec).
Executions attempted so far: 9000000 total 9000000 finished normally 0 blocked (3963.01/sec).
Executions attempted so far: 9000000 total 9000000 finished normally 0 blocked (3959.52/sec).
Executions attempted so far: 9000000 total 9000000 finished normally 0 blocked (3949.10/sec).
Executions attempted so far: 9000000 total 9000000 finished normally 0 blocked (3875.97/sec).
Executions attempted so far: 9000000 total 9000000 finished normally 0 blocked (3874.30/sec).
Executions attempted so far: 9000000 total 9000000 finished normally 0 blocked (3867.64/sec).
Executions attempted so far: 9000000 total 9000000 finished normally 0 blocked (3844.51/sec).
Executions attempted so far: 9000000 total 9000000 finished normally 0 blocked (3781.51/sec).
Executions attempted so far: 9000000 total 9000000 finished normally 0 blocked (3767.27/sec).
Executions attempted so far: 9000000 total 9000000 finished normally 0 blocked (3762.54/sec).
Executions attempted so far: 9000000 total 9000000 finished normally 0 blocked (3757.83/sec).
Executions attempted so far: 9000000 total 9000000 finished normally 0 blocked (3725.17/sec).
Executions attempted so far: 10000000 total 10000000 finished normally 0 blocked (4024.14/sec).
Executions attempted so far: 9000000 total 9000000 finished normally 0 blocked (3617.36/sec).
Executions attempted so far: 10000000 total 10000000 finished normally 0 blocked (4019.29/sec).
Executions attempted so far: 10000000 total 10000000 finished normally 0 blocked (4004.81/sec).
Executions attempted so far: 10000000 total 10000000 finished normally 0 blocked (3990.42/sec).
Executions attempted so far: 10000000 total 10000000 finished normally 0 blocked (3961.97/sec).
Executions attempted so far: 10000000 total 10000000 finished normally 0 blocked (3946.33/sec).
Executions attempted so far: 10000000 total 10000000 finished normally 0 blocked (3872.97/sec).
Executions attempted so far: 10000000 total 10000000 finished normally 0 blocked (3869.97/sec).
Executions attempted so far: 10000000 total 10000000 finished normally 0 blocked (3859.51/sec).
Executions attempted so far: 10000000 total 10000000 finished normally 0 blocked (3829.95/sec).
Executions attempted so far: 10000000 total 10000000 finished normally 0 blocked (3769.32/sec).
Executions attempted so far: 10000000 total 10000000 finished normally 0 blocked (3767.90/sec).
Executions attempted so far: 10000000 total 10000000 finished normally 0 blocked (3766.48/sec).
Executions attempted so far: 10000000 total 10000000 finished normally 0 blocked (3759.40/sec).
Executions attempted so far: 10000000 total 10000000 finished normally 0 blocked (3724.39/sec).
Executions attempted so far: 11000000 total 11000000 finished normally 0 blocked (4023.41/sec).
Executions attempted so far: 11000000 total 11000000 finished normally 0 blocked (4023.41/sec).
Executions attempted so far: 11000000 total 11000000 finished normally 0 blocked (4000.00/sec).
Executions attempted so far: 11000000 total 11000000 finished normally 0 blocked (3989.84/sec).
Executions attempted so far: 10000000 total 10000000 finished normally 0 blocked (3614.02/sec).
Executions attempted so far: 11000000 total 11000000 finished normally 0 blocked (3958.26/sec).
Executions attempted so far: 11000000 total 11000000 finished normally 0 blocked (3942.65/sec).
Executions attempted so far: 11000000 total 11000000 finished normally 0 blocked (3878.70/sec).
Executions attempted so far: 11000000 total 11000000 finished normally 0 blocked (3873.24/sec).
Executions attempted so far: 11000000 total 11000000 finished normally 0 blocked (3843.47/sec).
Executions attempted so far: 11000000 total 11000000 finished normally 0 blocked (3815.47/sec).
Executions attempted so far: 11000000 total 11000000 finished normally 0 blocked (3774.88/sec).
Executions attempted so far: 11000000 total 11000000 finished normally 0 blocked (3769.71/sec).
Executions attempted so far: 11000000 total 11000000 finished normally 0 blocked (3764.54/sec).
Executions attempted so far: 11000000 total 11000000 finished normally 0 blocked (3759.40/sec).
Executions attempted so far: 11000000 total 11000000 finished normally 0 blocked (3725.03/sec).
Executions attempted so far: 12000000 total 12000000 finished normally 0 blocked (4030.90/sec).
Executions attempted so far: 12000000 total 12000000 finished normally 0 blocked (4026.85/sec).
Executions attempted so far: 12000000 total 12000000 finished normally 0 blocked (4005.34/sec).
Executions attempted so far: 12000000 total 12000000 finished normally 0 blocked (3984.06/sec).
Executions attempted so far: 12000000 total 12000000 finished normally 0 blocked (3949.97/sec).
Executions attempted so far: 11000000 total 11000000 finished normally 0 blocked (3618.42/sec).
Executions attempted so far: 12000000 total 12000000 finished normally 0 blocked (3942.18/sec).
Executions attempted so far: 12000000 total 12000000 finished normally 0 blocked (3898.64/sec).
Executions attempted so far: 12000000 total 12000000 finished normally 0 blocked (3873.47/sec).
Executions attempted so far: 12000000 total 12000000 finished normally 0 blocked (3831.42/sec).
Executions attempted so far: 12000000 total 12000000 finished normally 0 blocked (3805.90/sec).
Executions attempted so far: 12000000 total 12000000 finished normally 0 blocked (3773.58/sec).
Executions attempted so far: 12000000 total 12000000 finished normally 0 blocked (3772.40/sec).
Executions attempted so far: 12000000 total 12000000 finished normally 0 blocked (3766.48/sec).
Executions attempted so far: 12000000 total 12000000 finished normally 0 blocked (3747.66/sec).
Executions attempted so far: 13000000 total 13000000 finished normally 0 blocked (4034.76/sec).
Executions attempted so far: 12000000 total 12000000 finished normally 0 blocked (3718.62/sec).
Executions attempted so far: 13000000 total 13000000 finished normally 0 blocked (4026.01/sec).
Executions attempted so far: 13000000 total 13000000 finished normally 0 blocked (4009.87/sec).
Executions attempted so far: 13000000 total 13000000 finished normally 0 blocked (3979.19/sec).
Executions attempted so far: 13000000 total 13000000 finished normally 0 blocked (3945.37/sec).
Executions attempted so far: 13000000 total 13000000 finished normally 0 blocked (3939.39/sec).
Executions attempted so far: 12000000 total 12000000 finished normally 0 blocked (3615.55/sec).
Executions attempted so far: 13000000 total 13000000 finished normally 0 blocked (3907.42/sec).
Executions attempted so far: 13000000 total 13000000 finished normally 0 blocked (3871.35/sec).
Executions attempted so far: 13000000 total 13000000 finished normally 0 blocked (3824.65/sec).
Executions attempted so far: 13000000 total 13000000 finished normally 0 blocked (3792.30/sec).
Executions attempted so far: 13000000 total 13000000 finished normally 0 blocked (3772.49/sec).
Executions attempted so far: 13000000 total 13000000 finished normally 0 blocked (3771.40/sec).
Executions attempted so far: 13000000 total 13000000 finished normally 0 blocked (3770.30/sec).
Executions attempted so far: 14000000 total 14000000 finished normally 0 blocked (4034.58/sec).
Executions attempted so far: 13000000 total 13000000 finished normally 0 blocked (3743.16/sec).
Executions attempted so far: 14000000 total 14000000 finished normally 0 blocked (4028.78/sec).
Executions attempted so far: 14000000 total 14000000 finished normally 0 blocked (4013.76/sec).
Executions attempted so far: 13000000 total 13000000 finished normally 0 blocked (3715.35/sec).
Executions attempted so far: 14000000 total 14000000 finished normally 0 blocked (3973.89/sec).
Executions attempted so far: 14000000 total 14000000 finished normally 0 blocked (3942.55/sec).
Executions attempted so far: 14000000 total 14000000 finished normally 0 blocked (3938.12/sec).
Executions attempted so far: 14000000 total 14000000 finished normally 0 blocked (3910.61/sec).
Executions attempted so far: 13000000 total 13000000 finished normally 0 blocked (3614.12/sec).
Executions attempted so far: 14000000 total 14000000 finished normally 0 blocked (3867.40/sec).
Executions attempted so far: 14000000 total 14000000 finished normally 0 blocked (3817.83/sec).
Executions attempted so far: 14000000 total 14000000 finished normally 0 blocked (3782.76/sec).
Executions attempted so far: 14000000 total 14000000 finished normally 0 blocked (3773.58/sec).
Executions attempted so far: 14000000 total 14000000 finished normally 0 blocked (3772.57/sec).
Executions attempted so far: 14000000 total 14000000 finished normally 0 blocked (3772.57/sec).
Executions attempted so far: 15000000 total 15000000 finished normally 0 blocked (4038.77/sec).
Executions attempted so far: 15000000 total 15000000 finished normally 0 blocked (4033.34/sec).
Executions attempted so far: 15000000 total 15000000 finished normally 0 blocked (4018.22/sec).
Executions attempted so far: 14000000 total 14000000 finished normally 0 blocked (3740.32/sec).
Executions attempted so far: 14000000 total 14000000 finished normally 0 blocked (3714.51/sec).
Executions attempted so far: 15000000 total 15000000 finished normally 0 blocked (3965.11/sec).
Executions attempted so far: 15000000 total 15000000 finished normally 0 blocked (3938.04/sec).
Executions attempted so far: 15000000 total 15000000 finished normally 0 blocked (3938.04/sec).
Executions attempted so far: 15000000 total 15000000 finished normally 0 blocked (3914.41/sec).
Executions attempted so far: 14000000 total 14000000 finished normally 0 blocked (3614.77/sec).
Executions attempted so far: 15000000 total 15000000 finished normally 0 blocked (3864.98/sec).
Executions attempted so far: 15000000 total 15000000 finished normally 0 blocked (3812.91/sec).
Executions attempted so far: 16000000 total 16000000 finished normally 0 blocked (4038.36/sec).
Executions attempted so far: 16000000 total 16000000 finished normally 0 blocked (4035.31/sec).
Executions attempted so far: 15000000 total 15000000 finished normally 0 blocked (3778.34/sec).
Executions attempted so far: 15000000 total 15000000 finished normally 0 blocked (3772.64/sec).
Executions attempted so far: 15000000 total 15000000 finished normally 0 blocked (3772.64/sec).
Executions attempted so far: 15000000 total 15000000 finished normally 0 blocked (3770.74/sec).
Executions attempted so far: 16000000 total 16000000 finished normally 0 blocked (4019.09/sec).
Executions attempted so far: 15000000 total 15000000 finished normally 0 blocked (3733.20/sec).
Executions attempted so far: 16000000 total 16000000 finished normally 0 blocked (3968.25/sec).
Executions attempted so far: 15000000 total 15000000 finished normally 0 blocked (3712.87/sec).
Executions attempted so far: 16000000 total 16000000 finished normally 0 blocked (3945.75/sec).
Executions attempted so far: 16000000 total 16000000 finished normally 0 blocked (3933.14/sec).
Executions attempted so far: 16000000 total 16000000 finished normally 0 blocked (3918.69/sec).
Executions attempted so far: 16000000 total 16000000 finished normally 0 blocked (3860.07/sec).
Executions attempted so far: 15000000 total 15000000 finished normally 0 blocked (3615.33/sec).
Executions attempted so far: 16000000 total 16000000 finished normally 0 blocked (3809.52/sec).
Executions attempted so far: 17000000 total 17000000 finished normally 0 blocked (4041.84/sec).
Executions attempted so far: 17000000 total 17000000 finished normally 0 blocked (4038.00/sec).
Executions attempted so far: 17000000 total 17000000 finished normally 0 blocked (4017.96/sec).
Executions attempted so far: 16000000 total 16000000 finished normally 0 blocked (3776.26/sec).
Executions attempted so far: 16000000 total 16000000 finished normally 0 blocked (3773.58/sec).
Executions attempted so far: 16000000 total 16000000 finished normally 0 blocked (3772.70/sec).
Executions attempted so far: 16000000 total 16000000 finished normally 0 blocked (3769.14/sec).
Executions attempted so far: 17000000 total 17000000 finished normally 0 blocked (3969.18/sec).
Executions attempted so far: 16000000 total 16000000 finished normally 0 blocked (3728.73/sec).
Executions attempted so far: 17000000 total 17000000 finished normally 0 blocked (3953.49/sec).
Executions attempted so far: 16000000 total 16000000 finished normally 0 blocked (3716.61/sec).
Executions attempted so far: 17000000 total 17000000 finished normally 0 blocked (3928.82/sec).
Executions attempted so far: 17000000 total 17000000 finished normally 0 blocked (3921.57/sec).
Executions attempted so far: 17000000 total 17000000 finished normally 0 blocked (3860.13/sec).
Executions attempted so far: 16000000 total 16000000 finished normally 0 blocked (3615.82/sec).
Executions attempted so far: 18000000 total 18000000 finished normally 0 blocked (4046.76/sec).
Executions attempted so far: 18000000 total 18000000 finished normally 0 blocked (4040.40/sec).
Executions attempted so far: 17000000 total 17000000 finished normally 0 blocked (3807.39/sec).
Executions attempted so far: 18000000 total 18000000 finished normally 0 blocked (4018.75/sec).
Executions attempted so far: 17000000 total 17000000 finished normally 0 blocked (3776.94/sec).
Executions attempted so far: 17000000 total 17000000 finished normally 0 blocked (3772.75/sec).
Executions attempted so far: 17000000 total 17000000 finished normally 0 blocked (3770.24/sec).
Executions attempted so far: 17000000 total 17000000 finished normally 0 blocked (3766.90/sec).
Executions attempted so far: 18000000 total 18000000 finished normally 0 blocked (3966.51/sec).
Executions attempted so far: 18000000 total 18000000 finished normally 0 blocked (3957.78/sec).
Executions attempted so far: 17000000 total 17000000 finished normally 0 blocked (3723.17/sec).
Executions attempted so far: 17000000 total 17000000 finished normally 0 blocked (3715.03/sec).
Executions attempted so far: 18000000 total 18000000 finished normally 0 blocked (3926.70/sec).
Executions attempted so far: 18000000 total 18000000 finished normally 0 blocked (3923.28/sec).
Executions attempted so far: 18000000 total 18000000 finished normally 0 blocked (3855.22/sec).
Executions attempted so far: 19000000 total 19000000 finished normally 0 blocked (4047.72/sec).
Executions attempted so far: 19000000 total 19000000 finished normally 0 blocked (4045.14/sec).
Executions attempted so far: 17000000 total 17000000 finished normally 0 blocked (3615.48/sec).
Executions attempted so far: 19000000 total 19000000 finished normally 0 blocked (4023.72/sec).
Executions attempted so far: 18000000 total 18000000 finished normally 0 blocked (3805.50/sec).
Executions attempted so far: 18000000 total 18000000 finished normally 0 blocked (3775.96/sec).
Executions attempted so far: 18000000 total 18000000 finished normally 0 blocked (3773.58/sec).
Executions attempted so far: 18000000 total 18000000 finished normally 0 blocked (3770.42/sec).
Executions attempted so far: 18000000 total 18000000 finished normally 0 blocked (3764.12/sec).
Executions attempted so far: 19000000 total 19000000 finished normally 0 blocked (3960.81/sec).
Executions attempted so far: 19000000 total 19000000 finished normally 0 blocked (3955.04/sec).
Executions attempted so far: 19000000 total 19000000 finished normally 0 blocked (3924.81/sec).
Executions attempted so far: 19000000 total 19000000 finished normally 0 blocked (3924.00/sec).
Executions attempted so far: 18000000 total 18000000 finished normally 0 blocked (3715.94/sec).
Executions attempted so far: 18000000 total 18000000 finished normally 0 blocked (3715.94/sec).
Executions attempted so far: 19000000 total 19000000 finished normally 0 blocked (3848.49/sec).
Executions attempted so far: 20000000 total 20000000 finished normally 0 blocked (4049.40/sec).
Executions attempted so far: 20000000 total 20000000 finished normally 0 blocked (4046.94/sec).
Executions attempted so far: 20000000 total 20000000 finished normally 0 blocked (4027.39/sec).
Executions attempted so far: 18000000 total 18000000 finished normally 0 blocked (3616.64/sec).
Executions attempted so far: 19000000 total 19000000 finished normally 0 blocked (3803.80/sec).
Executions attempted so far: 19000000 total 19000000 finished normally 0 blocked (3774.33/sec).
Executions attempted so far: 19000000 total 19000000 finished normally 0 blocked (3772.09/sec).
Executions attempted so far: 19000000 total 19000000 finished normally 0 blocked (3768.35/sec).
Executions attempted so far: 19000000 total 19000000 finished normally 0 blocked (3759.40/sec).
Executions attempted so far: 20000000 total 20000000 finished normally 0 blocked (3956.48/sec).
Executions attempted so far: 20000000 total 20000000 finished normally 0 blocked (3954.91/sec).
Executions attempted so far: 20000000 total 20000000 finished normally 0 blocked (3929.27/sec).
Executions attempted so far: 20000000 total 20000000 finished normally 0 blocked (3922.34/sec).
Executions attempted so far: 19000000 total 19000000 finished normally 0 blocked (3713.84/sec).
Executions attempted so far: 19000000 total 19000000 finished normally 0 blocked (3710.94/sec).
Executions attempted so far: 21000000 total 21000000 finished normally 0 blocked (4050.14/sec).
Executions attempted so far: 21000000 total 21000000 finished normally 0 blocked (4047.80/sec).
Executions attempted so far: 20000000 total 20000000 finished normally 0 blocked (3846.15/sec).
Executions attempted so far: 21000000 total 21000000 finished normally 0 blocked (4028.39/sec).
Executions attempted so far: 19000000 total 19000000 finished normally 0 blocked (3614.23/sec).
Executions attempted so far: 20000000 total 20000000 finished normally 0 blocked (3800.11/sec).
Executions attempted so far: 20000000 total 20000000 finished normally 0 blocked (3773.58/sec).
Executions attempted so far: 20000000 total 20000000 finished normally 0 blocked (3773.58/sec).
Executions attempted so far: 20000000 total 20000000 finished normally 0 blocked (3767.90/sec).
Executions attempted so far: 21000000 total 21000000 finished normally 0 blocked (3954.06/sec).
Executions attempted so far: 21000000 total 21000000 finished normally 0 blocked (3954.06/sec).
Executions attempted so far: 20000000 total 20000000 finished normally 0 blocked (3754.46/sec).
Executions attempted so far: 21000000 total 21000000 finished normally 0 blocked (3931.11/sec).
Executions attempted so far: 21000000 total 21000000 finished normally 0 blocked (3923.77/sec).
Executions attempted so far: 20000000 total 20000000 finished normally 0 blocked (3710.58/sec).
Executions attempted so far: 20000000 total 20000000 finished normally 0 blocked (3709.89/sec).
Executions attempted so far: 22000000 total 22000000 finished normally 0 blocked (4050.07/sec).
Executions attempted so far: 22000000 total 22000000 finished normally 0 blocked (4048.58/sec).
Executions attempted so far: 22000000 total 22000000 finished normally 0 blocked (4033.74/sec).
Executions attempted so far: 21000000 total 21000000 finished normally 0 blocked (3844.04/sec).
Executions attempted so far: 21000000 total 21000000 finished normally 0 blocked (3797.47/sec).
Executions attempted so far: 20000000 total 20000000 finished normally 0 blocked (3612.06/sec).
Executions attempted so far: 21000000 total 21000000 finished normally 0 blocked (3775.62/sec).
Executions attempted so far: 22000000 total 22000000 finished normally 0 blocked (3953.99/sec).
Executions attempted so far: 21000000 total 21000000 finished normally 0 blocked (3774.26/sec).
Executions attempted so far: 22000000 total 22000000 finished normally 0 blocked (3951.86/sec).
Executions attempted so far: 21000000 total 21000000 finished normally 0 blocked (3767.49/sec).
Executions attempted so far: 22000000 total 22000000 finished normally 0 blocked (3932.79/sec).
Executions attempted so far: 21000000 total 21000000 finished normally 0 blocked (3754.02/sec).
Executions attempted so far: 22000000 total 22000000 finished normally 0 blocked (3922.97/sec).
Executions attempted so far: 21000000 total 21000000 finished normally 0 blocked (3710.25/sec).
Executions attempted so far: 21000000 total 21000000 finished normally 0 blocked (3707.63/sec).
Executions attempted so far: 23000000 total 23000000 finished normally 0 blocked (4054.29/sec).
Executions attempted so far: 23000000 total 23000000 finished normally 0 blocked (4051.44/sec).
Executions attempted so far: 23000000 total 23000000 finished normally 0 blocked (4033.67/sec).
Executions attempted so far: 22000000 total 22000000 finished normally 0 blocked (3843.47/sec).
Executions attempted so far: 22000000 total 22000000 finished normally 0 blocked (3795.07/sec).
Executions attempted so far: 21000000 total 21000000 finished normally 0 blocked (3611.35/sec).
Executions attempted so far: 23000000 total 23000000 finished normally 0 blocked (3951.89/sec).
Executions attempted so far: 23000000 total 23000000 finished normally 0 blocked (3951.89/sec).
Executions attempted so far: 22000000 total 22000000 finished normally 0 blocked (3778.12/sec).
Executions attempted so far: 22000000 total 22000000 finished normally 0 blocked (3778.12/sec).
Executions attempted so far: 22000000 total 22000000 finished normally 0 blocked (3769.06/sec).
Executions attempted so far: 23000000 total 23000000 finished normally 0 blocked (3934.99/sec).
Executions attempted so far: 23000000 total 23000000 finished normally 0 blocked (3925.58/sec).
Executions attempted so far: 22000000 total 22000000 finished normally 0 blocked (3749.15/sec).
Executions attempted so far: 24000000 total 24000000 finished normally 0 blocked (4054.74/sec).
Executions attempted so far: 24000000 total 24000000 finished normally 0 blocked (4052.68/sec).
Executions attempted so far: 22000000 total 22000000 finished normally 0 blocked (3708.07/sec).
Executions attempted so far: 22000000 total 22000000 finished normally 0 blocked (3702.46/sec).
Executions attempted so far: 24000000 total 24000000 finished normally 0 blocked (4034.97/sec).
Executions attempted so far: 23000000 total 23000000 finished normally 0 blocked (3842.30/sec).
Executions attempted so far: 23000000 total 23000000 finished normally 0 blocked (3791.00/sec).
Executions attempted so far: 24000000 total 24000000 finished normally 0 blocked (3953.22/sec).
Executions attempted so far: 24000000 total 24000000 finished normally 0 blocked (3949.32/sec).
Executions attempted so far: 23000000 total 23000000 finished normally 0 blocked (3781.03/sec).
Executions attempted so far: 23000000 total 23000000 finished normally 0 blocked (3776.06/sec).
Executions attempted so far: 22000000 total 22000000 finished normally 0 blocked (3609.52/sec).
Executions attempted so far: 24000000 total 24000000 finished normally 0 blocked (3934.43/sec).
Executions attempted so far: 23000000 total 23000000 finished normally 0 blocked (3766.17/sec).
Executions attempted so far: 24000000 total 24000000 finished normally 0 blocked (3924.78/sec).
Executions attempted so far: 23000000 total 23000000 finished normally 0 blocked (3746.54/sec).
Executions attempted so far: 25000000 total 25000000 finished normally 0 blocked (4049.89/sec).
Executions attempted so far: 25000000 total 25000000 finished normally 0 blocked (4047.27/sec).
Executions attempted so far: 25000000 total 25000000 finished normally 0 blocked (4036.82/sec).
Executions attempted so far: 23000000 total 23000000 finished normally 0 blocked (3707.29/sec).
Executions attempted so far: 23000000 total 23000000 finished normally 0 blocked (3698.94/sec).
Executions attempted so far: 24000000 total 24000000 finished normally 0 blocked (3842.46/sec).
Executions attempted so far: 25000000 total 25000000 finished normally 0 blocked (3951.32/sec).
Executions attempted so far: 24000000 total 24000000 finished normally 0 blocked (3791.47/sec).
Executions attempted so far: 24000000 total 24000000 finished normally 0 blocked (3790.27/sec).
Executions attempted so far: 25000000 total 25000000 finished normally 0 blocked (3946.95/sec).
Executions attempted so far: 24000000 total 24000000 finished normally 0 blocked (3777.15/sec).
Executions attempted so far: 25000000 total 25000000 finished normally 0 blocked (3933.91/sec).
Executions attempted so far: 25000000 total 25000000 finished normally 0 blocked (3925.26/sec).
Executions attempted so far: 23000000 total 23000000 finished normally 0 blocked (3610.11/sec).
Executions attempted so far: 24000000 total 24000000 finished normally 0 blocked (3764.71/sec).
Executions attempted so far: 24000000 total 24000000 finished normally 0 blocked (3745.32/sec).
Executions attempted so far: 26000000 total 26000000 finished normally 0 blocked (4036.64/sec).
Executions attempted so far: 26000000 total 26000000 finished normally 0 blocked (4036.01/sec).
Executions attempted so far: 26000000 total 26000000 finished normally 0 blocked (4032.26/sec).
Executions attempted so far: 24000000 total 24000000 finished normally 0 blocked (3707.14/sec).
Executions attempted so far: 24000000 total 24000000 finished normally 0 blocked (3697.43/sec).
Executions attempted so far: 25000000 total 25000000 finished normally 0 blocked (3841.43/sec).
Executions attempted so far: 26000000 total 26000000 finished normally 0 blocked (3950.77/sec).
Executions attempted so far: 25000000 total 25000000 finished normally 0 blocked (3798.24/sec).
Executions attempted so far: 26000000 total 26000000 finished normally 0 blocked (3948.37/sec).
Executions attempted so far: 25000000 total 25000000 finished normally 0 blocked (3785.58/sec).
Executions attempted so far: 26000000 total 26000000 finished normally 0 blocked (3935.22/sec).
Executions attempted so far: 26000000 total 26000000 finished normally 0 blocked (3928.68/sec).
Executions attempted so far: 25000000 total 25000000 finished normally 0 blocked (3774.72/sec).
Executions attempted so far: 25000000 total 25000000 finished normally 0 blocked (3765.63/sec).
Executions attempted so far: 24000000 total 24000000 finished normally 0 blocked (3610.11/sec).
Executions attempted so far: 25000000 total 25000000 finished normally 0 blocked (3742.51/sec).
Executions attempted so far: 27000000 total 27000000 finished normally 0 blocked (4037.08/sec).
Executions attempted so far: 27000000 total 27000000 finished normally 0 blocked (4022.65/sec).
Executions attempted so far: 27000000 total 27000000 finished normally 0 blocked (4014.87/sec).
Executions attempted so far: 25000000 total 25000000 finished normally 0 blocked (3706.45/sec).
Executions attempted so far: 25000000 total 25000000 finished normally 0 blocked (3697.13/sec).
Executions attempted so far: 26000000 total 26000000 finished normally 0 blocked (3840.47/sec).
Executions attempted so far: 27000000 total 27000000 finished normally 0 blocked (3951.99/sec).
Executions attempted so far: 26000000 total 26000000 finished normally 0 blocked (3805.62/sec).
Executions attempted so far: 27000000 total 27000000 finished normally 0 blocked (3950.83/sec).
Executions attempted so far: 27000000 total 27000000 finished normally 0 blocked (3938.73/sec).
Executions attempted so far: 27000000 total 27000000 finished normally 0 blocked (3930.70/sec).
Executions attempted so far: 26000000 total 26000000 finished normally 0 blocked (3784.02/sec).
Executions attempted so far: 26000000 total 26000000 finished normally 0 blocked (3775.23/sec).
Executions attempted so far: 26000000 total 26000000 finished normally 0 blocked (3765.39/sec).
Executions attempted so far: 25000000 total 25000000 finished normally 0 blocked (3609.07/sec).
Executions attempted so far: 28000000 total 28000000 finished normally 0 blocked (4037.49/sec).
Executions attempted so far: 26000000 total 26000000 finished normally 0 blocked (3739.93/sec).
Executions attempted so far: 28000000 total 28000000 finished normally 0 blocked (4016.64/sec).
Executions attempted so far: 28000000 total 28000000 finished normally 0 blocked (3997.14/sec).
Executions attempted so far: 26000000 total 26000000 finished normally 0 blocked (3706.87/sec).
Executions attempted so far: 27000000 total 27000000 finished normally 0 blocked (3839.04/sec).
Executions attempted so far: 26000000 total 26000000 finished normally 0 blocked (3696.33/sec).
Executions attempted so far: 27000000 total 27000000 finished normally 0 blocked (3811.94/sec).
Executions attempted so far: 28000000 total 28000000 finished normally 0 blocked (3952.01/sec).
Executions attempted so far: 28000000 total 28000000 finished normally 0 blocked (3951.45/sec).
Executions attempted so far: 28000000 total 28000000 finished normally 0 blocked (3939.78/sec).
Executions attempted so far: 28000000 total 28000000 finished normally 0 blocked (3929.82/sec).
Executions attempted so far: 27000000 total 27000000 finished normally 0 blocked (3783.63/sec).
Executions attempted so far: 27000000 total 27000000 finished normally 0 blocked (3775.70/sec).
Executions attempted so far: 27000000 total 27000000 finished normally 0 blocked (3766.22/sec).
Executions attempted so far: 29000000 total 29000000 finished normally 0 blocked (4037.87/sec).
Executions attempted so far: 26000000 total 26000000 finished normally 0 blocked (3609.11/sec).
Executions attempted so far: 29000000 total 29000000 finished normally 0 blocked (4016.06/sec).
Executions attempted so far: 27000000 total 27000000 finished normally 0 blocked (3737.54/sec).
Executions attempted so far: 29000000 total 29000000 finished normally 0 blocked (3983.52/sec).
Executions attempted so far: 27000000 total 27000000 finished normally 0 blocked (3705.23/sec).
Executions attempted so far: 28000000 total 28000000 finished normally 0 blocked (3839.82/sec).
Executions attempted so far: 27000000 total 27000000 finished normally 0 blocked (3695.59/sec).
Executions attempted so far: 28000000 total 28000000 finished normally 0 blocked (3819.92/sec).
Executions attempted so far: 29000000 total 29000000 finished normally 0 blocked (3955.26/sec).
Executions attempted so far: 29000000 total 29000000 finished normally 0 blocked (3949.88/sec).
Executions attempted so far: 29000000 total 29000000 finished normally 0 blocked (3941.29/sec).
Executions attempted so far: 29000000 total 29000000 finished normally 0 blocked (3931.67/sec).
Executions attempted so far: 28000000 total 28000000 finished normally 0 blocked (3782.25/sec).
Executions attempted so far: 28000000 total 28000000 finished normally 0 blocked (3775.11/sec).
Executions attempted so far: 30000000 total 30000000 finished normally 0 blocked (4038.77/sec).
Executions attempted so far: 28000000 total 28000000 finished normally 0 blocked (3766.48/sec).
Executions attempted so far: 27000000 total 27000000 finished normally 0 blocked (3609.63/sec).
Executions attempted so far: 30000000 total 30000000 finished normally 0 blocked (4009.62/sec).
Executions attempted so far: 28000000 total 28000000 finished normally 0 blocked (3734.83/sec).
Executions attempted so far: 29000000 total 29000000 finished normally 0 blocked (3838.52/sec).
Executions attempted so far: 28000000 total 28000000 finished normally 0 blocked (3704.68/sec).
Executions attempted so far: 30000000 total 30000000 finished normally 0 blocked (3968.25/sec).
Executions attempted so far: 29000000 total 29000000 finished normally 0 blocked (3826.36/sec).
Executions attempted so far: 28000000 total 28000000 finished normally 0 blocked (3692.96/sec).
Executions attempted so far: 30000000 total 30000000 finished normally 0 blocked (3954.65/sec).
Executions attempted so far: 30000000 total 30000000 finished normally 0 blocked (3947.89/sec).
Executions attempted so far: 30000000 total 30000000 finished normally 0 blocked (3941.66/sec).
Executions attempted so far: 30000000 total 30000000 finished normally 0 blocked (3932.88/sec).
Executions attempted so far: 29000000 total 29000000 finished normally 0 blocked (3784.42/sec).
Executions attempted so far: 31000000 total 31000000 finished normally 0 blocked (4039.09/sec).
Executions attempted so far: 29000000 total 29000000 finished normally 0 blocked (3774.57/sec).
Executions attempted so far: 29000000 total 29000000 finished normally 0 blocked (3767.21/sec).
Executions attempted so far: 31000000 total 31000000 finished normally 0 blocked (4003.10/sec).
Executions attempted so far: 28000000 total 28000000 finished normally 0 blocked (3610.57/sec).
Executions attempted so far: 29000000 total 29000000 finished normally 0 blocked (3732.78/sec).
Executions attempted so far: 30000000 total 30000000 finished normally 0 blocked (3835.34/sec).
Executions attempted so far: 29000000 total 29000000 finished normally 0 blocked (3704.18/sec).
Executions attempted so far: 30000000 total 30000000 finished normally 0 blocked (3829.95/sec).
Executions attempted so far: 31000000 total 31000000 finished normally 0 blocked (3956.60/sec).
Executions attempted so far: 31000000 total 31000000 finished normally 0 blocked (3953.07/sec).
Executions attempted so far: 29000000 total 29000000 finished normally 0 blocked (3693.80/sec).
Executions attempted so far: 31000000 total 31000000 finished normally 0 blocked (3945.53/sec).
Executions attempted so far: 31000000 total 31000000 finished normally 0 blocked (3942.52/sec).
Executions attempted so far: 31000000 total 31000000 finished normally 0 blocked (3932.51/sec).
Executions attempted so far: 32000000 total 32000000 finished normally 0 blocked (4040.91/sec).
Executions attempted so far: 30000000 total 30000000 finished normally 0 blocked (3782.15/sec).
Executions attempted so far: 30000000 total 30000000 finished normally 0 blocked (3775.01/sec).
Executions attempted so far: 30000000 total 30000000 finished normally 0 blocked (3767.42/sec).
Executions attempted so far: 32000000 total 32000000 finished normally 0 blocked (3993.01/sec).
Executions attempted so far: 29000000 total 29000000 finished normally 0 blocked (3610.11/sec).
Executions attempted so far: 30000000 total 30000000 finished normally 0 blocked (3729.02/sec).
Executions attempted so far: 31000000 total 31000000 finished normally 0 blocked (3836.16/sec).
Executions attempted so far: 31000000 total 31000000 finished normally 0 blocked (3834.26/sec).
Executions attempted so far: 32000000 total 32000000 finished normally 0 blocked (3952.57/sec).
Executions attempted so far: 30000000 total 30000000 finished normally 0 blocked (3704.62/sec).
Executions attempted so far: 32000000 total 32000000 finished normally 0 blocked (3946.23/sec).
Executions attempted so far: 32000000 total 32000000 finished normally 0 blocked (3943.80/sec).
Executions attempted so far: 32000000 total 32000000 finished normally 0 blocked (3943.80/sec).
Executions attempted so far: 30000000 total 30000000 finished normally 0 blocked (3692.31/sec).
Executions attempted so far: 32000000 total 32000000 finished normally 0 blocked (3931.69/sec).
Executions attempted so far: 33000000 total 33000000 finished normally 0 blocked (4041.15/sec).
Executions attempted so far: 31000000 total 31000000 finished normally 0 blocked (3780.03/sec).
Executions attempted so far: 31000000 total 31000000 finished normally 0 blocked (3775.42/sec).
Executions attempted so far: 31000000 total 31000000 finished normally 0 blocked (3767.16/sec).
Executions attempted so far: 33000000 total 33000000 finished normally 0 blocked (3984.54/sec).
Executions attempted so far: 30000000 total 30000000 finished normally 0 blocked (3610.11/sec).
Executions attempted so far: 31000000 total 31000000 finished normally 0 blocked (3725.51/sec).
Executions attempted so far: 32000000 total 32000000 finished normally 0 blocked (3840.15/sec).
Executions attempted so far: 32000000 total 32000000 finished normally 0 blocked (3834.17/sec).
Executions attempted so far: 33000000 total 33000000 finished normally 0 blocked (3951.15/sec).
Executions attempted so far: 33000000 total 33000000 finished normally 0 blocked (3945.95/sec).
Executions attempted so far: 31000000 total 31000000 finished normally 0 blocked (3705.03/sec).
Executions attempted so far: 33000000 total 33000000 finished normally 0 blocked (3943.59/sec).
Executions attempted so far: 33000000 total 33000000 finished normally 0 blocked (3934.19/sec).
Executions attempted so far: 33000000 total 33000000 finished normally 0 blocked (3933.25/sec).
Executions attempted so far: 31000000 total 31000000 finished normally 0 blocked (3691.36/sec).
Executions attempted so far: 34000000 total 34000000 finished normally 0 blocked (4038.00/sec).
Executions attempted so far: 32000000 total 32000000 finished normally 0 blocked (3778.93/sec).
Executions attempted so far: 32000000 total 32000000 finished normally 0 blocked (3776.70/sec).
Executions attempted so far: 32000000 total 32000000 finished normally 0 blocked (3768.70/sec).
Executions attempted so far: 34000000 total 34000000 finished normally 0 blocked (3976.61/sec).
Executions attempted so far: 33000000 total 33000000 finished normally 0 blocked (3845.26/sec).
Executions attempted so far: 31000000 total 31000000 finished normally 0 blocked (3610.95/sec).
Executions attempted so far: 32000000 total 32000000 finished normally 0 blocked (3723.09/sec).
Executions attempted so far: 34000000 total 34000000 finished normally 0 blocked (3951.65/sec).
Executions attempted so far: 33000000 total 33000000 finished normally 0 blocked (3833.64/sec).
Executions attempted so far: 34000000 total 34000000 finished normally 0 blocked (3943.86/sec).
Executions attempted so far: 34000000 total 34000000 finished normally 0 blocked (3938.83/sec).
Executions attempted so far: 34000000 total 34000000 finished normally 0 blocked (3934.73/sec).
Executions attempted so far: 32000000 total 32000000 finished normally 0 blocked (3703.28/sec).
Executions attempted so far: 34000000 total 34000000 finished normally 0 blocked (3925.64/sec).
Executions attempted so far: 35000000 total 35000000 finished normally 0 blocked (4035.98/sec).
Executions attempted so far: 32000000 total 32000000 finished normally 0 blocked (3687.91/sec).
Executions attempted so far: 33000000 total 33000000 finished normally 0 blocked (3776.18/sec).
Executions attempted so far: 33000000 total 33000000 finished normally 0 blocked (3775.74/sec).
Executions attempted so far: 33000000 total 33000000 finished normally 0 blocked (3769.71/sec).
Executions attempted so far: 35000000 total 35000000 finished normally 0 blocked (3965.56/sec).
Executions attempted so far: 34000000 total 34000000 finished normally 0 blocked (3849.64/sec).
Executions attempted so far: 35000000 total 35000000 finished normally 0 blocked (3952.12/sec).
Executions attempted so far: 32000000 total 32000000 finished normally 0 blocked (3610.92/sec).
Executions attempted so far: 33000000 total 33000000 finished normally 0 blocked (3720.41/sec).
Executions attempted so far: 34000000 total 34000000 finished normally 0 blocked (3831.42/sec).
Executions attempted so far: 35000000 total 35000000 finished normally 0 blocked (3942.33/sec).
Executions attempted so far: 35000000 total 35000000 finished normally 0 blocked (3935.24/sec).
Executions attempted so far: 35000000 total 35000000 finished normally 0 blocked (3934.35/sec).
Executions attempted so far: 33000000 total 33000000 finished normally 0 blocked (3702.46/sec).
Executions attempted so far: 36000000 total 36000000 finished normally 0 blocked (4033.61/sec).
Executions attempted so far: 35000000 total 35000000 finished normally 0 blocked (3917.18/sec).
Executions attempted so far: 33000000 total 33000000 finished normally 0 blocked (3684.68/sec).
Executions attempted so far: 34000000 total 34000000 finished normally 0 blocked (3776.10/sec).
Executions attempted so far: 34000000 total 34000000 finished normally 0 blocked (3774.42/sec).
Executions attempted so far: 34000000 total 34000000 finished normally 0 blocked (3770.66/sec).
Executions attempted so far: 35000000 total 35000000 finished normally 0 blocked (3856.32/sec).
Executions attempted so far: 36000000 total 36000000 finished normally 0 blocked (3956.91/sec).
Executions attempted so far: 36000000 total 36000000 finished normally 0 blocked (3952.14/sec).
Executions attempted so far: 36000000 total 36000000 finished normally 0 blocked (3943.91/sec).
Executions attempted so far: 35000000 total 35000000 finished normally 0 blocked (3831.00/sec).
Executions attempted so far: 33000000 total 33000000 finished normally 0 blocked (3610.11/sec).
Executions attempted so far: 36000000 total 36000000 finished normally 0 blocked (3936.58/sec).
Executions attempted so far: 34000000 total 34000000 finished normally 0 blocked (3716.25/sec).
Executions attempted so far: 36000000 total 36000000 finished normally 0 blocked (3930.56/sec).
Executions attempted so far: 37000000 total 37000000 finished normally 0 blocked (4032.70/sec).
Executions attempted so far: 34000000 total 34000000 finished normally 0 blocked (3700.48/sec).
Executions attempted so far: 36000000 total 36000000 finished normally 0 blocked (3909.64/sec).
Executions attempted so far: 34000000 total 34000000 finished normally 0 blocked (3683.24/sec).
Executions attempted so far: 35000000 total 35000000 finished normally 0 blocked (3776.03/sec).
Executions attempted so far: 35000000 total 35000000 finished normally 0 blocked (3774.81/sec).
Executions attempted so far: 35000000 total 35000000 finished normally 0 blocked (3770.74/sec).
Executions attempted so far: 36000000 total 36000000 finished normally 0 blocked (3861.83/sec).
Executions attempted so far: 37000000 total 37000000 finished normally 0 blocked (3950.88/sec).
Executions attempted so far: 37000000 total 37000000 finished normally 0 blocked (3947.93/sec).
Executions attempted so far: 37000000 total 37000000 finished normally 0 blocked (3947.51/sec).
Executions attempted so far: 37000000 total 37000000 finished normally 0 blocked (3938.68/sec).
Executions attempted so far: 36000000 total 36000000 finished normally 0 blocked (3830.60/sec).
Executions attempted so far: 34000000 total 34000000 finished normally 0 blocked (3609.73/sec).
Executions attempted so far: 35000000 total 35000000 finished normally 0 blocked (3715.10/sec).
Executions attempted so far: 38000000 total 38000000 finished normally 0 blocked (4033.54/sec).
Executions attempted so far: 37000000 total 37000000 finished normally 0 blocked (3923.23/sec).
Executions attempted so far: 35000000 total 35000000 finished normally 0 blocked (3698.22/sec).
Executions attempted so far: 37000000 total 37000000 finished normally 0 blocked (3900.48/sec).
Executions attempted so far: 35000000 total 35000000 finished normally 0 blocked (3682.27/sec).
Executions attempted so far: 36000000 total 36000000 finished normally 0 blocked (3775.56/sec).
Executions attempted so far: 36000000 total 36000000 finished normally 0 blocked (3773.98/sec).
Executions attempted so far: 36000000 total 36000000 finished normally 0 blocked (3772.00/sec).
Executions attempted so far: 37000000 total 37000000 finished normally 0 blocked (3866.65/sec).
Executions attempted so far: 38000000 total 38000000 finished normally 0 blocked (3953.80/sec).
Executions attempted so far: 38000000 total 38000000 finished normally 0 blocked (3948.87/sec).
Executions attempted so far: 38000000 total 38000000 finished normally 0 blocked (3939.87/sec).
Executions attempted so far: 38000000 total 38000000 finished normally 0 blocked (3938.23/sec).
Executions attempted so far: 37000000 total 37000000 finished normally 0 blocked (3829.83/sec).
Executions attempted so far: 39000000 total 39000000 finished normally 0 blocked (4034.76/sec).
Executions attempted so far: 36000000 total 36000000 finished normally 0 blocked (3713.25/sec).
Executions attempted so far: 35000000 total 35000000 finished normally 0 blocked (3608.99/sec).
Executions attempted so far: 38000000 total 38000000 finished normally 0 blocked (3916.31/sec).
Executions attempted so far: 36000000 total 36000000 finished normally 0 blocked (3694.96/sec).
Executions attempted so far: 38000000 total 38000000 finished normally 0 blocked (3894.24/sec).
Executions attempted so far: 36000000 total 36000000 finished normally 0 blocked (3680.23/sec).
Executions attempted so far: 37000000 total 37000000 finished normally 0 blocked (3776.28/sec).
Executions attempted so far: 37000000 total 37000000 finished normally 0 blocked (3773.20/sec).
Executions attempted so far: 37000000 total 37000000 finished normally 0 blocked (3772.82/sec).
Executions attempted so far: 38000000 total 38000000 finished normally 0 blocked (3872.02/sec).
Executions attempted so far: 39000000 total 39000000 finished normally 0 blocked (3956.58/sec).
Executions attempted so far: 39000000 total 39000000 finished normally 0 blocked (3950.17/sec).
Executions attempted so far: 39000000 total 39000000 finished normally 0 blocked (3940.59/sec).
Executions attempted so far: 40000000 total 40000000 finished normally 0 blocked (4036.33/sec).
Executions attempted so far: 39000000 total 39000000 finished normally 0 blocked (3931.06/sec).
Executions attempted so far: 38000000 total 38000000 finished normally 0 blocked (3829.10/sec).
Executions attempted so far: 37000000 total 37000000 finished normally 0 blocked (3711.51/sec).
Executions attempted so far: 39000000 total 39000000 finished normally 0 blocked (3910.17/sec).
Executions attempted so far: 36000000 total 36000000 finished normally 0 blocked (3608.30/sec).
Executions attempted so far: 37000000 total 37000000 finished normally 0 blocked (3692.25/sec).
Executions attempted so far: 39000000 total 39000000 finished normally 0 blocked (3887.17/sec).
Executions attempted so far: 37000000 total 37000000 finished normally 0 blocked (3678.66/sec).
Executions attempted so far: 38000000 total 38000000 finished normally 0 blocked (3777.34/sec).
Executions attempted so far: 39000000 total 39000000 finished normally 0 blocked (3875.97/sec).
Executions attempted so far: 38000000 total 38000000 finished normally 0 blocked (3772.84/sec).
Executions attempted so far: 38000000 total 38000000 finished normally 0 blocked (3772.46/sec).
Executions attempted so far: 40000000 total 40000000 finished normally 0 blocked (3954.91/sec).
Executions attempted so far: 40000000 total 40000000 finished normally 0 blocked (3949.84/sec).
Executions attempted so far: 40000000 total 40000000 finished normally 0 blocked (3942.05/sec).
Executions attempted so far: 41000000 total 41000000 finished normally 0 blocked (4037.42/sec).
Executions attempted so far: 39000000 total 39000000 finished normally 0 blocked (3828.41/sec).
Executions attempted so far: 40000000 total 40000000 finished normally 0 blocked (3924.26/sec).
Executions attempted so far: 38000000 total 38000000 finished normally 0 blocked (3710.58/sec).
Executions attempted so far: 40000000 total 40000000 finished normally 0 blocked (3905.11/sec).
Executions attempted so far: 37000000 total 37000000 finished normally 0 blocked (3607.64/sec).
Executions attempted so far: 38000000 total 38000000 finished normally 0 blocked (3688.25/sec).
Executions attempted so far: 40000000 total 40000000 finished normally 0 blocked (3881.99/sec).
Executions attempted so far: 40000000 total 40000000 finished normally 0 blocked (3881.99/sec).
Executions attempted so far: 39000000 total 39000000 finished normally 0 blocked (3777.97/sec).
Executions attempted so far: 38000000 total 38000000 finished normally 0 blocked (3678.25/sec).
Executions attempted so far: 39000000 total 39000000 finished normally 0 blocked (3772.49/sec).
Executions attempted so far: 39000000 total 39000000 finished normally 0 blocked (3772.12/sec).
Executions attempted so far: 41000000 total 41000000 finished normally 0 blocked (3956.00/sec).
Executions attempted so far: 41000000 total 41000000 finished normally 0 blocked (3949.14/sec).
Executions attempted so far: 42000000 total 42000000 finished normally 0 blocked (4039.24/sec).
Executions attempted so far: 41000000 total 41000000 finished normally 0 blocked (3941.93/sec).
Executions attempted so far: 40000000 total 40000000 finished normally 0 blocked (3828.48/sec).
Executions attempted so far: 41000000 total 41000000 finished normally 0 blocked (3917.45/sec).
Executions attempted so far: 39000000 total 39000000 finished normally 0 blocked (3710.05/sec).
Executions attempted so far: 41000000 total 41000000 finished normally 0 blocked (3899.56/sec).
Executions attempted so far: 38000000 total 38000000 finished normally 0 blocked (3607.02/sec).
Executions attempted so far: 41000000 total 41000000 finished normally 0 blocked (3884.78/sec).
Executions attempted so far: 39000000 total 39000000 finished normally 0 blocked (3686.55/sec).
Executions attempted so far: 41000000 total 41000000 finished normally 0 blocked (3874.87/sec).
Executions attempted so far: 40000000 total 40000000 finished normally 0 blocked (3777.50/sec).
Executions attempted so far: 40000000 total 40000000 finished normally 0 blocked (3772.52/sec).
Executions attempted so far: 40000000 total 40000000 finished normally 0 blocked (3772.52/sec).
Executions attempted so far: 39000000 total 39000000 finished normally 0 blocked (3674.74/sec).
Executions attempted so far: 42000000 total 42000000 finished normally 0 blocked (3954.80/sec).
Executions attempted so far: 42000000 total 42000000 finished normally 0 blocked (3947.74/sec).
Executions attempted so far: 43000000 total 43000000 finished normally 0 blocked (4040.59/sec).
Executions attempted so far: 42000000 total 42000000 finished normally 0 blocked (3942.92/sec).
Executions attempted so far: 41000000 total 41000000 finished normally 0 blocked (3828.20/sec).
Executions attempted so far: 42000000 total 42000000 finished normally 0 blocked (3910.98/sec).
Executions attempted so far: 42000000 total 42000000 finished normally 0 blocked (3895.38/sec).
Executions attempted so far: 40000000 total 40000000 finished normally 0 blocked (3709.54/sec).
Executions attempted so far: 42000000 total 42000000 finished normally 0 blocked (3888.53/sec).
Executions attempted so far: 39000000 total 39000000 finished normally 0 blocked (3608.10/sec).
Executions attempted so far: 41000000 total 41000000 finished normally 0 blocked (3777.41/sec).
Executions attempted so far: 40000000 total 40000000 finished normally 0 blocked (3684.26/sec).
Executions attempted so far: 42000000 total 42000000 finished normally 0 blocked (3867.40/sec).
Executions attempted so far: 41000000 total 41000000 finished normally 0 blocked (3773.93/sec).
Executions attempted so far: 41000000 total 41000000 finished normally 0 blocked (3771.50/sec).
Executions attempted so far: 43000000 total 43000000 finished normally 0 blocked (3954.39/sec).
Executions attempted so far: 44000000 total 44000000 finished normally 0 blocked (4042.26/sec).
Executions attempted so far: 40000000 total 40000000 finished normally 0 blocked (3673.77/sec).
Executions attempted so far: 43000000 total 43000000 finished normally 0 blocked (3948.58/sec).
Executions attempted so far: 43000000 total 43000000 finished normally 0 blocked (3943.15/sec).
Executions attempted so far: 42000000 total 42000000 finished normally 0 blocked (3827.93/sec).
Executions attempted so far: 43000000 total 43000000 finished normally 0 blocked (3904.83/sec).
Executions attempted so far: 43000000 total 43000000 finished normally 0 blocked (3893.16/sec).
Executions attempted so far: 43000000 total 43000000 finished normally 0 blocked (3890.70/sec).
Executions attempted so far: 41000000 total 41000000 finished normally 0 blocked (3708.73/sec).
Executions attempted so far: 40000000 total 40000000 finished normally 0 blocked (3608.81/sec).
Executions attempted so far: 42000000 total 42000000 finished normally 0 blocked (3776.64/sec).
Executions attempted so far: 42000000 total 42000000 finished normally 0 blocked (3775.28/sec).
Executions attempted so far: 44000000 total 44000000 finished normally 0 blocked (3954.70/sec).
Executions attempted so far: 43000000 total 43000000 finished normally 0 blocked (3862.04/sec).
Executions attempted so far: 41000000 total 41000000 finished normally 0 blocked (3682.41/sec).
Executions attempted so far: 45000000 total 45000000 finished normally 0 blocked (4040.59/sec).
Executions attempted so far: 42000000 total 42000000 finished normally 0 blocked (3770.54/sec).
Executions attempted so far: 44000000 total 44000000 finished normally 0 blocked (3948.31/sec).
Executions attempted so far: 41000000 total 41000000 finished normally 0 blocked (3673.18/sec).
Executions attempted so far: 44000000 total 44000000 finished normally 0 blocked (3941.59/sec).
Executions attempted so far: 43000000 total 43000000 finished normally 0 blocked (3826.64/sec).
Executions attempted so far: 44000000 total 44000000 finished normally 0 blocked (3897.60/sec).
Executions attempted so far: 44000000 total 44000000 finished normally 0 blocked (3896.22/sec).
Executions attempted so far: 44000000 total 44000000 finished normally 0 blocked (3886.24/sec).
Executions attempted so far: 42000000 total 42000000 finished normally 0 blocked (3708.61/sec).
Executions attempted so far: 41000000 total 41000000 finished normally 0 blocked (3608.52/sec).
Executions attempted so far: 45000000 total 45000000 finished normally 0 blocked (3955.00/sec).
Executions attempted so far: 46000000 total 46000000 finished normally 0 blocked (4040.40/sec).
Executions attempted so far: 43000000 total 43000000 finished normally 0 blocked (3776.57/sec).
Executions attempted so far: 43000000 total 43000000 finished normally 0 blocked (3776.24/sec).
Executions attempted so far: 45000000 total 45000000 finished normally 0 blocked (3949.10/sec).
Executions attempted so far: 43000000 total 43000000 finished normally 0 blocked (3769.28/sec).
Executions attempted so far: 44000000 total 44000000 finished normally 0 blocked (3856.27/sec).
Executions attempted so far: 42000000 total 42000000 finished normally 0 blocked (3680.01/sec).
Executions attempted so far: 45000000 total 45000000 finished normally 0 blocked (3940.80/sec).
Executions attempted so far: 42000000 total 42000000 finished normally 0 blocked (3672.61/sec).
Executions attempted so far: 44000000 total 44000000 finished normally 0 blocked (3826.75/sec).
Executions attempted so far: 45000000 total 45000000 finished normally 0 blocked (3900.16/sec).
Executions attempted so far: 45000000 total 45000000 finished normally 0 blocked (3891.39/sec).
Executions attempted so far: 45000000 total 45000000 finished normally 0 blocked (3882.32/sec).
Executions attempted so far: 43000000 total 43000000 finished normally 0 blocked (3708.50/sec).
Executions attempted so far: 47000000 total 47000000 finished normally 0 blocked (4040.93/sec).
Executions attempted so far: 46000000 total 46000000 finished normally 0 blocked (3954.27/sec).
Executions attempted so far: 42000000 total 42000000 finished normally 0 blocked (3608.56/sec).
Executions attempted so far: 44000000 total 44000000 finished normally 0 blocked (3776.82/sec).
Executions attempted so far: 44000000 total 44000000 finished normally 0 blocked (3776.82/sec).
Executions attempted so far: 46000000 total 46000000 finished normally 0 blocked (3948.16/sec).
Executions attempted so far: 44000000 total 44000000 finished normally 0 blocked (3769.38/sec).
Executions attempted so far: 46000000 total 46000000 finished normally 0 blocked (3939.37/sec).
Executions attempted so far: 45000000 total 45000000 finished normally 0 blocked (3850.76/sec).
Executions attempted so far: 43000000 total 43000000 finished normally 0 blocked (3678.67/sec).
Executions attempted so far: 43000000 total 43000000 finished normally 0 blocked (3672.39/sec).
Executions attempted so far: 45000000 total 45000000 finished normally 0 blocked (3828.16/sec).
Executions attempted so far: 46000000 total 46000000 finished normally 0 blocked (3902.94/sec).
Executions attempted so far: 46000000 total 46000000 finished normally 0 blocked (3886.12/sec).
Executions attempted so far: 46000000 total 46000000 finished normally 0 blocked (3877.93/sec).
Executions attempted so far: 44000000 total 44000000 finished normally 0 blocked (3706.51/sec).
Executions attempted so far: 48000000 total 48000000 finished normally 0 blocked (4040.06/sec).
Executions attempted so far: 47000000 total 47000000 finished normally 0 blocked (3953.90/sec).
Executions attempted so far: 47000000 total 47000000 finished normally 0 blocked (3947.59/sec).
Executions attempted so far: 45000000 total 45000000 finished normally 0 blocked (3776.75/sec).
Executions attempted so far: 45000000 total 45000000 finished normally 0 blocked (3776.44/sec).
Executions attempted so far: 43000000 total 43000000 finished normally 0 blocked (3608.59/sec).
Executions attempted so far: 47000000 total 47000000 finished normally 0 blocked (3938.00/sec).
Executions attempted so far: 45000000 total 45000000 finished normally 0 blocked (3768.53/sec).
Executions attempted so far: 46000000 total 46000000 finished normally 0 blocked (3845.51/sec).
Executions attempted so far: 44000000 total 44000000 finished normally 0 blocked (3677.39/sec).
Executions attempted so far: 44000000 total 44000000 finished normally 0 blocked (3672.48/sec).
Executions attempted so far: 46000000 total 46000000 finished normally 0 blocked (3827.59/sec).
Executions attempted so far: 47000000 total 47000000 finished normally 0 blocked (3905.93/sec).
Executions attempted so far: 47000000 total 47000000 finished normally 0 blocked (3880.77/sec).
Executions attempted so far: 49000000 total 49000000 finished normally 0 blocked (4041.24/sec).
Executions attempted so far: 47000000 total 47000000 finished normally 0 blocked (3875.01/sec).
Executions attempted so far: 48000000 total 48000000 finished normally 0 blocked (3954.20/sec).
Executions attempted so far: 45000000 total 45000000 finished normally 0 blocked (3705.53/sec).
Executions attempted so far: 48000000 total 48000000 finished normally 0 blocked (3948.34/sec).
Executions attempted so far: 46000000 total 46000000 finished normally 0 blocked (3777.30/sec).
Executions attempted so far: 46000000 total 46000000 finished normally 0 blocked (3773.58/sec).
Executions attempted so far: 48000000 total 48000000 finished normally 0 blocked (3937.33/sec).
Executions attempted so far: 44000000 total 44000000 finished normally 0 blocked (3608.92/sec).
Executions attempted so far: 46000000 total 46000000 finished normally 0 blocked (3768.64/sec).
Executions attempted so far: 47000000 total 47000000 finished normally 0 blocked (3841.44/sec).
Executions attempted so far: 45000000 total 45000000 finished normally 0 blocked (3677.67/sec).
Executions attempted so far: 45000000 total 45000000 finished normally 0 blocked (3670.77/sec).
Executions attempted so far: 48000000 total 48000000 finished normally 0 blocked (3910.07/sec).
Executions attempted so far: 47000000 total 47000000 finished normally 0 blocked (3827.05/sec).
Executions attempted so far: 50000000 total 50000000 finished normally 0 blocked (4041.38/sec).
Executions attempted so far: 48000000 total 48000000 finished normally 0 blocked (3874.72/sec).
Executions attempted so far: 49000000 total 49000000 finished normally 0 blocked (3955.12/sec).
Executions attempted so far: 48000000 total 48000000 finished normally 0 blocked (3870.66/sec).
Executions attempted so far: 49000000 total 49000000 finished normally 0 blocked (3949.70/sec).
Executions attempted so far: 46000000 total 46000000 finished normally 0 blocked (3704.30/sec).
Executions attempted so far: 47000000 total 47000000 finished normally 0 blocked (3776.92/sec).
Executions attempted so far: 49000000 total 49000000 finished normally 0 blocked (3935.74/sec).
Executions attempted so far: 47000000 total 47000000 finished normally 0 blocked (3771.77/sec).
Executions attempted so far: 45000000 total 45000000 finished normally 0 blocked (3609.53/sec).
Executions attempted so far: 47000000 total 47000000 finished normally 0 blocked (3768.44/sec).
Executions attempted so far: 48000000 total 48000000 finished normally 0 blocked (3836.32/sec).
Executions attempted so far: 46000000 total 46000000 finished normally 0 blocked (3676.18/sec).
Executions attempted so far: 49000000 total 49000000 finished normally 0 blocked (3913.43/sec).
Executions attempted so far: 46000000 total 46000000 finished normally 0 blocked (3670.02/sec).
Executions attempted so far: 48000000 total 48000000 finished normally 0 blocked (3827.14/sec).
Executions attempted so far: 51000000 total 51000000 finished normally 0 blocked (4044.09/sec).
Executions attempted so far: 50000000 total 50000000 finished normally 0 blocked (3956.64/sec).
Executions attempted so far: 50000000 total 50000000 finished normally 0 blocked (3951.01/sec).
Executions attempted so far: 49000000 total 49000000 finished normally 0 blocked (3871.38/sec).
Executions attempted so far: 49000000 total 49000000 finished normally 0 blocked (3869.24/sec).
Executions attempted so far: 47000000 total 47000000 finished normally 0 blocked (3706.92/sec).
Executions attempted so far: 50000000 total 50000000 finished normally 0 blocked (3935.77/sec).
Executions attempted so far: 48000000 total 48000000 finished normally 0 blocked (3778.04/sec).
Executions attempted so far: 48000000 total 48000000 finished normally 0 blocked (3771.21/sec).
Executions attempted so far: 48000000 total 48000000 finished normally 0 blocked (3769.14/sec).
Executions attempted so far: 46000000 total 46000000 finished normally 0 blocked (3610.68/sec).
Executions attempted so far: 50000000 total 50000000 finished normally 0 blocked (3917.88/sec).
Executions attempted so far: 47000000 total 47000000 finished normally 0 blocked (3677.62/sec).
Executions attempted so far: 49000000 total 49000000 finished normally 0 blocked (3832.62/sec).
Executions attempted so far: 49000000 total 49000000 finished normally 0 blocked (3829.02/sec).
Executions attempted so far: 47000000 total 47000000 finished normally 0 blocked (3670.73/sec).
Executions attempted so far: 52000000 total 52000000 finished normally 0 blocked (4046.38/sec).
Executions attempted so far: 51000000 total 51000000 finished normally 0 blocked (3959.63/sec).
Executions attempted so far: 51000000 total 51000000 finished normally 0 blocked (3951.96/sec).
Executions attempted so far: 50000000 total 50000000 finished normally 0 blocked (3868.77/sec).
Executions attempted so far: 50000000 total 50000000 finished normally 0 blocked (3866.98/sec).
Executions attempted so far: 48000000 total 48000000 finished normally 0 blocked (3709.43/sec).
Executions attempted so far: 51000000 total 51000000 finished normally 0 blocked (3937.92/sec).
Executions attempted so far: 49000000 total 49000000 finished normally 0 blocked (3778.82/sec).
Executions attempted so far: 49000000 total 49000000 finished normally 0 blocked (3771.26/sec).
Executions attempted so far: 49000000 total 49000000 finished normally 0 blocked (3770.39/sec).
Executions attempted so far: 51000000 total 51000000 finished normally 0 blocked (3923.08/sec).
Executions attempted so far: 47000000 total 47000000 finished normally 0 blocked (3612.88/sec).
Executions attempted so far: 48000000 total 48000000 finished normally 0 blocked (3677.60/sec).
Executions attempted so far: 50000000 total 50000000 finished normally 0 blocked (3829.95/sec).
Executions attempted so far: 50000000 total 50000000 finished normally 0 blocked (3829.95/sec).
Executions attempted so far: 48000000 total 48000000 finished normally 0 blocked (3671.13/sec).
Executions attempted so far: 53000000 total 53000000 finished normally 0 blocked (4046.42/sec).
Executions attempted so far: 52000000 total 52000000 finished normally 0 blocked (3960.70/sec).
Executions attempted so far: 52000000 total 52000000 finished normally 0 blocked (3952.27/sec).
Executions attempted so far: 51000000 total 51000000 finished normally 0 blocked (3865.69/sec).
Executions attempted so far: 51000000 total 51000000 finished normally 0 blocked (3865.10/sec).
Executions attempted so far: 52000000 total 52000000 finished normally 0 blocked (3938.80/sec).
Executions attempted so far: 49000000 total 49000000 finished normally 0 blocked (3711.00/sec).
Executions attempted so far: 50000000 total 50000000 finished normally 0 blocked (3780.15/sec).
Executions attempted so far: 52000000 total 52000000 finished normally 0 blocked (3926.60/sec).
Executions attempted so far: 50000000 total 50000000 finished normally 0 blocked (3771.59/sec).
Executions attempted so far: 50000000 total 50000000 finished normally 0 blocked (3771.02/sec).
Executions attempted so far: 48000000 total 48000000 finished normally 0 blocked (3613.91/sec).
Executions attempted so far: 51000000 total 51000000 finished normally 0 blocked (3831.13/sec).
Executions attempted so far: 49000000 total 49000000 finished normally 0 blocked (3677.85/sec).
Executions attempted so far: 51000000 total 51000000 finished normally 0 blocked (3827.39/sec).
Executions attempted so far: 49000000 total 49000000 finished normally 0 blocked (3673.16/sec).
Executions attempted so far: 54000000 total 54000000 finished normally 0 blocked (4046.46/sec).
Executions attempted so far: 53000000 total 53000000 finished normally 0 blocked (3962.32/sec).
Executions attempted so far: 53000000 total 53000000 finished normally 0 blocked (3953.75/sec).
Executions attempted so far: 53000000 total 53000000 finished normally 0 blocked (3939.06/sec).
Executions attempted so far: 52000000 total 52000000 finished normally 0 blocked (3864.16/sec).
Executions attempted so far: 52000000 total 52000000 finished normally 0 blocked (3862.72/sec).
Executions attempted so far: 50000000 total 50000000 finished normally 0 blocked (3711.68/sec).
Executions attempted so far: 53000000 total 53000000 finished normally 0 blocked (3930.88/sec).
Executions attempted so far: 51000000 total 51000000 finished normally 0 blocked (3781.14/sec).
Executions attempted so far: 51000000 total 51000000 finished normally 0 blocked (3773.31/sec).
Executions attempted so far: 51000000 total 51000000 finished normally 0 blocked (3770.24/sec).
Executions attempted so far: 49000000 total 49000000 finished normally 0 blocked (3614.64/sec).
Executions attempted so far: 52000000 total 52000000 finished normally 0 blocked (3832.26/sec).
Executions attempted so far: 55000000 total 55000000 finished normally 0 blocked (4047.99/sec).
Executions attempted so far: 50000000 total 50000000 finished normally 0 blocked (3678.36/sec).
Executions attempted so far: 52000000 total 52000000 finished normally 0 blocked (3824.65/sec).
Executions attempted so far: 50000000 total 50000000 finished normally 0 blocked (3675.93/sec).
Executions attempted so far: 54000000 total 54000000 finished normally 0 blocked (3965.05/sec).
Executions attempted so far: 54000000 total 54000000 finished normally 0 blocked (3954.60/sec).
Executions attempted so far: 54000000 total 54000000 finished normally 0 blocked (3939.88/sec).
Executions attempted so far: 53000000 total 53000000 finished normally 0 blocked (3862.97/sec).
Executions attempted so far: 54000000 total 54000000 finished normally 0 blocked (3934.43/sec).
Executions attempted so far: 53000000 total 53000000 finished normally 0 blocked (3860.16/sec).
Executions attempted so far: 51000000 total 51000000 finished normally 0 blocked (3712.33/sec).
Executions attempted so far: 52000000 total 52000000 finished normally 0 blocked (3782.64/sec).
Executions attempted so far: 52000000 total 52000000 finished normally 0 blocked (3773.58/sec).
Executions attempted so far: 52000000 total 52000000 finished normally 0 blocked (3770.85/sec).
Executions attempted so far: 53000000 total 53000000 finished normally 0 blocked (3833.91/sec).
Executions attempted so far: 56000000 total 56000000 finished normally 0 blocked (4049.46/sec).
Executions attempted so far: 50000000 total 50000000 finished normally 0 blocked (3615.33/sec).
Executions attempted so far: 55000000 total 55000000 finished normally 0 blocked (3966.82/sec).
Executions attempted so far: 53000000 total 53000000 finished normally 0 blocked (3822.02/sec).
Executions attempted so far: 51000000 total 51000000 finished normally 0 blocked (3677.80/sec).
Executions attempted so far: 51000000 total 51000000 finished normally 0 blocked (3676.47/sec).
Executions attempted so far: 55000000 total 55000000 finished normally 0 blocked (3955.41/sec).
Executions attempted so far: 55000000 total 55000000 finished normally 0 blocked (3940.96/sec).
Executions attempted so far: 55000000 total 55000000 finished normally 0 blocked (3938.14/sec).
Executions attempted so far: 54000000 total 54000000 finished normally 0 blocked (3861.56/sec).
Executions attempted so far: 54000000 total 54000000 finished normally 0 blocked (3858.52/sec).
Executions attempted so far: 52000000 total 52000000 finished normally 0 blocked (3713.22/sec).
Executions attempted so far: 53000000 total 53000000 finished normally 0 blocked (3783.82/sec).
Executions attempted so far: 53000000 total 53000000 finished normally 0 blocked (3773.58/sec).
Executions attempted so far: 53000000 total 53000000 finished normally 0 blocked (3770.36/sec).
Executions attempted so far: 57000000 total 57000000 finished normally 0 blocked (4050.60/sec).
Executions attempted so far: 54000000 total 54000000 finished normally 0 blocked (3835.77/sec).
Executions attempted so far: 51000000 total 51000000 finished normally 0 blocked (3617.28/sec).
Executions attempted so far: 56000000 total 56000000 finished normally 0 blocked (3968.54/sec).
Executions attempted so far: 54000000 total 54000000 finished normally 0 blocked (3821.66/sec).
Executions attempted so far: 52000000 total 52000000 finished normally 0 blocked (3678.29/sec).
Executions attempted so far: 52000000 total 52000000 finished normally 0 blocked (3677.25/sec).
Executions attempted so far: 56000000 total 56000000 finished normally 0 blocked (3957.32/sec).
Executions attempted so far: 56000000 total 56000000 finished normally 0 blocked (3942.00/sec).
Executions attempted so far: 56000000 total 56000000 finished normally 0 blocked (3941.16/sec).
Executions attempted so far: 55000000 total 55000000 finished normally 0 blocked (3861.00/sec).
Executions attempted so far: 55000000 total 55000000 finished normally 0 blocked (3855.86/sec).
Executions attempted so far: 54000000 total 54000000 finished normally 0 blocked (3785.49/sec).
Executions attempted so far: 53000000 total 53000000 finished normally 0 blocked (3712.78/sec).
Executions attempted so far: 54000000 total 54000000 finished normally 0 blocked (3774.90/sec).
Executions attempted so far: 58000000 total 58000000 finished normally 0 blocked (4052.26/sec).
Executions attempted so far: 54000000 total 54000000 finished normally 0 blocked (3770.16/sec).
Executions attempted so far: 55000000 total 55000000 finished normally 0 blocked (3836.76/sec).
Executions attempted so far: 57000000 total 57000000 finished normally 0 blocked (3969.64/sec).
Executions attempted so far: 52000000 total 52000000 finished normally 0 blocked (3618.15/sec).
Executions attempted so far: 55000000 total 55000000 finished normally 0 blocked (3822.10/sec).
Executions attempted so far: 57000000 total 57000000 finished normally 0 blocked (3958.06/sec).
Executions attempted so far: 53000000 total 53000000 finished normally 0 blocked (3678.26/sec).
Executions attempted so far: 53000000 total 53000000 finished normally 0 blocked (3677.75/sec).
Executions attempted so far: 57000000 total 57000000 finished normally 0 blocked (3944.64/sec).
Executions attempted so far: 57000000 total 57000000 finished normally 0 blocked (3941.91/sec).
Executions attempted so far: 56000000 total 56000000 finished normally 0 blocked (3859.41/sec).
Executions attempted so far: 55000000 total 55000000 finished normally 0 blocked (3786.57/sec).
Executions attempted so far: 56000000 total 56000000 finished normally 0 blocked (3853.30/sec).
Executions attempted so far: 54000000 total 54000000 finished normally 0 blocked (3714.15/sec).
Executions attempted so far: 59000000 total 59000000 finished normally 0 blocked (4053.31/sec).
Executions attempted so far: 55000000 total 55000000 finished normally 0 blocked (3775.40/sec).
Executions attempted so far: 55000000 total 55000000 finished normally 0 blocked (3769.71/sec).
Executions attempted so far: 56000000 total 56000000 finished normally 0 blocked (3837.98/sec).
Executions attempted so far: 58000000 total 58000000 finished normally 0 blocked (3970.70/sec).
Executions attempted so far: 53000000 total 53000000 finished normally 0 blocked (3619.72/sec).
Executions attempted so far: 58000000 total 58000000 finished normally 0 blocked (3959.58/sec).
Executions attempted so far: 56000000 total 56000000 finished normally 0 blocked (3822.00/sec).
Executions attempted so far: 54000000 total 54000000 finished normally 0 blocked (3679.23/sec).
Executions attempted so far: 54000000 total 54000000 finished normally 0 blocked (3678.22/sec).
Executions attempted so far: 58000000 total 58000000 finished normally 0 blocked (3946.38/sec).
Executions attempted so far: 58000000 total 58000000 finished normally 0 blocked (3941.82/sec).
Executions attempted so far: 57000000 total 57000000 finished normally 0 blocked (3858.13/sec).
Executions attempted so far: 56000000 total 56000000 finished normally 0 blocked (3788.90/sec).
Executions attempted so far: 60000000 total 60000000 finished normally 0 blocked (4055.70/sec).
Executions attempted so far: 57000000 total 57000000 finished normally 0 blocked (3850.83/sec).
Executions attempted so far: 55000000 total 55000000 finished normally 0 blocked (3714.21/sec).
Executions attempted so far: 56000000 total 56000000 finished normally 0 blocked (3775.87/sec).
Executions attempted so far: 57000000 total 57000000 finished normally 0 blocked (3839.42/sec).
Executions attempted so far: 59000000 total 59000000 finished normally 0 blocked (3972.26/sec).
Executions attempted so far: 56000000 total 56000000 finished normally 0 blocked (3770.03/sec).
Executions attempted so far: 59000000 total 59000000 finished normally 0 blocked (3962.66/sec).
Executions attempted so far: 54000000 total 54000000 finished normally 0 blocked (3621.49/sec).
Executions attempted so far: 57000000 total 57000000 finished normally 0 blocked (3821.14/sec).
Executions attempted so far: 59000000 total 59000000 finished normally 0 blocked (3948.34/sec).
Executions attempted so far: 55000000 total 55000000 finished normally 0 blocked (3679.18/sec).
Executions attempted so far: 55000000 total 55000000 finished normally 0 blocked (3678.19/sec).
Executions attempted so far: 59000000 total 59000000 finished normally 0 blocked (3942.01/sec).
Executions attempted so far: 61000000 total 61000000 finished normally 0 blocked (4057.74/sec).
Executions attempted so far: 58000000 total 58000000 finished normally 0 blocked (3856.38/sec).
Executions attempted so far: 57000000 total 57000000 finished normally 0 blocked (3789.89/sec).
Executions attempted so far: 58000000 total 58000000 finished normally 0 blocked (3848.20/sec).
Executions attempted so far: 56000000 total 56000000 finished normally 0 blocked (3714.76/sec).
Executions attempted so far: 57000000 total 57000000 finished normally 0 blocked (3776.33/sec).
Executions attempted so far: 60000000 total 60000000 finished normally 0 blocked (3973.51/sec).
Executions attempted so far: 58000000 total 58000000 finished normally 0 blocked (3840.30/sec).
Executions attempted so far: 57000000 total 57000000 finished normally 0 blocked (3770.09/sec).
Executions attempted so far: 60000000 total 60000000 finished normally 0 blocked (3964.32/sec).
Executions attempted so far: 55000000 total 55000000 finished normally 0 blocked (3622.47/sec).
Executions attempted so far: 60000000 total 60000000 finished normally 0 blocked (3950.75/sec).
Executions attempted so far: 58000000 total 58000000 finished normally 0 blocked (3818.30/sec).
Executions attempted so far: 56000000 total 56000000 finished normally 0 blocked (3679.61/sec).
Executions attempted so far: 60000000 total 60000000 finished normally 0 blocked (3942.44/sec).
Executions attempted so far: 56000000 total 56000000 finished normally 0 blocked (3678.16/sec).
Executions attempted so far: 62000000 total 62000000 finished normally 0 blocked (4059.19/sec).
Executions attempted so far: 58000000 total 58000000 finished normally 0 blocked (3791.35/sec).
Executions attempted so far: 59000000 total 59000000 finished normally 0 blocked (3853.94/sec).
Executions attempted so far: 57000000 total 57000000 finished normally 0 blocked (3714.81/sec).
Executions attempted so far: 61000000 total 61000000 finished normally 0 blocked (3974.98/sec).
Executions attempted so far: 59000000 total 59000000 finished normally 0 blocked (3844.40/sec).
Executions attempted so far: 58000000 total 58000000 finished normally 0 blocked (3777.76/sec).
Executions attempted so far: 59000000 total 59000000 finished normally 0 blocked (3840.65/sec).
Executions attempted so far: 61000000 total 61000000 finished normally 0 blocked (3965.16/sec).
Executions attempted so far: 58000000 total 58000000 finished normally 0 blocked (3769.91/sec).
Executions attempted so far: 61000000 total 61000000 finished normally 0 blocked (3952.83/sec).
Executions attempted so far: 56000000 total 56000000 finished normally 0 blocked (3623.42/sec).
Executions attempted so far: 59000000 total 59000000 finished normally 0 blocked (3817.04/sec).
Executions attempted so far: 61000000 total 61000000 finished normally 0 blocked (3942.10/sec).
Executions attempted so far: 57000000 total 57000000 finished normally 0 blocked (3679.56/sec).
Executions attempted so far: 57000000 total 57000000 finished normally 0 blocked (3678.37/sec).
Executions attempted so far: 63000000 total 63000000 finished normally 0 blocked (4060.32/sec).
Executions attempted so far: 59000000 total 59000000 finished normally 0 blocked (3792.26/sec).
Executions attempted so far: 60000000 total 60000000 finished normally 0 blocked (3852.82/sec).
Executions attempted so far: 62000000 total 62000000 finished normally 0 blocked (3976.14/sec).
Executions attempted so far: 58000000 total 58000000 finished normally 0 blocked (3715.57/sec).
Executions attempted so far: 60000000 total 60000000 finished normally 0 blocked (3842.21/sec).
Executions attempted so far: 59000000 total 59000000 finished normally 0 blocked (3777.69/sec).
Executions attempted so far: 60000000 total 60000000 finished normally 0 blocked (3841.48/sec).
Executions attempted so far: 62000000 total 62000000 finished normally 0 blocked (3965.72/sec).
Executions attempted so far: 59000000 total 59000000 finished normally 0 blocked (3770.69/sec).
Executions attempted so far: 62000000 total 62000000 finished normally 0 blocked (3954.84/sec).
Executions attempted so far: 62000000 total 62000000 finished normally 0 blocked (3943.27/sec).
Executions attempted so far: 60000000 total 60000000 finished normally 0 blocked (3816.07/sec).
Executions attempted so far: 57000000 total 57000000 finished normally 0 blocked (3624.80/sec).
Executions attempted so far: 64000000 total 64000000 finished normally 0 blocked (4061.94/sec).
Executions attempted so far: 58000000 total 58000000 finished normally 0 blocked (3681.14/sec).
Executions attempted so far: 58000000 total 58000000 finished normally 0 blocked (3678.57/sec).
Executions attempted so far: 60000000 total 60000000 finished normally 0 blocked (3792.43/sec).
Executions attempted so far: 61000000 total 61000000 finished normally 0 blocked (3851.74/sec).
Executions attempted so far: 63000000 total 63000000 finished normally 0 blocked (3977.52/sec).
Executions attempted so far: 61000000 total 61000000 finished normally 0 blocked (3842.76/sec).
Executions attempted so far: 60000000 total 60000000 finished normally 0 blocked (3777.86/sec).
Executions attempted so far: 59000000 total 59000000 finished normally 0 blocked (3714.66/sec).
Executions attempted so far: 63000000 total 63000000 finished normally 0 blocked (3965.76/sec).
Executions attempted so far: 61000000 total 61000000 finished normally 0 blocked (3839.38/sec).
Executions attempted so far: 60000000 total 60000000 finished normally 0 blocked (3770.50/sec).
Executions attempted so far: 63000000 total 63000000 finished normally 0 blocked (3956.54/sec).
Executions attempted so far: 63000000 total 63000000 finished normally 0 blocked (3944.65/sec).
Executions attempted so far: 61000000 total 61000000 finished normally 0 blocked (3814.65/sec).
Executions attempted so far: 58000000 total 58000000 finished normally 0 blocked (3625.23/sec).
Executions attempted so far: 65000000 total 65000000 finished normally 0 blocked (4062.50/sec).
Executions attempted so far: 59000000 total 59000000 finished normally 0 blocked (3680.37/sec).
Executions attempted so far: 59000000 total 59000000 finished normally 0 blocked (3678.76/sec).
Executions attempted so far: 61000000 total 61000000 finished normally 0 blocked (3794.00/sec).
Executions attempted so far: 64000000 total 64000000 finished normally 0 blocked (3978.86/sec).
Executions attempted so far: 62000000 total 62000000 finished normally 0 blocked (3850.21/sec).
Executions attempted so far: 62000000 total 62000000 finished normally 0 blocked (3843.05/sec).
Executions attempted so far: 64000000 total 64000000 finished normally 0 blocked (3966.04/sec).
Executions attempted so far: 61000000 total 61000000 finished normally 0 blocked (3778.49/sec).
Executions attempted so far: 60000000 total 60000000 finished normally 0 blocked (3715.63/sec).
Executions attempted so far: 62000000 total 62000000 finished normally 0 blocked (3837.11/sec).
Executions attempted so far: 64000000 total 64000000 finished normally 0 blocked (3958.19/sec).
Executions attempted so far: 61000000 total 61000000 finished normally 0 blocked (3770.32/sec).
Executions attempted so far: 64000000 total 64000000 finished normally 0 blocked (3945.26/sec).
Executions attempted so far: 66000000 total 66000000 finished normally 0 blocked (4063.79/sec).
Executions attempted so far: 62000000 total 62000000 finished normally 0 blocked (3811.87/sec).
Executions attempted so far: 59000000 total 59000000 finished normally 0 blocked (3626.75/sec).
Executions attempted so far: 60000000 total 60000000 finished normally 0 blocked (3680.76/sec).
Executions attempted so far: 60000000 total 60000000 finished normally 0 blocked (3678.95/sec).
Executions attempted so far: 65000000 total 65000000 finished normally 0 blocked (3980.16/sec).
Executions attempted so far: 62000000 total 62000000 finished normally 0 blocked (3795.76/sec).
Executions attempted so far: 63000000 total 63000000 finished normally 0 blocked (3849.44/sec).
Executions attempted so far: 65000000 total 65000000 finished normally 0 blocked (3966.07/sec).
Executions attempted so far: 63000000 total 63000000 finished normally 0 blocked (3843.34/sec).
Executions attempted so far: 62000000 total 62000000 finished normally 0 blocked (3779.11/sec).
Executions attempted so far: 65000000 total 65000000 finished normally 0 blocked (3961.24/sec).
Executions attempted so far: 61000000 total 61000000 finished normally 0 blocked (3717.02/sec).
Executions attempted so far: 63000000 total 63000000 finished normally 0 blocked (3834.45/sec).
Executions attempted so far: 62000000 total 62000000 finished normally 0 blocked (3770.14/sec).
Executions attempted so far: 65000000 total 65000000 finished normally 0 blocked (3945.13/sec).
Executions attempted so far: 67000000 total 67000000 finished normally 0 blocked (4064.05/sec).
Executions attempted so far: 63000000 total 63000000 finished normally 0 blocked (3810.56/sec).
Executions attempted so far: 60000000 total 60000000 finished normally 0 blocked (3627.79/sec).
Executions attempted so far: 61000000 total 61000000 finished normally 0 blocked (3680.91/sec).
Executions attempted so far: 61000000 total 61000000 finished normally 0 blocked (3680.02/sec).
Executions attempted so far: 66000000 total 66000000 finished normally 0 blocked (3981.18/sec).
Executions attempted so far: 63000000 total 63000000 finished normally 0 blocked (3797.24/sec).
Executions attempted so far: 64000000 total 64000000 finished normally 0 blocked (3848.00/sec).
Executions attempted so far: 66000000 total 66000000 finished normally 0 blocked (3967.54/sec).
Executions attempted so far: 64000000 total 64000000 finished normally 0 blocked (3843.84/sec).
Executions attempted so far: 66000000 total 66000000 finished normally 0 blocked (3962.06/sec).
Executions attempted so far: 63000000 total 63000000 finished normally 0 blocked (3779.70/sec).
Executions attempted so far: 62000000 total 62000000 finished normally 0 blocked (3718.36/sec).
Executions attempted so far: 64000000 total 64000000 finished normally 0 blocked (3831.42/sec).
Executions attempted so far: 63000000 total 63000000 finished normally 0 blocked (3770.20/sec).
Executions attempted so far: 66000000 total 66000000 finished normally 0 blocked (3945.24/sec).
Executions attempted so far: 68000000 total 68000000 finished normally 0 blocked (4063.83/sec).
Executions attempted so far: 64000000 total 64000000 finished normally 0 blocked (3809.75/sec).
Executions attempted so far: 61000000 total 61000000 finished normally 0 blocked (3628.79/sec).
Executions attempted so far: 67000000 total 67000000 finished normally 0 blocked (3982.64/sec).
Executions attempted so far: 62000000 total 62000000 finished normally 0 blocked (3680.84/sec).
Executions attempted so far: 64000000 total 64000000 finished normally 0 blocked (3798.45/sec).
Executions attempted so far: 62000000 total 62000000 finished normally 0 blocked (3679.74/sec).
Executions attempted so far: 67000000 total 67000000 finished normally 0 blocked (3968.49/sec).
Executions attempted so far: 65000000 total 65000000 finished normally 0 blocked (3847.29/sec).
Executions attempted so far: 67000000 total 67000000 finished normally 0 blocked (3963.79/sec).
Executions attempted so far: 65000000 total 65000000 finished normally 0 blocked (3843.88/sec).
Executions attempted so far: 64000000 total 64000000 finished normally 0 blocked (3780.27/sec).
Executions attempted so far: 63000000 total 63000000 finished normally 0 blocked (3718.57/sec).
Executions attempted so far: 65000000 total 65000000 finished normally 0 blocked (3829.39/sec).
Executions attempted so far: 64000000 total 64000000 finished normally 0 blocked (3769.81/sec).
Executions attempted so far: 69000000 total 69000000 finished normally 0 blocked (4063.60/sec).
Executions attempted so far: 67000000 total 67000000 finished normally 0 blocked (3945.59/sec).
Executions attempted so far: 65000000 total 65000000 finished normally 0 blocked (3808.74/sec).
Executions attempted so far: 68000000 total 68000000 finished normally 0 blocked (3984.30/sec).
Executions attempted so far: 62000000 total 62000000 finished normally 0 blocked (3629.13/sec).
Executions attempted so far: 65000000 total 65000000 finished normally 0 blocked (3798.95/sec).
Executions attempted so far: 63000000 total 63000000 finished normally 0 blocked (3681.84/sec).
Executions attempted so far: 63000000 total 63000000 finished normally 0 blocked (3679.69/sec).
Executions attempted so far: 68000000 total 68000000 finished normally 0 blocked (3968.95/sec).
Executions attempted so far: 68000000 total 68000000 finished normally 0 blocked (3965.71/sec).
Executions attempted so far: 66000000 total 66000000 finished normally 0 blocked (3846.60/sec).
Executions attempted so far: 66000000 total 66000000 finished normally 0 blocked (3844.14/sec).
Executions attempted so far: 65000000 total 65000000 finished normally 0 blocked (3781.05/sec).
Executions attempted so far: 64000000 total 64000000 finished normally 0 blocked (3718.98/sec).
Executions attempted so far: 70000000 total 70000000 finished normally 0 blocked (4065.04/sec).
Executions attempted so far: 68000000 total 68000000 finished normally 0 blocked (3946.15/sec).
Executions attempted so far: 65000000 total 65000000 finished normally 0 blocked (3769.86/sec).
Executions attempted so far: 66000000 total 66000000 finished normally 0 blocked (3827.20/sec).
Executions attempted so far: 69000000 total 69000000 finished normally 0 blocked (3985.44/sec).
Executions attempted so far: 66000000 total 66000000 finished normally 0 blocked (3806.89/sec).
Executions attempted so far: 63000000 total 63000000 finished normally 0 blocked (3628.20/sec).
Executions attempted so far: 66000000 total 66000000 finished normally 0 blocked (3800.31/sec).
Executions attempted so far: 64000000 total 64000000 finished normally 0 blocked (3682.61/sec).
Executions attempted so far: 69000000 total 69000000 finished normally 0 blocked (3969.85/sec).
Executions attempted so far: 64000000 total 64000000 finished normally 0 blocked (3679.85/sec).
Executions attempted so far: 69000000 total 69000000 finished normally 0 blocked (3966.66/sec).
Executions attempted so far: 67000000 total 67000000 finished normally 0 blocked (3845.49/sec).
Executions attempted so far: 67000000 total 67000000 finished normally 0 blocked (3844.39/sec).
Executions attempted so far: 66000000 total 66000000 finished normally 0 blocked (3781.37/sec).
Executions attempted so far: 71000000 total 71000000 finished normally 0 blocked (4066.44/sec).
Executions attempted so far: 65000000 total 65000000 finished normally 0 blocked (3719.17/sec).
Executions attempted so far: 69000000 total 69000000 finished normally 0 blocked (3946.92/sec).
Executions attempted so far: 66000000 total 66000000 finished normally 0 blocked (3769.71/sec).
Executions attempted so far: 67000000 total 67000000 finished normally 0 blocked (3825.95/sec).
Executions attempted so far: 70000000 total 70000000 finished normally 0 blocked (3987.01/sec).
Executions attempted so far: 67000000 total 67000000 finished normally 0 blocked (3805.95/sec).
Executions attempted so far: 67000000 total 67000000 finished normally 0 blocked (3804.01/sec).
Executions attempted so far: 70000000 total 70000000 finished normally 0 blocked (3970.73/sec).
Executions attempted so far: 65000000 total 65000000 finished normally 0 blocked (3684.81/sec).
Executions attempted so far: 70000000 total 70000000 finished normally 0 blocked (3967.80/sec).
Executions attempted so far: 64000000 total 64000000 finished normally 0 blocked (3627.30/sec).
Executions attempted so far: 65000000 total 65000000 finished normally 0 blocked (3680.22/sec).
Executions attempted so far: 68000000 total 68000000 finished normally 0 blocked (3845.50/sec).
Executions attempted so far: 68000000 total 68000000 finished normally 0 blocked (3844.20/sec).
Executions attempted so far: 72000000 total 72000000 finished normally 0 blocked (4066.19/sec).
Executions attempted so far: 67000000 total 67000000 finished normally 0 blocked (3781.68/sec).
Executions attempted so far: 70000000 total 70000000 finished normally 0 blocked (3947.89/sec).
Executions attempted so far: 66000000 total 66000000 finished normally 0 blocked (3719.57/sec).
Executions attempted so far: 67000000 total 67000000 finished normally 0 blocked (3769.34/sec).
Executions attempted so far: 68000000 total 68000000 finished normally 0 blocked (3824.52/sec).
Executions attempted so far: 71000000 total 71000000 finished normally 0 blocked (3987.87/sec).
Executions attempted so far: 68000000 total 68000000 finished normally 0 blocked (3807.18/sec).
Executions attempted so far: 68000000 total 68000000 finished normally 0 blocked (3804.41/sec).
Executions attempted so far: 71000000 total 71000000 finished normally 0 blocked (3970.70/sec).
Executions attempted so far: 71000000 total 71000000 finished normally 0 blocked (3969.81/sec).
Executions attempted so far: 66000000 total 66000000 finished normally 0 blocked (3685.30/sec).
Executions attempted so far: 65000000 total 65000000 finished normally 0 blocked (3626.22/sec).
Executions attempted so far: 69000000 total 69000000 finished normally 0 blocked (3848.08/sec).
Executions attempted so far: 66000000 total 66000000 finished normally 0 blocked (3679.55/sec).
Executions attempted so far: 69000000 total 69000000 finished normally 0 blocked (3843.58/sec).
Executions attempted so far: 73000000 total 73000000 finished normally 0 blocked (4065.95/sec).
Executions attempted so far: 68000000 total 68000000 finished normally 0 blocked (3782.82/sec).
Executions attempted so far: 71000000 total 71000000 finished normally 0 blocked (3947.95/sec).
=== END cc2_base_n4b2 rc=124 elapsed=18000.026020658

=== RUN ccx2_base_n5b2 cap=18000s CMD: /home/sahar/Desktop/MPI/TraceForge/target/release/examples/comm_closed_leader_election_inbox --mode baseline --nodes 5 --ballots 2 --w 100 --u 20
=== END ccx2_base_n5b2 rc=124 elapsed=18000.014375876

=== RUN ccx2_base_n6b1 cap=18000s CMD: /home/sahar/Desktop/MPI/TraceForge/target/release/examples/comm_closed_leader_election_inbox --mode baseline --nodes 6 --ballots 1 --w 100 --u 20
=== END ccx2_base_n6b1 rc=124 elapsed=18000.024827856

=== RUN cc2_base_n5b1 cap=18000s CMD: /home/sahar/Desktop/MPI/TraceForge/target/release/examples/comm_closed_leader_election --mode baseline --nodes 5 --ballots 1 --w 100 --u 20
Executions attempted so far: 1 total 1 finished normally 0 blocked.
Executions attempted so far: 2 total 2 finished normally 0 blocked.
Executions attempted so far: 3 total 3 finished normally 0 blocked.
Executions attempted so far: 4 total 4 finished normally 0 blocked.
Executions attempted so far: 5 total 5 finished normally 0 blocked.
Executions attempted so far: 1 total 1 finished normally 0 blocked.
Executions attempted so far: 2 total 2 finished normally 0 blocked.
Executions attempted so far: 1 total 1 finished normally 0 blocked.
Executions attempted so far: 3 total 3 finished normally 0 blocked.
Executions attempted so far: 6 total 6 finished normally 0 blocked.
Executions attempted so far: 2 total 2 finished normally 0 blocked.
Executions attempted so far: 4 total 4 finished normally 0 blocked.
Executions attempted so far: 1 total 1 finished normally 0 blocked.
Executions attempted so far: 5 total 5 finished normally 0 blocked.
Executions attempted so far: 3 total 3 finished normally 0 blocked.
Executions attempted so far: 7 total 7 finished normally 0 blocked.
Executions attempted so far: 6 total 6 finished normally 0 blocked.
Executions attempted so far: 4 total 4 finished normally 0 blocked.
Executions attempted so far: 7 total 7 finished normally 0 blocked.
Executions attempted so far: 5 total 5 finished normally 0 blocked.
Executions attempted so far: 2 total 2 finished normally 0 blocked.
Executions attempted so far: 8 total 8 finished normally 0 blocked.
Executions attempted so far: 8 total 8 finished normally 0 blocked.
Executions attempted so far: 6 total 6 finished normally 0 blocked.
Executions attempted so far: 1 total 1 finished normally 0 blocked.
Executions attempted so far: 9 total 9 finished normally 0 blocked.
Executions attempted so far: 9 total 9 finished normally 0 blocked.
Executions attempted so far: 7 total 7 finished normally 0 blocked.
Executions attempted so far: 3 total 3 finished normally 0 blocked.
Executions attempted so far: 10 total 10 finished normally 0 blocked.
Executions attempted so far: 10 total 10 finished normally 0 blocked.
Executions attempted so far: 8 total 8 finished normally 0 blocked.
Executions attempted so far: 9 total 9 finished normally 0 blocked.
Executions attempted so far: 2 total 2 finished normally 0 blocked.
Executions attempted so far: 4 total 4 finished normally 0 blocked.
Executions attempted so far: 10 total 10 finished normally 0 blocked.
Executions attempted so far: 5 total 5 finished normally 0 blocked.
Executions attempted so far: 3 total 3 finished normally 0 blocked.
Executions attempted so far: 6 total 6 finished normally 0 blocked.
Executions attempted so far: 4 total 4 finished normally 0 blocked.
Executions attempted so far: 1 total 1 finished normally 0 blocked.
Executions attempted so far: 7 total 7 finished normally 0 blocked.
Executions attempted so far: 2 total 2 finished normally 0 blocked.
Executions attempted so far: 5 total 5 finished normally 0 blocked.
Executions attempted so far: 3 total 3 finished normally 0 blocked.
Executions attempted so far: 8 total 8 finished normally 0 blocked.
Executions attempted so far: 6 total 6 finished normally 0 blocked.
Executions attempted so far: 4 total 4 finished normally 0 blocked.
Executions attempted so far: 20 total 20 finished normally 0 blocked.
Executions attempted so far: 9 total 9 finished normally 0 blocked.
Executions attempted so far: 5 total 5 finished normally 0 blocked.
Executions attempted so far: 7 total 7 finished normally 0 blocked.
Executions attempted so far: 6 total 6 finished normally 0 blocked.
Executions attempted so far: 10 total 10 finished normally 0 blocked.
Executions attempted so far: 7 total 7 finished normally 0 blocked.
Executions attempted so far: 1 total 1 finished normally 0 blocked.
Executions attempted so far: 8 total 8 finished normally 0 blocked.
Executions attempted so far: 20 total 20 finished normally 0 blocked.
Executions attempted so far: 8 total 8 finished normally 0 blocked.
Executions attempted so far: 20 total 20 finished normally 0 blocked.
Executions attempted so far: 9 total 9 finished normally 0 blocked.
Executions attempted so far: 2 total 2 finished normally 0 blocked.
Executions attempted so far: 9 total 9 finished normally 0 blocked.
Executions attempted so far: 10 total 10 finished normally 0 blocked.
Executions attempted so far: 3 total 3 finished normally 0 blocked.
Executions attempted so far: 10 total 10 finished normally 0 blocked.
Executions attempted so far: 4 total 4 finished normally 0 blocked.
Executions attempted so far: 5 total 5 finished normally 0 blocked.
Executions attempted so far: 6 total 6 finished normally 0 blocked.
Executions attempted so far: 7 total 7 finished normally 0 blocked.
Executions attempted so far: 1 total 1 finished normally 0 blocked.
Executions attempted so far: 8 total 8 finished normally 0 blocked.
Executions attempted so far: 30 total 30 finished normally 0 blocked.
Executions attempted so far: 9 total 9 finished normally 0 blocked.
Executions attempted so far: 2 total 2 finished normally 0 blocked.
Executions attempted so far: 30 total 30 finished normally 0 blocked.
Executions attempted so far: 10 total 10 finished normally 0 blocked.
Executions attempted so far: 30 total 30 finished normally 0 blocked.
Executions attempted so far: 20 total 20 finished normally 0 blocked.
Executions attempted so far: 3 total 3 finished normally 0 blocked.
Executions attempted so far: 1 total 1 finished normally 0 blocked.
Executions attempted so far: 4 total 4 finished normally 0 blocked.
Executions attempted so far: 2 total 2 finished normally 0 blocked.
Executions attempted so far: 5 total 5 finished normally 0 blocked.
Executions attempted so far: 3 total 3 finished normally 0 blocked.
Executions attempted so far: 6 total 6 finished normally 0 blocked.
Executions attempted so far: 40 total 40 finished normally 0 blocked.
Executions attempted so far: 1 total 1 finished normally 0 blocked.
Executions attempted so far: 1 total 1 finished normally 0 blocked.
Executions attempted so far: 4 total 4 finished normally 0 blocked.
Executions attempted so far: 7 total 7 finished normally 0 blocked.
Executions attempted so far: 2 total 2 finished normally 0 blocked.
Executions attempted so far: 5 total 5 finished normally 0 blocked.
Executions attempted so far: 2 total 2 finished normally 0 blocked.
Executions attempted so far: 8 total 8 finished normally 0 blocked.
Executions attempted so far: 3 total 3 finished normally 0 blocked.
Executions attempted so far: 1 total 1 finished normally 0 blocked.
Executions attempted so far: 6 total 6 finished normally 0 blocked.
Executions attempted so far: 3 total 3 finished normally 0 blocked.
Executions attempted so far: 9 total 9 finished normally 0 blocked.
Executions attempted so far: 7 total 7 finished normally 0 blocked.
Executions attempted so far: 4 total 4 finished normally 0 blocked.
Executions attempted so far: 4 total 4 finished normally 0 blocked.
Executions attempted so far: 2 total 2 finished normally 0 blocked.
Executions attempted so far: 10 total 10 finished normally 0 blocked.
Executions attempted so far: 8 total 8 finished normally 0 blocked.
Executions attempted so far: 1 total 1 finished normally 0 blocked.
Executions attempted so far: 1 total 1 finished normally 0 blocked.
Executions attempted so far: 5 total 5 finished normally 0 blocked.
Executions attempted so far: 20 total 20 finished normally 0 blocked.
Executions attempted so far: 5 total 5 finished normally 0 blocked.
Executions attempted so far: 9 total 9 finished normally 0 blocked.
Executions attempted so far: 3 total 3 finished normally 0 blocked.
Executions attempted so far: 6 total 6 finished normally 0 blocked.
Executions attempted so far: 2 total 2 finished normally 0 blocked.
Executions attempted so far: 10 total 10 finished normally 0 blocked.
Executions attempted so far: 7 total 7 finished normally 0 blocked.
Executions attempted so far: 6 total 6 finished normally 0 blocked.
Executions attempted so far: 4 total 4 finished normally 0 blocked.
Executions attempted so far: 40 total 40 finished normally 0 blocked.
Executions attempted so far: 3 total 3 finished normally 0 blocked.
Executions attempted so far: 8 total 8 finished normally 0 blocked.
Executions attempted so far: 7 total 7 finished normally 0 blocked.
Executions attempted so far: 5 total 5 finished normally 0 blocked.
Executions attempted so far: 9 total 9 finished normally 0 blocked.
Executions attempted so far: 4 total 4 finished normally 0 blocked.
Executions attempted so far: 8 total 8 finished normally 0 blocked.
Executions attempted so far: 20 total 20 finished normally 0 blocked.
Executions attempted so far: 6 total 6 finished normally 0 blocked.
Executions attempted so far: 10 total 10 finished normally 0 blocked.
Executions attempted so far: 1 total 1 finished normally 0 blocked.
Executions attempted so far: 5 total 5 finished normally 0 blocked.
Executions attempted so far: 9 total 9 finished normally 0 blocked.
Executions attempted so far: 40 total 40 finished normally 0 blocked.
Executions attempted so far: 7 total 7 finished normally 0 blocked.
Executions attempted so far: 1 total 1 finished normally 0 blocked.
Executions attempted so far: 2 total 2 finished normally 0 blocked.
Executions attempted so far: 10 total 10 finished normally 0 blocked.
Executions attempted so far: 6 total 6 finished normally 0 blocked.
Executions attempted so far: 50 total 50 finished normally 0 blocked.
Executions attempted so far: 8 total 8 finished normally 0 blocked.
Executions attempted so far: 3 total 3 finished normally 0 blocked.
Executions attempted so far: 2 total 2 finished normally 0 blocked.
Executions attempted so far: 7 total 7 finished normally 0 blocked.
Executions attempted so far: 9 total 9 finished normally 0 blocked.
Executions attempted so far: 4 total 4 finished normally 0 blocked.
Executions attempted so far: 3 total 3 finished normally 0 blocked.
Executions attempted so far: 20 total 20 finished normally 0 blocked.
Executions attempted so far: 30 total 30 finished normally 0 blocked.
Executions attempted so far: 10 total 10 finished normally 0 blocked.
Executions attempted so far: 2 total 2 finished normally 0 blocked.
Executions attempted so far: 4 total 4 finished normally 0 blocked.
Executions attempted so far: 5 total 5 finished normally 0 blocked.
Executions attempted so far: 3 total 3 finished normally 0 blocked.
Executions attempted so far: 20 total 20 finished normally 0 blocked.
Executions attempted so far: 5 total 5 finished normally 0 blocked.
Executions attempted so far: 6 total 6 finished normally 0 blocked.
Executions attempted so far: 4 total 4 finished normally 0 blocked.
Executions attempted so far: 30 total 30 finished normally 0 blocked.
Executions attempted so far: 6 total 6 finished normally 0 blocked.
Executions attempted so far: 7 total 7 finished normally 0 blocked.
Executions attempted so far: 5 total 5 finished normally 0 blocked.
Executions attempted so far: 7 total 7 finished normally 0 blocked.
Executions attempted so far: 8 total 8 finished normally 0 blocked.
Executions attempted so far: 6 total 6 finished normally 0 blocked.
Executions attempted so far: 8 total 8 finished normally 0 blocked.
Executions attempted so far: 9 total 9 finished normally 0 blocked.
Executions attempted so far: 10 total 10 finished normally 0 blocked.
Executions attempted so far: 9 total 9 finished normally 0 blocked.
Executions attempted so far: 8 total 8 finished normally 0 blocked.
Executions attempted so far: 30 total 30 finished normally 0 blocked.
Executions attempted so far: 20 total 20 finished normally 0 blocked.
Executions attempted so far: 20 total 20 finished normally 0 blocked.
Executions attempted so far: 50 total 50 finished normally 0 blocked.
Executions attempted so far: 10 total 10 finished normally 0 blocked.
Executions attempted so far: 9 total 9 finished normally 0 blocked.
Executions attempted so far: 20 total 20 finished normally 0 blocked.
Executions attempted so far: 60 total 60 finished normally 0 blocked.
Executions attempted so far: 10 total 10 finished normally 0 blocked.
Executions attempted so far: 50 total 50 finished normally 0 blocked.
Executions attempted so far: 30 total 30 finished normally 0 blocked.
Executions attempted so far: 40 total 40 finished normally 0 blocked.
Executions attempted so far: 20 total 20 finished normally 0 blocked.
Executions attempted so far: 30 total 30 finished normally 0 blocked.
Executions attempted so far: 40 total 40 finished normally 0 blocked.
Executions attempted so far: 20 total 20 finished normally 0 blocked.
Executions attempted so far: 30 total 30 finished normally 0 blocked.
Executions attempted so far: 60 total 60 finished normally 0 blocked.
Executions attempted so far: 70 total 70 finished normally 0 blocked.
Executions attempted so far: 20 total 20 finished normally 0 blocked.
Executions attempted so far: 20 total 20 finished normally 0 blocked.
Executions attempted so far: 40 total 40 finished normally 0 blocked.
Executions attempted so far: 30 total 30 finished normally 0 blocked.
Executions attempted so far: 50 total 50 finished normally 0 blocked.
Executions attempted so far: 30 total 30 finished normally 0 blocked.
Executions attempted so far: 60 total 60 finished normally 0 blocked.
Executions attempted so far: 40 total 40 finished normally 0 blocked.
Executions attempted so far: 7 total 7 finished normally 0 blocked.
Executions attempted so far: 50 total 50 finished normally 0 blocked.
Executions attempted so far: 8 total 8 finished normally 0 blocked.
Executions attempted so far: 30 total 30 finished normally 0 blocked.
Executions attempted so far: 9 total 9 finished normally 0 blocked.
Executions attempted so far: 10 total 10 finished normally 0 blocked.
Executions attempted so far: 40 total 40 finished normally 0 blocked.
Executions attempted so far: 30 total 30 finished normally 0 blocked.
Executions attempted so far: 30 total 30 finished normally 0 blocked.
Executions attempted so far: 60 total 60 finished normally 0 blocked.
Executions attempted so far: 50 total 50 finished normally 0 blocked.
Executions attempted so far: 80 total 80 finished normally 0 blocked.
Executions attempted so far: 50 total 50 finished normally 0 blocked.
Executions attempted so far: 40 total 40 finished normally 0 blocked.
Executions attempted so far: 40 total 40 finished normally 0 blocked.
Executions attempted so far: 70 total 70 finished normally 0 blocked.
Executions attempted so far: 60 total 60 finished normally 0 blocked.
Executions attempted so far: 40 total 40 finished normally 0 blocked.
Executions attempted so far: 40 total 40 finished normally 0 blocked.
Executions attempted so far: 50 total 50 finished normally 0 blocked.
Executions attempted so far: 70 total 70 finished normally 0 blocked.
Executions attempted so far: 40 total 40 finished normally 0 blocked.
Executions attempted so far: 90 total 90 finished normally 0 blocked.
Executions attempted so far: 40 total 40 finished normally 0 blocked.
Executions attempted so far: 30 total 30 finished normally 0 blocked.
Executions attempted so far: 60 total 60 finished normally 0 blocked.
Executions attempted so far: 60 total 60 finished normally 0 blocked.
Executions attempted so far: 50 total 50 finished normally 0 blocked.
Executions attempted so far: 80 total 80 finished normally 0 blocked.
Executions attempted so far: 50 total 50 finished normally 0 blocked.
Executions attempted so far: 70 total 70 finished normally 0 blocked.
Executions attempted so far: 100 total 100 finished normally 0 blocked.
Executions attempted so far: 50 total 50 finished normally 0 blocked.
Executions attempted so far: 50 total 50 finished normally 0 blocked.
Executions attempted so far: 70 total 70 finished normally 0 blocked.
Executions attempted so far: 60 total 60 finished normally 0 blocked.
Executions attempted so far: 80 total 80 finished normally 0 blocked.
Executions attempted so far: 50 total 50 finished normally 0 blocked.
Executions attempted so far: 50 total 50 finished normally 0 blocked.
Executions attempted so far: 40 total 40 finished normally 0 blocked.
Executions attempted so far: 70 total 70 finished normally 0 blocked.
Executions attempted so far: 70 total 70 finished normally 0 blocked.
Executions attempted so far: 60 total 60 finished normally 0 blocked.
Executions attempted so far: 80 total 80 finished normally 0 blocked.
Executions attempted so far: 60 total 60 finished normally 0 blocked.
Executions attempted so far: 60 total 60 finished normally 0 blocked.
Executions attempted so far: 70 total 70 finished normally 0 blocked.
Executions attempted so far: 20 total 20 finished normally 0 blocked.
Executions attempted so far: 90 total 90 finished normally 0 blocked.
Executions attempted so far: 60 total 60 finished normally 0 blocked.
Executions attempted so far: 80 total 80 finished normally 0 blocked.
Executions attempted so far: 60 total 60 finished normally 0 blocked.
Executions attempted so far: 60 total 60 finished normally 0 blocked.
Executions attempted so far: 80 total 80 finished normally 0 blocked.
Executions attempted so far: 80 total 80 finished normally 0 blocked.
Executions attempted so far: 70 total 70 finished normally 0 blocked.
Executions attempted so far: 90 total 90 finished normally 0 blocked.
Executions attempted so far: 70 total 70 finished normally 0 blocked.
Executions attempted so far: 80 total 80 finished normally 0 blocked.
Executions attempted so far: 100 total 100 finished normally 0 blocked.
Executions attempted so far: 30 total 30 finished normally 0 blocked.
Executions attempted so far: 70 total 70 finished normally 0 blocked.
Executions attempted so far: 70 total 70 finished normally 0 blocked.
Executions attempted so far: 90 total 90 finished normally 0 blocked.
Executions attempted so far: 90 total 90 finished normally 0 blocked.
Executions attempted so far: 70 total 70 finished normally 0 blocked.
Executions attempted so far: 70 total 70 finished normally 0 blocked.
Executions attempted so far: 90 total 90 finished normally 0 blocked.
Executions attempted so far: 80 total 80 finished normally 0 blocked.
Executions attempted so far: 100 total 100 finished normally 0 blocked.
Executions attempted so far: 80 total 80 finished normally 0 blocked.
Executions attempted so far: 90 total 90 finished normally 0 blocked.
Executions attempted so far: 90 total 90 finished normally 0 blocked.
Executions attempted so far: 80 total 80 finished normally 0 blocked.
Executions attempted so far: 80 total 80 finished normally 0 blocked.
Executions attempted so far: 100 total 100 finished normally 0 blocked.
Executions attempted so far: 80 total 80 finished normally 0 blocked.
Executions attempted so far: 90 total 90 finished normally 0 blocked.
Executions attempted so far: 80 total 80 finished normally 0 blocked.
Executions attempted so far: 100 total 100 finished normally 0 blocked.
Executions attempted so far: 100 total 100 finished normally 0 blocked.
Executions attempted so far: 100 total 100 finished normally 0 blocked.
Executions attempted so far: 90 total 90 finished normally 0 blocked.
Executions attempted so far: 50 total 50 finished normally 0 blocked.
Executions attempted so far: 90 total 90 finished normally 0 blocked.
Executions attempted so far: 100 total 100 finished normally 0 blocked.
Executions attempted so far: 90 total 90 finished normally 0 blocked.
Executions attempted so far: 90 total 90 finished normally 0 blocked.
Executions attempted so far: 100 total 100 finished normally 0 blocked.
Executions attempted so far: 90 total 90 finished normally 0 blocked.
Executions attempted so far: 40 total 40 finished normally 0 blocked.
Executions attempted so far: 100 total 100 finished normally 0 blocked.
Executions attempted so far: 100 total 100 finished normally 0 blocked.
Executions attempted so far: 100 total 100 finished normally 0 blocked.
Executions attempted so far: 100 total 100 finished normally 0 blocked.
Executions attempted so far: 100 total 100 finished normally 0 blocked.
Executions attempted so far: 50 total 50 finished normally 0 blocked.
Executions attempted so far: 60 total 60 finished normally 0 blocked.
Executions attempted so far: 70 total 70 finished normally 0 blocked.
Executions attempted so far: 60 total 60 finished normally 0 blocked.
Executions attempted so far: 70 total 70 finished normally 0 blocked.
Executions attempted so far: 200 total 200 finished normally 0 blocked.
Executions attempted so far: 80 total 80 finished normally 0 blocked.
Executions attempted so far: 200 total 200 finished normally 0 blocked.
Executions attempted so far: 80 total 80 finished normally 0 blocked.
Executions attempted so far: 90 total 90 finished normally 0 blocked.
Executions attempted so far: 100 total 100 finished normally 0 blocked.
Executions attempted so far: 200 total 200 finished normally 0 blocked.
Executions attempted so far: 200 total 200 finished normally 0 blocked.
Executions attempted so far: 90 total 90 finished normally 0 blocked.
Executions attempted so far: 200 total 200 finished normally 0 blocked.
Executions attempted so far: 200 total 200 finished normally 0 blocked.
Executions attempted so far: 200 total 200 finished normally 0 blocked.
Executions attempted so far: 200 total 200 finished normally 0 blocked.
Executions attempted so far: 200 total 200 finished normally 0 blocked.
Executions attempted so far: 200 total 200 finished normally 0 blocked.
Executions attempted so far: 200 total 200 finished normally 0 blocked.
Executions attempted so far: 100 total 100 finished normally 0 blocked.
Executions attempted so far: 200 total 200 finished normally 0 blocked.
Executions attempted so far: 200 total 200 finished normally 0 blocked.
Executions attempted so far: 300 total 300 finished normally 0 blocked.
Executions attempted so far: 300 total 300 finished normally 0 blocked.
Executions attempted so far: 300 total 300 finished normally 0 blocked.
Executions attempted so far: 200 total 200 finished normally 0 blocked.
Executions attempted so far: 200 total 200 finished normally 0 blocked.
Executions attempted so far: 300 total 300 finished normally 0 blocked.
Executions attempted so far: 300 total 300 finished normally 0 blocked.
Executions attempted so far: 400 total 400 finished normally 0 blocked.
Executions attempted so far: 300 total 300 finished normally 0 blocked.
Executions attempted so far: 300 total 300 finished normally 0 blocked.
Executions attempted so far: 300 total 300 finished normally 0 blocked.
Executions attempted so far: 300 total 300 finished normally 0 blocked.
Executions attempted so far: 300 total 300 finished normally 0 blocked.
Executions attempted so far: 300 total 300 finished normally 0 blocked.
Executions attempted so far: 400 total 400 finished normally 0 blocked.
Executions attempted so far: 300 total 300 finished normally 0 blocked.
Executions attempted so far: 300 total 300 finished normally 0 blocked.
Executions attempted so far: 300 total 300 finished normally 0 blocked.
Executions attempted so far: 400 total 400 finished normally 0 blocked.
Executions attempted so far: 400 total 400 finished normally 0 blocked.
Executions attempted so far: 500 total 500 finished normally 0 blocked.
Executions attempted so far: 400 total 400 finished normally 0 blocked.
Executions attempted so far: 400 total 400 finished normally 0 blocked.
Executions attempted so far: 400 total 400 finished normally 0 blocked.
Executions attempted so far: 400 total 400 finished normally 0 blocked.
Executions attempted so far: 500 total 500 finished normally 0 blocked.
Executions attempted so far: 200 total 200 finished normally 0 blocked.
Executions attempted so far: 400 total 400 finished normally 0 blocked.
Executions attempted so far: 400 total 400 finished normally 0 blocked.
Executions attempted so far: 400 total 400 finished normally 0 blocked.
Executions attempted so far: 500 total 500 finished normally 0 blocked.
Executions attempted so far: 400 total 400 finished normally 0 blocked.
Executions attempted so far: 400 total 400 finished normally 0 blocked.
Executions attempted so far: 400 total 400 finished normally 0 blocked.
Executions attempted so far: 300 total 300 finished normally 0 blocked.
Executions attempted so far: 500 total 500 finished normally 0 blocked.
Executions attempted so far: 600 total 600 finished normally 0 blocked.
Executions attempted so far: 600 total 600 finished normally 0 blocked.
Executions attempted so far: 500 total 500 finished normally 0 blocked.
Executions attempted so far: 500 total 500 finished normally 0 blocked.
Executions attempted so far: 500 total 500 finished normally 0 blocked.
Executions attempted so far: 500 total 500 finished normally 0 blocked.
Executions attempted so far: 500 total 500 finished normally 0 blocked.
Executions attempted so far: 500 total 500 finished normally 0 blocked.
Executions attempted so far: 500 total 500 finished normally 0 blocked.
Executions attempted so far: 600 total 600 finished normally 0 blocked.
Executions attempted so far: 500 total 500 finished normally 0 blocked.
Executions attempted so far: 500 total 500 finished normally 0 blocked.
Executions attempted so far: 700 total 700 finished normally 0 blocked.
Executions attempted so far: 500 total 500 finished normally 0 blocked.
Executions attempted so far: 600 total 600 finished normally 0 blocked.
Executions attempted so far: 700 total 700 finished normally 0 blocked.
Executions attempted so far: 600 total 600 finished normally 0 blocked.
Executions attempted so far: 600 total 600 finished normally 0 blocked.
Executions attempted so far: 600 total 600 finished normally 0 blocked.
Executions attempted so far: 600 total 600 finished normally 0 blocked.
Executions attempted so far: 600 total 600 finished normally 0 blocked.
Executions attempted so far: 300 total 300 finished normally 0 blocked.
Executions attempted so far: 600 total 600 finished normally 0 blocked.
Executions attempted so far: 600 total 600 finished normally 0 blocked.
Executions attempted so far: 600 total 600 finished normally 0 blocked.
Executions attempted so far: 700 total 700 finished normally 0 blocked.
Executions attempted so far: 800 total 800 finished normally 0 blocked.
Executions attempted so far: 400 total 400 finished normally 0 blocked.
Executions attempted so far: 600 total 600 finished normally 0 blocked.
Executions attempted so far: 600 total 600 finished normally 0 blocked.
Executions attempted so far: 700 total 700 finished normally 0 blocked.
Executions attempted so far: 800 total 800 finished normally 0 blocked.
Executions attempted so far: 700 total 700 finished normally 0 blocked.
Executions attempted so far: 700 total 700 finished normally 0 blocked.
Executions attempted so far: 700 total 700 finished normally 0 blocked.
Executions attempted so far: 700 total 700 finished normally 0 blocked.
Executions attempted so far: 700 total 700 finished normally 0 blocked.
Executions attempted so far: 700 total 700 finished normally 0 blocked.
Executions attempted so far: 700 total 700 finished normally 0 blocked.
Executions attempted so far: 900 total 900 finished normally 0 blocked.
Executions attempted so far: 800 total 800 finished normally 0 blocked.
Executions attempted so far: 700 total 700 finished normally 0 blocked.
Executions attempted so far: 700 total 700 finished normally 0 blocked.
Executions attempted so far: 700 total 700 finished normally 0 blocked.
Executions attempted so far: 800 total 800 finished normally 0 blocked.
Executions attempted so far: 900 total 900 finished normally 0 blocked.
Executions attempted so far: 800 total 800 finished normally 0 blocked.
Executions attempted so far: 800 total 800 finished normally 0 blocked.
Executions attempted so far: 800 total 800 finished normally 0 blocked.
Executions attempted so far: 800 total 800 finished normally 0 blocked.
Executions attempted so far: 800 total 800 finished normally 0 blocked.
Executions attempted so far: 400 total 400 finished normally 0 blocked.
Executions attempted so far: 800 total 800 finished normally 0 blocked.
Executions attempted so far: 1000 total 1000 finished normally 0 blocked.
Executions attempted so far: 800 total 800 finished normally 0 blocked.
Executions attempted so far: 900 total 900 finished normally 0 blocked.
Executions attempted so far: 800 total 800 finished normally 0 blocked.
Executions attempted so far: 500 total 500 finished normally 0 blocked.
Executions attempted so far: 800 total 800 finished normally 0 blocked.
Executions attempted so far: 900 total 900 finished normally 0 blocked.
Executions attempted so far: 800 total 800 finished normally 0 blocked.
Executions attempted so far: 1000 total 1000 finished normally 0 blocked.
Executions attempted so far: 900 total 900 finished normally 0 blocked.
Executions attempted so far: 900 total 900 finished normally 0 blocked.
Executions attempted so far: 900 total 900 finished normally 0 blocked.
Executions attempted so far: 900 total 900 finished normally 0 blocked.
Executions attempted so far: 900 total 900 finished normally 0 blocked.
Executions attempted so far: 900 total 900 finished normally 0 blocked.
Executions attempted so far: 1000 total 1000 finished normally 0 blocked.
Executions attempted so far: 900 total 900 finished normally 0 blocked.
Executions attempted so far: 600 total 600 finished normally 0 blocked.
Executions attempted so far: 900 total 900 finished normally 0 blocked.
Executions attempted so far: 900 total 900 finished normally 0 blocked.
Executions attempted so far: 1000 total 1000 finished normally 0 blocked.
Executions attempted so far: 900 total 900 finished normally 0 blocked.
Executions attempted so far: 1000 total 1000 finished normally 0 blocked.
Executions attempted so far: 1000 total 1000 finished normally 0 blocked.
Executions attempted so far: 1000 total 1000 finished normally 0 blocked.
Executions attempted so far: 1000 total 1000 finished normally 0 blocked.
Executions attempted so far: 500 total 500 finished normally 0 blocked.
Executions attempted so far: 1000 total 1000 finished normally 0 blocked.
Executions attempted so far: 1000 total 1000 finished normally 0 blocked.
Executions attempted so far: 700 total 700 finished normally 0 blocked.
Executions attempted so far: 1000 total 1000 finished normally 0 blocked.
Executions attempted so far: 1000 total 1000 finished normally 0 blocked.
Executions attempted so far: 1000 total 1000 finished normally 0 blocked.
Executions attempted so far: 800 total 800 finished normally 0 blocked.
Executions attempted so far: 1000 total 1000 finished normally 0 blocked.
Executions attempted so far: 600 total 600 finished normally 0 blocked.
Executions attempted so far: 900 total 900 finished normally 0 blocked.
Executions attempted so far: 1000 total 1000 finished normally 0 blocked.
Executions attempted so far: 700 total 700 finished normally 0 blocked.
Executions attempted so far: 800 total 800 finished normally 0 blocked.
Executions attempted so far: 2000 total 2000 finished normally 0 blocked.
Executions attempted so far: 900 total 900 finished normally 0 blocked.
Executions attempted so far: 2000 total 2000 finished normally 0 blocked.
Executions attempted so far: 2000 total 2000 finished normally 0 blocked.
Executions attempted so far: 2000 total 2000 finished normally 0 blocked.
Executions attempted so far: 1000 total 1000 finished normally 0 blocked.
Executions attempted so far: 2000 total 2000 finished normally 0 blocked.
Executions attempted so far: 2000 total 2000 finished normally 0 blocked.
Executions attempted so far: 2000 total 2000 finished normally 0 blocked.
Executions attempted so far: 2000 total 2000 finished normally 0 blocked.
Executions attempted so far: 2000 total 2000 finished normally 0 blocked.
Executions attempted so far: 2000 total 2000 finished normally 0 blocked.
Executions attempted so far: 2000 total 2000 finished normally 0 blocked.
Executions attempted so far: 2000 total 2000 finished normally 0 blocked.
Executions attempted so far: 2000 total 2000 finished normally 0 blocked.
Executions attempted so far: 2000 total 2000 finished normally 0 blocked.
Executions attempted so far: 2000 total 2000 finished normally 0 blocked.
Executions attempted so far: 3000 total 3000 finished normally 0 blocked.
Executions attempted so far: 3000 total 3000 finished normally 0 blocked.
Executions attempted so far: 3000 total 3000 finished normally 0 blocked.
Executions attempted so far: 3000 total 3000 finished normally 0 blocked.
Executions attempted so far: 3000 total 3000 finished normally 0 blocked.
Executions attempted so far: 2000 total 2000 finished normally 0 blocked.
Executions attempted so far: 3000 total 3000 finished normally 0 blocked.
Executions attempted so far: 3000 total 3000 finished normally 0 blocked.
Executions attempted so far: 3000 total 3000 finished normally 0 blocked.
Executions attempted so far: 3000 total 3000 finished normally 0 blocked.
Executions attempted so far: 3000 total 3000 finished normally 0 blocked.
Executions attempted so far: 3000 total 3000 finished normally 0 blocked.
Executions attempted so far: 3000 total 3000 finished normally 0 blocked.
Executions attempted so far: 3000 total 3000 finished normally 0 blocked.
Executions attempted so far: 3000 total 3000 finished normally 0 blocked.
Executions attempted so far: 4000 total 4000 finished normally 0 blocked.
Executions attempted so far: 4000 total 4000 finished normally 0 blocked.
Executions attempted so far: 4000 total 4000 finished normally 0 blocked.
Executions attempted so far: 4000 total 4000 finished normally 0 blocked.
Executions attempted so far: 4000 total 4000 finished normally 0 blocked.
Executions attempted so far: 3000 total 3000 finished normally 0 blocked.
Executions attempted so far: 4000 total 4000 finished normally 0 blocked.
Executions attempted so far: 4000 total 4000 finished normally 0 blocked.
Executions attempted so far: 4000 total 4000 finished normally 0 blocked.
Executions attempted so far: 3000 total 3000 finished normally 0 blocked.
Executions attempted so far: 4000 total 4000 finished normally 0 blocked.
Executions attempted so far: 4000 total 4000 finished normally 0 blocked.
Executions attempted so far: 4000 total 4000 finished normally 0 blocked.
Executions attempted so far: 4000 total 4000 finished normally 0 blocked.
Executions attempted so far: 4000 total 4000 finished normally 0 blocked.
Executions attempted so far: 4000 total 4000 finished normally 0 blocked.
Executions attempted so far: 5000 total 5000 finished normally 0 blocked.
Executions attempted so far: 5000 total 5000 finished normally 0 blocked.
Executions attempted so far: 5000 total 5000 finished normally 0 blocked.
Executions attempted so far: 5000 total 5000 finished normally 0 blocked.
Executions attempted so far: 5000 total 5000 finished normally 0 blocked.
Executions attempted so far: 4000 total 4000 finished normally 0 blocked.
Executions attempted so far: 5000 total 5000 finished normally 0 blocked.
Executions attempted so far: 5000 total 5000 finished normally 0 blocked.
Executions attempted so far: 4000 total 4000 finished normally 0 blocked.
Executions attempted so far: 6000 total 6000 finished normally 0 blocked.
Executions attempted so far: 5000 total 5000 finished normally 0 blocked.
Executions attempted so far: 5000 total 5000 finished normally 0 blocked.
Executions attempted so far: 5000 total 5000 finished normally 0 blocked.
Executions attempted so far: 5000 total 5000 finished normally 0 blocked.
Executions attempted so far: 5000 total 5000 finished normally 0 blocked.
Executions attempted so far: 5000 total 5000 finished normally 0 blocked.
Executions attempted so far: 5000 total 5000 finished normally 0 blocked.
Executions attempted so far: 6000 total 6000 finished normally 0 blocked.
Executions attempted so far: 6000 total 6000 finished normally 0 blocked.
Executions attempted so far: 6000 total 6000 finished normally 0 blocked.
Executions attempted so far: 6000 total 6000 finished normally 0 blocked.
Executions attempted so far: 5000 total 5000 finished normally 0 blocked.
Executions attempted so far: 6000 total 6000 finished normally 0 blocked.
Executions attempted so far: 6000 total 6000 finished normally 0 blocked.
Executions attempted so far: 7000 total 7000 finished normally 0 blocked.
Executions attempted so far: 6000 total 6000 finished normally 0 blocked.
Executions attempted so far: 5000 total 5000 finished normally 0 blocked.
Executions attempted so far: 6000 total 6000 finished normally 0 blocked.
Executions attempted so far: 6000 total 6000 finished normally 0 blocked.
Executions attempted so far: 6000 total 6000 finished normally 0 blocked.
Executions attempted so far: 6000 total 6000 finished normally 0 blocked.
Executions attempted so far: 7000 total 7000 finished normally 0 blocked.
Executions attempted so far: 6000 total 6000 finished normally 0 blocked.
Executions attempted so far: 6000 total 6000 finished normally 0 blocked.
Executions attempted so far: 7000 total 7000 finished normally 0 blocked.
Executions attempted so far: 7000 total 7000 finished normally 0 blocked.
Executions attempted so far: 6000 total 6000 finished normally 0 blocked.
Executions attempted so far: 7000 total 7000 finished normally 0 blocked.
Executions attempted so far: 7000 total 7000 finished normally 0 blocked.
Executions attempted so far: 7000 total 7000 finished normally 0 blocked.
Executions attempted so far: 8000 total 8000 finished normally 0 blocked.
Executions attempted so far: 7000 total 7000 finished normally 0 blocked.
Executions attempted so far: 7000 total 7000 finished normally 0 blocked.
Executions attempted so far: 6000 total 6000 finished normally 0 blocked.
Executions attempted so far: 7000 total 7000 finished normally 0 blocked.
Executions attempted so far: 7000 total 7000 finished normally 0 blocked.
Executions attempted so far: 7000 total 7000 finished normally 0 blocked.
Executions attempted so far: 8000 total 8000 finished normally 0 blocked.
Executions attempted so far: 8000 total 8000 finished normally 0 blocked.
Executions attempted so far: 8000 total 8000 finished normally 0 blocked.
Executions attempted so far: 7000 total 7000 finished normally 0 blocked.
Executions attempted so far: 7000 total 7000 finished normally 0 blocked.
Executions attempted so far: 8000 total 8000 finished normally 0 blocked.
Executions attempted so far: 7000 total 7000 finished normally 0 blocked.
Executions attempted so far: 8000 total 8000 finished normally 0 blocked.
Executions attempted so far: 8000 total 8000 finished normally 0 blocked.
Executions attempted so far: 9000 total 9000 finished normally 0 blocked.
Executions attempted so far: 8000 total 8000 finished normally 0 blocked.
Executions attempted so far: 8000 total 8000 finished normally 0 blocked.
Executions attempted so far: 7000 total 7000 finished normally 0 blocked.
Executions attempted so far: 9000 total 9000 finished normally 0 blocked.
Executions attempted so far: 8000 total 8000 finished normally 0 blocked.
Executions attempted so far: 8000 total 8000 finished normally 0 blocked.
Executions attempted so far: 9000 total 9000 finished normally 0 blocked.
Executions attempted so far: 9000 total 9000 finished normally 0 blocked.
Executions attempted so far: 9000 total 9000 finished normally 0 blocked.
Executions attempted so far: 8000 total 8000 finished normally 0 blocked.
Executions attempted so far: 8000 total 8000 finished normally 0 blocked.
Executions attempted so far: 9000 total 9000 finished normally 0 blocked.
Executions attempted so far: 8000 total 8000 finished normally 0 blocked.
Executions attempted so far: 9000 total 9000 finished normally 0 blocked.
Executions attempted so far: 8000 total 8000 finished normally 0 blocked.
Executions attempted so far: 10000 total 10000 finished normally 0 blocked.
Executions attempted so far: 9000 total 9000 finished normally 0 blocked.
Executions attempted so far: 9000 total 9000 finished normally 0 blocked.
Executions attempted so far: 10000 total 10000 finished normally 0 blocked.
Executions attempted so far: 8000 total 8000 finished normally 0 blocked.
Executions attempted so far: 9000 total 9000 finished normally 0 blocked.
Executions attempted so far: 9000 total 9000 finished normally 0 blocked.
Executions attempted so far: 10000 total 10000 finished normally 0 blocked.
Executions attempted so far: 10000 total 10000 finished normally 0 blocked.
Executions attempted so far: 10000 total 10000 finished normally 0 blocked.
Executions attempted so far: 9000 total 9000 finished normally 0 blocked.
Executions attempted so far: 9000 total 9000 finished normally 0 blocked.
Executions attempted so far: 10000 total 10000 finished normally 0 blocked.
Executions attempted so far: 10000 total 10000 finished normally 0 blocked.
Executions attempted so far: 9000 total 9000 finished normally 0 blocked.
Executions attempted so far: 9000 total 9000 finished normally 0 blocked.
Executions attempted so far: 10000 total 10000 finished normally 0 blocked.
Executions attempted so far: 10000 total 10000 finished normally 0 blocked.
Executions attempted so far: 10000 total 10000 finished normally 0 blocked.
Executions attempted so far: 10000 total 10000 finished normally 0 blocked.
Executions attempted so far: 9000 total 9000 finished normally 0 blocked.
Executions attempted so far: 10000 total 10000 finished normally 0 blocked.
Executions attempted so far: 10000 total 10000 finished normally 0 blocked.
Executions attempted so far: 10000 total 10000 finished normally 0 blocked.
Executions attempted so far: 10000 total 10000 finished normally 0 blocked.
Executions attempted so far: 10000 total 10000 finished normally 0 blocked.
Executions attempted so far: 20000 total 20000 finished normally 0 blocked.
Executions attempted so far: 20000 total 20000 finished normally 0 blocked.
Executions attempted so far: 20000 total 20000 finished normally 0 blocked.
Executions attempted so far: 20000 total 20000 finished normally 0 blocked.
Executions attempted so far: 20000 total 20000 finished normally 0 blocked.
Executions attempted so far: 20000 total 20000 finished normally 0 blocked.
Executions attempted so far: 20000 total 20000 finished normally 0 blocked.
Executions attempted so far: 20000 total 20000 finished normally 0 blocked.
Executions attempted so far: 20000 total 20000 finished normally 0 blocked.
Executions attempted so far: 20000 total 20000 finished normally 0 blocked.
Executions attempted so far: 20000 total 20000 finished normally 0 blocked.
Executions attempted so far: 20000 total 20000 finished normally 0 blocked.
Executions attempted so far: 20000 total 20000 finished normally 0 blocked.
Executions attempted so far: 20000 total 20000 finished normally 0 blocked.
Executions attempted so far: 20000 total 20000 finished normally 0 blocked.
Executions attempted so far: 20000 total 20000 finished normally 0 blocked.
Executions attempted so far: 30000 total 30000 finished normally 0 blocked (6000.00/sec).
Executions attempted so far: 30000 total 30000 finished normally 0 blocked (6000.00/sec).
Executions attempted so far: 30000 total 30000 finished normally 0 blocked (5000.00/sec).
Executions attempted so far: 30000 total 30000 finished normally 0 blocked (5000.00/sec).
Executions attempted so far: 30000 total 30000 finished normally 0 blocked (5000.00/sec).
Executions attempted so far: 30000 total 30000 finished normally 0 blocked (5000.00/sec).
Executions attempted so far: 30000 total 30000 finished normally 0 blocked (5000.00/sec).
Executions attempted so far: 30000 total 30000 finished normally 0 blocked (5000.00/sec).
Executions attempted so far: 30000 total 30000 finished normally 0 blocked (5000.00/sec).
Executions attempted so far: 30000 total 30000 finished normally 0 blocked (5000.00/sec).
Executions attempted so far: 30000 total 30000 finished normally 0 blocked (5000.00/sec).
Executions attempted so far: 30000 total 30000 finished normally 0 blocked (5000.00/sec).
Executions attempted so far: 30000 total 30000 finished normally 0 blocked (5000.00/sec).
Executions attempted so far: 30000 total 30000 finished normally 0 blocked (5000.00/sec).
Executions attempted so far: 30000 total 30000 finished normally 0 blocked (5000.00/sec).
Executions attempted so far: 30000 total 30000 finished normally 0 blocked (5000.00/sec).
Executions attempted so far: 40000 total 40000 finished normally 0 blocked (5714.29/sec).
Executions attempted so far: 40000 total 40000 finished normally 0 blocked (5714.29/sec).
Executions attempted so far: 40000 total 40000 finished normally 0 blocked (5000.00/sec).
Executions attempted so far: 40000 total 40000 finished normally 0 blocked (5000.00/sec).
Executions attempted so far: 40000 total 40000 finished normally 0 blocked (5000.00/sec).
Executions attempted so far: 40000 total 40000 finished normally 0 blocked (5000.00/sec).
Executions attempted so far: 40000 total 40000 finished normally 0 blocked (5000.00/sec).
Executions attempted so far: 40000 total 40000 finished normally 0 blocked (5000.00/sec).
Executions attempted so far: 40000 total 40000 finished normally 0 blocked (5000.00/sec).
Executions attempted so far: 40000 total 40000 finished normally 0 blocked (5000.00/sec).
Executions attempted so far: 40000 total 40000 finished normally 0 blocked (5000.00/sec).
Executions attempted so far: 40000 total 40000 finished normally 0 blocked (5000.00/sec).
Executions attempted so far: 40000 total 40000 finished normally 0 blocked (5000.00/sec).
Executions attempted so far: 40000 total 40000 finished normally 0 blocked (4444.44/sec).
Executions attempted so far: 40000 total 40000 finished normally 0 blocked (4444.44/sec).
Executions attempted so far: 40000 total 40000 finished normally 0 blocked (4444.44/sec).
Executions attempted so far: 50000 total 50000 finished normally 0 blocked (5555.56/sec).
Executions attempted so far: 50000 total 50000 finished normally 0 blocked (5000.00/sec).
Executions attempted so far: 50000 total 50000 finished normally 0 blocked (5000.00/sec).
Executions attempted so far: 50000 total 50000 finished normally 0 blocked (5000.00/sec).
Executions attempted so far: 50000 total 50000 finished normally 0 blocked (5000.00/sec).
Executions attempted so far: 50000 total 50000 finished normally 0 blocked (5000.00/sec).
Executions attempted so far: 50000 total 50000 finished normally 0 blocked (5000.00/sec).
Executions attempted so far: 50000 total 50000 finished normally 0 blocked (5000.00/sec).
Executions attempted so far: 50000 total 50000 finished normally 0 blocked (5000.00/sec).
Executions attempted so far: 50000 total 50000 finished normally 0 blocked (5000.00/sec).
Executions attempted so far: 50000 total 50000 finished normally 0 blocked (5000.00/sec).
Executions attempted so far: 50000 total 50000 finished normally 0 blocked (5000.00/sec).
Executions attempted so far: 50000 total 50000 finished normally 0 blocked (4545.45/sec).
Executions attempted so far: 50000 total 50000 finished normally 0 blocked (4545.45/sec).
Executions attempted so far: 50000 total 50000 finished normally 0 blocked (4545.45/sec).
Executions attempted so far: 50000 total 50000 finished normally 0 blocked (4545.45/sec).
Executions attempted so far: 60000 total 60000 finished normally 0 blocked (5454.55/sec).
Executions attempted so far: 60000 total 60000 finished normally 0 blocked (5000.00/sec).
Executions attempted so far: 60000 total 60000 finished normally 0 blocked (5000.00/sec).
Executions attempted so far: 60000 total 60000 finished normally 0 blocked (5000.00/sec).
Executions attempted so far: 60000 total 60000 finished normally 0 blocked (5000.00/sec).
Executions attempted so far: 60000 total 60000 finished normally 0 blocked (5000.00/sec).
Executions attempted so far: 60000 total 60000 finished normally 0 blocked (5000.00/sec).
Executions attempted so far: 60000 total 60000 finished normally 0 blocked (5000.00/sec).
Executions attempted so far: 60000 total 60000 finished normally 0 blocked (5000.00/sec).
Executions attempted so far: 60000 total 60000 finished normally 0 blocked (5000.00/sec).
Executions attempted so far: 60000 total 60000 finished normally 0 blocked (4615.38/sec).
Executions attempted so far: 60000 total 60000 finished normally 0 blocked (4615.38/sec).
Executions attempted so far: 60000 total 60000 finished normally 0 blocked (4615.38/sec).
Executions attempted so far: 60000 total 60000 finished normally 0 blocked (4615.38/sec).
Executions attempted so far: 70000 total 70000 finished normally 0 blocked (5384.62/sec).
Executions attempted so far: 60000 total 60000 finished normally 0 blocked (4285.71/sec).
Executions attempted so far: 60000 total 60000 finished normally 0 blocked (4285.71/sec).
Executions attempted so far: 70000 total 70000 finished normally 0 blocked (5000.00/sec).
Executions attempted so far: 70000 total 70000 finished normally 0 blocked (5000.00/sec).
Executions attempted so far: 70000 total 70000 finished normally 0 blocked (5000.00/sec).
Executions attempted so far: 70000 total 70000 finished normally 0 blocked (5000.00/sec).
Executions attempted so far: 70000 total 70000 finished normally 0 blocked (5000.00/sec).
Executions attempted so far: 70000 total 70000 finished normally 0 blocked (5000.00/sec).
Executions attempted so far: 70000 total 70000 finished normally 0 blocked (5000.00/sec).
Executions attempted so far: 70000 total 70000 finished normally 0 blocked (4666.67/sec).
Executions attempted so far: 70000 total 70000 finished normally 0 blocked (4666.67/sec).
Executions attempted so far: 70000 total 70000 finished normally 0 blocked (4666.67/sec).
Executions attempted so far: 70000 total 70000 finished normally 0 blocked (4666.67/sec).
Executions attempted so far: 70000 total 70000 finished normally 0 blocked (4666.67/sec).
Executions attempted so far: 70000 total 70000 finished normally 0 blocked (4666.67/sec).
Executions attempted so far: 80000 total 80000 finished normally 0 blocked (5000.00/sec).
Executions attempted so far: 80000 total 80000 finished normally 0 blocked (5000.00/sec).
Executions attempted so far: 80000 total 80000 finished normally 0 blocked (5000.00/sec).
Executions attempted so far: 70000 total 70000 finished normally 0 blocked (4375.00/sec).
Executions attempted so far: 70000 total 70000 finished normally 0 blocked (4375.00/sec).
Executions attempted so far: 80000 total 80000 finished normally 0 blocked (5000.00/sec).
Executions attempted so far: 80000 total 80000 finished normally 0 blocked (5000.00/sec).
Executions attempted so far: 80000 total 80000 finished normally 0 blocked (5000.00/sec).
Executions attempted so far: 80000 total 80000 finished normally 0 blocked (5000.00/sec).
Executions attempted so far: 80000 total 80000 finished normally 0 blocked (5000.00/sec).
Executions attempted so far: 80000 total 80000 finished normally 0 blocked (4705.88/sec).
Executions attempted so far: 80000 total 80000 finished normally 0 blocked (4705.88/sec).
Executions attempted so far: 80000 total 80000 finished normally 0 blocked (4705.88/sec).
Executions attempted so far: 80000 total 80000 finished normally 0 blocked (4705.88/sec).
Executions attempted so far: 90000 total 90000 finished normally 0 blocked (5000.00/sec).
Executions attempted so far: 80000 total 80000 finished normally 0 blocked (4444.44/sec).
Executions attempted so far: 90000 total 90000 finished normally 0 blocked (5000.00/sec).
Executions attempted so far: 80000 total 80000 finished normally 0 blocked (4444.44/sec).
Executions attempted so far: 90000 total 90000 finished normally 0 blocked (5000.00/sec).
Executions attempted so far: 90000 total 90000 finished normally 0 blocked (5000.00/sec).
Executions attempted so far: 90000 total 90000 finished normally 0 blocked (5000.00/sec).
Executions attempted so far: 80000 total 80000 finished normally 0 blocked (4444.44/sec).
Executions attempted so far: 90000 total 90000 finished normally 0 blocked (5000.00/sec).
Executions attempted so far: 90000 total 90000 finished normally 0 blocked (4736.84/sec).
Executions attempted so far: 80000 total 80000 finished normally 0 blocked (4210.53/sec).
Executions attempted so far: 90000 total 90000 finished normally 0 blocked (4736.84/sec).
Executions attempted so far: 90000 total 90000 finished normally 0 blocked (4736.84/sec).
Executions attempted so far: 90000 total 90000 finished normally 0 blocked (4736.84/sec).
Executions attempted so far: 90000 total 90000 finished normally 0 blocked (4736.84/sec).
Executions attempted so far: 90000 total 90000 finished normally 0 blocked (4736.84/sec).
Executions attempted so far: 100000 total 100000 finished normally 0 blocked (5000.00/sec).
Executions attempted so far: 100000 total 100000 finished normally 0 blocked (5000.00/sec).
Executions attempted so far: 90000 total 90000 finished normally 0 blocked (4500.00/sec).
Executions attempted so far: 90000 total 90000 finished normally 0 blocked (4500.00/sec).
Executions attempted so far: 100000 total 100000 finished normally 0 blocked (5000.00/sec).
Executions attempted so far: 100000 total 100000 finished normally 0 blocked (5000.00/sec).
Executions attempted so far: 100000 total 100000 finished normally 0 blocked (5000.00/sec).
Executions attempted so far: 100000 total 100000 finished normally 0 blocked (4761.90/sec).
Executions attempted so far: 90000 total 90000 finished normally 0 blocked (4285.71/sec).
Executions attempted so far: 100000 total 100000 finished normally 0 blocked (4761.90/sec).
Executions attempted so far: 100000 total 100000 finished normally 0 blocked (4761.90/sec).
Executions attempted so far: 90000 total 90000 finished normally 0 blocked (4285.71/sec).
Executions attempted so far: 100000 total 100000 finished normally 0 blocked (4761.90/sec).
Executions attempted so far: 100000 total 100000 finished normally 0 blocked (4761.90/sec).
Executions attempted so far: 100000 total 100000 finished normally 0 blocked (4761.90/sec).
Executions attempted so far: 100000 total 100000 finished normally 0 blocked (4545.45/sec).
Executions attempted so far: 100000 total 100000 finished normally 0 blocked (4545.45/sec).
Executions attempted so far: 100000 total 100000 finished normally 0 blocked (4545.45/sec).
Executions attempted so far: 100000 total 100000 finished normally 0 blocked (4347.83/sec).
Executions attempted so far: 100000 total 100000 finished normally 0 blocked (4166.67/sec).
Executions attempted so far: 200000 total 200000 finished normally 0 blocked (4878.05/sec).
Executions attempted so far: 200000 total 200000 finished normally 0 blocked (4761.90/sec).
Executions attempted so far: 200000 total 200000 finished normally 0 blocked (4761.90/sec).
Executions attempted so far: 200000 total 200000 finished normally 0 blocked (4761.90/sec).
Executions attempted so far: 200000 total 200000 finished normally 0 blocked (4761.90/sec).
Executions attempted so far: 200000 total 200000 finished normally 0 blocked (4761.90/sec).
Executions attempted so far: 200000 total 200000 finished normally 0 blocked (4761.90/sec).
Executions attempted so far: 200000 total 200000 finished normally 0 blocked (4761.90/sec).
Executions attempted so far: 200000 total 200000 finished normally 0 blocked (4651.16/sec).
Executions attempted so far: 200000 total 200000 finished normally 0 blocked (4651.16/sec).
Executions attempted so far: 200000 total 200000 finished normally 0 blocked (4651.16/sec).
Executions attempted so far: 200000 total 200000 finished normally 0 blocked (4651.16/sec).
Executions attempted so far: 200000 total 200000 finished normally 0 blocked (4545.45/sec).
Executions attempted so far: 200000 total 200000 finished normally 0 blocked (4347.83/sec).
Executions attempted so far: 200000 total 200000 finished normally 0 blocked (4255.32/sec).
Executions attempted so far: 200000 total 200000 finished normally 0 blocked (4255.32/sec).
Executions attempted so far: 300000 total 300000 finished normally 0 blocked (4838.71/sec).
Executions attempted so far: 300000 total 300000 finished normally 0 blocked (4838.71/sec).
Executions attempted so far: 300000 total 300000 finished normally 0 blocked (4761.90/sec).
Executions attempted so far: 300000 total 300000 finished normally 0 blocked (4761.90/sec).
Executions attempted so far: 300000 total 300000 finished normally 0 blocked (4761.90/sec).
Executions attempted so far: 300000 total 300000 finished normally 0 blocked (4687.50/sec).
Executions attempted so far: 300000 total 300000 finished normally 0 blocked (4687.50/sec).
Executions attempted so far: 300000 total 300000 finished normally 0 blocked (4687.50/sec).
Executions attempted so far: 300000 total 300000 finished normally 0 blocked (4687.50/sec).
Executions attempted so far: 300000 total 300000 finished normally 0 blocked (4687.50/sec).
Executions attempted so far: 300000 total 300000 finished normally 0 blocked (4615.38/sec).
Executions attempted so far: 300000 total 300000 finished normally 0 blocked (4615.38/sec).
Executions attempted so far: 300000 total 300000 finished normally 0 blocked (4545.45/sec).
Executions attempted so far: 300000 total 300000 finished normally 0 blocked (4347.83/sec).
Executions attempted so far: 300000 total 300000 finished normally 0 blocked (4285.71/sec).
Executions attempted so far: 300000 total 300000 finished normally 0 blocked (4225.35/sec).
Executions attempted so far: 400000 total 400000 finished normally 0 blocked (4819.28/sec).
Executions attempted so far: 400000 total 400000 finished normally 0 blocked (4761.90/sec).
Executions attempted so far: 400000 total 400000 finished normally 0 blocked (4761.90/sec).
Executions attempted so far: 400000 total 400000 finished normally 0 blocked (4705.88/sec).
Executions attempted so far: 400000 total 400000 finished normally 0 blocked (4705.88/sec).
Executions attempted so far: 400000 total 400000 finished normally 0 blocked (4705.88/sec).
Executions attempted so far: 400000 total 400000 finished normally 0 blocked (4705.88/sec).
Executions attempted so far: 400000 total 400000 finished normally 0 blocked (4651.16/sec).
Executions attempted so far: 400000 total 400000 finished normally 0 blocked (4651.16/sec).
Executions attempted so far: 400000 total 400000 finished normally 0 blocked (4651.16/sec).
Executions attempted so far: 400000 total 400000 finished normally 0 blocked (4651.16/sec).
Executions attempted so far: 400000 total 400000 finished normally 0 blocked (4545.45/sec).
Executions attempted so far: 400000 total 400000 finished normally 0 blocked (4545.45/sec).
Executions attempted so far: 400000 total 400000 finished normally 0 blocked (4301.08/sec).
Executions attempted so far: 400000 total 400000 finished normally 0 blocked (4301.08/sec).
Executions attempted so far: 400000 total 400000 finished normally 0 blocked (4210.53/sec).
Executions attempted so far: 500000 total 500000 finished normally 0 blocked (4761.90/sec).
Executions attempted so far: 500000 total 500000 finished normally 0 blocked (4761.90/sec).
Executions attempted so far: 500000 total 500000 finished normally 0 blocked (4761.90/sec).
Executions attempted so far: 500000 total 500000 finished normally 0 blocked (4716.98/sec).
Executions attempted so far: 500000 total 500000 finished normally 0 blocked (4716.98/sec).
Executions attempted so far: 500000 total 500000 finished normally 0 blocked (4672.90/sec).
Executions attempted so far: 500000 total 500000 finished normally 0 blocked (4672.90/sec).
Executions attempted so far: 500000 total 500000 finished normally 0 blocked (4672.90/sec).
Executions attempted so far: 500000 total 500000 finished normally 0 blocked (4672.90/sec).
Executions attempted so far: 500000 total 500000 finished normally 0 blocked (4629.63/sec).
Executions attempted so far: 500000 total 500000 finished normally 0 blocked (4629.63/sec).
Executions attempted so far: 500000 total 500000 finished normally 0 blocked (4545.45/sec).
Executions attempted so far: 500000 total 500000 finished normally 0 blocked (4545.45/sec).
Executions attempted so far: 500000 total 500000 finished normally 0 blocked (4273.50/sec).
Executions attempted so far: 500000 total 500000 finished normally 0 blocked (4273.50/sec).
Executions attempted so far: 500000 total 500000 finished normally 0 blocked (4237.29/sec).
Executions attempted so far: 600000 total 600000 finished normally 0 blocked (4761.90/sec).
Executions attempted so far: 600000 total 600000 finished normally 0 blocked (4761.90/sec).
Executions attempted so far: 600000 total 600000 finished normally 0 blocked (4761.90/sec).
Executions attempted so far: 600000 total 600000 finished normally 0 blocked (4724.41/sec).
Executions attempted so far: 600000 total 600000 finished normally 0 blocked (4687.50/sec).
Executions attempted so far: 600000 total 600000 finished normally 0 blocked (4687.50/sec).
Executions attempted so far: 600000 total 600000 finished normally 0 blocked (4651.16/sec).
Executions attempted so far: 600000 total 600000 finished normally 0 blocked (4651.16/sec).
Executions attempted so far: 600000 total 600000 finished normally 0 blocked (4651.16/sec).
Executions attempted so far: 600000 total 600000 finished normally 0 blocked (4651.16/sec).
Executions attempted so far: 600000 total 600000 finished normally 0 blocked (4615.38/sec).
Executions attempted so far: 600000 total 600000 finished normally 0 blocked (4545.45/sec).
Executions attempted so far: 600000 total 600000 finished normally 0 blocked (4545.45/sec).
Executions attempted so far: 600000 total 600000 finished normally 0 blocked (4255.32/sec).
Executions attempted so far: 600000 total 600000 finished normally 0 blocked (4255.32/sec).
Executions attempted so far: 600000 total 600000 finished normally 0 blocked (4225.35/sec).
Executions attempted so far: 700000 total 700000 finished normally 0 blocked (4794.52/sec).
Executions attempted so far: 700000 total 700000 finished normally 0 blocked (4761.90/sec).
Executions attempted so far: 700000 total 700000 finished normally 0 blocked (4761.90/sec).
Executions attempted so far: 700000 total 700000 finished normally 0 blocked (4697.99/sec).
Executions attempted so far: 700000 total 700000 finished normally 0 blocked (4697.99/sec).
Executions attempted so far: 700000 total 700000 finished normally 0 blocked (4697.99/sec).
Executions attempted so far: 700000 total 700000 finished normally 0 blocked (4666.67/sec).
Executions attempted so far: 700000 total 700000 finished normally 0 blocked (4666.67/sec).
Executions attempted so far: 700000 total 700000 finished normally 0 blocked (4666.67/sec).
Executions attempted so far: 700000 total 700000 finished normally 0 blocked (4635.76/sec).
Executions attempted so far: 700000 total 700000 finished normally 0 blocked (4605.26/sec).
Executions attempted so far: 700000 total 700000 finished normally 0 blocked (4575.16/sec).
Executions attempted so far: 700000 total 700000 finished normally 0 blocked (4575.16/sec).
Executions attempted so far: 700000 total 700000 finished normally 0 blocked (4268.29/sec).
Executions attempted so far: 700000 total 700000 finished normally 0 blocked (4268.29/sec).
Executions attempted so far: 700000 total 700000 finished normally 0 blocked (4242.42/sec).
Executions attempted so far: 800000 total 800000 finished normally 0 blocked (4790.42/sec).
Executions attempted so far: 800000 total 800000 finished normally 0 blocked (4790.42/sec).
Executions attempted so far: 800000 total 800000 finished normally 0 blocked (4761.90/sec).
Executions attempted so far: 800000 total 800000 finished normally 0 blocked (4705.88/sec).
Executions attempted so far: 800000 total 800000 finished normally 0 blocked (4705.88/sec).
Executions attempted so far: 800000 total 800000 finished normally 0 blocked (4678.36/sec).
Executions attempted so far: 800000 total 800000 finished normally 0 blocked (4651.16/sec).
Executions attempted so far: 800000 total 800000 finished normally 0 blocked (4624.28/sec).
Executions attempted so far: 800000 total 800000 finished normally 0 blocked (4624.28/sec).
Executions attempted so far: 800000 total 800000 finished normally 0 blocked (4597.70/sec).
Executions attempted so far: 800000 total 800000 finished normally 0 blocked (4571.43/sec).
Executions attempted so far: 800000 total 800000 finished normally 0 blocked (4571.43/sec).
Executions attempted so far: 800000 total 800000 finished normally 0 blocked (4545.45/sec).
Executions attempted so far: 800000 total 800000 finished normally 0 blocked (4301.08/sec).
Executions attempted so far: 800000 total 800000 finished normally 0 blocked (4278.07/sec).
Executions attempted so far: 800000 total 800000 finished normally 0 blocked (4278.07/sec).
Executions attempted so far: 900000 total 900000 finished normally 0 blocked (4787.23/sec).
Executions attempted so far: 900000 total 900000 finished normally 0 blocked (4787.23/sec).
Executions attempted so far: 900000 total 900000 finished normally 0 blocked (4761.90/sec).
Executions attempted so far: 900000 total 900000 finished normally 0 blocked (4712.04/sec).
Executions attempted so far: 900000 total 900000 finished normally 0 blocked (4687.50/sec).
Executions attempted so far: 900000 total 900000 finished normally 0 blocked (4687.50/sec).
Executions attempted so far: 900000 total 900000 finished normally 0 blocked (4663.21/sec).
Executions attempted so far: 900000 total 900000 finished normally 0 blocked (4615.38/sec).
Executions attempted so far: 900000 total 900000 finished normally 0 blocked (4615.38/sec).
Executions attempted so far: 900000 total 900000 finished normally 0 blocked (4591.84/sec).
Executions attempted so far: 900000 total 900000 finished normally 0 blocked (4568.53/sec).
Executions attempted so far: 900000 total 900000 finished normally 0 blocked (4545.45/sec).
Executions attempted so far: 900000 total 900000 finished normally 0 blocked (4522.61/sec).
Executions attempted so far: 1000000 total 1000000 finished normally 0 blocked (4807.69/sec).
Executions attempted so far: 900000 total 900000 finished normally 0 blocked (4306.22/sec).
Executions attempted so far: 1000000 total 1000000 finished normally 0 blocked (4761.90/sec).
Executions attempted so far: 1000000 total 1000000 finished normally 0 blocked (4761.90/sec).
Executions attempted so far: 900000 total 900000 finished normally 0 blocked (4285.71/sec).
Executions attempted so far: 900000 total 900000 finished normally 0 blocked (4285.71/sec).
Executions attempted so far: 1000000 total 1000000 finished normally 0 blocked (4716.98/sec).
Executions attempted so far: 1000000 total 1000000 finished normally 0 blocked (4694.84/sec).
Executions attempted so far: 1000000 total 1000000 finished normally 0 blocked (4672.90/sec).
Executions attempted so far: 1000000 total 1000000 finished normally 0 blocked (4651.16/sec).
Executions attempted so far: 1000000 total 1000000 finished normally 0 blocked (4629.63/sec).
Executions attempted so far: 1000000 total 1000000 finished normally 0 blocked (4608.29/sec).
Executions attempted so far: 1000000 total 1000000 finished normally 0 blocked (4587.16/sec).
Executions attempted so far: 1000000 total 1000000 finished normally 0 blocked (4566.21/sec).
Executions attempted so far: 1000000 total 1000000 finished normally 0 blocked (4524.89/sec).
Executions attempted so far: 1000000 total 1000000 finished normally 0 blocked (4524.89/sec).
Executions attempted so far: 1000000 total 1000000 finished normally 0 blocked (4291.85/sec).
Executions attempted so far: 1000000 total 1000000 finished normally 0 blocked (4273.50/sec).
Executions attempted so far: 1000000 total 1000000 finished normally 0 blocked (4273.50/sec).
Executions attempted so far: 2000000 total 2000000 finished normally 0 blocked (4750.59/sec).
Executions attempted so far: 2000000 total 2000000 finished normally 0 blocked (4716.98/sec).
Executions attempted so far: 2000000 total 2000000 finished normally 0 blocked (4651.16/sec).
Executions attempted so far: 2000000 total 2000000 finished normally 0 blocked (4651.16/sec).
Executions attempted so far: 2000000 total 2000000 finished normally 0 blocked (4629.63/sec).
Executions attempted so far: 2000000 total 2000000 finished normally 0 blocked (4618.94/sec).
Executions attempted so far: 2000000 total 2000000 finished normally 0 blocked (4608.29/sec).
Executions attempted so far: 2000000 total 2000000 finished normally 0 blocked (4597.70/sec).
Executions attempted so far: 2000000 total 2000000 finished normally 0 blocked (4597.70/sec).
Executions attempted so far: 2000000 total 2000000 finished normally 0 blocked (4587.16/sec).
Executions attempted so far: 2000000 total 2000000 finished normally 0 blocked (4566.21/sec).
Executions attempted so far: 2000000 total 2000000 finished normally 0 blocked (4545.45/sec).
Executions attempted so far: 2000000 total 2000000 finished normally 0 blocked (4504.50/sec).
Executions attempted so far: 2000000 total 2000000 finished normally 0 blocked (4319.65/sec).
Executions attempted so far: 2000000 total 2000000 finished normally 0 blocked (4301.08/sec).
Executions attempted so far: 2000000 total 2000000 finished normally 0 blocked (4291.85/sec).
Executions attempted so far: 3000000 total 3000000 finished normally 0 blocked (4731.86/sec).
Executions attempted so far: 3000000 total 3000000 finished normally 0 blocked (4658.39/sec).
Executions attempted so far: 3000000 total 3000000 finished normally 0 blocked (4658.39/sec).
Executions attempted so far: 3000000 total 3000000 finished normally 0 blocked (4622.50/sec).
Executions attempted so far: 3000000 total 3000000 finished normally 0 blocked (4608.29/sec).
Executions attempted so far: 3000000 total 3000000 finished normally 0 blocked (4608.29/sec).
Executions attempted so far: 3000000 total 3000000 finished normally 0 blocked (4608.29/sec).
Executions attempted so far: 3000000 total 3000000 finished normally 0 blocked (4594.18/sec).
Executions attempted so far: 3000000 total 3000000 finished normally 0 blocked (4594.18/sec).
Executions attempted so far: 3000000 total 3000000 finished normally 0 blocked (4559.27/sec).
Executions attempted so far: 3000000 total 3000000 finished normally 0 blocked (4545.45/sec).
Executions attempted so far: 3000000 total 3000000 finished normally 0 blocked (4518.07/sec).
Executions attempted so far: 3000000 total 3000000 finished normally 0 blocked (4470.94/sec).
Executions attempted so far: 3000000 total 3000000 finished normally 0 blocked (4304.16/sec).
Executions attempted so far: 3000000 total 3000000 finished normally 0 blocked (4291.85/sec).
Executions attempted so far: 3000000 total 3000000 finished normally 0 blocked (4261.36/sec).
Executions attempted so far: 4000000 total 4000000 finished normally 0 blocked (4700.35/sec).
Executions attempted so far: 4000000 total 4000000 finished normally 0 blocked (4634.99/sec).
Executions attempted so far: 4000000 total 4000000 finished normally 0 blocked (4618.94/sec).
Executions attempted so far: 4000000 total 4000000 finished normally 0 blocked (4608.29/sec).
Executions attempted so far: 4000000 total 4000000 finished normally 0 blocked (4602.99/sec).
Executions attempted so far: 4000000 total 4000000 finished normally 0 blocked (4602.99/sec).
Executions attempted so far: 4000000 total 4000000 finished normally 0 blocked (4602.99/sec).
Executions attempted so far: 4000000 total 4000000 finished normally 0 blocked (4592.42/sec).
Executions attempted so far: 4000000 total 4000000 finished normally 0 blocked (4576.66/sec).
Executions attempted so far: 4000000 total 4000000 finished normally 0 blocked (4561.00/sec).
Executions attempted so far: 4000000 total 4000000 finished normally 0 blocked (4519.77/sec).
Executions attempted so far: 4000000 total 4000000 finished normally 0 blocked (4514.67/sec).
Executions attempted so far: 4000000 total 4000000 finished normally 0 blocked (4464.29/sec).
Executions attempted so far: 4000000 total 4000000 finished normally 0 blocked (4319.65/sec).
Executions attempted so far: 4000000 total 4000000 finished normally 0 blocked (4282.66/sec).
Executions attempted so far: 4000000 total 4000000 finished normally 0 blocked (4250.80/sec).
Executions attempted so far: 5000000 total 5000000 finished normally 0 blocked (4646.84/sec).
Executions attempted so far: 5000000 total 5000000 finished normally 0 blocked (4642.53/sec).
Executions attempted so far: 5000000 total 5000000 finished normally 0 blocked (4629.63/sec).
Executions attempted so far: 5000000 total 5000000 finished normally 0 blocked (4595.59/sec).
Executions attempted so far: 5000000 total 5000000 finished normally 0 blocked (4591.37/sec).
Executions attempted so far: 5000000 total 5000000 finished normally 0 blocked (4591.37/sec).
Executions attempted so far: 5000000 total 5000000 finished normally 0 blocked (4578.75/sec).
Executions attempted so far: 5000000 total 5000000 finished normally 0 blocked (4549.59/sec).
Executions attempted so far: 5000000 total 5000000 finished normally 0 blocked (4549.59/sec).
Executions attempted so far: 5000000 total 5000000 finished normally 0 blocked (4545.45/sec).
Executions attempted so far: 5000000 total 5000000 finished normally 0 blocked (4524.89/sec).
Executions attempted so far: 5000000 total 5000000 finished normally 0 blocked (4516.71/sec).
Executions attempted so far: 5000000 total 5000000 finished normally 0 blocked (4472.27/sec).
Executions attempted so far: 5000000 total 5000000 finished normally 0 blocked (4329.00/sec).
Executions attempted so far: 5000000 total 5000000 finished normally 0 blocked (4269.85/sec).
Executions attempted so far: 5000000 total 5000000 finished normally 0 blocked (4233.70/sec).
Executions attempted so far: 6000000 total 6000000 finished normally 0 blocked (4633.20/sec).
Executions attempted so far: 6000000 total 6000000 finished normally 0 blocked (4633.20/sec).
Executions attempted so far: 6000000 total 6000000 finished normally 0 blocked (4594.18/sec).
Executions attempted so far: 6000000 total 6000000 finished normally 0 blocked (4566.21/sec).
Executions attempted so far: 6000000 total 6000000 finished normally 0 blocked (4562.74/sec).
Executions attempted so far: 6000000 total 6000000 finished normally 0 blocked (4559.27/sec).
Executions attempted so far: 6000000 total 6000000 finished normally 0 blocked (4548.90/sec).
Executions attempted so far: 6000000 total 6000000 finished normally 0 blocked (4538.58/sec).
Executions attempted so far: 6000000 total 6000000 finished normally 0 blocked (4531.72/sec).
Executions attempted so far: 6000000 total 6000000 finished normally 0 blocked (4531.72/sec).
Executions attempted so far: 6000000 total 6000000 finished normally 0 blocked (4514.67/sec).
Executions attempted so far: 6000000 total 6000000 finished normally 0 blocked (4507.89/sec).
Executions attempted so far: 6000000 total 6000000 finished normally 0 blocked (4474.27/sec).
Executions attempted so far: 6000000 total 6000000 finished normally 0 blocked (4338.39/sec).
Executions attempted so far: 6000000 total 6000000 finished normally 0 blocked (4234.30/sec).
Executions attempted so far: 6000000 total 6000000 finished normally 0 blocked (4222.38/sec).
Executions attempted so far: 7000000 total 7000000 finished normally 0 blocked (4623.51/sec).
Executions attempted so far: 7000000 total 7000000 finished normally 0 blocked (4557.29/sec).
Executions attempted so far: 7000000 total 7000000 finished normally 0 blocked (4554.33/sec).
Executions attempted so far: 7000000 total 7000000 finished normally 0 blocked (4548.41/sec).
Executions attempted so far: 7000000 total 7000000 finished normally 0 blocked (4533.68/sec).
Executions attempted so far: 7000000 total 7000000 finished normally 0 blocked (4516.13/sec).
Executions attempted so far: 7000000 total 7000000 finished normally 0 blocked (4501.61/sec).
Executions attempted so far: 7000000 total 7000000 finished normally 0 blocked (4501.61/sec).
Executions attempted so far: 7000000 total 7000000 finished normally 0 blocked (4498.71/sec).
Executions attempted so far: 7000000 total 7000000 finished normally 0 blocked (4492.94/sec).
Executions attempted so far: 7000000 total 7000000 finished normally 0 blocked (4484.30/sec).
Executions attempted so far: 7000000 total 7000000 finished normally 0 blocked (4467.13/sec).
Executions attempted so far: 7000000 total 7000000 finished normally 0 blocked (4450.10/sec).
Executions attempted so far: 7000000 total 7000000 finished normally 0 blocked (4361.37/sec).
Executions attempted so far: 7000000 total 7000000 finished normally 0 blocked (4237.29/sec).
Executions attempted so far: 7000000 total 7000000 finished normally 0 blocked (4219.41/sec).
Executions attempted so far: 8000000 total 8000000 finished normally 0 blocked (4545.45/sec).
Executions attempted so far: 8000000 total 8000000 finished normally 0 blocked (4522.33/sec).
Executions attempted so far: 8000000 total 8000000 finished normally 0 blocked (4519.77/sec).
Executions attempted so far: 8000000 total 8000000 finished normally 0 blocked (4517.22/sec).
Executions attempted so far: 8000000 total 8000000 finished normally 0 blocked (4496.91/sec).
Executions attempted so far: 8000000 total 8000000 finished normally 0 blocked (4484.30/sec).
Executions attempted so far: 8000000 total 8000000 finished normally 0 blocked (4484.30/sec).
Executions attempted so far: 8000000 total 8000000 finished normally 0 blocked (4469.27/sec).
Executions attempted so far: 8000000 total 8000000 finished normally 0 blocked (4466.78/sec).
Executions attempted so far: 8000000 total 8000000 finished normally 0 blocked (4459.31/sec).
Executions attempted so far: 8000000 total 8000000 finished normally 0 blocked (4434.59/sec).
Executions attempted so far: 8000000 total 8000000 finished normally 0 blocked (4415.01/sec).
Executions attempted so far: 8000000 total 8000000 finished normally 0 blocked (4390.78/sec).
Executions attempted so far: 8000000 total 8000000 finished normally 0 blocked (4347.83/sec).
Executions attempted so far: 8000000 total 8000000 finished normally 0 blocked (4237.29/sec).
Executions attempted so far: 8000000 total 8000000 finished normally 0 blocked (4203.89/sec).
Executions attempted so far: 9000000 total 9000000 finished normally 0 blocked (4493.26/sec).
Executions attempted so far: 9000000 total 9000000 finished normally 0 blocked (4491.02/sec).
Executions attempted so far: 9000000 total 9000000 finished normally 0 blocked (4479.84/sec).
Executions attempted so far: 9000000 total 9000000 finished normally 0 blocked (4473.16/sec).
Executions attempted so far: 9000000 total 9000000 finished normally 0 blocked (4468.72/sec).
Executions attempted so far: 9000000 total 9000000 finished normally 0 blocked (4453.24/sec).
Executions attempted so far: 9000000 total 9000000 finished normally 0 blocked (4422.60/sec).
Executions attempted so far: 9000000 total 9000000 finished normally 0 blocked (4418.26/sec).
Executions attempted so far: 9000000 total 9000000 finished normally 0 blocked (4418.26/sec).
Executions attempted so far: 9000000 total 9000000 finished normally 0 blocked (4398.83/sec).
Executions attempted so far: 9000000 total 9000000 finished normally 0 blocked (4371.05/sec).
Executions attempted so far: 9000000 total 9000000 finished normally 0 blocked (4362.58/sec).
Executions attempted so far: 9000000 total 9000000 finished normally 0 blocked (4343.63/sec).
Executions attempted so far: 9000000 total 9000000 finished normally 0 blocked (4326.92/sec).
Executions attempted so far: 9000000 total 9000000 finished normally 0 blocked (4217.43/sec).
Executions attempted so far: 9000000 total 9000000 finished normally 0 blocked (4172.46/sec).
Executions attempted so far: 10000000 total 10000000 finished normally 0 blocked (4466.28/sec).
Executions attempted so far: 10000000 total 10000000 finished normally 0 blocked (4460.30/sec).
Executions attempted so far: 10000000 total 10000000 finished normally 0 blocked (4444.44/sec).
Executions attempted so far: 10000000 total 10000000 finished normally 0 blocked (4434.59/sec).
Executions attempted so far: 10000000 total 10000000 finished normally 0 blocked (4420.87/sec).
Executions attempted so far: 10000000 total 10000000 finished normally 0 blocked (4416.96/sec).
Executions attempted so far: 10000000 total 10000000 finished normally 0 blocked (4382.12/sec).
Executions attempted so far: 10000000 total 10000000 finished normally 0 blocked (4376.37/sec).
Executions attempted so far: 10000000 total 10000000 finished normally 0 blocked (4368.72/sec).
Executions attempted so far: 10000000 total 10000000 finished normally 0 blocked (4351.61/sec).
Executions attempted so far: 10000000 total 10000000 finished normally 0 blocked (4329.00/sec).
Executions attempted so far: 10000000 total 10000000 finished normally 0 blocked (4319.65/sec).
Executions attempted so far: 10000000 total 10000000 finished normally 0 blocked (4310.34/sec).
Executions attempted so far: 10000000 total 10000000 finished normally 0 blocked (4301.08/sec).
Executions attempted so far: 10000000 total 10000000 finished normally 0 blocked (4180.60/sec).
Executions attempted so far: 10000000 total 10000000 finished normally 0 blocked (4133.94/sec).
Executions attempted so far: 11000000 total 11000000 finished normally 0 blocked (4428.34/sec).
Executions attempted so far: 11000000 total 11000000 finished normally 0 blocked (4419.45/sec).
Executions attempted so far: 11000000 total 11000000 finished normally 0 blocked (4412.35/sec).
Executions attempted so far: 11000000 total 11000000 finished normally 0 blocked (4401.76/sec).
Executions attempted so far: 11000000 total 11000000 finished normally 0 blocked (4370.28/sec).
Executions attempted so far: 11000000 total 11000000 finished normally 0 blocked (4358.16/sec).
Executions attempted so far: 11000000 total 11000000 finished normally 0 blocked (4329.00/sec).
Executions attempted so far: 11000000 total 11000000 finished normally 0 blocked (4327.30/sec).
Executions attempted so far: 11000000 total 11000000 finished normally 0 blocked (4308.66/sec).
Executions attempted so far: 11000000 total 11000000 finished normally 0 blocked (4303.60/sec).
Executions attempted so far: 11000000 total 11000000 finished normally 0 blocked (4283.49/sec).
Executions attempted so far: 11000000 total 11000000 finished normally 0 blocked (4273.50/sec).
Executions attempted so far: 11000000 total 11000000 finished normally 0 blocked (4268.53/sec).
Executions attempted so far: 11000000 total 11000000 finished normally 0 blocked (4255.32/sec).
Executions attempted so far: 11000000 total 11000000 finished normally 0 blocked (4165.09/sec).
Executions attempted so far: 11000000 total 11000000 finished normally 0 blocked (4115.23/sec).
Executions attempted so far: 12000000 total 12000000 finished normally 0 blocked (4406.90/sec).
Executions attempted so far: 12000000 total 12000000 finished normally 0 blocked (4395.60/sec).
Executions attempted so far: 12000000 total 12000000 finished normally 0 blocked (4395.60/sec).
Executions attempted so far: 12000000 total 12000000 finished normally 0 blocked (4385.96/sec).
Executions attempted so far: 12000000 total 12000000 finished normally 0 blocked (4339.96/sec).
Executions attempted so far: 12000000 total 12000000 finished normally 0 blocked (4321.21/sec).
Executions attempted so far: 12000000 total 12000000 finished normally 0 blocked (4297.99/sec).
Executions attempted so far: 12000000 total 12000000 finished normally 0 blocked (4294.92/sec).
Executions attempted so far: 12000000 total 12000000 finished normally 0 blocked (4275.03/sec).
Executions attempted so far: 12000000 total 12000000 finished normally 0 blocked (4268.94/sec).
Executions attempted so far: 12000000 total 12000000 finished normally 0 blocked (4265.91/sec).
Executions attempted so far: 12000000 total 12000000 finished normally 0 blocked (4250.80/sec).
Executions attempted so far: 12000000 total 12000000 finished normally 0 blocked (4244.78/sec).
Executions attempted so far: 12000000 total 12000000 finished normally 0 blocked (4229.82/sec).
Executions attempted so far: 12000000 total 12000000 finished normally 0 blocked (4166.67/sec).
Executions attempted so far: 12000000 total 12000000 finished normally 0 blocked (4102.56/sec).
Executions attempted so far: 13000000 total 13000000 finished normally 0 blocked (4394.86/sec).
Executions attempted so far: 13000000 total 13000000 finished normally 0 blocked (4387.45/sec).
Executions attempted so far: 13000000 total 13000000 finished normally 0 blocked (4381.53/sec).
Executions attempted so far: 13000000 total 13000000 finished normally 0 blocked (4378.58/sec).
Executions attempted so far: 13000000 total 13000000 finished normally 0 blocked (4318.94/sec).
Executions attempted so far: 13000000 total 13000000 finished normally 0 blocked (4296.10/sec).
Executions attempted so far: 13000000 total 13000000 finished normally 0 blocked (4289.01/sec).
Executions attempted so far: 13000000 total 13000000 finished normally 0 blocked (4280.54/sec).
Executions attempted so far: 13000000 total 13000000 finished normally 0 blocked (4263.69/sec).
Executions attempted so far: 13000000 total 13000000 finished normally 0 blocked (4260.90/sec).
Executions attempted so far: 13000000 total 13000000 finished normally 0 blocked (4258.11/sec).
Executions attempted so far: 13000000 total 13000000 finished normally 0 blocked (4252.54/sec).
Executions attempted so far: 13000000 total 13000000 finished normally 0 blocked (4233.15/sec).
Executions attempted so far: 13000000 total 13000000 finished normally 0 blocked (4220.78/sec).
Executions attempted so far: 13000000 total 13000000 finished normally 0 blocked (4177.38/sec).
Executions attempted so far: 13000000 total 13000000 finished normally 0 blocked (4100.95/sec).
Executions attempted so far: 14000000 total 14000000 finished normally 0 blocked (4391.47/sec).
Executions attempted so far: 14000000 total 14000000 finished normally 0 blocked (4381.85/sec).
Executions attempted so far: 14000000 total 14000000 finished normally 0 blocked (4375.00/sec).
Executions attempted so far: 14000000 total 14000000 finished normally 0 blocked (4373.63/sec).
Executions attempted so far: 14000000 total 14000000 finished normally 0 blocked (4306.37/sec).
Executions attempted so far: 14000000 total 14000000 finished normally 0 blocked (4280.04/sec).
Executions attempted so far: 14000000 total 14000000 finished normally 0 blocked (4277.42/sec).
Executions attempted so far: 14000000 total 14000000 finished normally 0 blocked (4254.03/sec).
Executions attempted so far: 14000000 total 14000000 finished normally 0 blocked (4251.44/sec).
Executions attempted so far: 14000000 total 14000000 finished normally 0 blocked (4248.86/sec).
Executions attempted so far: 14000000 total 14000000 finished normally 0 blocked (4247.57/sec).
Executions attempted so far: 14000000 total 14000000 finished normally 0 blocked (4238.57/sec).
Executions attempted so far: 14000000 total 14000000 finished normally 0 blocked (4215.60/sec).
Executions attempted so far: 14000000 total 14000000 finished normally 0 blocked (4211.79/sec).
Executions attempted so far: 14000000 total 14000000 finished normally 0 blocked (4175.37/sec).
Executions attempted so far: 14000000 total 14000000 finished normally 0 blocked (4087.59/sec).
Executions attempted so far: 15000000 total 15000000 finished normally 0 blocked (4373.18/sec).
Executions attempted so far: 15000000 total 15000000 finished normally 0 blocked (4359.20/sec).
Executions attempted so far: 15000000 total 15000000 finished normally 0 blocked (4356.67/sec).
Executions attempted so far: 15000000 total 15000000 finished normally 0 blocked (4351.61/sec).
Executions attempted so far: 15000000 total 15000000 finished normally 0 blocked (4285.71/sec).
Executions attempted so far: 15000000 total 15000000 finished normally 0 blocked (4265.00/sec).
Executions attempted so far: 15000000 total 15000000 finished normally 0 blocked (4256.53/sec).
Executions attempted so far: 15000000 total 15000000 finished normally 0 blocked (4242.08/sec).
Executions attempted so far: 15000000 total 15000000 finished normally 0 blocked (4240.88/sec).
Executions attempted so far: 15000000 total 15000000 finished normally 0 blocked (4234.90/sec).
Executions attempted so far: 15000000 total 15000000 finished normally 0 blocked (4234.90/sec).
Executions attempted so far: 15000000 total 15000000 finished normally 0 blocked (4222.97/sec).
Executions attempted so far: 15000000 total 15000000 finished normally 0 blocked (4202.86/sec).
Executions attempted so far: 15000000 total 15000000 finished normally 0 blocked (4198.15/sec).
Executions attempted so far: 15000000 total 15000000 finished normally 0 blocked (4174.78/sec).
Executions attempted so far: 16000000 total 16000000 finished normally 0 blocked (4362.05/sec).
Executions attempted so far: 16000000 total 16000000 finished normally 0 blocked (4346.64/sec).
Executions attempted so far: 15000000 total 15000000 finished normally 0 blocked (4073.87/sec).
Executions attempted so far: 16000000 total 16000000 finished normally 0 blocked (4334.87/sec).
Executions attempted so far: 16000000 total 16000000 finished normally 0 blocked (4331.35/sec).
Executions attempted so far: 16000000 total 16000000 finished normally 0 blocked (4256.45/sec).
Executions attempted so far: 16000000 total 16000000 finished normally 0 blocked (4239.53/sec).
Executions attempted so far: 16000000 total 16000000 finished normally 0 blocked (4227.21/sec).
Executions attempted so far: 16000000 total 16000000 finished normally 0 blocked (4219.41/sec).
Executions attempted so far: 16000000 total 16000000 finished normally 0 blocked (4212.74/sec).
Executions attempted so far: 16000000 total 16000000 finished normally 0 blocked (4210.53/sec).
Executions attempted so far: 16000000 total 16000000 finished normally 0 blocked (4206.10/sec).
Executions attempted so far: 16000000 total 16000000 finished normally 0 blocked (4196.17/sec).
Executions attempted so far: 16000000 total 16000000 finished normally 0 blocked (4178.64/sec).
Executions attempted so far: 16000000 total 16000000 finished normally 0 blocked (4177.55/sec).
Executions attempted so far: 16000000 total 16000000 finished normally 0 blocked (4161.25/sec).
Executions attempted so far: 17000000 total 17000000 finished normally 0 blocked (4337.84/sec).
Executions attempted so far: 17000000 total 17000000 finished normally 0 blocked (4329.00/sec).
Executions attempted so far: 16000000 total 16000000 finished normally 0 blocked (4054.74/sec).
Executions attempted so far: 17000000 total 17000000 finished normally 0 blocked (4301.62/sec).
Executions attempted so far: 17000000 total 17000000 finished normally 0 blocked (4298.36/sec).
Executions attempted so far: 17000000 total 17000000 finished normally 0 blocked (4224.65/sec).
Executions attempted so far: 17000000 total 17000000 finished normally 0 blocked (4205.84/sec).
Executions attempted so far: 17000000 total 17000000 finished normally 0 blocked (4194.42/sec).
Executions attempted so far: 17000000 total 17000000 finished normally 0 blocked (4193.39/sec).
Executions attempted so far: 17000000 total 17000000 finished normally 0 blocked (4185.13/sec).
Executions attempted so far: 17000000 total 17000000 finished normally 0 blocked (4182.04/sec).
Executions attempted so far: 17000000 total 17000000 finished normally 0 blocked (4179.99/sec).
Executions attempted so far: 17000000 total 17000000 finished normally 0 blocked (4170.76/sec).
Executions attempted so far: 17000000 total 17000000 finished normally 0 blocked (4155.46/sec).
Executions attempted so far: 17000000 total 17000000 finished normally 0 blocked (4148.37/sec).
Executions attempted so far: 17000000 total 17000000 finished normally 0 blocked (4139.27/sec).
Executions attempted so far: 18000000 total 18000000 finished normally 0 blocked (4316.55/sec).
Executions attempted so far: 18000000 total 18000000 finished normally 0 blocked (4315.51/sec).
Executions attempted so far: 17000000 total 17000000 finished normally 0 blocked (4041.84/sec).
Executions attempted so far: 18000000 total 18000000 finished normally 0 blocked (4275.53/sec).
Executions attempted so far: 18000000 total 18000000 finished normally 0 blocked (4273.50/sec).
Executions attempted so far: 18000000 total 18000000 finished normally 0 blocked (4210.53/sec).
Executions attempted so far: 18000000 total 18000000 finished normally 0 blocked (4193.85/sec).
Executions attempted so far: 18000000 total 18000000 finished normally 0 blocked (4183.13/sec).
Executions attempted so far: 18000000 total 18000000 finished normally 0 blocked (4181.18/sec).
Executions attempted so far: 18000000 total 18000000 finished normally 0 blocked (4172.46/sec).
Executions attempted so far: 18000000 total 18000000 finished normally 0 blocked (4172.46/sec).
Executions attempted so far: 18000000 total 18000000 finished normally 0 blocked (4170.53/sec).
Executions attempted so far: 18000000 total 18000000 finished normally 0 blocked (4158.96/sec).
Executions attempted so far: 18000000 total 18000000 finished normally 0 blocked (4146.51/sec).
Executions attempted so far: 18000000 total 18000000 finished normally 0 blocked (4142.69/sec).
Executions attempted so far: 18000000 total 18000000 finished normally 0 blocked (4136.98/sec).
Executions attempted so far: 19000000 total 19000000 finished normally 0 blocked (4312.30/sec).
Executions attempted so far: 19000000 total 19000000 finished normally 0 blocked (4304.49/sec).
Executions attempted so far: 19000000 total 19000000 finished normally 0 blocked (4264.87/sec).
Executions attempted so far: 18000000 total 18000000 finished normally 0 blocked (4038.59/sec).
Executions attempted so far: 19000000 total 19000000 finished normally 0 blocked (4262.96/sec).
Executions attempted so far: 19000000 total 19000000 finished normally 0 blocked (4197.97/sec).
Executions attempted so far: 19000000 total 19000000 finished normally 0 blocked (4185.02/sec).
Executions attempted so far: 19000000 total 19000000 finished normally 0 blocked (4176.74/sec).
Executions attempted so far: 19000000 total 19000000 finished normally 0 blocked (4172.16/sec).
Executions attempted so far: 19000000 total 19000000 finished normally 0 blocked (4163.93/sec).
Executions attempted so far: 19000000 total 19000000 finished normally 0 blocked (4163.01/sec).
Executions attempted so far: 19000000 total 19000000 finished normally 0 blocked (4159.37/sec).
Executions attempted so far: 19000000 total 19000000 finished normally 0 blocked (4147.57/sec).
Executions attempted so far: 19000000 total 19000000 finished normally 0 blocked (4140.34/sec).
Executions attempted so far: 19000000 total 19000000 finished normally 0 blocked (4134.03/sec).
Executions attempted so far: 19000000 total 19000000 finished normally 0 blocked (4131.33/sec).
Executions attempted so far: 20000000 total 20000000 finished normally 0 blocked (4311.27/sec).
Executions attempted so far: 20000000 total 20000000 finished normally 0 blocked (4290.92/sec).
Executions attempted so far: 20000000 total 20000000 finished normally 0 blocked (4253.51/sec).
Executions attempted so far: 20000000 total 20000000 finished normally 0 blocked (4253.51/sec).
Executions attempted so far: 19000000 total 19000000 finished normally 0 blocked (4037.40/sec).
Executions attempted so far: 20000000 total 20000000 finished normally 0 blocked (4192.87/sec).
Executions attempted so far: 20000000 total 20000000 finished normally 0 blocked (4178.85/sec).
Executions attempted so far: 20000000 total 20000000 finished normally 0 blocked (4176.24/sec).
Executions attempted so far: 20000000 total 20000000 finished normally 0 blocked (4169.27/sec).
Executions attempted so far: 20000000 total 20000000 finished normally 0 blocked (4162.33/sec).
Executions attempted so far: 20000000 total 20000000 finished normally 0 blocked (4159.73/sec).
Executions attempted so far: 20000000 total 20000000 finished normally 0 blocked (4154.55/sec).
Executions attempted so far: 20000000 total 20000000 finished normally 0 blocked (4144.22/sec).
Executions attempted so far: 20000000 total 20000000 finished normally 0 blocked (4141.64/sec).
Executions attempted so far: 20000000 total 20000000 finished normally 0 blocked (4136.50/sec).
Executions attempted so far: 20000000 total 20000000 finished normally 0 blocked (4128.82/sec).
Executions attempted so far: 21000000 total 21000000 finished normally 0 blocked (4314.77/sec).
Executions attempted so far: 21000000 total 21000000 finished normally 0 blocked (4284.84/sec).
Executions attempted so far: 21000000 total 21000000 finished normally 0 blocked (4250.15/sec).
Executions attempted so far: 21000000 total 21000000 finished normally 0 blocked (4249.29/sec).
Executions attempted so far: 20000000 total 20000000 finished normally 0 blocked (4040.40/sec).
Executions attempted so far: 21000000 total 21000000 finished normally 0 blocked (4182.43/sec).
Executions attempted so far: 21000000 total 21000000 finished normally 0 blocked (4169.98/sec).
Executions attempted so far: 21000000 total 21000000 finished normally 0 blocked (4167.49/sec).
Executions attempted so far: 21000000 total 21000000 finished normally 0 blocked (4160.89/sec).
Executions attempted so far: 21000000 total 21000000 finished normally 0 blocked (4157.59/sec).
Executions attempted so far: 21000000 total 21000000 finished normally 0 blocked (4150.20/sec).
Executions attempted so far: 21000000 total 21000000 finished normally 0 blocked (4145.28/sec).
Executions attempted so far: 21000000 total 21000000 finished normally 0 blocked (4140.38/sec).
Executions attempted so far: 21000000 total 21000000 finished normally 0 blocked (4135.49/sec).
Executions attempted so far: 21000000 total 21000000 finished normally 0 blocked (4132.23/sec).
Executions attempted so far: 21000000 total 21000000 finished normally 0 blocked (4120.88/sec).
Executions attempted so far: 22000000 total 22000000 finished normally 0 blocked (4311.19/sec).
Executions attempted so far: 22000000 total 22000000 finished normally 0 blocked (4270.19/sec).
Executions attempted so far: 22000000 total 22000000 finished normally 0 blocked (4235.66/sec).
Executions attempted so far: 22000000 total 22000000 finished normally 0 blocked (4234.84/sec).
Executions attempted so far: 21000000 total 21000000 finished normally 0 blocked (4031.48/sec).
Executions attempted so far: 22000000 total 22000000 finished normally 0 blocked (4168.25/sec).
Executions attempted so far: 22000000 total 22000000 finished normally 0 blocked (4154.08/sec).
Executions attempted so far: 22000000 total 22000000 finished normally 0 blocked (4149.38/sec).
Executions attempted so far: 22000000 total 22000000 finished normally 0 blocked (4147.03/sec).
Executions attempted so far: 22000000 total 22000000 finished normally 0 blocked (4143.13/sec).
Executions attempted so far: 22000000 total 22000000 finished normally 0 blocked (4138.45/sec).
Executions attempted so far: 22000000 total 22000000 finished normally 0 blocked (4136.89/sec).
Executions attempted so far: 22000000 total 22000000 finished normally 0 blocked (4129.90/sec).
Executions attempted so far: 22000000 total 22000000 finished normally 0 blocked (4125.26/sec).
Executions attempted so far: 22000000 total 22000000 finished normally 0 blocked (4123.71/sec).
Executions attempted so far: 23000000 total 23000000 finished normally 0 blocked (4304.70/sec).
Executions attempted so far: 22000000 total 22000000 finished normally 0 blocked (4109.84/sec).
Executions attempted so far: 23000000 total 23000000 finished normally 0 blocked (4256.89/sec).
Executions attempted so far: 23000000 total 23000000 finished normally 0 blocked (4220.96/sec).
Executions attempted so far: 23000000 total 23000000 finished normally 0 blocked (4220.96/sec).
Executions attempted so far: 22000000 total 22000000 finished normally 0 blocked (4025.62/sec).
Executions attempted so far: 23000000 total 23000000 finished normally 0 blocked (4158.38/sec).
Executions attempted so far: 23000000 total 23000000 finished normally 0 blocked (4145.64/sec).
Executions attempted so far: 23000000 total 23000000 finished normally 0 blocked (4139.67/sec).
Executions attempted so far: 23000000 total 23000000 finished normally 0 blocked (4135.95/sec).
Executions attempted so far: 23000000 total 23000000 finished normally 0 blocked (4135.20/sec).
Executions attempted so far: 23000000 total 23000000 finished normally 0 blocked (4132.97/sec).
Executions attempted so far: 23000000 total 23000000 finished normally 0 blocked (4131.49/sec).
Executions attempted so far: 24000000 total 24000000 finished normally 0 blocked (4301.08/sec).
Executions attempted so far: 23000000 total 23000000 finished normally 0 blocked (4121.13/sec).
Executions attempted so far: 23000000 total 23000000 finished normally 0 blocked (4118.91/sec).
Executions attempted so far: 23000000 total 23000000 finished normally 0 blocked (4115.96/sec).
Executions attempted so far: 23000000 total 23000000 finished normally 0 blocked (4100.55/sec).
Executions attempted so far: 24000000 total 24000000 finished normally 0 blocked (4243.28/sec).
Executions attempted so far: 24000000 total 24000000 finished normally 0 blocked (4210.53/sec).
Executions attempted so far: 24000000 total 24000000 finished normally 0 blocked (4209.79/sec).
Executions attempted so far: 23000000 total 23000000 finished normally 0 blocked (4022.39/sec).
Executions attempted so far: 24000000 total 24000000 finished normally 0 blocked (4149.38/sec).
Executions attempted so far: 24000000 total 24000000 finished normally 0 blocked (4139.36/sec).
Executions attempted so far: 24000000 total 24000000 finished normally 0 blocked (4135.08/sec).
Executions attempted so far: 24000000 total 24000000 finished normally 0 blocked (4130.10/sec).
Executions attempted so far: 24000000 total 24000000 finished normally 0 blocked (4129.39/sec).
Executions attempted so far: 24000000 total 24000000 finished normally 0 blocked (4128.68/sec).
Executions attempted so far: 24000000 total 24000000 finished normally 0 blocked (4126.55/sec).
Executions attempted so far: 25000000 total 25000000 finished normally 0 blocked (4298.49/sec).
Executions attempted so far: 24000000 total 24000000 finished normally 0 blocked (4118.76/sec).
Executions attempted so far: 24000000 total 24000000 finished normally 0 blocked (4116.64/sec).
Executions attempted so far: 24000000 total 24000000 finished normally 0 blocked (4111.70/sec).
Executions attempted so far: 24000000 total 24000000 finished normally 0 blocked (4096.96/sec).
Executions attempted so far: 25000000 total 25000000 finished normally 0 blocked (4238.72/sec).
Executions attempted so far: 25000000 total 25000000 finished normally 0 blocked (4208.75/sec).
Executions attempted so far: 25000000 total 25000000 finished normally 0 blocked (4207.34/sec).
Executions attempted so far: 24000000 total 24000000 finished normally 0 blocked (4021.45/sec).
Executions attempted so far: 25000000 total 25000000 finished normally 0 blocked (4145.94/sec).
Executions attempted so far: 25000000 total 25000000 finished normally 0 blocked (4137.70/sec).
Executions attempted so far: 25000000 total 25000000 finished normally 0 blocked (4133.60/sec).
Executions attempted so far: 26000000 total 26000000 finished normally 0 blocked (4298.94/sec).
Executions attempted so far: 25000000 total 25000000 finished normally 0 blocked (4128.82/sec).
Executions attempted so far: 25000000 total 25000000 finished normally 0 blocked (4128.82/sec).
Executions attempted so far: 25000000 total 25000000 finished normally 0 blocked (4126.77/sec).
Executions attempted so far: 25000000 total 25000000 finished normally 0 blocked (4124.05/sec).
Executions attempted so far: 25000000 total 25000000 finished normally 0 blocked (4115.90/sec).
Executions attempted so far: 25000000 total 25000000 finished normally 0 blocked (4113.20/sec).
Executions attempted so far: 25000000 total 25000000 finished normally 0 blocked (4109.81/sec).
Executions attempted so far: 25000000 total 25000000 finished normally 0 blocked (4094.33/sec).
Executions attempted so far: 26000000 total 26000000 finished normally 0 blocked (4235.91/sec).
Executions attempted so far: 26000000 total 26000000 finished normally 0 blocked (4207.80/sec).
Executions attempted so far: 26000000 total 26000000 finished normally 0 blocked (4207.12/sec).
Executions attempted so far: 25000000 total 25000000 finished normally 0 blocked (4023.17/sec).
Executions attempted so far: 26000000 total 26000000 finished normally 0 blocked (4142.77/sec).
Executions attempted so far: 26000000 total 26000000 finished normally 0 blocked (4138.15/sec).
Executions attempted so far: 27000000 total 27000000 finished normally 0 blocked (4294.58/sec).
Executions attempted so far: 26000000 total 26000000 finished normally 0 blocked (4130.92/sec).
Executions attempted so far: 26000000 total 26000000 finished normally 0 blocked (4129.61/sec).
Executions attempted so far: 26000000 total 26000000 finished normally 0 blocked (4126.98/sec).
Executions attempted so far: 26000000 total 26000000 finished normally 0 blocked (4126.33/sec).
Executions attempted so far: 26000000 total 26000000 finished normally 0 blocked (4121.75/sec).
Executions attempted so far: 26000000 total 26000000 finished normally 0 blocked (4115.23/sec).
Executions attempted so far: 26000000 total 26000000 finished normally 0 blocked (4111.97/sec).
Executions attempted so far: 26000000 total 26000000 finished normally 0 blocked (4107.42/sec).
Executions attempted so far: 26000000 total 26000000 finished normally 0 blocked (4092.55/sec).
Executions attempted so far: 27000000 total 27000000 finished normally 0 blocked (4234.63/sec).
Executions attempted so far: 27000000 total 27000000 finished normally 0 blocked (4207.57/sec).
Executions attempted so far: 27000000 total 27000000 finished normally 0 blocked (4206.26/sec).
Executions attempted so far: 26000000 total 26000000 finished normally 0 blocked (4024.77/sec).
Executions attempted so far: 27000000 total 27000000 finished normally 0 blocked (4141.10/sec).
Executions attempted so far: 28000000 total 28000000 finished normally 0 blocked (4290.53/sec).
Executions attempted so far: 27000000 total 27000000 finished normally 0 blocked (4136.03/sec).
Executions attempted so far: 27000000 total 27000000 finished normally 0 blocked (4130.34/sec).
Executions attempted so far: 27000000 total 27000000 finished normally 0 blocked (4129.70/sec).
Executions attempted so far: 27000000 total 27000000 finished normally 0 blocked (4126.55/sec).
Executions attempted so far: 27000000 total 27000000 finished normally 0 blocked (4125.29/sec).
Executions attempted so far: 27000000 total 27000000 finished normally 0 blocked (4120.25/sec).
Executions attempted so far: 27000000 total 27000000 finished normally 0 blocked (4114.60/sec).
Executions attempted so far: 27000000 total 27000000 finished normally 0 blocked (4109.59/sec).
Executions attempted so far: 27000000 total 27000000 finished normally 0 blocked (4105.84/sec).
Executions attempted so far: 27000000 total 27000000 finished normally 0 blocked (4088.43/sec).
Executions attempted so far: 28000000 total 28000000 finished normally 0 blocked (4230.89/sec).
Executions attempted so far: 28000000 total 28000000 finished normally 0 blocked (4202.31/sec).
Executions attempted so far: 28000000 total 28000000 finished normally 0 blocked (4201.68/sec).
Executions attempted so far: 27000000 total 27000000 finished normally 0 blocked (4022.65/sec).
Executions attempted so far: 28000000 total 28000000 finished normally 0 blocked (4136.50/sec).
Executions attempted so far: 29000000 total 29000000 finished normally 0 blocked (4283.60/sec).
Executions attempted so far: 28000000 total 28000000 finished normally 0 blocked (4129.79/sec).
Executions attempted so far: 28000000 total 28000000 finished normally 0 blocked (4126.75/sec).
Executions attempted so far: 28000000 total 28000000 finished normally 0 blocked (4123.71/sec).
Executions attempted so far: 28000000 total 28000000 finished normally 0 blocked (4121.89/sec).
Executions attempted so far: 28000000 total 28000000 finished normally 0 blocked (4118.86/sec).
Executions attempted so far: 28000000 total 28000000 finished normally 0 blocked (4117.04/sec).
Executions attempted so far: 28000000 total 28000000 finished normally 0 blocked (4109.79/sec).
Executions attempted so far: 28000000 total 28000000 finished normally 0 blocked (4103.77/sec).
Executions attempted so far: 28000000 total 28000000 finished normally 0 blocked (4101.36/sec).
Executions attempted so far: 28000000 total 28000000 finished normally 0 blocked (4084.01/sec).
Executions attempted so far: 29000000 total 29000000 finished normally 0 blocked (4229.87/sec).
Executions attempted so far: 29000000 total 29000000 finished normally 0 blocked (4200.46/sec).
Executions attempted so far: 29000000 total 29000000 finished normally 0 blocked (4198.03/sec).
Executions attempted so far: 28000000 total 28000000 finished normally 0 blocked (4023.57/sec).
Executions attempted so far: 30000000 total 30000000 finished normally 0 blocked (4279.60/sec).
Executions attempted so far: 29000000 total 29000000 finished normally 0 blocked (4134.00/sec).
Executions attempted so far: 29000000 total 29000000 finished normally 0 blocked (4125.76/sec).
Executions attempted so far: 29000000 total 29000000 finished normally 0 blocked (4124.59/sec).
Executions attempted so far: 29000000 total 29000000 finished normally 0 blocked (4121.66/sec).
Executions attempted so far: 29000000 total 29000000 finished normally 0 blocked (4120.49/sec).
Executions attempted so far: 29000000 total 29000000 finished normally 0 blocked (4118.73/sec).
Executions attempted so far: 29000000 total 29000000 finished normally 0 blocked (4115.23/sec).
Executions attempted so far: 29000000 total 29000000 finished normally 0 blocked (4106.49/sec).
Executions attempted so far: 29000000 total 29000000 finished normally 0 blocked (4099.52/sec).
Executions attempted so far: 29000000 total 29000000 finished normally 0 blocked (4098.94/sec).
Executions attempted so far: 30000000 total 30000000 finished normally 0 blocked (4224.76/sec).
Executions attempted so far: 29000000 total 29000000 finished normally 0 blocked (4082.78/sec).
Executions attempted so far: 30000000 total 30000000 finished normally 0 blocked (4196.39/sec).
Executions attempted so far: 30000000 total 30000000 finished normally 0 blocked (4195.22/sec).
Executions attempted so far: 29000000 total 29000000 finished normally 0 blocked (4022.75/sec).
Executions attempted so far: 31000000 total 31000000 finished normally 0 blocked (4274.68/sec).
Executions attempted so far: 30000000 total 30000000 finished normally 0 blocked (4129.39/sec).
Executions attempted so far: 30000000 total 30000000 finished normally 0 blocked (4120.31/sec).
Executions attempted so far: 30000000 total 30000000 finished normally 0 blocked (4119.18/sec).
Executions attempted so far: 30000000 total 30000000 finished normally 0 blocked (4115.79/sec).
Executions attempted so far: 30000000 total 30000000 finished normally 0 blocked (4115.79/sec).
Executions attempted so far: 30000000 total 30000000 finished normally 0 blocked (4115.79/sec).
Executions attempted so far: 30000000 total 30000000 finished normally 0 blocked (4111.28/sec).
Executions attempted so far: 30000000 total 30000000 finished normally 0 blocked (4103.41/sec).
Executions attempted so far: 30000000 total 30000000 finished normally 0 blocked (4095.56/sec).
Executions attempted so far: 30000000 total 30000000 finished normally 0 blocked (4095.56/sec).
Executions attempted so far: 31000000 total 31000000 finished normally 0 blocked (4219.98/sec).
Executions attempted so far: 30000000 total 30000000 finished normally 0 blocked (4079.97/sec).
Executions attempted so far: 31000000 total 31000000 finished normally 0 blocked (4191.45/sec).
Executions attempted so far: 31000000 total 31000000 finished normally 0 blocked (4190.89/sec).
Executions attempted so far: 30000000 total 30000000 finished normally 0 blocked (4019.29/sec).
Executions attempted so far: 32000000 total 32000000 finished normally 0 blocked (4267.24/sec).
Executions attempted so far: 31000000 total 31000000 finished normally 0 blocked (4121.79/sec).
Executions attempted so far: 31000000 total 31000000 finished normally 0 blocked (4114.13/sec).
Executions attempted so far: 31000000 total 31000000 finished normally 0 blocked (4113.59/sec).
Executions attempted so far: 31000000 total 31000000 finished normally 0 blocked (4108.68/sec).
Executions attempted so far: 31000000 total 31000000 finished normally 0 blocked (4108.14/sec).
Executions attempted so far: 31000000 total 31000000 finished normally 0 blocked (4108.14/sec).
Executions attempted so far: 31000000 total 31000000 finished normally 0 blocked (4104.87/sec).
Executions attempted so far: 31000000 total 31000000 finished normally 0 blocked (4099.99/sec).
Executions attempted so far: 31000000 total 31000000 finished normally 0 blocked (4092.41/sec).
Executions attempted so far: 31000000 total 31000000 finished normally 0 blocked (4088.63/sec).
Executions attempted so far: 32000000 total 32000000 finished normally 0 blocked (4213.85/sec).
Executions attempted so far: 31000000 total 31000000 finished normally 0 blocked (4072.52/sec).
Executions attempted so far: 32000000 total 32000000 finished normally 0 blocked (4184.10/sec).
Executions attempted so far: 32000000 total 32000000 finished normally 0 blocked (4182.46/sec).
Executions attempted so far: 31000000 total 31000000 finished normally 0 blocked (4012.43/sec).
Executions attempted so far: 33000000 total 33000000 finished normally 0 blocked (4258.61/sec).
Executions attempted so far: 32000000 total 32000000 finished normally 0 blocked (4113.64/sec).
Executions attempted so far: 32000000 total 32000000 finished normally 0 blocked (4108.36/sec).
Executions attempted so far: 32000000 total 32000000 finished normally 0 blocked (4103.09/sec).
Executions attempted so far: 32000000 total 32000000 finished normally 0 blocked (4101.51/sec).
Executions attempted so far: 32000000 total 32000000 finished normally 0 blocked (4098.89/sec).
Executions attempted so far: 32000000 total 32000000 finished normally 0 blocked (4098.89/sec).
Executions attempted so far: 32000000 total 32000000 finished normally 0 blocked (4098.36/sec).
Executions attempted so far: 32000000 total 32000000 finished normally 0 blocked (4091.55/sec).
Executions attempted so far: 32000000 total 32000000 finished normally 0 blocked (4082.67/sec).
Executions attempted so far: 33000000 total 33000000 finished normally 0 blocked (4205.96/sec).
Executions attempted so far: 32000000 total 32000000 finished normally 0 blocked (4077.47/sec).
Executions attempted so far: 32000000 total 32000000 finished normally 0 blocked (4063.49/sec).
Executions attempted so far: 33000000 total 33000000 finished normally 0 blocked (4174.05/sec).
Executions attempted so far: 33000000 total 33000000 finished normally 0 blocked (4173.52/sec).
Executions attempted so far: 32000000 total 32000000 finished normally 0 blocked (4008.02/sec).
Executions attempted so far: 34000000 total 34000000 finished normally 0 blocked (4250.00/sec).
Executions attempted so far: 33000000 total 33000000 finished normally 0 blocked (4100.91/sec).
Executions attempted so far: 33000000 total 33000000 finished normally 0 blocked (4097.85/sec).
Executions attempted so far: 33000000 total 33000000 finished normally 0 blocked (4094.29/sec).
Executions attempted so far: 33000000 total 33000000 finished normally 0 blocked (4092.26/sec).
Executions attempted so far: 33000000 total 33000000 finished normally 0 blocked (4091.25/sec).
Executions attempted so far: 33000000 total 33000000 finished normally 0 blocked (4090.74/sec).
Executions attempted so far: 33000000 total 33000000 finished normally 0 blocked (4087.70/sec).
Executions attempted so far: 33000000 total 33000000 finished normally 0 blocked (4085.68/sec).
Executions attempted so far: 34000000 total 34000000 finished normally 0 blocked (4198.57/sec).
Executions attempted so far: 33000000 total 33000000 finished normally 0 blocked (4072.06/sec).
Executions attempted so far: 33000000 total 33000000 finished normally 0 blocked (4071.06/sec).
Executions attempted so far: 33000000 total 33000000 finished normally 0 blocked (4056.05/sec).
Executions attempted so far: 34000000 total 34000000 finished normally 0 blocked (4165.65/sec).
Executions attempted so far: 34000000 total 34000000 finished normally 0 blocked (4164.63/sec).
Executions attempted so far: 33000000 total 33000000 finished normally 0 blocked (4000.48/sec).
Executions attempted so far: 35000000 total 35000000 finished normally 0 blocked (4238.83/sec).
Executions attempted so far: 34000000 total 34000000 finished normally 0 blocked (4091.95/sec).
Executions attempted so far: 34000000 total 34000000 finished normally 0 blocked (4091.46/sec).
Executions attempted so far: 34000000 total 34000000 finished normally 0 blocked (4087.03/sec).
Executions attempted so far: 34000000 total 34000000 finished normally 0 blocked (4086.05/sec).
Executions attempted so far: 34000000 total 34000000 finished normally 0 blocked (4086.05/sec).
Executions attempted so far: 34000000 total 34000000 finished normally 0 blocked (4081.63/sec).
Executions attempted so far: 34000000 total 34000000 finished normally 0 blocked (4080.65/sec).
Executions attempted so far: 34000000 total 34000000 finished normally 0 blocked (4077.23/sec).
Executions attempted so far: 35000000 total 35000000 finished normally 0 blocked (4188.11/sec).
Executions attempted so far: 34000000 total 34000000 finished normally 0 blocked (4061.16/sec).
Executions attempted so far: 34000000 total 34000000 finished normally 0 blocked (4060.67/sec).
Executions attempted so far: 34000000 total 34000000 finished normally 0 blocked (4045.21/sec).
Executions attempted so far: 35000000 total 35000000 finished normally 0 blocked (4157.26/sec).
Executions attempted so far: 35000000 total 35000000 finished normally 0 blocked (4152.82/sec).
Executions attempted so far: 36000000 total 36000000 finished normally 0 blocked (4226.34/sec).
Executions attempted so far: 34000000 total 34000000 finished normally 0 blocked (3989.67/sec).
Executions attempted so far: 35000000 total 35000000 finished normally 0 blocked (4079.73/sec).
Executions attempted so far: 35000000 total 35000000 finished normally 0 blocked (4079.25/sec).
Executions attempted so far: 35000000 total 35000000 finished normally 0 blocked (4077.83/sec).
Executions attempted so far: 35000000 total 35000000 finished normally 0 blocked (4076.88/sec).
Executions attempted so far: 35000000 total 35000000 finished normally 0 blocked (4073.56/sec).
Executions attempted so far: 35000000 total 35000000 finished normally 0 blocked (4073.08/sec).
Executions attempted so far: 35000000 total 35000000 finished normally 0 blocked (4070.71/sec).
Executions attempted so far: 35000000 total 35000000 finished normally 0 blocked (4065.51/sec).
Executions attempted so far: 36000000 total 36000000 finished normally 0 blocked (4178.76/sec).
Executions attempted so far: 35000000 total 35000000 finished normally 0 blocked (4052.33/sec).
Executions attempted so far: 35000000 total 35000000 finished normally 0 blocked (4051.39/sec).
Executions attempted so far: 35000000 total 35000000 finished normally 0 blocked (4038.31/sec).
Executions attempted so far: 36000000 total 36000000 finished normally 0 blocked (4149.86/sec).
Executions attempted so far: 36000000 total 36000000 finished normally 0 blocked (4146.51/sec).
Executions attempted so far: 37000000 total 37000000 finished normally 0 blocked (4220.37/sec).
Executions attempted so far: 35000000 total 35000000 finished normally 0 blocked (3985.42/sec).
Executions attempted so far: 36000000 total 36000000 finished normally 0 blocked (4075.16/sec).
Executions attempted so far: 36000000 total 36000000 finished normally 0 blocked (4075.16/sec).
Executions attempted so far: 36000000 total 36000000 finished normally 0 blocked (4073.32/sec).
Executions attempted so far: 36000000 total 36000000 finished normally 0 blocked (4073.32/sec).
Executions attempted so far: 36000000 total 36000000 finished normally 0 blocked (4069.64/sec).
Executions attempted so far: 36000000 total 36000000 finished normally 0 blocked (4066.88/sec).
Executions attempted so far: 36000000 total 36000000 finished normally 0 blocked (4066.42/sec).
Executions attempted so far: 37000000 total 37000000 finished normally 0 blocked (4174.19/sec).
Executions attempted so far: 36000000 total 36000000 finished normally 0 blocked (4059.08/sec).
Executions attempted so far: 36000000 total 36000000 finished normally 0 blocked (4049.04/sec).
Executions attempted so far: 36000000 total 36000000 finished normally 0 blocked (4047.22/sec).
Executions attempted so far: 36000000 total 36000000 finished normally 0 blocked (4034.07/sec).
Executions attempted so far: 37000000 total 37000000 finished normally 0 blocked (4144.27/sec).
Executions attempted so far: 37000000 total 37000000 finished normally 0 blocked (4141.48/sec).
Executions attempted so far: 38000000 total 38000000 finished normally 0 blocked (4210.99/sec).
Executions attempted so far: 36000000 total 36000000 finished normally 0 blocked (3984.06/sec).
Executions attempted so far: 37000000 total 37000000 finished normally 0 blocked (4073.10/sec).
Executions attempted so far: 37000000 total 37000000 finished normally 0 blocked (4070.85/sec).
Executions attempted so far: 37000000 total 37000000 finished normally 0 blocked (4069.96/sec).
Executions attempted so far: 37000000 total 37000000 finished normally 0 blocked (4068.62/sec).
Executions attempted so far: 37000000 total 37000000 finished normally 0 blocked (4066.83/sec).
Executions attempted so far: 37000000 total 37000000 finished normally 0 blocked (4061.47/sec).
Executions attempted so far: 37000000 total 37000000 finished normally 0 blocked (4060.58/sec).
Executions attempted so far: 38000000 total 38000000 finished normally 0 blocked (4169.41/sec).
Executions attempted so far: 37000000 total 37000000 finished normally 0 blocked (4055.68/sec).
Executions attempted so far: 37000000 total 37000000 finished normally 0 blocked (4045.04/sec).
Executions attempted so far: 37000000 total 37000000 finished normally 0 blocked (4044.16/sec).
Executions attempted so far: 37000000 total 37000000 finished normally 0 blocked (4029.62/sec).
Executions attempted so far: 38000000 total 38000000 finished normally 0 blocked (4137.63/sec).
Executions attempted so far: 38000000 total 38000000 finished normally 0 blocked (4134.93/sec).
Executions attempted so far: 39000000 total 39000000 finished normally 0 blocked (4200.78/sec).
Executions attempted so far: 37000000 total 37000000 finished normally 0 blocked (3980.21/sec).
Executions attempted so far: 38000000 total 38000000 finished normally 0 blocked (4070.70/sec).
Executions attempted so far: 38000000 total 38000000 finished normally 0 blocked (4067.22/sec).
Executions attempted so far: 38000000 total 38000000 finished normally 0 blocked (4067.22/sec).
Executions attempted so far: 38000000 total 38000000 finished normally 0 blocked (4065.91/sec).
Executions attempted so far: 38000000 total 38000000 finished normally 0 blocked (4064.17/sec).
Executions attempted so far: 38000000 total 38000000 finished normally 0 blocked (4058.53/sec).
Executions attempted so far: 39000000 total 39000000 finished normally 0 blocked (4165.33/sec).
Executions attempted so far: 38000000 total 38000000 finished normally 0 blocked (4056.36/sec).
Executions attempted so far: 38000000 total 38000000 finished normally 0 blocked (4052.04/sec).
Executions attempted so far: 38000000 total 38000000 finished normally 0 blocked (4043.84/sec).
Executions attempted so far: 38000000 total 38000000 finished normally 0 blocked (4042.12/sec).
Executions attempted so far: 39000000 total 39000000 finished normally 0 blocked (4136.61/sec).
Executions attempted so far: 38000000 total 38000000 finished normally 0 blocked (4027.98/sec).
Executions attempted so far: 39000000 total 39000000 finished normally 0 blocked (4133.55/sec).
Executions attempted so far: 40000000 total 40000000 finished normally 0 blocked (4196.83/sec).
Executions attempted so far: 38000000 total 38000000 finished normally 0 blocked (3980.72/sec).
Executions attempted so far: 39000000 total 39000000 finished normally 0 blocked (4070.13/sec).
Executions attempted so far: 39000000 total 39000000 finished normally 0 blocked (4068.01/sec).
Executions attempted so far: 39000000 total 39000000 finished normally 0 blocked (4065.46/sec).
Executions attempted so far: 39000000 total 39000000 finished normally 0 blocked (4063.77/sec).
Executions attempted so far: 39000000 total 39000000 finished normally 0 blocked (4063.35/sec).
Executions attempted so far: 40000000 total 40000000 finished normally 0 blocked (4162.33/sec).
Executions attempted so far: 39000000 total 39000000 finished normally 0 blocked (4057.01/sec).
Executions attempted so far: 39000000 total 39000000 finished normally 0 blocked (4054.05/sec).
Executions attempted so far: 39000000 total 39000000 finished normally 0 blocked (4049.84/sec).
Executions attempted so far: 39000000 total 39000000 finished normally 0 blocked (4038.52/sec).
Executions attempted so far: 39000000 total 39000000 finished normally 0 blocked (4036.43/sec).
Executions attempted so far: 40000000 total 40000000 finished normally 0 blocked (4133.51/sec).
Executions attempted so far: 40000000 total 40000000 finished normally 0 blocked (4131.38/sec).
Executions attempted so far: 39000000 total 39000000 finished normally 0 blocked (4026.01/sec).
Executions attempted so far: 41000000 total 41000000 finished normally 0 blocked (4188.80/sec).
Executions attempted so far: 39000000 total 39000000 finished normally 0 blocked (3980.40/sec).
Executions attempted so far: 40000000 total 40000000 finished normally 0 blocked (4067.52/sec).
Executions attempted so far: 40000000 total 40000000 finished normally 0 blocked (4065.87/sec).
Executions attempted so far: 40000000 total 40000000 finished normally 0 blocked (4062.15/sec).
Executions attempted so far: 40000000 total 40000000 finished normally 0 blocked (4060.50/sec).
Executions attempted so far: 40000000 total 40000000 finished normally 0 blocked (4059.27/sec).
Executions attempted so far: 41000000 total 41000000 finished normally 0 blocked (4159.90/sec).
Executions attempted so far: 40000000 total 40000000 finished normally 0 blocked (4052.68/sec).
Executions attempted so far: 40000000 total 40000000 finished normally 0 blocked (4049.81/sec).
Executions attempted so far: 40000000 total 40000000 finished normally 0 blocked (4046.54/sec).
Executions attempted so far: 40000000 total 40000000 finished normally 0 blocked (4035.11/sec).
Executions attempted so far: 40000000 total 40000000 finished normally 0 blocked (4033.07/sec).
Executions attempted so far: 41000000 total 41000000 finished normally 0 blocked (4129.73/sec).
Executions attempted so far: 41000000 total 41000000 finished normally 0 blocked (4128.07/sec).
Executions attempted so far: 40000000 total 40000000 finished normally 0 blocked (4022.53/sec).
Executions attempted so far: 42000000 total 42000000 finished normally 0 blocked (4182.02/sec).
Executions attempted so far: 40000000 total 40000000 finished normally 0 blocked (3981.29/sec).
Executions attempted so far: 41000000 total 41000000 finished normally 0 blocked (4067.46/sec).
Executions attempted so far: 41000000 total 41000000 finished normally 0 blocked (4066.65/sec).
Executions attempted so far: 41000000 total 41000000 finished normally 0 blocked (4063.03/sec).
Executions attempted so far: 41000000 total 41000000 finished normally 0 blocked (4062.62/sec).
Executions attempted so far: 42000000 total 42000000 finished normally 0 blocked (4159.24/sec).
Executions attempted so far: 41000000 total 41000000 finished normally 0 blocked (4058.60/sec).
Executions attempted so far: 41000000 total 41000000 finished normally 0 blocked (4052.58/sec).
Executions attempted so far: 41000000 total 41000000 finished normally 0 blocked (4048.98/sec).
Executions attempted so far: 41000000 total 41000000 finished normally 0 blocked (4046.19/sec).
Executions attempted so far: 41000000 total 41000000 finished normally 0 blocked (4036.23/sec).
Executions attempted so far: 41000000 total 41000000 finished normally 0 blocked (4033.05/sec).
Executions attempted so far: 42000000 total 42000000 finished normally 0 blocked (4130.20/sec).
Executions attempted so far: 42000000 total 42000000 finished normally 0 blocked (4128.17/sec).
Executions attempted so far: 41000000 total 41000000 finished normally 0 blocked (4023.55/sec).
Executions attempted so far: 43000000 total 43000000 finished normally 0 blocked (4179.22/sec).
Executions attempted so far: 41000000 total 41000000 finished normally 0 blocked (3983.68/sec).
Executions attempted so far: 42000000 total 42000000 finished normally 0 blocked (4068.58/sec).
Executions attempted so far: 42000000 total 42000000 finished normally 0 blocked (4068.58/sec).
Executions attempted so far: 42000000 total 42000000 finished normally 0 blocked (4066.62/sec).
Executions attempted so far: 43000000 total 43000000 finished normally 0 blocked (4160.62/sec).
Executions attempted so far: 42000000 total 42000000 finished normally 0 blocked (4062.29/sec).
Executions attempted so far: 42000000 total 42000000 finished normally 0 blocked (4059.93/sec).
Executions attempted so far: 42000000 total 42000000 finished normally 0 blocked (4054.84/sec).
Executions attempted so far: 42000000 total 42000000 finished normally 0 blocked (4050.54/sec).
Executions attempted so far: 42000000 total 42000000 finished normally 0 blocked (4047.41/sec).
Executions attempted so far: 42000000 total 42000000 finished normally 0 blocked (4037.69/sec).
Executions attempted so far: 43000000 total 43000000 finished normally 0 blocked (4132.23/sec).
Executions attempted so far: 42000000 total 42000000 finished normally 0 blocked (4034.58/sec).
Executions attempted so far: 43000000 total 43000000 finished normally 0 blocked (4129.45/sec).
Executions attempted so far: 42000000 total 42000000 finished normally 0 blocked (4024.14/sec).
Executions attempted so far: 44000000 total 44000000 finished normally 0 blocked (4177.74/sec).
Executions attempted so far: 42000000 total 42000000 finished normally 0 blocked (3985.20/sec).
Executions attempted so far: 43000000 total 43000000 finished normally 0 blocked (4072.36/sec).
Executions attempted so far: 43000000 total 43000000 finished normally 0 blocked (4070.04/sec).
Executions attempted so far: 43000000 total 43000000 finished normally 0 blocked (4070.04/sec).
Executions attempted so far: 44000000 total 44000000 finished normally 0 blocked (4162.33/sec).
Executions attempted so far: 43000000 total 43000000 finished normally 0 blocked (4063.12/sec).
Executions attempted so far: 43000000 total 43000000 finished normally 0 blocked (4061.20/sec).
Executions attempted so far: 43000000 total 43000000 finished normally 0 blocked (4056.22/sec).
Executions attempted so far: 43000000 total 43000000 finished normally 0 blocked (4053.54/sec).
Executions attempted so far: 43000000 total 43000000 finished normally 0 blocked (4047.06/sec).
Executions attempted so far: 43000000 total 43000000 finished normally 0 blocked (4039.08/sec).
Executions attempted so far: 44000000 total 44000000 finished normally 0 blocked (4132.23/sec).
Executions attempted so far: 44000000 total 44000000 finished normally 0 blocked (4129.90/sec).
Executions attempted so far: 43000000 total 43000000 finished normally 0 blocked (4033.39/sec).
Executions attempted so far: 43000000 total 43000000 finished normally 0 blocked (4025.09/sec).
Executions attempted so far: 45000000 total 45000000 finished normally 0 blocked (4174.01/sec).
Executions attempted so far: 43000000 total 43000000 finished normally 0 blocked (3985.91/sec).
Executions attempted so far: 44000000 total 44000000 finished normally 0 blocked (4075.58/sec).
Executions attempted so far: 44000000 total 44000000 finished normally 0 blocked (4072.19/sec).
Executions attempted so far: 44000000 total 44000000 finished normally 0 blocked (4071.06/sec).
Executions attempted so far: 45000000 total 45000000 finished normally 0 blocked (4163.20/sec).
Executions attempted so far: 44000000 total 44000000 finished normally 0 blocked (4064.29/sec).
Executions attempted so far: 44000000 total 44000000 finished normally 0 blocked (4062.41/sec).
Executions attempted so far: 44000000 total 44000000 finished normally 0 blocked (4060.16/sec).
Executions attempted so far: 44000000 total 44000000 finished normally 0 blocked (4054.93/sec).
Executions attempted so far: 44000000 total 44000000 finished normally 0 blocked (4046.35/sec).
Executions attempted so far: 45000000 total 45000000 finished normally 0 blocked (4132.23/sec).
Executions attempted so far: 44000000 total 44000000 finished normally 0 blocked (4040.03/sec).
Executions attempted so far: 45000000 total 45000000 finished normally 0 blocked (4131.09/sec).
Executions attempted so far: 44000000 total 44000000 finished normally 0 blocked (4034.48/sec).
Executions attempted so far: 44000000 total 44000000 finished normally 0 blocked (4025.99/sec).
Executions attempted so far: 46000000 total 46000000 finished normally 0 blocked (4173.09/sec).
Executions attempted so far: 44000000 total 44000000 finished normally 0 blocked (3987.31/sec).
Executions attempted so far: 45000000 total 45000000 finished normally 0 blocked (4077.56/sec).
Executions attempted so far: 45000000 total 45000000 finished normally 0 blocked (4075.72/sec).
Executions attempted so far: 46000000 total 46000000 finished normally 0 blocked (4164.78/sec).
Executions attempted so far: 45000000 total 45000000 finished normally 0 blocked (4073.14/sec).
Executions attempted so far: 45000000 total 45000000 finished normally 0 blocked (4065.04/sec).
Executions attempted so far: 45000000 total 45000000 finished normally 0 blocked (4065.04/sec).
Executions attempted so far: 45000000 total 45000000 finished normally 0 blocked (4064.67/sec).
Executions attempted so far: 45000000 total 45000000 finished normally 0 blocked (4055.88/sec).
Executions attempted so far: 45000000 total 45000000 finished normally 0 blocked (4047.49/sec).
Executions attempted so far: 46000000 total 46000000 finished normally 0 blocked (4132.97/sec).
Executions attempted so far: 46000000 total 46000000 finished normally 0 blocked (4132.60/sec).
Executions attempted so far: 45000000 total 45000000 finished normally 0 blocked (4041.67/sec).
Executions attempted so far: 45000000 total 45000000 finished normally 0 blocked (4036.24/sec).
Executions attempted so far: 45000000 total 45000000 finished normally 0 blocked (4027.21/sec).
Executions attempted so far: 47000000 total 47000000 finished normally 0 blocked (4170.73/sec).
Executions attempted so far: 45000000 total 45000000 finished normally 0 blocked (3990.07/sec).
Executions attempted so far: 46000000 total 46000000 finished normally 0 blocked (4078.74/sec).
Executions attempted so far: 46000000 total 46000000 finished normally 0 blocked (4077.65/sec).
Executions attempted so far: 47000000 total 47000000 finished normally 0 blocked (4164.82/sec).
Executions attempted so far: 46000000 total 46000000 finished normally 0 blocked (4075.49/sec).
Executions attempted so far: 46000000 total 46000000 finished normally 0 blocked (4067.20/sec).
Executions attempted so far: 46000000 total 46000000 finished normally 0 blocked (4066.48/sec).
Executions attempted so far: 46000000 total 46000000 finished normally 0 blocked (4065.04/sec).
Executions attempted so far: 46000000 total 46000000 finished normally 0 blocked (4056.80/sec).
Executions attempted so far: 46000000 total 46000000 finished normally 0 blocked (4049.30/sec).
Executions attempted so far: 47000000 total 47000000 finished normally 0 blocked (4134.41/sec).
Executions attempted so far: 47000000 total 47000000 finished normally 0 blocked (4133.69/sec).
Executions attempted so far: 46000000 total 46000000 finished normally 0 blocked (4043.25/sec).
Executions attempted so far: 46000000 total 46000000 finished normally 0 blocked (4037.92/sec).
Executions attempted so far: 46000000 total 46000000 finished normally 0 blocked (4027.32/sec).
Executions attempted so far: 48000000 total 48000000 finished normally 0 blocked (4169.56/sec).
Executions attempted so far: 47000000 total 47000000 finished normally 0 blocked (4081.28/sec).
Executions attempted so far: 47000000 total 47000000 finished normally 0 blocked (4078.80/sec).
Executions attempted so far: 48000000 total 48000000 finished normally 0 blocked (4165.22/sec).
Executions attempted so far: 46000000 total 46000000 finished normally 0 blocked (3991.32/sec).
Executions attempted so far: 47000000 total 47000000 finished normally 0 blocked (4077.74/sec).
Executions attempted so far: 47000000 total 47000000 finished normally 0 blocked (4068.21/sec).
Executions attempted so far: 47000000 total 47000000 finished normally 0 blocked (4067.15/sec).
Executions attempted so far: 47000000 total 47000000 finished normally 0 blocked (4064.34/sec).
Executions attempted so far: 47000000 total 47000000 finished normally 0 blocked (4056.27/sec).
Executions attempted so far: 48000000 total 48000000 finished normally 0 blocked (4135.08/sec).
Executions attempted so far: 48000000 total 48000000 finished normally 0 blocked (4134.37/sec).
Executions attempted so far: 47000000 total 47000000 finished normally 0 blocked (4048.23/sec).
Executions attempted so far: 47000000 total 47000000 finished normally 0 blocked (4044.75/sec).
Executions attempted so far: 47000000 total 47000000 finished normally 0 blocked (4037.11/sec).
Executions attempted so far: 47000000 total 47000000 finished normally 0 blocked (4027.08/sec).
Executions attempted so far: 49000000 total 49000000 finished normally 0 blocked (4165.60/sec).
Executions attempted so far: 48000000 total 48000000 finished normally 0 blocked (4080.24/sec).
Executions attempted so far: 49000000 total 49000000 finished normally 0 blocked (4163.48/sec).
Executions attempted so far: 48000000 total 48000000 finished normally 0 blocked (4077.47/sec).
Executions attempted so far: 47000000 total 47000000 finished normally 0 blocked (3991.51/sec).
Executions attempted so far: 48000000 total 48000000 finished normally 0 blocked (4076.09/sec).
Executions attempted so far: 48000000 total 48000000 finished normally 0 blocked (4064.01/sec).
Executions attempted so far: 48000000 total 48000000 finished normally 0 blocked (4064.01/sec).
Executions attempted so far: 48000000 total 48000000 finished normally 0 blocked (4061.26/sec).
Executions attempted so far: 48000000 total 48000000 finished normally 0 blocked (4053.03/sec).
Executions attempted so far: 49000000 total 49000000 finished normally 0 blocked (4133.28/sec).
Executions attempted so far: 49000000 total 49000000 finished normally 0 blocked (4132.58/sec).
Executions attempted so far: 48000000 total 48000000 finished normally 0 blocked (4044.15/sec).
Executions attempted so far: 48000000 total 48000000 finished normally 0 blocked (4042.79/sec).
Executions attempted so far: 48000000 total 48000000 finished normally 0 blocked (4035.31/sec).
Executions attempted so far: 48000000 total 48000000 finished normally 0 blocked (4024.82/sec).
Executions attempted so far: 49000000 total 49000000 finished normally 0 blocked (4078.24/sec).
Executions attempted so far: 50000000 total 50000000 finished normally 0 blocked (4161.12/sec).
Executions attempted so far: 50000000 total 50000000 finished normally 0 blocked (4161.12/sec).
Executions attempted so far: 49000000 total 49000000 finished normally 0 blocked (4076.88/sec).
Executions attempted so far: 49000000 total 49000000 finished normally 0 blocked (4075.52/sec).
Executions attempted so far: 48000000 total 48000000 finished normally 0 blocked (3990.69/sec).
Executions attempted so far: 49000000 total 49000000 finished normally 0 blocked (4061.33/sec).
Executions attempted so far: 49000000 total 49000000 finished normally 0 blocked (4059.32/sec).
Executions attempted so far: 49000000 total 49000000 finished normally 0 blocked (4058.98/sec).
Executions attempted so far: 50000000 total 50000000 finished normally 0 blocked (4132.23/sec).
Executions attempted so far: 50000000 total 50000000 finished normally 0 blocked (4131.89/sec).
Executions attempted so far: 49000000 total 49000000 finished normally 0 blocked (4048.58/sec).
Executions attempted so far: 49000000 total 49000000 finished normally 0 blocked (4041.24/sec).
Executions attempted so far: 49000000 total 49000000 finished normally 0 blocked (4040.24/sec).
Executions attempted so far: 49000000 total 49000000 finished normally 0 blocked (4033.25/sec).
Executions attempted so far: 49000000 total 49000000 finished normally 0 blocked (4022.99/sec).
Executions attempted so far: 50000000 total 50000000 finished normally 0 blocked (4079.30/sec).
Executions attempted so far: 51000000 total 51000000 finished normally 0 blocked (4159.53/sec).
Executions attempted so far: 51000000 total 51000000 finished normally 0 blocked (4158.51/sec).
Executions attempted so far: 50000000 total 50000000 finished normally 0 blocked (4076.64/sec).
Executions attempted so far: 49000000 total 49000000 finished normally 0 blocked (3990.88/sec).
Executions attempted so far: 50000000 total 50000000 finished normally 0 blocked (4070.34/sec).
Executions attempted so far: 50000000 total 50000000 finished normally 0 blocked (4057.78/sec).
Executions attempted so far: 50000000 total 50000000 finished normally 0 blocked (4056.47/sec).
Executions attempted so far: 50000000 total 50000000 finished normally 0 blocked (4054.16/sec).
Executions attempted so far: 51000000 total 51000000 finished normally 0 blocked (4133.24/sec).
Executions attempted so far: 51000000 total 51000000 finished normally 0 blocked (4131.23/sec).
Executions attempted so far: 50000000 total 50000000 finished normally 0 blocked (4045.31/sec).
Executions attempted so far: 50000000 total 50000000 finished normally 0 blocked (4039.10/sec).
Executions attempted so far: 50000000 total 50000000 finished normally 0 blocked (4037.47/sec).
Executions attempted so far: 50000000 total 50000000 finished normally 0 blocked (4032.26/sec).
Executions attempted so far: 50000000 total 50000000 finished normally 0 blocked (4022.20/sec).
Executions attempted so far: 51000000 total 51000000 finished normally 0 blocked (4079.02/sec).
Executions attempted so far: 52000000 total 52000000 finished normally 0 blocked (4158.34/sec).
Executions attempted so far: 52000000 total 52000000 finished normally 0 blocked (4155.68/sec).
Executions attempted so far: 51000000 total 51000000 finished normally 0 blocked (4075.44/sec).
Executions attempted so far: 50000000 total 50000000 finished normally 0 blocked (3990.74/sec).
Executions attempted so far: 51000000 total 51000000 finished normally 0 blocked (4065.04/sec).
Executions attempted so far: 52000000 total 52000000 finished normally 0 blocked (4135.85/sec).
Executions attempted so far: 51000000 total 51000000 finished normally 0 blocked (4054.38/sec).
Executions attempted so far: 51000000 total 51000000 finished normally 0 blocked (4054.05/sec).
Executions attempted so far: 52000000 total 52000000 finished normally 0 blocked (4129.28/sec).
Executions attempted so far: 51000000 total 51000000 finished normally 0 blocked (4048.90/sec).
Executions attempted so far: 51000000 total 51000000 finished normally 0 blocked (4041.20/sec).
Executions attempted so far: 51000000 total 51000000 finished normally 0 blocked (4038.32/sec).
Executions attempted so far: 51000000 total 51000000 finished normally 0 blocked (4033.53/sec).
Executions attempted so far: 51000000 total 51000000 finished normally 0 blocked (4029.71/sec).
Executions attempted so far: 51000000 total 51000000 finished normally 0 blocked (4021.76/sec).
Executions attempted so far: 53000000 total 53000000 finished normally 0 blocked (4158.49/sec).
Executions attempted so far: 52000000 total 52000000 finished normally 0 blocked (4078.11/sec).
Executions attempted so far: 52000000 total 52000000 finished normally 0 blocked (4073.00/sec).
Executions attempted so far: 53000000 total 53000000 finished normally 0 blocked (4151.00/sec).
Executions attempted so far: 51000000 total 51000000 finished normally 0 blocked (3990.30/sec).
Executions attempted so far: 52000000 total 52000000 finished normally 0 blocked (4063.13/sec).
Executions attempted so far: 53000000 total 53000000 finished normally 0 blocked (4137.39/sec).
Executions attempted so far: 52000000 total 52000000 finished normally 0 blocked (4053.32/sec).
Executions attempted so far: 52000000 total 52000000 finished normally 0 blocked (4053.32/sec).
Executions attempted so far: 53000000 total 53000000 finished normally 0 blocked (4128.05/sec).
Executions attempted so far: 52000000 total 52000000 finished normally 0 blocked (4045.12/sec).
Executions attempted so far: 52000000 total 52000000 finished normally 0 blocked (4038.21/sec).
Executions attempted so far: 52000000 total 52000000 finished normally 0 blocked (4036.64/sec).
Executions attempted so far: 52000000 total 52000000 finished normally 0 blocked (4029.45/sec).
Executions attempted so far: 52000000 total 52000000 finished normally 0 blocked (4027.57/sec).
Executions attempted so far: 52000000 total 52000000 finished normally 0 blocked (4020.41/sec).
Executions attempted so far: 54000000 total 54000000 finished normally 0 blocked (4153.85/sec).
Executions attempted so far: 53000000 total 53000000 finished normally 0 blocked (4073.48/sec).
Executions attempted so far: 53000000 total 53000000 finished normally 0 blocked (4068.79/sec).
Executions attempted so far: 54000000 total 54000000 finished normally 0 blocked (4142.69/sec).
Executions attempted so far: 52000000 total 52000000 finished normally 0 blocked (3987.12/sec).
Executions attempted so far: 54000000 total 54000000 finished normally 0 blocked (4134.13/sec).
Executions attempted so far: 53000000 total 53000000 finished normally 0 blocked (4057.26/sec).
Executions attempted so far: 53000000 total 53000000 finished normally 0 blocked (4048.58/sec).
Executions attempted so far: 53000000 total 53000000 finished normally 0 blocked (4045.80/sec).
Executions attempted so far: 54000000 total 54000000 finished normally 0 blocked (4118.68/sec).
Executions attempted so far: 53000000 total 53000000 finished normally 0 blocked (4036.86/sec).
Executions attempted so far: 53000000 total 53000000 finished normally 0 blocked (4029.50/sec).
Executions attempted so far: 53000000 total 53000000 finished normally 0 blocked (4026.74/sec).
Executions attempted so far: 53000000 total 53000000 finished normally 0 blocked (4022.47/sec).
Executions attempted so far: 53000000 total 53000000 finished normally 0 blocked (4019.72/sec).
Executions attempted so far: 53000000 total 53000000 finished normally 0 blocked (4012.11/sec).
Executions attempted so far: 55000000 total 55000000 finished normally 0 blocked (4145.00/sec).
Executions attempted so far: 54000000 total 54000000 finished normally 0 blocked (4065.04/sec).
Executions attempted so far: 54000000 total 54000000 finished normally 0 blocked (4061.98/sec).
Executions attempted so far: 55000000 total 55000000 finished normally 0 blocked (4131.30/sec).
Executions attempted so far: 53000000 total 53000000 finished normally 0 blocked (3980.47/sec).
Executions attempted so far: 55000000 total 55000000 finished normally 0 blocked (4126.34/sec).
Executions attempted so far: 54000000 total 54000000 finished normally 0 blocked (4050.10/sec).
Executions attempted so far: 54000000 total 54000000 finished normally 0 blocked (4042.82/sec).
Executions attempted so far: 54000000 total 54000000 finished normally 0 blocked (4037.69/sec).
Executions attempted so far: 55000000 total 55000000 finished normally 0 blocked (4112.15/sec).
Executions attempted so far: 54000000 total 54000000 finished normally 0 blocked (4029.55/sec).
Executions attempted so far: 54000000 total 54000000 finished normally 0 blocked (4022.65/sec).
Executions attempted so far: 54000000 total 54000000 finished normally 0 blocked (4021.15/sec).
Executions attempted so far: 54000000 total 54000000 finished normally 0 blocked (4016.36/sec).
Executions attempted so far: 54000000 total 54000000 finished normally 0 blocked (4012.48/sec).
Executions attempted so far: 54000000 total 54000000 finished normally 0 blocked (4006.23/sec).
Executions attempted so far: 56000000 total 56000000 finished normally 0 blocked (4137.12/sec).
Executions attempted so far: 55000000 total 55000000 finished normally 0 blocked (4060.84/sec).
Executions attempted so far: 55000000 total 55000000 finished normally 0 blocked (4055.75/sec).
Executions attempted so far: 54000000 total 54000000 finished normally 0 blocked (3975.56/sec).
Executions attempted so far: 56000000 total 56000000 finished normally 0 blocked (4120.98/sec).
Executions attempted so far: 55000000 total 55000000 finished normally 0 blocked (4045.31/sec).
Executions attempted so far: 56000000 total 56000000 finished normally 0 blocked (4118.86/sec).
Executions attempted so far: 55000000 total 55000000 finished normally 0 blocked (4036.99/sec).
Executions attempted so far: 56000000 total 56000000 finished normally 0 blocked (4105.57/sec).
Executions attempted so far: 55000000 total 55000000 finished normally 0 blocked (4031.67/sec).
Executions attempted so far: 55000000 total 55000000 finished normally 0 blocked (4021.94/sec).
Executions attempted so far: 55000000 total 55000000 finished normally 0 blocked (4016.36/sec).
Executions attempted so far: 55000000 total 55000000 finished normally 0 blocked (4016.06/sec).
Executions attempted so far: 55000000 total 55000000 finished normally 0 blocked (4009.92/sec).
Executions attempted so far: 55000000 total 55000000 finished normally 0 blocked (4005.83/sec).
Executions attempted so far: 55000000 total 55000000 finished normally 0 blocked (4002.62/sec).
Executions attempted so far: 57000000 total 57000000 finished normally 0 blocked (4133.13/sec).
Executions attempted so far: 56000000 total 56000000 finished normally 0 blocked (4058.27/sec).
Executions attempted so far: 56000000 total 56000000 finished normally 0 blocked (4054.45/sec).
Executions attempted so far: 55000000 total 55000000 finished normally 0 blocked (3973.99/sec).
Executions attempted so far: 57000000 total 57000000 finished normally 0 blocked (4117.01/sec).
Executions attempted so far: 56000000 total 56000000 finished normally 0 blocked (4044.78/sec).
Executions attempted so far: 57000000 total 57000000 finished normally 0 blocked (4114.04/sec).
Executions attempted so far: 56000000 total 56000000 finished normally 0 blocked (4036.62/sec).
Executions attempted so far: 57000000 total 57000000 finished normally 0 blocked (4104.56/sec).
Executions attempted so far: 56000000 total 56000000 finished normally 0 blocked (4031.10/sec).
Executions attempted so far: 56000000 total 56000000 finished normally 0 blocked (4015.78/sec).
Executions attempted so far: 56000000 total 56000000 finished normally 0 blocked (4014.34/sec).
Executions attempted so far: 56000000 total 56000000 finished normally 0 blocked (4011.46/sec).
Executions attempted so far: 56000000 total 56000000 finished normally 0 blocked (4005.44/sec).
Executions attempted so far: 56000000 total 56000000 finished normally 0 blocked (4003.43/sec).
Executions attempted so far: 56000000 total 56000000 finished normally 0 blocked (4000.00/sec).
Executions attempted so far: 58000000 total 58000000 finished normally 0 blocked (4131.35/sec).
Executions attempted so far: 57000000 total 57000000 finished normally 0 blocked (4058.96/sec).
Executions attempted so far: 57000000 total 57000000 finished normally 0 blocked (4055.50/sec).
Executions attempted so far: 56000000 total 56000000 finished normally 0 blocked (3974.17/sec).
Executions attempted so far: 58000000 total 58000000 finished normally 0 blocked (4116.10/sec).
Executions attempted so far: 57000000 total 57000000 finished normally 0 blocked (4044.85/sec).
Executions attempted so far: 58000000 total 58000000 finished normally 0 blocked (4109.10/sec).
Executions attempted so far: 57000000 total 57000000 finished normally 0 blocked (4035.97/sec).
Executions attempted so far: 58000000 total 58000000 finished normally 0 blocked (4104.16/sec).
Executions attempted so far: 57000000 total 57000000 finished normally 0 blocked (4030.26/sec).
Executions attempted so far: 57000000 total 57000000 finished normally 0 blocked (4014.93/sec).
Executions attempted so far: 57000000 total 57000000 finished normally 0 blocked (4011.82/sec).
Executions attempted so far: 57000000 total 57000000 finished normally 0 blocked (4009.00/sec).
Executions attempted so far: 57000000 total 57000000 finished normally 0 blocked (4001.68/sec).
Executions attempted so far: 57000000 total 57000000 finished normally 0 blocked (4000.00/sec).
Executions attempted so far: 57000000 total 57000000 finished normally 0 blocked (3997.76/sec).
Executions attempted so far: 59000000 total 59000000 finished normally 0 blocked (4128.47/sec).
Executions attempted so far: 58000000 total 58000000 finished normally 0 blocked (4057.93/sec).
Executions attempted so far: 58000000 total 58000000 finished normally 0 blocked (4056.80/sec).
Executions attempted so far: 58000000 total 58000000 finished normally 0 blocked (4044.07/sec).
Executions attempted so far: 59000000 total 59000000 finished normally 0 blocked (4113.50/sec).
Executions attempted so far: 57000000 total 57000000 finished normally 0 blocked (3973.51/sec).
Executions attempted so far: 58000000 total 58000000 finished normally 0 blocked (4036.75/sec).
Executions attempted so far: 59000000 total 59000000 finished normally 0 blocked (4104.92/sec).
Executions attempted so far: 59000000 total 59000000 finished normally 0 blocked (4102.64/sec).
Executions attempted so far: 58000000 total 58000000 finished normally 0 blocked (4029.46/sec).
Executions attempted so far: 58000000 total 58000000 finished normally 0 blocked (4013.84/sec).
Executions attempted so far: 58000000 total 58000000 finished normally 0 blocked (4010.79/sec).
Executions attempted so far: 58000000 total 58000000 finished normally 0 blocked (4008.02/sec).
Executions attempted so far: 58000000 total 58000000 finished normally 0 blocked (3999.17/sec).
Executions attempted so far: 58000000 total 58000000 finished normally 0 blocked (3998.07/sec).
Executions attempted so far: 58000000 total 58000000 finished normally 0 blocked (3995.32/sec).
Executions attempted so far: 60000000 total 60000000 finished normally 0 blocked (4126.83/sec).
Executions attempted so far: 59000000 total 59000000 finished normally 0 blocked (4057.49/sec).
Executions attempted so far: 59000000 total 59000000 finished normally 0 blocked (4055.54/sec).
Executions attempted so far: 59000000 total 59000000 finished normally 0 blocked (4043.59/sec).
Executions attempted so far: 60000000 total 60000000 finished normally 0 blocked (4111.84/sec).
Executions attempted so far: 58000000 total 58000000 finished normally 0 blocked (3972.87/sec).
Executions attempted so far: 59000000 total 59000000 finished normally 0 blocked (4036.67/sec).
Executions attempted so far: 60000000 total 60000000 finished normally 0 blocked (4100.60/sec).
Executions attempted so far: 60000000 total 60000000 finished normally 0 blocked (4099.48/sec).
Executions attempted so far: 59000000 total 59000000 finished normally 0 blocked (4027.30/sec).
Executions attempted so far: 59000000 total 59000000 finished normally 0 blocked (4012.51/sec).
Executions attempted so far: 59000000 total 59000000 finished normally 0 blocked (4009.24/sec).
Executions attempted so far: 59000000 total 59000000 finished normally 0 blocked (4008.15/sec).
Executions attempted so far: 59000000 total 59000000 finished normally 0 blocked (3997.83/sec).
Executions attempted so far: 59000000 total 59000000 finished normally 0 blocked (3995.67/sec).
Executions attempted so far: 59000000 total 59000000 finished normally 0 blocked (3994.04/sec).
Executions attempted so far: 60000000 total 60000000 finished normally 0 blocked (4058.72/sec).
Executions attempted so far: 61000000 total 61000000 finished normally 0 blocked (4125.52/sec).
Executions attempted so far: 60000000 total 60000000 finished normally 0 blocked (4053.78/sec).
Executions attempted so far: 61000000 total 61000000 finished normally 0 blocked (4110.24/sec).
Executions attempted so far: 60000000 total 60000000 finished normally 0 blocked (4042.85/sec).
Executions attempted so far: 59000000 total 59000000 finished normally 0 blocked (3972.26/sec).
Executions attempted so far: 60000000 total 60000000 finished normally 0 blocked (4034.70/sec).
Executions attempted so far: 61000000 total 61000000 finished normally 0 blocked (4100.01/sec).
Executions attempted so far: 61000000 total 61000000 finished normally 0 blocked (4095.33/sec).
Executions attempted so far: 60000000 total 60000000 finished normally 0 blocked (4026.58/sec).
Executions attempted so far: 60000000 total 60000000 finished normally 0 blocked (4010.70/sec).
Executions attempted so far: 60000000 total 60000000 finished normally 0 blocked (4008.02/sec).
Executions attempted so far: 60000000 total 60000000 finished normally 0 blocked (4006.41/sec).
Executions attempted so far: 60000000 total 60000000 finished normally 0 blocked (3995.74/sec).
Executions attempted so far: 60000000 total 60000000 finished normally 0 blocked (3993.88/sec).
Executions attempted so far: 60000000 total 60000000 finished normally 0 blocked (3992.81/sec).
Executions attempted so far: 61000000 total 61000000 finished normally 0 blocked (4058.01/sec).
Executions attempted so far: 62000000 total 62000000 finished normally 0 blocked (4123.99/sec).
Executions attempted so far: 61000000 total 61000000 finished normally 0 blocked (4053.16/sec).
Executions attempted so far: 62000000 total 62000000 finished normally 0 blocked (4108.68/sec).
Executions attempted so far: 61000000 total 61000000 finished normally 0 blocked (4042.14/sec).
Executions attempted so far: 60000000 total 60000000 finished normally 0 blocked (3972.72/sec).
Executions attempted so far: 62000000 total 62000000 finished normally 0 blocked (4099.99/sec).
Executions attempted so far: 61000000 total 61000000 finished normally 0 blocked (4031.73/sec).
Executions attempted so far: 62000000 total 62000000 finished normally 0 blocked (4093.49/sec).
Executions attempted so far: 61000000 total 61000000 finished normally 0 blocked (4024.81/sec).
Executions attempted so far: 61000000 total 61000000 finished normally 0 blocked (4009.46/sec).
Executions attempted so far: 61000000 total 61000000 finished normally 0 blocked (4007.62/sec).
Executions attempted so far: 61000000 total 61000000 finished normally 0 blocked (4002.62/sec).
Executions attempted so far: 61000000 total 61000000 finished normally 0 blocked (3995.28/sec).
Executions attempted so far: 62000000 total 62000000 finished normally 0 blocked (4056.80/sec).
Executions attempted so far: 63000000 total 63000000 finished normally 0 blocked (4122.23/sec).
Executions attempted so far: 61000000 total 61000000 finished normally 0 blocked (3991.10/sec).
Executions attempted so far: 61000000 total 61000000 finished normally 0 blocked (3990.06/sec).
Executions attempted so far: 62000000 total 62000000 finished normally 0 blocked (4051.49/sec).
Executions attempted so far: 63000000 total 63000000 finished normally 0 blocked (4107.98/sec).
Executions attempted so far: 62000000 total 62000000 finished normally 0 blocked (4041.98/sec).
Executions attempted so far: 61000000 total 61000000 finished normally 0 blocked (3973.68/sec).
Executions attempted so far: 63000000 total 63000000 finished normally 0 blocked (4098.63/sec).
Executions attempted so far: 62000000 total 62000000 finished normally 0 blocked (4029.64/sec).
Executions attempted so far: 63000000 total 63000000 finished normally 0 blocked (4091.97/sec).
Executions attempted so far: 62000000 total 62000000 finished normally 0 blocked (4023.88/sec).
Executions attempted so far: 62000000 total 62000000 finished normally 0 blocked (4008.02/sec).
Executions attempted so far: 62000000 total 62000000 finished normally 0 blocked (4007.24/sec).
Executions attempted so far: 62000000 total 62000000 finished normally 0 blocked (3999.48/sec).
Executions attempted so far: 62000000 total 62000000 finished normally 0 blocked (3993.56/sec).
Executions attempted so far: 64000000 total 64000000 finished normally 0 blocked (4122.12/sec).
Executions attempted so far: 63000000 total 63000000 finished normally 0 blocked (4056.14/sec).
Executions attempted so far: 62000000 total 62000000 finished normally 0 blocked (3988.68/sec).
Executions attempted so far: 62000000 total 62000000 finished normally 0 blocked (3986.88/sec).
Executions attempted so far: 63000000 total 63000000 finished normally 0 blocked (4050.41/sec).
Executions attempted so far: 64000000 total 64000000 finished normally 0 blocked (4107.04/sec).
Executions attempted so far: 63000000 total 63000000 finished normally 0 blocked (4041.31/sec).
Executions attempted so far: 62000000 total 62000000 finished normally 0 blocked (3973.85/sec).
Executions attempted so far: 64000000 total 64000000 finished normally 0 blocked (4098.10/sec).
Executions attempted so far: 63000000 total 63000000 finished normally 0 blocked (4026.33/sec).
Executions attempted so far: 63000000 total 63000000 finished normally 0 blocked (4023.50/sec).
Executions attempted so far: 64000000 total 64000000 finished normally 0 blocked (4085.80/sec).
Executions attempted so far: 63000000 total 63000000 finished normally 0 blocked (4006.61/sec).
Executions attempted so far: 63000000 total 63000000 finished normally 0 blocked (4005.34/sec).
Executions attempted so far: 63000000 total 63000000 finished normally 0 blocked (3995.18/sec).
Executions attempted so far: 65000000 total 65000000 finished normally 0 blocked (4120.44/sec).
Executions attempted so far: 64000000 total 64000000 finished normally 0 blocked (4055.51/sec).
Executions attempted so far: 63000000 total 63000000 finished normally 0 blocked (3992.14/sec).
Executions attempted so far: 63000000 total 63000000 finished normally 0 blocked (3985.07/sec).
Executions attempted so far: 64000000 total 64000000 finished normally 0 blocked (4047.56/sec).
Executions attempted so far: 63000000 total 63000000 finished normally 0 blocked (3982.80/sec).
Executions attempted so far: 65000000 total 65000000 finished normally 0 blocked (4104.05/sec).
Executions attempted so far: 64000000 total 64000000 finished normally 0 blocked (4039.38/sec).
Executions attempted so far: 63000000 total 63000000 finished normally 0 blocked (3971.01/sec).
Executions attempted so far: 65000000 total 65000000 finished normally 0 blocked (4095.78/sec).
Executions attempted so far: 64000000 total 64000000 finished normally 0 blocked (4021.62/sec).
Executions attempted so far: 64000000 total 64000000 finished normally 0 blocked (4019.09/sec).
Executions attempted so far: 65000000 total 65000000 finished normally 0 blocked (4079.07/sec).
Executions attempted so far: 64000000 total 64000000 finished normally 0 blocked (4002.00/sec).
Executions attempted so far: 64000000 total 64000000 finished normally 0 blocked (3997.75/sec).
Executions attempted so far: 66000000 total 66000000 finished normally 0 blocked (4116.25/sec).
Executions attempted so far: 65000000 total 65000000 finished normally 0 blocked (4051.36/sec).
Executions attempted so far: 64000000 total 64000000 finished normally 0 blocked (3988.53/sec).
Executions attempted so far: 64000000 total 64000000 finished normally 0 blocked (3986.55/sec).
Executions attempted so far: 65000000 total 65000000 finished normally 0 blocked (4043.04/sec).
Executions attempted so far: 64000000 total 64000000 finished normally 0 blocked (3978.86/sec).
Executions attempted so far: 64000000 total 64000000 finished normally 0 blocked (3975.16/sec).
Executions attempted so far: 66000000 total 66000000 finished normally 0 blocked (4098.87/sec).
Executions attempted so far: 65000000 total 65000000 finished normally 0 blocked (4034.76/sec).
Executions attempted so far: 66000000 total 66000000 finished normally 0 blocked (4091.25/sec).
Executions attempted so far: 64000000 total 64000000 finished normally 0 blocked (3966.53/sec).
Executions attempted so far: 65000000 total 65000000 finished normally 0 blocked (4016.31/sec).
Executions attempted so far: 65000000 total 65000000 finished normally 0 blocked (4013.34/sec).
Executions attempted so far: 66000000 total 66000000 finished normally 0 blocked (4071.81/sec).
Executions attempted so far: 65000000 total 65000000 finished normally 0 blocked (3995.82/sec).
Executions attempted so far: 65000000 total 65000000 finished normally 0 blocked (3992.87/sec).
Executions attempted so far: 67000000 total 67000000 finished normally 0 blocked (4109.67/sec).
Executions attempted so far: 66000000 total 66000000 finished normally 0 blocked (4046.10/sec).
Executions attempted so far: 65000000 total 65000000 finished normally 0 blocked (3983.09/sec).
Executions attempted so far: 65000000 total 65000000 finished normally 0 blocked (3980.40/sec).
Executions attempted so far: 66000000 total 66000000 finished normally 0 blocked (4038.18/sec).
Executions attempted so far: 65000000 total 65000000 finished normally 0 blocked (3973.59/sec).
Executions attempted so far: 67000000 total 67000000 finished normally 0 blocked (4094.10/sec).
Executions attempted so far: 65000000 total 65000000 finished normally 0 blocked (3969.22/sec).
Executions attempted so far: 66000000 total 66000000 finished normally 0 blocked (4029.80/sec).
Executions attempted so far: 67000000 total 67000000 finished normally 0 blocked (4085.12/sec).
Executions attempted so far: 65000000 total 65000000 finished normally 0 blocked (3962.21/sec).
Executions attempted so far: 66000000 total 66000000 finished normally 0 blocked (4011.91/sec).
Executions attempted so far: 66000000 total 66000000 finished normally 0 blocked (4009.23/sec).
Executions attempted so far: 67000000 total 67000000 finished normally 0 blocked (4067.76/sec).
Executions attempted so far: 66000000 total 66000000 finished normally 0 blocked (3992.26/sec).
Executions attempted so far: 66000000 total 66000000 finished normally 0 blocked (3990.33/sec).
Executions attempted so far: 68000000 total 68000000 finished normally 0 blocked (4108.26/sec).
Executions attempted so far: 67000000 total 67000000 finished normally 0 blocked (4045.16/sec).
Executions attempted so far: 66000000 total 66000000 finished normally 0 blocked (3981.66/sec).
Executions attempted so far: 66000000 total 66000000 finished normally 0 blocked (3977.82/sec).
Executions attempted so far: 67000000 total 67000000 finished normally 0 blocked (4036.87/sec).
Executions attempted so far: 66000000 total 66000000 finished normally 0 blocked (3972.79/sec).
Executions attempted so far: 68000000 total 68000000 finished normally 0 blocked (4092.44/sec).
Executions attempted so far: 67000000 total 67000000 finished normally 0 blocked (4029.11/sec).
Executions attempted so far: 66000000 total 66000000 finished normally 0 blocked (3968.02/sec).
Executions attempted so far: 68000000 total 68000000 finished normally 0 blocked (4084.57/sec).
Executions attempted so far: 66000000 total 66000000 finished normally 0 blocked (3962.77/sec).
Executions attempted so far: 67000000 total 67000000 finished normally 0 blocked (4011.26/sec).
Executions attempted so far: 67000000 total 67000000 finished normally 0 blocked (4009.34/sec).
Executions attempted so far: 68000000 total 68000000 finished normally 0 blocked (4067.96/sec).
Executions attempted so far: 67000000 total 67000000 finished normally 0 blocked (3991.66/sec).
Executions attempted so far: 67000000 total 67000000 finished normally 0 blocked (3989.05/sec).
Executions attempted so far: 69000000 total 69000000 finished normally 0 blocked (4107.88/sec).
Executions attempted so far: 68000000 total 68000000 finished normally 0 blocked (4045.69/sec).
Executions attempted so far: 67000000 total 67000000 finished normally 0 blocked (3979.80/sec).
Executions attempted so far: 68000000 total 68000000 finished normally 0 blocked (4037.76/sec).
Executions attempted so far: 67000000 total 67000000 finished normally 0 blocked (3976.50/sec).
Executions attempted so far: 69000000 total 69000000 finished normally 0 blocked (4091.80/sec).
Executions attempted so far: 67000000 total 67000000 finished normally 0 blocked (3972.25/sec).
Executions attempted so far: 68000000 total 68000000 finished normally 0 blocked (4029.63/sec).
Executions attempted so far: 67000000 total 67000000 finished normally 0 blocked (3967.31/sec).
Executions attempted so far: 69000000 total 69000000 finished normally 0 blocked (4085.50/sec).
Executions attempted so far: 67000000 total 67000000 finished normally 0 blocked (3964.03/sec).
Executions attempted so far: 68000000 total 68000000 finished normally 0 blocked (4010.85/sec).
Executions attempted so far: 68000000 total 68000000 finished normally 0 blocked (4008.72/sec).
Executions attempted so far: 69000000 total 69000000 finished normally 0 blocked (4067.44/sec).
Executions attempted so far: 68000000 total 68000000 finished normally 0 blocked (3992.02/sec).
Executions attempted so far: 70000000 total 70000000 finished normally 0 blocked (4108.70/sec).
Executions attempted so far: 68000000 total 68000000 finished normally 0 blocked (3988.97/sec).
Executions attempted so far: 69000000 total 69000000 finished normally 0 blocked (4047.40/sec).
Executions attempted so far: 69000000 total 69000000 finished normally 0 blocked (4040.29/sec).
Executions attempted so far: 68000000 total 68000000 finished normally 0 blocked (3979.87/sec).
Executions attempted so far: 68000000 total 68000000 finished normally 0 blocked (3977.77/sec).
Executions attempted so far: 70000000 total 70000000 finished normally 0 blocked (4092.61/sec).
Executions attempted so far: 69000000 total 69000000 finished normally 0 blocked (4031.79/sec).
Executions attempted so far: 68000000 total 68000000 finished normally 0 blocked (3973.36/sec).
Executions attempted so far: 70000000 total 70000000 finished normally 0 blocked (4087.59/sec).
Executions attempted so far: 68000000 total 68000000 finished normally 0 blocked (3967.10/sec).
Executions attempted so far: 68000000 total 68000000 finished normally 0 blocked (3966.87/sec).
Executions attempted so far: 69000000 total 69000000 finished normally 0 blocked (4011.63/sec).
Executions attempted so far: 69000000 total 69000000 finished normally 0 blocked (4010.93/sec).
Executions attempted so far: 70000000 total 70000000 finished normally 0 blocked (4066.93/sec).
Executions attempted so far: 71000000 total 71000000 finished normally 0 blocked (4110.70/sec).
Executions attempted so far: 69000000 total 69000000 finished normally 0 blocked (3992.82/sec).
Executions attempted so far: 70000000 total 70000000 finished normally 0 blocked (4050.22/sec).
Executions attempted so far: 69000000 total 69000000 finished normally 0 blocked (3989.59/sec).
Executions attempted so far: 70000000 total 70000000 finished normally 0 blocked (4042.97/sec).
Executions attempted so far: 69000000 total 69000000 finished normally 0 blocked (3979.93/sec).
Executions attempted so far: 69000000 total 69000000 finished normally 0 blocked (3979.24/sec).
Executions attempted so far: 71000000 total 71000000 finished normally 0 blocked (4093.87/sec).
Executions attempted so far: 70000000 total 70000000 finished normally 0 blocked (4034.35/sec).
Executions attempted so far: 71000000 total 71000000 finished normally 0 blocked (4089.16/sec).
Executions attempted so far: 69000000 total 69000000 finished normally 0 blocked (3972.82/sec).
Executions attempted so far: 69000000 total 69000000 finished normally 0 blocked (3968.71/sec).
Executions attempted so far: 69000000 total 69000000 finished normally 0 blocked (3966.66/sec).
Executions attempted so far: 70000000 total 70000000 finished normally 0 blocked (4012.38/sec).
Executions attempted so far: 70000000 total 70000000 finished normally 0 blocked (4011.23/sec).
Executions attempted so far: 71000000 total 71000000 finished normally 0 blocked (4065.97/sec).
Executions attempted so far: 72000000 total 72000000 finished normally 0 blocked (4112.17/sec).
Executions attempted so far: 71000000 total 71000000 finished normally 0 blocked (4052.74/sec).
Executions attempted so far: 70000000 total 70000000 finished normally 0 blocked (3994.07/sec).
Executions attempted so far: 70000000 total 70000000 finished normally 0 blocked (3990.20/sec).
Executions attempted so far: 71000000 total 71000000 finished normally 0 blocked (4043.74/sec).
Executions attempted so far: 72000000 total 72000000 finished normally 0 blocked (4096.50/sec).
Executions attempted so far: 70000000 total 70000000 finished normally 0 blocked (3981.80/sec).
Executions attempted so far: 70000000 total 70000000 finished normally 0 blocked (3979.99/sec).
Executions attempted so far: 71000000 total 71000000 finished normally 0 blocked (4036.15/sec).
Executions attempted so far: 72000000 total 72000000 finished normally 0 blocked (4090.91/sec).
Executions attempted so far: 70000000 total 70000000 finished normally 0 blocked (3972.08/sec).
Executions attempted so far: 70000000 total 70000000 finished normally 0 blocked (3970.96/sec).
Executions attempted so far: 70000000 total 70000000 finished normally 0 blocked (3966.68/sec).
Executions attempted so far: 71000000 total 71000000 finished normally 0 blocked (4014.25/sec).
Executions attempted so far: 71000000 total 71000000 finished normally 0 blocked (4010.85/sec).
Executions attempted so far: 72000000 total 72000000 finished normally 0 blocked (4064.58/sec).
Executions attempted so far: 73000000 total 73000000 finished normally 0 blocked (4114.30/sec).
Executions attempted so far: 72000000 total 72000000 finished normally 0 blocked (4055.42/sec).
Executions attempted so far: 71000000 total 71000000 finished normally 0 blocked (3995.27/sec).
Executions attempted so far: 71000000 total 71000000 finished normally 0 blocked (3991.01/sec).
Executions attempted so far: 72000000 total 72000000 finished normally 0 blocked (4045.63/sec).
Executions attempted so far: 73000000 total 73000000 finished normally 0 blocked (4098.59/sec).
Executions attempted so far: 71000000 total 71000000 finished normally 0 blocked (3984.51/sec).
Executions attempted so far: 72000000 total 72000000 finished normally 0 blocked (4038.14/sec).
Executions attempted so far: 73000000 total 73000000 finished normally 0 blocked (4092.85/sec).
Executions attempted so far: 71000000 total 71000000 finished normally 0 blocked (3979.37/sec).
Executions attempted so far: 71000000 total 71000000 finished normally 0 blocked (3973.36/sec).
Executions attempted so far: 71000000 total 71000000 finished normally 0 blocked (3972.92/sec).
Executions attempted so far: 71000000 total 71000000 finished normally 0 blocked (3965.15/sec).
Executions attempted so far: 72000000 total 72000000 finished normally 0 blocked (4015.84/sec).
Executions attempted so far: 72000000 total 72000000 finished normally 0 blocked (4011.14/sec).
Executions attempted so far: 73000000 total 73000000 finished normally 0 blocked (4062.55/sec).
Executions attempted so far: 74000000 total 74000000 finished normally 0 blocked (4115.68/sec).
Executions attempted so far: 73000000 total 73000000 finished normally 0 blocked (4057.13/sec).
=== END cc2_base_n5b1 rc=124 elapsed=18000.055757322

ALL BENCH V3 RUNS DONE
