=== RUN pc_base_n3_r1 cap=120s CMD: /home/sahar/Desktop/MPI/TraceForge/target/release/examples/three_pc_timed --mode baseline --participants 3 --u 20 --w-ratio 7
baseline   N=3 R=1  L=0 U=20 W=140 (W/U=7) sd=0  execs=2026   blocked=0      commit=288    abort=1258   time=208.63269ms
=== END pc_base_n3_r1 rc=0 elapsed=.218413016

=== RUN cc_base_n3b1 cap=120s CMD: /home/sahar/Desktop/MPI/TraceForge/target/release/examples/comm_closed_leader_election --mode baseline --nodes 3 --ballots 1 --w 100 --u 20
Executions attempted so far: 1 total 1 finished normally 0 blocked.
Executions attempted so far: 2 total 2 finished normally 0 blocked.
Executions attempted so far: 3 total 3 finished normally 0 blocked.
Executions attempted so far: 4 total 4 finished normally 0 blocked.
Executions attempted so far: 1 total 1 finished normally 0 blocked.
Executions attempted so far: 5 total 5 finished normally 0 blocked.
Executions attempted so far: 1 total 1 finished normally 0 blocked.
Executions attempted so far: 6 total 6 finished normally 0 blocked.
Executions attempted so far: 2 total 2 finished normally 0 blocked.
Executions attempted so far: 2 total 2 finished normally 0 blocked.
Executions attempted so far: 7 total 7 finished normally 0 blocked.
Executions attempted so far: 3 total 3 finished normally 0 blocked.
Executions attempted so far: 3 total 3 finished normally 0 blocked.
Executions attempted so far: 8 total 8 finished normally 0 blocked.
Executions attempted so far: 4 total 4 finished normally 0 blocked.
Executions attempted so far: 4 total 4 finished normally 0 blocked.
Executions attempted so far: 5 total 5 finished normally 0 blocked.
Executions attempted so far: 5 total 5 finished normally 0 blocked.
Executions attempted so far: 9 total 9 finished normally 0 blocked.
Executions attempted so far: 10 total 10 finished normally 0 blocked.
Executions attempted so far: 6 total 6 finished normally 0 blocked.
Executions attempted so far: 7 total 7 finished normally 0 blocked.
Executions attempted so far: 8 total 8 finished normally 0 blocked.
Executions attempted so far: 6 total 6 finished normally 0 blocked.
Executions attempted so far: 1 total 1 finished normally 0 blocked.
Executions attempted so far: 1 total 1 finished normally 0 blocked.
Executions attempted so far: 9 total 9 finished normally 0 blocked.
Executions attempted so far: 7 total 7 finished normally 0 blocked.
Executions attempted so far: 2 total 2 finished normally 0 blocked.
Executions attempted so far: 10 total 10 finished normally 0 blocked.
Executions attempted so far: 2 total 2 finished normally 0 blocked.
Executions attempted so far: 1 total 1 finished normally 0 blocked.
Executions attempted so far: 8 total 8 finished normally 0 blocked.
Executions attempted so far: 3 total 3 finished normally 0 blocked.
Executions attempted so far: 3 total 3 finished normally 0 blocked.
Executions attempted so far: 2 total 2 finished normally 0 blocked.
Executions attempted so far: 4 total 4 finished normally 0 blocked.
Executions attempted so far: 9 total 9 finished normally 0 blocked.
Executions attempted so far: 4 total 4 finished normally 0 blocked.
Executions attempted so far: 3 total 3 finished normally 0 blocked.
Executions attempted so far: 5 total 5 finished normally 0 blocked.
Executions attempted so far: 5 total 5 finished normally 0 blocked.
Executions attempted so far: 10 total 10 finished normally 0 blocked.
Executions attempted so far: 4 total 4 finished normally 0 blocked.
Executions attempted so far: 6 total 6 finished normally 0 blocked.
Executions attempted so far: 6 total 6 finished normally 0 blocked.
Executions attempted so far: 5 total 5 finished normally 0 blocked.
Executions attempted so far: 1 total 1 finished normally 0 blocked.
Executions attempted so far: 7 total 7 finished normally 0 blocked.
Executions attempted so far: 7 total 7 finished normally 0 blocked.
Executions attempted so far: 6 total 6 finished normally 0 blocked.
Executions attempted so far: 8 total 8 finished normally 0 blocked.
Executions attempted so far: 8 total 8 finished normally 0 blocked.
Executions attempted so far: 1 total 1 finished normally 0 blocked.
Executions attempted so far: 9 total 9 finished normally 0 blocked.
Executions attempted so far: 7 total 7 finished normally 0 blocked.
Executions attempted so far: 2 total 2 finished normally 0 blocked.
Executions attempted so far: 9 total 9 finished normally 0 blocked.
Executions attempted so far: 10 total 10 finished normally 0 blocked.
Executions attempted so far: 8 total 8 finished normally 0 blocked.
Executions attempted so far: 10 total 10 finished normally 0 blocked.
Executions attempted so far: 2 total 2 finished normally 0 blocked.
Executions attempted so far: 9 total 9 finished normally 0 blocked.
Executions attempted so far: 3 total 3 finished normally 0 blocked.
Executions attempted so far: 10 total 10 finished normally 0 blocked.
Executions attempted so far: 3 total 3 finished normally 0 blocked.
Executions attempted so far: 20 total 20 finished normally 0 blocked.
Executions attempted so far: 4 total 4 finished normally 0 blocked.
Executions attempted so far: 1 total 1 finished normally 0 blocked.
Executions attempted so far: 4 total 4 finished normally 0 blocked.
Executions attempted so far: 5 total 5 finished normally 0 blocked.
Executions attempted so far: 5 total 5 finished normally 0 blocked.
Executions attempted so far: 1 total 1 finished normally 0 blocked.
Executions attempted so far: 2 total 2 finished normally 0 blocked.
Executions attempted so far: 2 total 2 finished normally 0 blocked.
Executions attempted so far: 6 total 6 finished normally 0 blocked.
Executions attempted so far: 6 total 6 finished normally 0 blocked.
Executions attempted so far: 3 total 3 finished normally 0 blocked.
Executions attempted so far: 3 total 3 finished normally 0 blocked.
Executions attempted so far: 4 total 4 finished normally 0 blocked.
Executions attempted so far: 7 total 7 finished normally 0 blocked.
Executions attempted so far: 7 total 7 finished normally 0 blocked.
Executions attempted so far: 4 total 4 finished normally 0 blocked.
Executions attempted so far: 5 total 5 finished normally 0 blocked.
Executions attempted so far: 8 total 8 finished normally 0 blocked.
Executions attempted so far: 8 total 8 finished normally 0 blocked.
Executions attempted so far: 20 total 20 finished normally 0 blocked.
Executions attempted so far: 5 total 5 finished normally 0 blocked.
Executions attempted so far: 9 total 9 finished normally 0 blocked.
Executions attempted so far: 9 total 9 finished normally 0 blocked.
Executions attempted so far: 10 total 10 finished normally 0 blocked.
Executions attempted so far: 1 total 1 finished normally 0 blocked.
Executions attempted so far: 10 total 10 finished normally 0 blocked.
Executions attempted so far: 2 total 2 finished normally 0 blocked.
Executions attempted so far: 3 total 3 finished normally 0 blocked.
Executions attempted so far: 6 total 6 finished normally 0 blocked.
Executions attempted so far: 4 total 4 finished normally 0 blocked.
Executions attempted so far: 5 total 5 finished normally 0 blocked.
Executions attempted so far: 7 total 7 finished normally 0 blocked.
Executions attempted so far: 30 total 30 finished normally 0 blocked.
Executions attempted so far: 8 total 8 finished normally 0 blocked.
Executions attempted so far: 1 total 1 finished normally 0 blocked.
Executions attempted so far: 1 total 1 finished normally 0 blocked.
Executions attempted so far: 2 total 2 finished normally 0 blocked.
Executions attempted so far: 9 total 9 finished normally 0 blocked.
Executions attempted so far: 1 total 1 finished normally 0 blocked.
Executions attempted so far: 3 total 3 finished normally 0 blocked.
Executions attempted so far: 2 total 2 finished normally 0 blocked.
Executions attempted so far: 4 total 4 finished normally 0 blocked.
Executions attempted so far: 10 total 10 finished normally 0 blocked.
Executions attempted so far: 2 total 2 finished normally 0 blocked.
Executions attempted so far: 5 total 5 finished normally 0 blocked.
Executions attempted so far: 3 total 3 finished normally 0 blocked.
Executions attempted so far: 6 total 6 finished normally 0 blocked.
Executions attempted so far: 3 total 3 finished normally 0 blocked.
Executions attempted so far: 20 total 20 finished normally 0 blocked.
Executions attempted so far: 7 total 7 finished normally 0 blocked.
Executions attempted so far: 4 total 4 finished normally 0 blocked.
Executions attempted so far: 8 total 8 finished normally 0 blocked.
Executions attempted so far: 30 total 30 finished normally 0 blocked.
Executions attempted so far: 4 total 4 finished normally 0 blocked.
Executions attempted so far: 9 total 9 finished normally 0 blocked.
Executions attempted so far: 5 total 5 finished normally 0 blocked.
Executions attempted so far: 10 total 10 finished normally 0 blocked.
Executions attempted so far: 5 total 5 finished normally 0 blocked.
Executions attempted so far: 20 total 20 finished normally 0 blocked.
Executions attempted so far: 6 total 6 finished normally 0 blocked.
Executions attempted so far: 6 total 6 finished normally 0 blocked.
Executions attempted so far: 7 total 7 finished normally 0 blocked.
Executions attempted so far: 7 total 7 finished normally 0 blocked.
Executions attempted so far: 20 total 20 finished normally 0 blocked.
Executions attempted so far: 8 total 8 finished normally 0 blocked.
Executions attempted so far: 8 total 8 finished normally 0 blocked.
Executions attempted so far: 40 total 40 finished normally 0 blocked.
Executions attempted so far: 9 total 9 finished normally 0 blocked.
Executions attempted so far: 6 total 6 finished normally 0 blocked.
Executions attempted so far: 9 total 9 finished normally 0 blocked.
Executions attempted so far: 10 total 10 finished normally 0 blocked.
Executions attempted so far: 10 total 10 finished normally 0 blocked.
Executions attempted so far: 7 total 7 finished normally 0 blocked.
Executions attempted so far: 1 total 1 finished normally 0 blocked.
Executions attempted so far: 8 total 8 finished normally 0 blocked.
Executions attempted so far: 30 total 30 finished normally 0 blocked.
Executions attempted so far: 2 total 2 finished normally 0 blocked.
Executions attempted so far: 1 total 1 finished normally 0 blocked.
Executions attempted so far: 9 total 9 finished normally 0 blocked.
Executions attempted so far: 3 total 3 finished normally 0 blocked.
Executions attempted so far: 2 total 2 finished normally 0 blocked.
Executions attempted so far: 20 total 20 finished normally 0 blocked.
Executions attempted so far: 6 total 6 finished normally 0 blocked.
Executions attempted so far: 10 total 10 finished normally 0 blocked.
Executions attempted so far: 20 total 20 finished normally 0 blocked.
Executions attempted so far: 4 total 4 finished normally 0 blocked.
Executions attempted so far: 40 total 40 finished normally 0 blocked.
Executions attempted so far: 3 total 3 finished normally 0 blocked.
Executions attempted so far: 7 total 7 finished normally 0 blocked.
Executions attempted so far: 20 total 20 finished normally 0 blocked.
Executions attempted so far: 4 total 4 finished normally 0 blocked.
Executions attempted so far: 5 total 5 finished normally 0 blocked.
Executions attempted so far: 8 total 8 finished normally 0 blocked.
Executions attempted so far: 20 total 20 finished normally 0 blocked.
Executions attempted so far: 5 total 5 finished normally 0 blocked.
Executions attempted so far: 20 total 20 finished normally 0 blocked.
Executions attempted so far: 6 total 6 finished normally 0 blocked.
Executions attempted so far: 9 total 9 finished normally 0 blocked.
Executions attempted so far: 50 total 50 finished normally 0 blocked.
Executions attempted so far: 6 total 6 finished normally 0 blocked.
Executions attempted so far: 30 total 30 finished normally 0 blocked.
Executions attempted so far: 30 total 30 finished normally 0 blocked.
Executions attempted so far: 7 total 7 finished normally 0 blocked.
Executions attempted so far: 10 total 10 finished normally 0 blocked.
Executions attempted so far: 7 total 7 finished normally 0 blocked.
Executions attempted so far: 8 total 8 finished normally 0 blocked.
Executions attempted so far: 8 total 8 finished normally 0 blocked.
Executions attempted so far: 20 total 20 finished normally 0 blocked.
Executions attempted so far: 9 total 9 finished normally 0 blocked.
Executions attempted so far: 9 total 9 finished normally 0 blocked.
Executions attempted so far: 10 total 10 finished normally 0 blocked.
Executions attempted so far: 10 total 10 finished normally 0 blocked.
Executions attempted so far: 20 total 20 finished normally 0 blocked.
Executions attempted so far: 40 total 40 finished normally 0 blocked.
Executions attempted so far: 30 total 30 finished normally 0 blocked.
Executions attempted so far: 50 total 50 finished normally 0 blocked.
Executions attempted so far: 30 total 30 finished normally 0 blocked.
Executions attempted so far: 20 total 20 finished normally 0 blocked.
Executions attempted so far: 30 total 30 finished normally 0 blocked.
Executions attempted so far: 30 total 30 finished normally 0 blocked.
Executions attempted so far: 40 total 40 finished normally 0 blocked.
Executions attempted so far: 30 total 30 finished normally 0 blocked.
Executions attempted so far: 40 total 40 finished normally 0 blocked.
Executions attempted so far: 20 total 20 finished normally 0 blocked.
Executions attempted so far: 30 total 30 finished normally 0 blocked.
Executions attempted so far: 60 total 60 finished normally 0 blocked.
Executions attempted so far: 20 total 20 finished normally 0 blocked.
Executions attempted so far: 30 total 30 finished normally 0 blocked.
Executions attempted so far: 50 total 50 finished normally 0 blocked.
Executions attempted so far: 20 total 20 finished normally 0 blocked.
Executions attempted so far: 40 total 40 finished normally 0 blocked.
Executions attempted so far: 30 total 30 finished normally 0 blocked.
Executions attempted so far: 60 total 60 finished normally 0 blocked.
Executions attempted so far: 40 total 40 finished normally 0 blocked.
Executions attempted so far: 40 total 40 finished normally 0 blocked.
Executions attempted so far: 50 total 50 finished normally 0 blocked.
Executions attempted so far: 40 total 40 finished normally 0 blocked.
Executions attempted so far: 40 total 40 finished normally 0 blocked.
Executions attempted so far: 30 total 30 finished normally 0 blocked.
Executions attempted so far: 40 total 40 finished normally 0 blocked.
Executions attempted so far: 50 total 50 finished normally 0 blocked.
Executions attempted so far: 40 total 40 finished normally 0 blocked.
Executions attempted so far: 30 total 30 finished normally 0 blocked.
Executions attempted so far: 70 total 70 finished normally 0 blocked.
Executions attempted so far: 60 total 60 finished normally 0 blocked.
Executions attempted so far: 40 total 40 finished normally 0 blocked.
Executions attempted so far: 30 total 30 finished normally 0 blocked.
Executions attempted so far: 50 total 50 finished normally 0 blocked.
Executions attempted so far: 50 total 50 finished normally 0 blocked.
Executions attempted so far: 70 total 70 finished normally 0 blocked.
Executions attempted so far: 50 total 50 finished normally 0 blocked.
Executions attempted so far: 60 total 60 finished normally 0 blocked.
Executions attempted so far: 50 total 50 finished normally 0 blocked.
Executions attempted so far: 40 total 40 finished normally 0 blocked.
Executions attempted so far: 50 total 50 finished normally 0 blocked.
Executions attempted so far: 50 total 50 finished normally 0 blocked.
Executions attempted so far: 60 total 60 finished normally 0 blocked.
Executions attempted so far: 40 total 40 finished normally 0 blocked.
Executions attempted so far: 70 total 70 finished normally 0 blocked.
Executions attempted so far: 40 total 40 finished normally 0 blocked.
Executions attempted so far: 50 total 50 finished normally 0 blocked.
Executions attempted so far: 50 total 50 finished normally 0 blocked.
Executions attempted so far: 80 total 80 finished normally 0 blocked.
Executions attempted so far: 70 total 70 finished normally 0 blocked.
Executions attempted so far: 60 total 60 finished normally 0 blocked.
Executions attempted so far: 60 total 60 finished normally 0 blocked.
Executions attempted so far: 60 total 60 finished normally 0 blocked.
Executions attempted so far: 60 total 60 finished normally 0 blocked.
Executions attempted so far: 80 total 80 finished normally 0 blocked.
Executions attempted so far: 50 total 50 finished normally 0 blocked.
Executions attempted so far: 60 total 60 finished normally 0 blocked.
Executions attempted so far: 60 total 60 finished normally 0 blocked.
Executions attempted so far: 80 total 80 finished normally 0 blocked.
Executions attempted so far: 50 total 50 finished normally 0 blocked.
Executions attempted so far: 60 total 60 finished normally 0 blocked.
Executions attempted so far: 50 total 50 finished normally 0 blocked.
Executions attempted so far: 60 total 60 finished normally 0 blocked.
Executions attempted so far: 70 total 70 finished normally 0 blocked.
Executions attempted so far: 80 total 80 finished normally 0 blocked.
Executions attempted so far: 70 total 70 finished normally 0 blocked.
Executions attempted so far: 70 total 70 finished normally 0 blocked.
Executions attempted so far: 90 total 90 finished normally 0 blocked.
Executions attempted so far: 60 total 60 finished normally 0 blocked.
Executions attempted so far: 70 total 70 finished normally 0 blocked.
Executions attempted so far: 70 total 70 finished normally 0 blocked.
Executions attempted so far: 70 total 70 finished normally 0 blocked.
Executions attempted so far: 90 total 90 finished normally 0 blocked.
Executions attempted so far: 70 total 70 finished normally 0 blocked.
Executions attempted so far: 90 total 90 finished normally 0 blocked.
Executions attempted so far: 60 total 60 finished normally 0 blocked.
Executions attempted so far: 70 total 70 finished normally 0 blocked.
Executions attempted so far: 60 total 60 finished normally 0 blocked.
Executions attempted so far: 80 total 80 finished normally 0 blocked.
Executions attempted so far: 90 total 90 finished normally 0 blocked.
Executions attempted so far: 80 total 80 finished normally 0 blocked.
Executions attempted so far: 70 total 70 finished normally 0 blocked.
Executions attempted so far: 100 total 100 finished normally 0 blocked.
Executions attempted so far: 80 total 80 finished normally 0 blocked.
Executions attempted so far: 80 total 80 finished normally 0 blocked.
Executions attempted so far: 70 total 70 finished normally 0 blocked.
Executions attempted so far: 80 total 80 finished normally 0 blocked.
Executions attempted so far: 80 total 80 finished normally 0 blocked.
Executions attempted so far: 100 total 100 finished normally 0 blocked.
Executions attempted so far: 80 total 80 finished normally 0 blocked.
Executions attempted so far: 100 total 100 finished normally 0 blocked.
Executions attempted so far: 70 total 70 finished normally 0 blocked.
Executions attempted so far: 70 total 70 finished normally 0 blocked.
Executions attempted so far: 80 total 80 finished normally 0 blocked.
Executions attempted so far: 100 total 100 finished normally 0 blocked.
Executions attempted so far: 90 total 90 finished normally 0 blocked.
Executions attempted so far: 90 total 90 finished normally 0 blocked.
Executions attempted so far: 80 total 80 finished normally 0 blocked.
Executions attempted so far: 90 total 90 finished normally 0 blocked.
Executions attempted so far: 90 total 90 finished normally 0 blocked.
Executions attempted so far: 90 total 90 finished normally 0 blocked.
Executions attempted so far: 80 total 80 finished normally 0 blocked.
Executions attempted so far: 90 total 90 finished normally 0 blocked.
Executions attempted so far: 90 total 90 finished normally 0 blocked.
Executions attempted so far: 80 total 80 finished normally 0 blocked.
Executions attempted so far: 80 total 80 finished normally 0 blocked.
Executions attempted so far: 90 total 90 finished normally 0 blocked.
Executions attempted so far: 100 total 100 finished normally 0 blocked.
Executions attempted so far: 100 total 100 finished normally 0 blocked.
Executions attempted so far: 90 total 90 finished normally 0 blocked.
Executions attempted so far: 100 total 100 finished normally 0 blocked.
Executions attempted so far: 90 total 90 finished normally 0 blocked.
Executions attempted so far: 100 total 100 finished normally 0 blocked.
Executions attempted so far: 100 total 100 finished normally 0 blocked.
Executions attempted so far: 100 total 100 finished normally 0 blocked.
Executions attempted so far: 90 total 90 finished normally 0 blocked.
Executions attempted so far: 100 total 100 finished normally 0 blocked.
Executions attempted so far: 90 total 90 finished normally 0 blocked.
Executions attempted so far: 100 total 100 finished normally 0 blocked.
Executions attempted so far: 100 total 100 finished normally 0 blocked.
Executions attempted so far: 100 total 100 finished normally 0 blocked.
Executions attempted so far: 100 total 100 finished normally 0 blocked.
Executions attempted so far: 100 total 100 finished normally 0 blocked.
Executions attempted so far: 200 total 200 finished normally 0 blocked.
Executions attempted so far: 200 total 200 finished normally 0 blocked.
Executions attempted so far: 200 total 200 finished normally 0 blocked.
Executions attempted so far: 200 total 200 finished normally 0 blocked.
Executions attempted so far: 200 total 200 finished normally 0 blocked.
Executions attempted so far: 200 total 200 finished normally 0 blocked.
Executions attempted so far: 200 total 200 finished normally 0 blocked.
Executions attempted so far: 200 total 200 finished normally 0 blocked.
Executions attempted so far: 200 total 200 finished normally 0 blocked.
Executions attempted so far: 200 total 200 finished normally 0 blocked.
Executions attempted so far: 200 total 200 finished normally 0 blocked.
Executions attempted so far: 200 total 200 finished normally 0 blocked.
Executions attempted so far: 200 total 200 finished normally 0 blocked.
Executions attempted so far: 200 total 200 finished normally 0 blocked.
Executions attempted so far: 200 total 200 finished normally 0 blocked.
Executions attempted so far: 300 total 300 finished normally 0 blocked.
Executions attempted so far: 300 total 300 finished normally 0 blocked.
Executions attempted so far: 200 total 200 finished normally 0 blocked.
Executions attempted so far: 300 total 300 finished normally 0 blocked.
Executions attempted so far: 300 total 300 finished normally 0 blocked.
Executions attempted so far: 300 total 300 finished normally 0 blocked.
Executions attempted so far: 300 total 300 finished normally 0 blocked.
Executions attempted so far: 300 total 300 finished normally 0 blocked.
Executions attempted so far: 300 total 300 finished normally 0 blocked.
Executions attempted so far: 300 total 300 finished normally 0 blocked.
Executions attempted so far: 300 total 300 finished normally 0 blocked.
Executions attempted so far: 300 total 300 finished normally 0 blocked.
Executions attempted so far: 300 total 300 finished normally 0 blocked.
Executions attempted so far: 300 total 300 finished normally 0 blocked.
Executions attempted so far: 300 total 300 finished normally 0 blocked.
Executions attempted so far: 400 total 400 finished normally 0 blocked.
Executions attempted so far: 400 total 400 finished normally 0 blocked.
Executions attempted so far: 400 total 400 finished normally 0 blocked.
Executions attempted so far: 400 total 400 finished normally 0 blocked.
Executions attempted so far: 300 total 300 finished normally 0 blocked.
Executions attempted so far: 400 total 400 finished normally 0 blocked.
Executions attempted so far: 400 total 400 finished normally 0 blocked.
Executions attempted so far: 400 total 400 finished normally 0 blocked.
Executions attempted so far: 300 total 300 finished normally 0 blocked.
Executions attempted so far: 400 total 400 finished normally 0 blocked.
Executions attempted so far: 400 total 400 finished normally 0 blocked.
Executions attempted so far: 400 total 400 finished normally 0 blocked.
Executions attempted so far: 400 total 400 finished normally 0 blocked.
Executions attempted so far: 400 total 400 finished normally 0 blocked.
Executions attempted so far: 400 total 400 finished normally 0 blocked.
Executions attempted so far: 500 total 500 finished normally 0 blocked.
Executions attempted so far: 500 total 500 finished normally 0 blocked.
Executions attempted so far: 400 total 400 finished normally 0 blocked.
Executions attempted so far: 400 total 400 finished normally 0 blocked.
Executions attempted so far: 500 total 500 finished normally 0 blocked.
Executions attempted so far: 400 total 400 finished normally 0 blocked.
Executions attempted so far: 500 total 500 finished normally 0 blocked.
Executions attempted so far: 500 total 500 finished normally 0 blocked.
Executions attempted so far: 500 total 500 finished normally 0 blocked.
Executions attempted so far: 500 total 500 finished normally 0 blocked.
Executions attempted so far: 500 total 500 finished normally 0 blocked.
Executions attempted so far: 500 total 500 finished normally 0 blocked.
Executions attempted so far: 500 total 500 finished normally 0 blocked.
Executions attempted so far: 500 total 500 finished normally 0 blocked.
Executions attempted so far: 500 total 500 finished normally 0 blocked.
Executions attempted so far: 600 total 600 finished normally 0 blocked.
Executions attempted so far: 600 total 600 finished normally 0 blocked.
Executions attempted so far: 500 total 500 finished normally 0 blocked.
Executions attempted so far: 500 total 500 finished normally 0 blocked.
Executions attempted so far: 600 total 600 finished normally 0 blocked.
Executions attempted so far: 600 total 600 finished normally 0 blocked.
Executions attempted so far: 600 total 600 finished normally 0 blocked.
Executions attempted so far: 600 total 600 finished normally 0 blocked.
Executions attempted so far: 600 total 600 finished normally 0 blocked.
Executions attempted so far: 600 total 600 finished normally 0 blocked.
Executions attempted so far: 500 total 500 finished normally 0 blocked.
Executions attempted so far: 600 total 600 finished normally 0 blocked.
Executions attempted so far: 600 total 600 finished normally 0 blocked.
Executions attempted so far: 600 total 600 finished normally 0 blocked.
Executions attempted so far: 700 total 700 finished normally 0 blocked.
Executions attempted so far: 500 total 500 finished normally 0 blocked.
Executions attempted so far: 700 total 700 finished normally 0 blocked.
Executions attempted so far: 600 total 600 finished normally 0 blocked.
Executions attempted so far: 600 total 600 finished normally 0 blocked.
Executions attempted so far: 700 total 700 finished normally 0 blocked.
baseline   nodes=3 ballots=1 w=100 (untimed)  execs=10232 blocked=0 elected=5064 time=361.910119ms
=== END cc_base_n3b1 rc=0 elapsed=.372799657

=== RUN ccx_base_n3b1 cap=120s CMD: /home/sahar/Desktop/MPI/TraceForge/target/release/examples/comm_closed_leader_election_inbox --mode baseline --nodes 3 --ballots 1 --w 100 --u 20
baseline   nodes=3 ballots=1 w=100 (untimed)  execs=1290 blocked=0 elected=660 time=295.419834ms
=== END ccx_base_n3b1 rc=0 elapsed=.307846838

=== RUN cc_t_n3b1_A cap=300s CMD: /home/sahar/Desktop/MPI/TraceForge/target/release/examples/comm_closed_leader_election --mode timed --nodes 3 --ballots 1 --u 20 --w 200 --l 18 --sd 2
Executions attempted so far: 1 total 1 finished normally 0 blocked.
Executions attempted so far: 2 total 2 finished normally 0 blocked.
Executions attempted so far: 3 total 3 finished normally 0 blocked.
Executions attempted so far: 4 total 4 finished normally 0 blocked.
Executions attempted so far: 5 total 5 finished normally 0 blocked.
Executions attempted so far: 6 total 6 finished normally 0 blocked.
Executions attempted so far: 1 total 1 finished normally 0 blocked.
Executions attempted so far: 7 total 7 finished normally 0 blocked.
Executions attempted so far: 2 total 2 finished normally 0 blocked.
Executions attempted so far: 1 total 1 finished normally 0 blocked.
Executions attempted so far: 8 total 8 finished normally 0 blocked.
Executions attempted so far: 3 total 3 finished normally 0 blocked.
Executions attempted so far: 9 total 9 finished normally 0 blocked.
Executions attempted so far: 2 total 2 finished normally 0 blocked.
Executions attempted so far: 4 total 4 finished normally 0 blocked.
Executions attempted so far: 10 total 10 finished normally 0 blocked.
Executions attempted so far: 3 total 3 finished normally 0 blocked.
Executions attempted so far: 5 total 5 finished normally 0 blocked.
Executions attempted so far: 4 total 4 finished normally 0 blocked.
Executions attempted so far: 6 total 6 finished normally 0 blocked.
Executions attempted so far: 5 total 5 finished normally 0 blocked.
Executions attempted so far: 7 total 7 finished normally 0 blocked.
Executions attempted so far: 6 total 6 finished normally 0 blocked.
Executions attempted so far: 8 total 8 finished normally 0 blocked.
Executions attempted so far: 7 total 7 finished normally 0 blocked.
Executions attempted so far: 9 total 9 finished normally 0 blocked.
Executions attempted so far: 1 total 1 finished normally 0 blocked.
Executions attempted so far: 8 total 8 finished normally 0 blocked.
Executions attempted so far: 10 total 10 finished normally 0 blocked.
Executions attempted so far: 2 total 2 finished normally 0 blocked.
Executions attempted so far: 3 total 3 finished normally 0 blocked.
Executions attempted so far: 9 total 9 finished normally 0 blocked.
Executions attempted so far: 4 total 4 finished normally 0 blocked.
Executions attempted so far: 1 total 1 finished normally 0 blocked.
Executions attempted so far: 10 total 10 finished normally 0 blocked.
Executions attempted so far: 5 total 5 finished normally 0 blocked.
Executions attempted so far: 2 total 2 finished normally 0 blocked.
Executions attempted so far: 6 total 6 finished normally 0 blocked.
Executions attempted so far: 3 total 3 finished normally 0 blocked.
Executions attempted so far: 7 total 7 finished normally 0 blocked.
Executions attempted so far: 4 total 4 finished normally 0 blocked.
Executions attempted so far: 20 total 20 finished normally 0 blocked.
Executions attempted so far: 8 total 8 finished normally 0 blocked.
Executions attempted so far: 5 total 5 finished normally 0 blocked.
Executions attempted so far: 9 total 9 finished normally 0 blocked.
Executions attempted so far: 6 total 6 finished normally 0 blocked.
Executions attempted so far: 10 total 10 finished normally 0 blocked.
Executions attempted so far: 7 total 7 finished normally 0 blocked.
Executions attempted so far: 1 total 1 finished normally 0 blocked.
Executions attempted so far: 20 total 20 finished normally 0 blocked.
Executions attempted so far: 8 total 8 finished normally 0 blocked.
Executions attempted so far: 2 total 2 finished normally 0 blocked.
Executions attempted so far: 9 total 9 finished normally 0 blocked.
Executions attempted so far: 1 total 1 finished normally 0 blocked.
Executions attempted so far: 3 total 3 finished normally 0 blocked.
Executions attempted so far: 10 total 10 finished normally 0 blocked.
Executions attempted so far: 2 total 2 finished normally 0 blocked.
Executions attempted so far: 4 total 4 finished normally 0 blocked.
Executions attempted so far: 3 total 3 finished normally 0 blocked.
Executions attempted so far: 20 total 20 finished normally 0 blocked.
Executions attempted so far: 5 total 5 finished normally 0 blocked.
Executions attempted so far: 4 total 4 finished normally 0 blocked.
Executions attempted so far: 6 total 6 finished normally 0 blocked.
Executions attempted so far: 5 total 5 finished normally 0 blocked.
Executions attempted so far: 7 total 7 finished normally 0 blocked.
Executions attempted so far: 6 total 6 finished normally 0 blocked.
Executions attempted so far: 8 total 8 finished normally 0 blocked.
Executions attempted so far: 1 total 1 finished normally 0 blocked.
Executions attempted so far: 7 total 7 finished normally 0 blocked.
Executions attempted so far: 9 total 9 finished normally 0 blocked.
Executions attempted so far: 8 total 8 finished normally 0 blocked.
Executions attempted so far: 30 total 30 finished normally 0 blocked.
Executions attempted so far: 10 total 10 finished normally 0 blocked.
Executions attempted so far: 2 total 2 finished normally 0 blocked.
Executions attempted so far: 30 total 30 finished normally 0 blocked.
Executions attempted so far: 9 total 9 finished normally 0 blocked.
Executions attempted so far: 1 total 1 finished normally 0 blocked.
Executions attempted so far: 20 total 20 finished normally 0 blocked.
Executions attempted so far: 10 total 10 finished normally 0 blocked.
Executions attempted so far: 3 total 3 finished normally 0 blocked.
Executions attempted so far: 2 total 2 finished normally 0 blocked.
Executions attempted so far: 4 total 4 finished normally 0 blocked.
Executions attempted so far: 3 total 3 finished normally 0 blocked.
Executions attempted so far: 1 total 1 finished normally 0 blocked.
Executions attempted so far: 5 total 5 finished normally 0 blocked.
Executions attempted so far: 4 total 4 finished normally 0 blocked.
Executions attempted so far: 2 total 2 finished normally 0 blocked.
Executions attempted so far: 6 total 6 finished normally 0 blocked.
Executions attempted so far: 20 total 20 finished normally 0 blocked.
Executions attempted so far: 30 total 30 finished normally 0 blocked.
Executions attempted so far: 5 total 5 finished normally 0 blocked.
Executions attempted so far: 7 total 7 finished normally 0 blocked.
Executions attempted so far: 3 total 3 finished normally 0 blocked.
Executions attempted so far: 8 total 8 finished normally 0 blocked.
Executions attempted so far: 6 total 6 finished normally 0 blocked.
Executions attempted so far: 4 total 4 finished normally 0 blocked.
Executions attempted so far: 20 total 20 finished normally 0 blocked.
Executions attempted so far: 1 total 1 finished normally 0 blocked.
Executions attempted so far: 40 total 40 finished normally 0 blocked.
Executions attempted so far: 9 total 9 finished normally 0 blocked.
Executions attempted so far: 7 total 7 finished normally 0 blocked.
Executions attempted so far: 5 total 5 finished normally 0 blocked.
Executions attempted so far: 30 total 30 finished normally 0 blocked.
Executions attempted so far: 2 total 2 finished normally 0 blocked.
Executions attempted so far: 10 total 10 finished normally 0 blocked.
Executions attempted so far: 8 total 8 finished normally 0 blocked.
Executions attempted so far: 6 total 6 finished normally 0 blocked.
Executions attempted so far: 3 total 3 finished normally 0 blocked.
Executions attempted so far: 9 total 9 finished normally 0 blocked.
Executions attempted so far: 40 total 40 finished normally 0 blocked.
Executions attempted so far: 7 total 7 finished normally 0 blocked.
Executions attempted so far: 1 total 1 finished normally 0 blocked.
Executions attempted so far: 20 total 20 finished normally 0 blocked.
Executions attempted so far: 10 total 10 finished normally 0 blocked.
Executions attempted so far: 4 total 4 finished normally 0 blocked.
Executions attempted so far: 8 total 8 finished normally 0 blocked.
Executions attempted so far: 2 total 2 finished normally 0 blocked.
Executions attempted so far: 5 total 5 finished normally 0 blocked.
Executions attempted so far: 3 total 3 finished normally 0 blocked.
Executions attempted so far: 6 total 6 finished normally 0 blocked.
Executions attempted so far: 30 total 30 finished normally 0 blocked.
Executions attempted so far: 50 total 50 finished normally 0 blocked.
Executions attempted so far: 7 total 7 finished normally 0 blocked.
Executions attempted so far: 4 total 4 finished normally 0 blocked.
Executions attempted so far: 40 total 40 finished normally 0 blocked.
Executions attempted so far: 8 total 8 finished normally 0 blocked.
Executions attempted so far: 5 total 5 finished normally 0 blocked.
Executions attempted so far: 6 total 6 finished normally 0 blocked.
Executions attempted so far: 40 total 40 finished normally 0 blocked.
Executions attempted so far: 1 total 1 finished normally 0 blocked.
Executions attempted so far: 7 total 7 finished normally 0 blocked.
Executions attempted so far: 2 total 2 finished normally 0 blocked.
Executions attempted so far: 50 total 50 finished normally 0 blocked.
Executions attempted so far: 8 total 8 finished normally 0 blocked.
Executions attempted so far: 40 total 40 finished normally 0 blocked.
Executions attempted so far: 3 total 3 finished normally 0 blocked.
Executions attempted so far: 20 total 20 finished normally 0 blocked.
Executions attempted so far: 1 total 1 finished normally 0 blocked.
Executions attempted so far: 4 total 4 finished normally 0 blocked.
Executions attempted so far: 9 total 9 finished normally 0 blocked.
Executions attempted so far: 60 total 60 finished normally 0 blocked.
Executions attempted so far: 2 total 2 finished normally 0 blocked.
Executions attempted so far: 5 total 5 finished normally 0 blocked.
Executions attempted so far: 3 total 3 finished normally 0 blocked.
Executions attempted so far: 10 total 10 finished normally 0 blocked.
Executions attempted so far: 50 total 50 finished normally 0 blocked.
Executions attempted so far: 4 total 4 finished normally 0 blocked.
Executions attempted so far: 1 total 1 finished normally 0 blocked.
Executions attempted so far: 6 total 6 finished normally 0 blocked.
Executions attempted so far: 5 total 5 finished normally 0 blocked.
Executions attempted so far: 6 total 6 finished normally 0 blocked.
Executions attempted so far: 7 total 7 finished normally 0 blocked.
Executions attempted so far: 2 total 2 finished normally 0 blocked.
Executions attempted so far: 7 total 7 finished normally 0 blocked.
Executions attempted so far: 8 total 8 finished normally 0 blocked.
Executions attempted so far: 8 total 8 finished normally 0 blocked.
Executions attempted so far: 3 total 3 finished normally 0 blocked.
Executions attempted so far: 9 total 9 finished normally 0 blocked.
Executions attempted so far: 60 total 60 finished normally 0 blocked.
Executions attempted so far: 4 total 4 finished normally 0 blocked.
Executions attempted so far: 1 total 1 finished normally 0 blocked.
Executions attempted so far: 10 total 10 finished normally 0 blocked.
Executions attempted so far: 5 total 5 finished normally 0 blocked.
Executions attempted so far: 6 total 6 finished normally 0 blocked.
Executions attempted so far: 2 total 2 finished normally 0 blocked.
Executions attempted so far: 7 total 7 finished normally 0 blocked.
Executions attempted so far: 60 total 60 finished normally 0 blocked.
Executions attempted so far: 50 total 50 finished normally 0 blocked.
Executions attempted so far: 8 total 8 finished normally 0 blocked.
Executions attempted so far: 3 total 3 finished normally 0 blocked.
Executions attempted so far: 70 total 70 finished normally 0 blocked.
Executions attempted so far: 9 total 9 finished normally 0 blocked.
Executions attempted so far: 4 total 4 finished normally 0 blocked.
Executions attempted so far: 10 total 10 finished normally 0 blocked.
Executions attempted so far: 30 total 30 finished normally 0 blocked.
Executions attempted so far: 5 total 5 finished normally 0 blocked.
Executions attempted so far: 50 total 50 finished normally 0 blocked.
Executions attempted so far: 6 total 6 finished normally 0 blocked.
Executions attempted so far: 70 total 70 finished normally 0 blocked.
Executions attempted so far: 7 total 7 finished normally 0 blocked.
Executions attempted so far: 8 total 8 finished normally 0 blocked.
Executions attempted so far: 30 total 30 finished normally 0 blocked.
Executions attempted so far: 20 total 20 finished normally 0 blocked.
Executions attempted so far: 80 total 80 finished normally 0 blocked.
Executions attempted so far: 9 total 9 finished normally 0 blocked.
Executions attempted so far: 10 total 10 finished normally 0 blocked.
Executions attempted so far: 70 total 70 finished normally 0 blocked.
Executions attempted so far: 80 total 80 finished normally 0 blocked.
Executions attempted so far: 60 total 60 finished normally 0 blocked.
Executions attempted so far: 60 total 60 finished normally 0 blocked.
Executions attempted so far: 40 total 40 finished normally 0 blocked.
Executions attempted so far: 30 total 30 finished normally 0 blocked.
Executions attempted so far: 9 total 9 finished normally 0 blocked.
Executions attempted so far: 90 total 90 finished normally 0 blocked.
Executions attempted so far: 90 total 90 finished normally 0 blocked.
Executions attempted so far: 20 total 20 finished normally 0 blocked.
Executions attempted so far: 9 total 9 finished normally 0 blocked.
Executions attempted so far: 10 total 10 finished normally 0 blocked.
Executions attempted so far: 10 total 10 finished normally 0 blocked.
Executions attempted so far: 20 total 20 finished normally 0 blocked.
Executions attempted so far: 70 total 70 finished normally 0 blocked.
Executions attempted so far: 80 total 80 finished normally 0 blocked.
Executions attempted so far: 20 total 20 finished normally 0 blocked.
Executions attempted so far: 20 total 20 finished normally 0 blocked.
Executions attempted so far: 100 total 100 finished normally 0 blocked.
Executions attempted so far: 80 total 80 finished normally 0 blocked.
Executions attempted so far: 30 total 30 finished normally 0 blocked.
Executions attempted so far: 90 total 90 finished normally 0 blocked.
Executions attempted so far: 100 total 100 finished normally 0 blocked.
Executions attempted so far: 30 total 30 finished normally 0 blocked.
Executions attempted so far: 30 total 30 finished normally 0 blocked.
Executions attempted so far: 20 total 20 finished normally 0 blocked.
Executions attempted so far: 20 total 20 finished normally 0 blocked.
Executions attempted so far: 70 total 70 finished normally 0 blocked.
Executions attempted so far: 50 total 50 finished normally 0 blocked.
Executions attempted so far: 40 total 40 finished normally 0 blocked.
Executions attempted so far: 100 total 100 finished normally 0 blocked.
Executions attempted so far: 40 total 40 finished normally 0 blocked.
Executions attempted so far: 40 total 40 finished normally 0 blocked.
Executions attempted so far: 30 total 30 finished normally 0 blocked.
Executions attempted so far: 9 total 9 finished normally 0 blocked.
Executions attempted so far: 30 total 30 finished normally 0 blocked.
Executions attempted so far: 10 total 10 finished normally 0 blocked.
Executions attempted so far: 40 total 40 finished normally 0 blocked.
Executions attempted so far: 60 total 60 finished normally 0 blocked.
Executions attempted so far: 90 total 90 finished normally 0 blocked.
Executions attempted so far: 30 total 30 finished normally 0 blocked.
Executions attempted so far: 50 total 50 finished normally 0 blocked.
Executions attempted so far: 30 total 30 finished normally 0 blocked.
Executions attempted so far: 40 total 40 finished normally 0 blocked.
Executions attempted so far: 100 total 100 finished normally 0 blocked.
Executions attempted so far: 40 total 40 finished normally 0 blocked.
Executions attempted so far: 70 total 70 finished normally 0 blocked.
Executions attempted so far: 80 total 80 finished normally 0 blocked.
Executions attempted so far: 50 total 50 finished normally 0 blocked.
Executions attempted so far: 40 total 40 finished normally 0 blocked.
Executions attempted so far: 50 total 50 finished normally 0 blocked.
Executions attempted so far: 60 total 60 finished normally 0 blocked.
Executions attempted so far: 40 total 40 finished normally 0 blocked.
Executions attempted so far: 70 total 70 finished normally 0 blocked.
Executions attempted so far: 20 total 20 finished normally 0 blocked.
Executions attempted so far: 40 total 40 finished normally 0 blocked.
Executions attempted so far: 90 total 90 finished normally 0 blocked.
Executions attempted so far: 200 total 200 finished normally 0 blocked.
Executions attempted so far: 50 total 50 finished normally 0 blocked.
Executions attempted so far: 60 total 60 finished normally 0 blocked.
Executions attempted so far: 50 total 50 finished normally 0 blocked.
Executions attempted so far: 50 total 50 finished normally 0 blocked.
Executions attempted so far: 80 total 80 finished normally 0 blocked.
Executions attempted so far: 60 total 60 finished normally 0 blocked.
Executions attempted so far: 200 total 200 finished normally 0 blocked.
Executions attempted so far: 90 total 90 finished normally 0 blocked.
Executions attempted so far: 60 total 60 finished normally 0 blocked.
Executions attempted so far: 60 total 60 finished normally 0 blocked.
Executions attempted so far: 60 total 60 finished normally 0 blocked.
Executions attempted so far: 30 total 30 finished normally 0 blocked.
Executions attempted so far: 70 total 70 finished normally 0 blocked.
Executions attempted so far: 50 total 50 finished normally 0 blocked.
Executions attempted so far: 70 total 70 finished normally 0 blocked.
Executions attempted so far: 50 total 50 finished normally 0 blocked.
Executions attempted so far: 100 total 100 finished normally 0 blocked.
Executions attempted so far: 50 total 50 finished normally 0 blocked.
Executions attempted so far: 80 total 80 finished normally 0 blocked.
Executions attempted so far: 70 total 70 finished normally 0 blocked.
Executions attempted so far: 40 total 40 finished normally 0 blocked.
Executions attempted so far: 70 total 70 finished normally 0 blocked.
Executions attempted so far: 70 total 70 finished normally 0 blocked.
Executions attempted so far: 100 total 100 finished normally 0 blocked.
Executions attempted so far: 80 total 80 finished normally 0 blocked.
Executions attempted so far: 80 total 80 finished normally 0 blocked.
Executions attempted so far: 60 total 60 finished normally 0 blocked.
Executions attempted so far: 60 total 60 finished normally 0 blocked.
Executions attempted so far: 60 total 60 finished normally 0 blocked.
Executions attempted so far: 50 total 50 finished normally 0 blocked.
Executions attempted so far: 80 total 80 finished normally 0 blocked.
Executions attempted so far: 90 total 90 finished normally 0 blocked.
Executions attempted so far: 80 total 80 finished normally 0 blocked.
Executions attempted so far: 90 total 90 finished normally 0 blocked.
Executions attempted so far: 70 total 70 finished normally 0 blocked.
Executions attempted so far: 90 total 90 finished normally 0 blocked.
Executions attempted so far: 80 total 80 finished normally 0 blocked.
Executions attempted so far: 70 total 70 finished normally 0 blocked.
Executions attempted so far: 70 total 70 finished normally 0 blocked.
Executions attempted so far: 90 total 90 finished normally 0 blocked.
Executions attempted so far: 90 total 90 finished normally 0 blocked.
Executions attempted so far: 100 total 100 finished normally 0 blocked.
Executions attempted so far: 60 total 60 finished normally 0 blocked.
Executions attempted so far: 100 total 100 finished normally 0 blocked.
Executions attempted so far: 80 total 80 finished normally 0 blocked.
Executions attempted so far: 100 total 100 finished normally 0 blocked.
Executions attempted so far: 90 total 90 finished normally 0 blocked.
Executions attempted so far: 80 total 80 finished normally 0 blocked.
Executions attempted so far: 80 total 80 finished normally 0 blocked.
Executions attempted so far: 100 total 100 finished normally 0 blocked.
Executions attempted so far: 100 total 100 finished normally 0 blocked.
Executions attempted so far: 70 total 70 finished normally 0 blocked.
Executions attempted so far: 100 total 100 finished normally 0 blocked.
Executions attempted so far: 90 total 90 finished normally 0 blocked.
Executions attempted so far: 90 total 90 finished normally 0 blocked.
Executions attempted so far: 80 total 80 finished normally 0 blocked.
Executions attempted so far: 100 total 100 finished normally 0 blocked.
Executions attempted so far: 90 total 90 finished normally 0 blocked.
Executions attempted so far: 300 total 300 finished normally 0 blocked.
Executions attempted so far: 100 total 100 finished normally 0 blocked.
Executions attempted so far: 90 total 90 finished normally 0 blocked.
Executions attempted so far: 100 total 100 finished normally 0 blocked.
Executions attempted so far: 200 total 200 finished normally 0 blocked.
Executions attempted so far: 300 total 300 finished normally 0 blocked.
Executions attempted so far: 200 total 200 finished normally 0 blocked.
Executions attempted so far: 100 total 100 finished normally 0 blocked.
Executions attempted so far: 200 total 200 finished normally 0 blocked.
Executions attempted so far: 400 total 400 finished normally 0 blocked.
Executions attempted so far: 200 total 200 finished normally 0 blocked.
Executions attempted so far: 200 total 200 finished normally 0 blocked.
Executions attempted so far: 200 total 200 finished normally 0 blocked.
Executions attempted so far: 300 total 300 finished normally 0 blocked.
Executions attempted so far: 200 total 200 finished normally 0 blocked.
Executions attempted so far: 200 total 200 finished normally 0 blocked.
Executions attempted so far: 300 total 300 finished normally 0 blocked.
Executions attempted so far: 400 total 400 finished normally 0 blocked.
Executions attempted so far: 200 total 200 finished normally 0 blocked.
Executions attempted so far: 200 total 200 finished normally 0 blocked.
Executions attempted so far: 200 total 200 finished normally 0 blocked.
Executions attempted so far: 200 total 200 finished normally 0 blocked.
Executions attempted so far: 300 total 300 finished normally 0 blocked.
Executions attempted so far: 200 total 200 finished normally 0 blocked.
Executions attempted so far: 200 total 200 finished normally 0 blocked.
Executions attempted so far: 500 total 500 finished normally 0 blocked.
Executions attempted so far: 300 total 300 finished normally 0 blocked.
Executions attempted so far: 300 total 300 finished normally 0 blocked.
Executions attempted so far: 300 total 300 finished normally 0 blocked.
Executions attempted so far: 300 total 300 finished normally 0 blocked.
Executions attempted so far: 300 total 300 finished normally 0 blocked.
Executions attempted so far: 300 total 300 finished normally 0 blocked.
Executions attempted so far: 400 total 400 finished normally 0 blocked.
Executions attempted so far: 300 total 300 finished normally 0 blocked.
Executions attempted so far: 400 total 400 finished normally 0 blocked.
Executions attempted so far: 400 total 400 finished normally 0 blocked.
timed      nodes=3 ballots=1 w=200 l=18 u=20 sd=2  execs=5786 blocked=0 elected=2106 time=378.45971ms
=== END cc_t_n3b1_A rc=0 elapsed=.390876795

=== RUN cc_t_n3b1_B cap=300s CMD: /home/sahar/Desktop/MPI/TraceForge/target/release/examples/comm_closed_leader_election --mode timed --nodes 3 --ballots 1 --u 20 --w 60 --l 6 --sd 0
Executions attempted so far: 1 total 1 finished normally 0 blocked.
Executions attempted so far: 2 total 2 finished normally 0 blocked.
Executions attempted so far: 3 total 3 finished normally 0 blocked.
Executions attempted so far: 4 total 4 finished normally 0 blocked.
Executions attempted so far: 5 total 5 finished normally 0 blocked.
Executions attempted so far: 6 total 6 finished normally 0 blocked.
Executions attempted so far: 7 total 7 finished normally 0 blocked.
Executions attempted so far: 8 total 8 finished normally 0 blocked.
Executions attempted so far: 1 total 1 finished normally 0 blocked.
Executions attempted so far: 9 total 9 finished normally 0 blocked.
Executions attempted so far: 10 total 10 finished normally 0 blocked.
Executions attempted so far: 2 total 2 finished normally 0 blocked.
Executions attempted so far: 3 total 3 finished normally 0 blocked.
Executions attempted so far: 4 total 4 finished normally 0 blocked.
Executions attempted so far: 5 total 5 finished normally 0 blocked.
Executions attempted so far: 6 total 6 finished normally 0 blocked.
Executions attempted so far: 7 total 7 finished normally 0 blocked.
Executions attempted so far: 1 total 1 finished normally 0 blocked.
Executions attempted so far: 8 total 8 finished normally 0 blocked.
Executions attempted so far: 9 total 9 finished normally 0 blocked.
Executions attempted so far: 2 total 2 finished normally 0 blocked.
Executions attempted so far: 10 total 10 finished normally 0 blocked.
Executions attempted so far: 1 total 1 finished normally 0 blocked.
Executions attempted so far: 3 total 3 finished normally 0 blocked.
Executions attempted so far: 4 total 4 finished normally 0 blocked.
Executions attempted so far: 2 total 2 finished normally 0 blocked.
Executions attempted so far: 5 total 5 finished normally 0 blocked.
Executions attempted so far: 3 total 3 finished normally 0 blocked.
Executions attempted so far: 6 total 6 finished normally 0 blocked.
Executions attempted so far: 4 total 4 finished normally 0 blocked.
Executions attempted so far: 7 total 7 finished normally 0 blocked.
Executions attempted so far: 5 total 5 finished normally 0 blocked.
Executions attempted so far: 8 total 8 finished normally 0 blocked.
Executions attempted so far: 6 total 6 finished normally 0 blocked.
Executions attempted so far: 9 total 9 finished normally 0 blocked.
Executions attempted so far: 7 total 7 finished normally 0 blocked.
Executions attempted so far: 10 total 10 finished normally 0 blocked.
Executions attempted so far: 8 total 8 finished normally 0 blocked.
Executions attempted so far: 1 total 1 finished normally 0 blocked.
Executions attempted so far: 20 total 20 finished normally 0 blocked.
Executions attempted so far: 9 total 9 finished normally 0 blocked.
Executions attempted so far: 2 total 2 finished normally 0 blocked.
Executions attempted so far: 10 total 10 finished normally 0 blocked.
Executions attempted so far: 3 total 3 finished normally 0 blocked.
Executions attempted so far: 4 total 4 finished normally 0 blocked.
Executions attempted so far: 5 total 5 finished normally 0 blocked.
Executions attempted so far: 1 total 1 finished normally 0 blocked.
Executions attempted so far: 2 total 2 finished normally 0 blocked.
Executions attempted so far: 1 total 1 finished normally 0 blocked.
Executions attempted so far: 3 total 3 finished normally 0 blocked.
Executions attempted so far: 2 total 2 finished normally 0 blocked.
Executions attempted so far: 1 total 1 finished normally 0 blocked.
Executions attempted so far: 3 total 3 finished normally 0 blocked.
Executions attempted so far: 4 total 4 finished normally 0 blocked.
Executions attempted so far: 1 total 1 finished normally 0 blocked.
Executions attempted so far: 4 total 4 finished normally 0 blocked.
Executions attempted so far: 5 total 5 finished normally 0 blocked.
Executions attempted so far: 2 total 2 finished normally 0 blocked.
Executions attempted so far: 1 total 1 finished normally 0 blocked.
Executions attempted so far: 5 total 5 finished normally 0 blocked.
Executions attempted so far: 3 total 3 finished normally 0 blocked.
Executions attempted so far: 2 total 2 finished normally 0 blocked.
Executions attempted so far: 2 total 2 finished normally 0 blocked.
Executions attempted so far: 6 total 6 finished normally 0 blocked.
Executions attempted so far: 4 total 4 finished normally 0 blocked.
Executions attempted so far: 3 total 3 finished normally 0 blocked.
Executions attempted so far: 7 total 7 finished normally 0 blocked.
Executions attempted so far: 5 total 5 finished normally 0 blocked.
Executions attempted so far: 20 total 20 finished normally 0 blocked.
Executions attempted so far: 3 total 3 finished normally 0 blocked.
Executions attempted so far: 8 total 8 finished normally 0 blocked.
Executions attempted so far: 30 total 30 finished normally 0 blocked.
Executions attempted so far: 4 total 4 finished normally 0 blocked.
Executions attempted so far: 6 total 6 finished normally 0 blocked.
Executions attempted so far: 9 total 9 finished normally 0 blocked.
Executions attempted so far: 7 total 7 finished normally 0 blocked.
Executions attempted so far: 5 total 5 finished normally 0 blocked.
Executions attempted so far: 4 total 4 finished normally 0 blocked.
Executions attempted so far: 10 total 10 finished normally 0 blocked.
Executions attempted so far: 8 total 8 finished normally 0 blocked.
Executions attempted so far: 9 total 9 finished normally 0 blocked.
Executions attempted so far: 10 total 10 finished normally 0 blocked.
Executions attempted so far: 6 total 6 finished normally 0 blocked.
Executions attempted so far: 5 total 5 finished normally 0 blocked.
Executions attempted so far: 1 total 1 finished normally 0 blocked.
Executions attempted so far: 7 total 7 finished normally 0 blocked.
Executions attempted so far: 6 total 6 finished normally 0 blocked.
Executions attempted so far: 8 total 8 finished normally 0 blocked.
Executions attempted so far: 2 total 2 finished normally 0 blocked.
Executions attempted so far: 3 total 3 finished normally 0 blocked.
Executions attempted so far: 7 total 7 finished normally 0 blocked.
Executions attempted so far: 9 total 9 finished normally 0 blocked.
Executions attempted so far: 1 total 1 finished normally 0 blocked.
Executions attempted so far: 4 total 4 finished normally 0 blocked.
Executions attempted so far: 1 total 1 finished normally 0 blocked.
Executions attempted so far: 10 total 10 finished normally 0 blocked.
Executions attempted so far: 8 total 8 finished normally 0 blocked.
Executions attempted so far: 5 total 5 finished normally 0 blocked.
Executions attempted so far: 2 total 2 finished normally 0 blocked.
Executions attempted so far: 2 total 2 finished normally 0 blocked.
Executions attempted so far: 6 total 6 finished normally 0 blocked.
Executions attempted so far: 30 total 30 finished normally 0 blocked.
Executions attempted so far: 9 total 9 finished normally 0 blocked.
Executions attempted so far: 1 total 1 finished normally 0 blocked.
Executions attempted so far: 3 total 3 finished normally 0 blocked.
Executions attempted so far: 3 total 3 finished normally 0 blocked.
Executions attempted so far: 7 total 7 finished normally 0 blocked.
Executions attempted so far: 10 total 10 finished normally 0 blocked.
Executions attempted so far: 1 total 1 finished normally 0 blocked.
Executions attempted so far: 2 total 2 finished normally 0 blocked.
Executions attempted so far: 20 total 20 finished normally 0 blocked.
Executions attempted so far: 4 total 4 finished normally 0 blocked.
Executions attempted so far: 4 total 4 finished normally 0 blocked.
Executions attempted so far: 8 total 8 finished normally 0 blocked.
Executions attempted so far: 9 total 9 finished normally 0 blocked.
Executions attempted so far: 3 total 3 finished normally 0 blocked.
Executions attempted so far: 5 total 5 finished normally 0 blocked.
Executions attempted so far: 2 total 2 finished normally 0 blocked.
Executions attempted so far: 5 total 5 finished normally 0 blocked.
Executions attempted so far: 10 total 10 finished normally 0 blocked.
Executions attempted so far: 4 total 4 finished normally 0 blocked.
Executions attempted so far: 6 total 6 finished normally 0 blocked.
Executions attempted so far: 3 total 3 finished normally 0 blocked.
Executions attempted so far: 6 total 6 finished normally 0 blocked.
Executions attempted so far: 20 total 20 finished normally 0 blocked.
Executions attempted so far: 7 total 7 finished normally 0 blocked.
Executions attempted so far: 4 total 4 finished normally 0 blocked.
Executions attempted so far: 5 total 5 finished normally 0 blocked.
Executions attempted so far: 7 total 7 finished normally 0 blocked.
Executions attempted so far: 8 total 8 finished normally 0 blocked.
Executions attempted so far: 6 total 6 finished normally 0 blocked.
Executions attempted so far: 5 total 5 finished normally 0 blocked.
Executions attempted so far: 8 total 8 finished normally 0 blocked.
Executions attempted so far: 40 total 40 finished normally 0 blocked.
Executions attempted so far: 9 total 9 finished normally 0 blocked.
Executions attempted so far: 7 total 7 finished normally 0 blocked.
Executions attempted so far: 6 total 6 finished normally 0 blocked.
Executions attempted so far: 9 total 9 finished normally 0 blocked.
Executions attempted so far: 10 total 10 finished normally 0 blocked.
Executions attempted so far: 8 total 8 finished normally 0 blocked.
Executions attempted so far: 10 total 10 finished normally 0 blocked.
Executions attempted so far: 7 total 7 finished normally 0 blocked.
Executions attempted so far: 40 total 40 finished normally 0 blocked.
Executions attempted so far: 6 total 6 finished normally 0 blocked.
Executions attempted so far: 9 total 9 finished normally 0 blocked.
Executions attempted so far: 8 total 8 finished normally 0 blocked.
Executions attempted so far: 6 total 6 finished normally 0 blocked.
Executions attempted so far: 10 total 10 finished normally 0 blocked.
Executions attempted so far: 7 total 7 finished normally 0 blocked.
Executions attempted so far: 9 total 9 finished normally 0 blocked.
Executions attempted so far: 1 total 1 finished normally 0 blocked.
Executions attempted so far: 7 total 7 finished normally 0 blocked.
Executions attempted so far: 10 total 10 finished normally 0 blocked.
Executions attempted so far: 8 total 8 finished normally 0 blocked.
Executions attempted so far: 2 total 2 finished normally 0 blocked.
Executions attempted so far: 20 total 20 finished normally 0 blocked.
Executions attempted so far: 8 total 8 finished normally 0 blocked.
Executions attempted so far: 20 total 20 finished normally 0 blocked.
Executions attempted so far: 30 total 30 finished normally 0 blocked.
Executions attempted so far: 9 total 9 finished normally 0 blocked.
Executions attempted so far: 3 total 3 finished normally 0 blocked.
Executions attempted so far: 9 total 9 finished normally 0 blocked.
Executions attempted so far: 20 total 20 finished normally 0 blocked.
Executions attempted so far: 10 total 10 finished normally 0 blocked.
Executions attempted so far: 4 total 4 finished normally 0 blocked.
Executions attempted so far: 10 total 10 finished normally 0 blocked.
Executions attempted so far: 5 total 5 finished normally 0 blocked.
Executions attempted so far: 6 total 6 finished normally 0 blocked.
Executions attempted so far: 50 total 50 finished normally 0 blocked.
Executions attempted so far: 50 total 50 finished normally 0 blocked.
Executions attempted so far: 30 total 30 finished normally 0 blocked.
Executions attempted so far: 7 total 7 finished normally 0 blocked.
Executions attempted so far: 8 total 8 finished normally 0 blocked.
Executions attempted so far: 20 total 20 finished normally 0 blocked.
Executions attempted so far: 9 total 9 finished normally 0 blocked.
Executions attempted so far: 20 total 20 finished normally 0 blocked.
Executions attempted so far: 10 total 10 finished normally 0 blocked.
Executions attempted so far: 30 total 30 finished normally 0 blocked.
Executions attempted so far: 20 total 20 finished normally 0 blocked.
Executions attempted so far: 20 total 20 finished normally 0 blocked.
Executions attempted so far: 20 total 20 finished normally 0 blocked.
Executions attempted so far: 20 total 20 finished normally 0 blocked.
Executions attempted so far: 40 total 40 finished normally 0 blocked.
Executions attempted so far: 30 total 30 finished normally 0 blocked.
Executions attempted so far: 20 total 20 finished normally 0 blocked.
Executions attempted so far: 30 total 30 finished normally 0 blocked.
Executions attempted so far: 60 total 60 finished normally 0 blocked.
Executions attempted so far: 60 total 60 finished normally 0 blocked.
Executions attempted so far: 30 total 30 finished normally 0 blocked.
Executions attempted so far: 30 total 30 finished normally 0 blocked.
Executions attempted so far: 40 total 40 finished normally 0 blocked.
Executions attempted so far: 40 total 40 finished normally 0 blocked.
Executions attempted so far: 20 total 20 finished normally 0 blocked.
Executions attempted so far: 30 total 30 finished normally 0 blocked.
Executions attempted so far: 30 total 30 finished normally 0 blocked.
Executions attempted so far: 30 total 30 finished normally 0 blocked.
Executions attempted so far: 30 total 30 finished normally 0 blocked.
Executions attempted so far: 30 total 30 finished normally 0 blocked.
Executions attempted so far: 40 total 40 finished normally 0 blocked.
Executions attempted so far: 40 total 40 finished normally 0 blocked.
Executions attempted so far: 70 total 70 finished normally 0 blocked.
Executions attempted so far: 40 total 40 finished normally 0 blocked.
Executions attempted so far: 20 total 20 finished normally 0 blocked.
Executions attempted so far: 40 total 40 finished normally 0 blocked.
Executions attempted so far: 50 total 50 finished normally 0 blocked.
Executions attempted so far: 30 total 30 finished normally 0 blocked.
Executions attempted so far: 70 total 70 finished normally 0 blocked.
Executions attempted so far: 50 total 50 finished normally 0 blocked.
Executions attempted so far: 40 total 40 finished normally 0 blocked.
Executions attempted so far: 40 total 40 finished normally 0 blocked.
Executions attempted so far: 40 total 40 finished normally 0 blocked.
Executions attempted so far: 40 total 40 finished normally 0 blocked.
Executions attempted so far: 50 total 50 finished normally 0 blocked.
Executions attempted so far: 40 total 40 finished normally 0 blocked.
Executions attempted so far: 50 total 50 finished normally 0 blocked.
Executions attempted so far: 80 total 80 finished normally 0 blocked.
Executions attempted so far: 60 total 60 finished normally 0 blocked.
Executions attempted so far: 50 total 50 finished normally 0 blocked.
Executions attempted so far: 50 total 50 finished normally 0 blocked.
Executions attempted so far: 40 total 40 finished normally 0 blocked.
Executions attempted so far: 60 total 60 finished normally 0 blocked.
Executions attempted so far: 50 total 50 finished normally 0 blocked.
Executions attempted so far: 50 total 50 finished normally 0 blocked.
Executions attempted so far: 50 total 50 finished normally 0 blocked.
Executions attempted so far: 80 total 80 finished normally 0 blocked.
Executions attempted so far: 50 total 50 finished normally 0 blocked.
Executions attempted so far: 50 total 50 finished normally 0 blocked.
Executions attempted so far: 50 total 50 finished normally 0 blocked.
Executions attempted so far: 60 total 60 finished normally 0 blocked.
Executions attempted so far: 90 total 90 finished normally 0 blocked.
Executions attempted so far: 70 total 70 finished normally 0 blocked.
Executions attempted so far: 60 total 60 finished normally 0 blocked.
Executions attempted so far: 60 total 60 finished normally 0 blocked.
Executions attempted so far: 60 total 60 finished normally 0 blocked.
Executions attempted so far: 50 total 50 finished normally 0 blocked.
Executions attempted so far: 60 total 60 finished normally 0 blocked.
Executions attempted so far: 30 total 30 finished normally 0 blocked.
Executions attempted so far: 60 total 60 finished normally 0 blocked.
Executions attempted so far: 70 total 70 finished normally 0 blocked.
Executions attempted so far: 60 total 60 finished normally 0 blocked.
Executions attempted so far: 90 total 90 finished normally 0 blocked.
Executions attempted so far: 60 total 60 finished normally 0 blocked.
Executions attempted so far: 60 total 60 finished normally 0 blocked.
Executions attempted so far: 60 total 60 finished normally 0 blocked.
Executions attempted so far: 70 total 70 finished normally 0 blocked.
Executions attempted so far: 70 total 70 finished normally 0 blocked.
Executions attempted so far: 100 total 100 finished normally 0 blocked.
Executions attempted so far: 80 total 80 finished normally 0 blocked.
Executions attempted so far: 70 total 70 finished normally 0 blocked.
Executions attempted so far: 40 total 40 finished normally 0 blocked.
Executions attempted so far: 60 total 60 finished normally 0 blocked.
Executions attempted so far: 70 total 70 finished normally 0 blocked.
Executions attempted so far: 70 total 70 finished normally 0 blocked.
Executions attempted so far: 80 total 80 finished normally 0 blocked.
Executions attempted so far: 70 total 70 finished normally 0 blocked.
Executions attempted so far: 70 total 70 finished normally 0 blocked.
Executions attempted so far: 100 total 100 finished normally 0 blocked.
Executions attempted so far: 70 total 70 finished normally 0 blocked.
Executions attempted so far: 90 total 90 finished normally 0 blocked.
Executions attempted so far: 80 total 80 finished normally 0 blocked.
Executions attempted so far: 70 total 70 finished normally 0 blocked.
Executions attempted so far: 80 total 80 finished normally 0 blocked.
Executions attempted so far: 80 total 80 finished normally 0 blocked.
Executions attempted so far: 70 total 70 finished normally 0 blocked.
Executions attempted so far: 80 total 80 finished normally 0 blocked.
Executions attempted so far: 80 total 80 finished normally 0 blocked.
Executions attempted so far: 90 total 90 finished normally 0 blocked.
Executions attempted so far: 80 total 80 finished normally 0 blocked.
Executions attempted so far: 80 total 80 finished normally 0 blocked.
Executions attempted so far: 90 total 90 finished normally 0 blocked.
Executions attempted so far: 80 total 80 finished normally 0 blocked.
Executions attempted so far: 100 total 100 finished normally 0 blocked.
Executions attempted so far: 80 total 80 finished normally 0 blocked.
Executions attempted so far: 90 total 90 finished normally 0 blocked.
Executions attempted so far: 50 total 50 finished normally 0 blocked.
Executions attempted so far: 90 total 90 finished normally 0 blocked.
Executions attempted so far: 80 total 80 finished normally 0 blocked.
Executions attempted so far: 90 total 90 finished normally 0 blocked.
Executions attempted so far: 90 total 90 finished normally 0 blocked.
Executions attempted so far: 100 total 100 finished normally 0 blocked.
Executions attempted so far: 90 total 90 finished normally 0 blocked.
Executions attempted so far: 70 total 70 finished normally 0 blocked.
Executions attempted so far: 100 total 100 finished normally 0 blocked.
Executions attempted so far: 90 total 90 finished normally 0 blocked.
Executions attempted so far: 90 total 90 finished normally 0 blocked.
Executions attempted so far: 90 total 90 finished normally 0 blocked.
Executions attempted so far: 100 total 100 finished normally 0 blocked.
Executions attempted so far: 100 total 100 finished normally 0 blocked.
Executions attempted so far: 90 total 90 finished normally 0 blocked.
Executions attempted so far: 100 total 100 finished normally 0 blocked.
Executions attempted so far: 100 total 100 finished normally 0 blocked.
Executions attempted so far: 100 total 100 finished normally 0 blocked.
Executions attempted so far: 100 total 100 finished normally 0 blocked.
Executions attempted so far: 60 total 60 finished normally 0 blocked.
Executions attempted so far: 100 total 100 finished normally 0 blocked.
Executions attempted so far: 100 total 100 finished normally 0 blocked.
Executions attempted so far: 80 total 80 finished normally 0 blocked.
Executions attempted so far: 100 total 100 finished normally 0 blocked.
Executions attempted so far: 70 total 70 finished normally 0 blocked.
Executions attempted so far: 90 total 90 finished normally 0 blocked.
Executions attempted so far: 100 total 100 finished normally 0 blocked.
Executions attempted so far: 80 total 80 finished normally 0 blocked.
Executions attempted so far: 90 total 90 finished normally 0 blocked.
Executions attempted so far: 100 total 100 finished normally 0 blocked.
Executions attempted so far: 200 total 200 finished normally 0 blocked.
Executions attempted so far: 200 total 200 finished normally 0 blocked.
Executions attempted so far: 200 total 200 finished normally 0 blocked.
Executions attempted so far: 200 total 200 finished normally 0 blocked.
Executions attempted so far: 200 total 200 finished normally 0 blocked.
Executions attempted so far: 200 total 200 finished normally 0 blocked.
Executions attempted so far: 200 total 200 finished normally 0 blocked.
Executions attempted so far: 200 total 200 finished normally 0 blocked.
Executions attempted so far: 200 total 200 finished normally 0 blocked.
Executions attempted so far: 200 total 200 finished normally 0 blocked.
Executions attempted so far: 200 total 200 finished normally 0 blocked.
Executions attempted so far: 200 total 200 finished normally 0 blocked.
Executions attempted so far: 200 total 200 finished normally 0 blocked.
Executions attempted so far: 200 total 200 finished normally 0 blocked.
Executions attempted so far: 300 total 300 finished normally 0 blocked.
Executions attempted so far: 200 total 200 finished normally 0 blocked.
Executions attempted so far: 300 total 300 finished normally 0 blocked.
Executions attempted so far: 300 total 300 finished normally 0 blocked.
Executions attempted so far: 300 total 300 finished normally 0 blocked.
Executions attempted so far: 300 total 300 finished normally 0 blocked.
Executions attempted so far: 300 total 300 finished normally 0 blocked.
Executions attempted so far: 300 total 300 finished normally 0 blocked.
Executions attempted so far: 300 total 300 finished normally 0 blocked.
Executions attempted so far: 300 total 300 finished normally 0 blocked.
Executions attempted so far: 300 total 300 finished normally 0 blocked.
Executions attempted so far: 200 total 200 finished normally 0 blocked.
Executions attempted so far: 300 total 300 finished normally 0 blocked.
Executions attempted so far: 300 total 300 finished normally 0 blocked.
Executions attempted so far: 300 total 300 finished normally 0 blocked.
Executions attempted so far: 400 total 400 finished normally 0 blocked.
Executions attempted so far: 300 total 300 finished normally 0 blocked.
Executions attempted so far: 400 total 400 finished normally 0 blocked.
Executions attempted so far: 400 total 400 finished normally 0 blocked.
Executions attempted so far: 400 total 400 finished normally 0 blocked.
Executions attempted so far: 400 total 400 finished normally 0 blocked.
Executions attempted so far: 400 total 400 finished normally 0 blocked.
Executions attempted so far: 400 total 400 finished normally 0 blocked.
Executions attempted so far: 400 total 400 finished normally 0 blocked.
Executions attempted so far: 400 total 400 finished normally 0 blocked.
Executions attempted so far: 400 total 400 finished normally 0 blocked.
Executions attempted so far: 400 total 400 finished normally 0 blocked.
Executions attempted so far: 400 total 400 finished normally 0 blocked.
Executions attempted so far: 500 total 500 finished normally 0 blocked.
Executions attempted so far: 400 total 400 finished normally 0 blocked.
Executions attempted so far: 300 total 300 finished normally 0 blocked.
Executions attempted so far: 400 total 400 finished normally 0 blocked.
Executions attempted so far: 300 total 300 finished normally 0 blocked.
Executions attempted so far: 500 total 500 finished normally 0 blocked.
Executions attempted so far: 500 total 500 finished normally 0 blocked.
Executions attempted so far: 500 total 500 finished normally 0 blocked.
Executions attempted so far: 500 total 500 finished normally 0 blocked.
Executions attempted so far: 500 total 500 finished normally 0 blocked.
Executions attempted so far: 500 total 500 finished normally 0 blocked.
Executions attempted so far: 500 total 500 finished normally 0 blocked.
Executions attempted so far: 500 total 500 finished normally 0 blocked.
Executions attempted so far: 600 total 600 finished normally 0 blocked.
Executions attempted so far: 500 total 500 finished normally 0 blocked.
Executions attempted so far: 500 total 500 finished normally 0 blocked.
Executions attempted so far: 500 total 500 finished normally 0 blocked.
Executions attempted so far: 400 total 400 finished normally 0 blocked.
Executions attempted so far: 500 total 500 finished normally 0 blocked.
Executions attempted so far: 500 total 500 finished normally 0 blocked.
Executions attempted so far: 400 total 400 finished normally 0 blocked.
Executions attempted so far: 600 total 600 finished normally 0 blocked.
Executions attempted so far: 600 total 600 finished normally 0 blocked.
Executions attempted so far: 600 total 600 finished normally 0 blocked.
Executions attempted so far: 600 total 600 finished normally 0 blocked.
Executions attempted so far: 600 total 600 finished normally 0 blocked.
Executions attempted so far: 700 total 700 finished normally 0 blocked.
Executions attempted so far: 600 total 600 finished normally 0 blocked.
Executions attempted so far: 500 total 500 finished normally 0 blocked.
Executions attempted so far: 600 total 600 finished normally 0 blocked.
Executions attempted so far: 600 total 600 finished normally 0 blocked.
Executions attempted so far: 600 total 600 finished normally 0 blocked.
Executions attempted so far: 600 total 600 finished normally 0 blocked.
Executions attempted so far: 600 total 600 finished normally 0 blocked.
Executions attempted so far: 700 total 700 finished normally 0 blocked.
Executions attempted so far: 700 total 700 finished normally 0 blocked.
timed      nodes=3 ballots=1 w=60 l=6 u=20 sd=0  execs=10232 blocked=0 elected=5064 time=398.096207ms
=== END cc_t_n3b1_B rc=0 elapsed=.408682912

=== RUN cc_t_n3b1_C cap=300s CMD: /home/sahar/Desktop/MPI/TraceForge/target/release/examples/comm_closed_leader_election --mode timed --nodes 3 --ballots 1 --u 20 --w 100 --l 2 --sd 5
Executions attempted so far: 1 total 1 finished normally 0 blocked.
Executions attempted so far: 2 total 2 finished normally 0 blocked.
Executions attempted so far: 3 total 3 finished normally 0 blocked.
Executions attempted so far: 4 total 4 finished normally 0 blocked.
Executions attempted so far: 5 total 5 finished normally 0 blocked.
Executions attempted so far: 6 total 6 finished normally 0 blocked.
Executions attempted so far: 1 total 1 finished normally 0 blocked.
Executions attempted so far: 7 total 7 finished normally 0 blocked.
Executions attempted so far: 2 total 2 finished normally 0 blocked.
Executions attempted so far: 1 total 1 finished normally 0 blocked.
Executions attempted so far: 8 total 8 finished normally 0 blocked.
Executions attempted so far: 3 total 3 finished normally 0 blocked.
Executions attempted so far: 9 total 9 finished normally 0 blocked.
Executions attempted so far: 2 total 2 finished normally 0 blocked.
Executions attempted so far: 4 total 4 finished normally 0 blocked.
Executions attempted so far: 10 total 10 finished normally 0 blocked.
Executions attempted so far: 5 total 5 finished normally 0 blocked.
Executions attempted so far: 3 total 3 finished normally 0 blocked.
Executions attempted so far: 6 total 6 finished normally 0 blocked.
Executions attempted so far: 4 total 4 finished normally 0 blocked.
Executions attempted so far: 7 total 7 finished normally 0 blocked.
Executions attempted so far: 5 total 5 finished normally 0 blocked.
Executions attempted so far: 8 total 8 finished normally 0 blocked.
Executions attempted so far: 6 total 6 finished normally 0 blocked.
Executions attempted so far: 9 total 9 finished normally 0 blocked.
Executions attempted so far: 7 total 7 finished normally 0 blocked.
Executions attempted so far: 10 total 10 finished normally 0 blocked.
Executions attempted so far: 8 total 8 finished normally 0 blocked.
Executions attempted so far: 1 total 1 finished normally 0 blocked.
Executions attempted so far: 9 total 9 finished normally 0 blocked.
Executions attempted so far: 10 total 10 finished normally 0 blocked.
Executions attempted so far: 2 total 2 finished normally 0 blocked.
Executions attempted so far: 3 total 3 finished normally 0 blocked.
Executions attempted so far: 4 total 4 finished normally 0 blocked.
Executions attempted so far: 5 total 5 finished normally 0 blocked.
Executions attempted so far: 6 total 6 finished normally 0 blocked.
Executions attempted so far: 7 total 7 finished normally 0 blocked.
Executions attempted so far: 1 total 1 finished normally 0 blocked.
Executions attempted so far: 20 total 20 finished normally 0 blocked.
Executions attempted so far: 8 total 8 finished normally 0 blocked.
Executions attempted so far: 9 total 9 finished normally 0 blocked.
Executions attempted so far: 2 total 2 finished normally 0 blocked.
Executions attempted so far: 10 total 10 finished normally 0 blocked.
Executions attempted so far: 3 total 3 finished normally 0 blocked.
Executions attempted so far: 20 total 20 finished normally 0 blocked.
Executions attempted so far: 4 total 4 finished normally 0 blocked.
Executions attempted so far: 5 total 5 finished normally 0 blocked.
Executions attempted so far: 6 total 6 finished normally 0 blocked.
Executions attempted so far: 7 total 7 finished normally 0 blocked.
Executions attempted so far: 20 total 20 finished normally 0 blocked.
Executions attempted so far: 1 total 1 finished normally 0 blocked.
Executions attempted so far: 8 total 8 finished normally 0 blocked.
Executions attempted so far: 9 total 9 finished normally 0 blocked.
Executions attempted so far: 2 total 2 finished normally 0 blocked.
Executions attempted so far: 1 total 1 finished normally 0 blocked.
Executions attempted so far: 10 total 10 finished normally 0 blocked.
Executions attempted so far: 3 total 3 finished normally 0 blocked.
Executions attempted so far: 4 total 4 finished normally 0 blocked.
Executions attempted so far: 2 total 2 finished normally 0 blocked.
Executions attempted so far: 20 total 20 finished normally 0 blocked.
Executions attempted so far: 5 total 5 finished normally 0 blocked.
Executions attempted so far: 3 total 3 finished normally 0 blocked.
Executions attempted so far: 6 total 6 finished normally 0 blocked.
Executions attempted so far: 4 total 4 finished normally 0 blocked.
Executions attempted so far: 7 total 7 finished normally 0 blocked.
Executions attempted so far: 1 total 1 finished normally 0 blocked.
Executions attempted so far: 5 total 5 finished normally 0 blocked.
Executions attempted so far: 8 total 8 finished normally 0 blocked.
Executions attempted so far: 6 total 6 finished normally 0 blocked.
Executions attempted so far: 9 total 9 finished normally 0 blocked.
Executions attempted so far: 30 total 30 finished normally 0 blocked.
Executions attempted so far: 2 total 2 finished normally 0 blocked.
Executions attempted so far: 7 total 7 finished normally 0 blocked.
Executions attempted so far: 30 total 30 finished normally 0 blocked.
Executions attempted so far: 10 total 10 finished normally 0 blocked.
Executions attempted so far: 8 total 8 finished normally 0 blocked.
Executions attempted so far: 3 total 3 finished normally 0 blocked.
Executions attempted so far: 9 total 9 finished normally 0 blocked.
Executions attempted so far: 1 total 1 finished normally 0 blocked.
Executions attempted so far: 10 total 10 finished normally 0 blocked.
Executions attempted so far: 30 total 30 finished normally 0 blocked.
Executions attempted so far: 4 total 4 finished normally 0 blocked.
Executions attempted so far: 2 total 2 finished normally 0 blocked.
Executions attempted so far: 20 total 20 finished normally 0 blocked.
Executions attempted so far: 5 total 5 finished normally 0 blocked.
Executions attempted so far: 3 total 3 finished normally 0 blocked.
Executions attempted so far: 6 total 6 finished normally 0 blocked.
Executions attempted so far: 4 total 4 finished normally 0 blocked.
Executions attempted so far: 7 total 7 finished normally 0 blocked.
Executions attempted so far: 40 total 40 finished normally 0 blocked.
Executions attempted so far: 5 total 5 finished normally 0 blocked.
Executions attempted so far: 1 total 1 finished normally 0 blocked.
Executions attempted so far: 20 total 20 finished normally 0 blocked.
Executions attempted so far: 8 total 8 finished normally 0 blocked.
Executions attempted so far: 6 total 6 finished normally 0 blocked.
Executions attempted so far: 2 total 2 finished normally 0 blocked.
Executions attempted so far: 3 total 3 finished normally 0 blocked.
Executions attempted so far: 9 total 9 finished normally 0 blocked.
Executions attempted so far: 7 total 7 finished normally 0 blocked.
Executions attempted so far: 20 total 20 finished normally 0 blocked.
Executions attempted so far: 30 total 30 finished normally 0 blocked.
Executions attempted so far: 4 total 4 finished normally 0 blocked.
Executions attempted so far: 40 total 40 finished normally 0 blocked.
Executions attempted so far: 30 total 30 finished normally 0 blocked.
Executions attempted so far: 5 total 5 finished normally 0 blocked.
Executions attempted so far: 10 total 10 finished normally 0 blocked.
Executions attempted so far: 8 total 8 finished normally 0 blocked.
Executions attempted so far: 6 total 6 finished normally 0 blocked.
Executions attempted so far: 7 total 7 finished normally 0 blocked.
Executions attempted so far: 9 total 9 finished normally 0 blocked.
Executions attempted so far: 8 total 8 finished normally 0 blocked.
Executions attempted so far: 9 total 9 finished normally 0 blocked.
Executions attempted so far: 40 total 40 finished normally 0 blocked.
Executions attempted so far: 10 total 10 finished normally 0 blocked.
Executions attempted so far: 1 total 1 finished normally 0 blocked.
Executions attempted so far: 50 total 50 finished normally 0 blocked.
Executions attempted so far: 10 total 10 finished normally 0 blocked.
Executions attempted so far: 30 total 30 finished normally 0 blocked.
Executions attempted so far: 2 total 2 finished normally 0 blocked.
Executions attempted so far: 3 total 3 finished normally 0 blocked.
Executions attempted so far: 4 total 4 finished normally 0 blocked.
Executions attempted so far: 30 total 30 finished normally 0 blocked.
Executions attempted so far: 5 total 5 finished normally 0 blocked.
Executions attempted so far: 6 total 6 finished normally 0 blocked.
Executions attempted so far: 1 total 1 finished normally 0 blocked.
Executions attempted so far: 7 total 7 finished normally 0 blocked.
Executions attempted so far: 2 total 2 finished normally 0 blocked.
Executions attempted so far: 8 total 8 finished normally 0 blocked.
Executions attempted so far: 50 total 50 finished normally 0 blocked.
Executions attempted so far: 9 total 9 finished normally 0 blocked.
Executions attempted so far: 3 total 3 finished normally 0 blocked.
Executions attempted so far: 10 total 10 finished normally 0 blocked.
Executions attempted so far: 4 total 4 finished normally 0 blocked.
Executions attempted so far: 1 total 1 finished normally 0 blocked.
Executions attempted so far: 20 total 20 finished normally 0 blocked.
Executions attempted so far: 5 total 5 finished normally 0 blocked.
Executions attempted so far: 6 total 6 finished normally 0 blocked.
Executions attempted so far: 2 total 2 finished normally 0 blocked.
Executions attempted so far: 7 total 7 finished normally 0 blocked.
Executions attempted so far: 50 total 50 finished normally 0 blocked.
Executions attempted so far: 60 total 60 finished normally 0 blocked.
Executions attempted so far: 40 total 40 finished normally 0 blocked.
Executions attempted so far: 8 total 8 finished normally 0 blocked.
Executions attempted so far: 3 total 3 finished normally 0 blocked.
Executions attempted so far: 9 total 9 finished normally 0 blocked.
Executions attempted so far: 4 total 4 finished normally 0 blocked.
Executions attempted so far: 10 total 10 finished normally 0 blocked.
Executions attempted so far: 5 total 5 finished normally 0 blocked.
Executions attempted so far: 20 total 20 finished normally 0 blocked.
Executions attempted so far: 6 total 6 finished normally 0 blocked.
Executions attempted so far: 30 total 30 finished normally 0 blocked.
Executions attempted so far: 20 total 20 finished normally 0 blocked.
Executions attempted so far: 7 total 7 finished normally 0 blocked.
Executions attempted so far: 1 total 1 finished normally 0 blocked.
Executions attempted so far: 8 total 8 finished normally 0 blocked.
Executions attempted so far: 40 total 40 finished normally 0 blocked.
Executions attempted so far: 9 total 9 finished normally 0 blocked.
Executions attempted so far: 2 total 2 finished normally 0 blocked.
Executions attempted so far: 1 total 1 finished normally 0 blocked.
Executions attempted so far: 20 total 20 finished normally 0 blocked.
Executions attempted so far: 10 total 10 finished normally 0 blocked.
Executions attempted so far: 60 total 60 finished normally 0 blocked.
Executions attempted so far: 3 total 3 finished normally 0 blocked.
Executions attempted so far: 2 total 2 finished normally 0 blocked.
Executions attempted so far: 4 total 4 finished normally 0 blocked.
Executions attempted so far: 70 total 70 finished normally 0 blocked.
Executions attempted so far: 3 total 3 finished normally 0 blocked.
Executions attempted so far: 4 total 4 finished normally 0 blocked.
Executions attempted so far: 5 total 5 finished normally 0 blocked.
Executions attempted so far: 5 total 5 finished normally 0 blocked.
Executions attempted so far: 50 total 50 finished normally 0 blocked.
Executions attempted so far: 6 total 6 finished normally 0 blocked.
Executions attempted so far: 6 total 6 finished normally 0 blocked.
Executions attempted so far: 7 total 7 finished normally 0 blocked.
Executions attempted so far: 7 total 7 finished normally 0 blocked.
Executions attempted so far: 8 total 8 finished normally 0 blocked.
Executions attempted so far: 50 total 50 finished normally 0 blocked.
Executions attempted so far: 30 total 30 finished normally 0 blocked.
Executions attempted so far: 9 total 9 finished normally 0 blocked.
Executions attempted so far: 8 total 8 finished normally 0 blocked.
Executions attempted so far: 30 total 30 finished normally 0 blocked.
Executions attempted so far: 30 total 30 finished normally 0 blocked.
Executions attempted so far: 70 total 70 finished normally 0 blocked.
Executions attempted so far: 40 total 40 finished normally 0 blocked.
Executions attempted so far: 10 total 10 finished normally 0 blocked.
Executions attempted so far: 9 total 9 finished normally 0 blocked.
Executions attempted so far: 10 total 10 finished normally 0 blocked.
Executions attempted so far: 80 total 80 finished normally 0 blocked.
Executions attempted so far: 1 total 1 finished normally 0 blocked.
Executions attempted so far: 60 total 60 finished normally 0 blocked.
Executions attempted so far: 20 total 20 finished normally 0 blocked.
Executions attempted so far: 80 total 80 finished normally 0 blocked.
Executions attempted so far: 2 total 2 finished normally 0 blocked.
Executions attempted so far: 40 total 40 finished normally 0 blocked.
Executions attempted so far: 3 total 3 finished normally 0 blocked.
Executions attempted so far: 4 total 4 finished normally 0 blocked.
Executions attempted so far: 60 total 60 finished normally 0 blocked.
Executions attempted so far: 5 total 5 finished normally 0 blocked.
Executions attempted so far: 90 total 90 finished normally 0 blocked.
Executions attempted so far: 20 total 20 finished normally 0 blocked.
Executions attempted so far: 40 total 40 finished normally 0 blocked.
Executions attempted so far: 40 total 40 finished normally 0 blocked.
Executions attempted so far: 6 total 6 finished normally 0 blocked.
Executions attempted so far: 70 total 70 finished normally 0 blocked.
Executions attempted so far: 30 total 30 finished normally 0 blocked.
Executions attempted so far: 7 total 7 finished normally 0 blocked.
Executions attempted so far: 8 total 8 finished normally 0 blocked.
Executions attempted so far: 50 total 50 finished normally 0 blocked.
Executions attempted so far: 9 total 9 finished normally 0 blocked.
Executions attempted so far: 10 total 10 finished normally 0 blocked.
Executions attempted so far: 50 total 50 finished normally 0 blocked.
Executions attempted so far: 100 total 100 finished normally 0 blocked.
Executions attempted so far: 90 total 90 finished normally 0 blocked.
Executions attempted so far: 80 total 80 finished normally 0 blocked.
Executions attempted so far: 20 total 20 finished normally 0 blocked.
Executions attempted so far: 70 total 70 finished normally 0 blocked.
Executions attempted so far: 60 total 60 finished normally 0 blocked.
Executions attempted so far: 40 total 40 finished normally 0 blocked.
Executions attempted so far: 50 total 50 finished normally 0 blocked.
Executions attempted so far: 60 total 60 finished normally 0 blocked.
Executions attempted so far: 30 total 30 finished normally 0 blocked.
Executions attempted so far: 30 total 30 finished normally 0 blocked.
Executions attempted so far: 70 total 70 finished normally 0 blocked.
Executions attempted so far: 20 total 20 finished normally 0 blocked.
Executions attempted so far: 60 total 60 finished normally 0 blocked.
Executions attempted so far: 90 total 90 finished normally 0 blocked.
Executions attempted so far: 100 total 100 finished normally 0 blocked.
Executions attempted so far: 80 total 80 finished normally 0 blocked.
Executions attempted so far: 60 total 60 finished normally 0 blocked.
Executions attempted so far: 40 total 40 finished normally 0 blocked.
Executions attempted so far: 20 total 20 finished normally 0 blocked.
Executions attempted so far: 40 total 40 finished normally 0 blocked.
Executions attempted so far: 50 total 50 finished normally 0 blocked.
Executions attempted so far: 80 total 80 finished normally 0 blocked.
Executions attempted so far: 70 total 70 finished normally 0 blocked.
Executions attempted so far: 60 total 60 finished normally 0 blocked.
Executions attempted so far: 90 total 90 finished normally 0 blocked.
Executions attempted so far: 70 total 70 finished normally 0 blocked.
Executions attempted so far: 80 total 80 finished normally 0 blocked.
Executions attempted so far: 40 total 40 finished normally 0 blocked.
Executions attempted so far: 90 total 90 finished normally 0 blocked.
Executions attempted so far: 70 total 70 finished normally 0 blocked.
Executions attempted so far: 50 total 50 finished normally 0 blocked.
Executions attempted so far: 70 total 70 finished normally 0 blocked.
Executions attempted so far: 100 total 100 finished normally 0 blocked.
Executions attempted so far: 100 total 100 finished normally 0 blocked.
Executions attempted so far: 80 total 80 finished normally 0 blocked.
Executions attempted so far: 50 total 50 finished normally 0 blocked.
Executions attempted so far: 40 total 40 finished normally 0 blocked.
Executions attempted so far: 60 total 60 finished normally 0 blocked.
Executions attempted so far: 90 total 90 finished normally 0 blocked.
Executions attempted so far: 60 total 60 finished normally 0 blocked.
Executions attempted so far: 30 total 30 finished normally 0 blocked.
Executions attempted so far: 100 total 100 finished normally 0 blocked.
Executions attempted so far: 50 total 50 finished normally 0 blocked.
Executions attempted so far: 50 total 50 finished normally 0 blocked.
Executions attempted so far: 70 total 70 finished normally 0 blocked.
Executions attempted so far: 30 total 30 finished normally 0 blocked.
Executions attempted so far: 80 total 80 finished normally 0 blocked.
Executions attempted so far: 90 total 90 finished normally 0 blocked.
Executions attempted so far: 80 total 80 finished normally 0 blocked.
Executions attempted so far: 40 total 40 finished normally 0 blocked.
Executions attempted so far: 60 total 60 finished normally 0 blocked.
Executions attempted so far: 50 total 50 finished normally 0 blocked.
Executions attempted so far: 60 total 60 finished normally 0 blocked.
Executions attempted so far: 90 total 90 finished normally 0 blocked.
Executions attempted so far: 40 total 40 finished normally 0 blocked.
Executions attempted so far: 80 total 80 finished normally 0 blocked.
Executions attempted so far: 100 total 100 finished normally 0 blocked.
Executions attempted so far: 50 total 50 finished normally 0 blocked.
Executions attempted so far: 70 total 70 finished normally 0 blocked.
Executions attempted so far: 100 total 100 finished normally 0 blocked.
Executions attempted so far: 90 total 90 finished normally 0 blocked.
Executions attempted so far: 70 total 70 finished normally 0 blocked.
Executions attempted so far: 100 total 100 finished normally 0 blocked.
Executions attempted so far: 70 total 70 finished normally 0 blocked.
Executions attempted so far: 60 total 60 finished normally 0 blocked.
Executions attempted so far: 50 total 50 finished normally 0 blocked.
Executions attempted so far: 200 total 200 finished normally 0 blocked.
Executions attempted so far: 90 total 90 finished normally 0 blocked.
Executions attempted so far: 80 total 80 finished normally 0 blocked.
Executions attempted so far: 60 total 60 finished normally 0 blocked.
Executions attempted so far: 100 total 100 finished normally 0 blocked.
Executions attempted so far: 70 total 70 finished normally 0 blocked.
Executions attempted so far: 80 total 80 finished normally 0 blocked.
Executions attempted so far: 80 total 80 finished normally 0 blocked.
Executions attempted so far: 60 total 60 finished normally 0 blocked.
Executions attempted so far: 100 total 100 finished normally 0 blocked.
Executions attempted so far: 90 total 90 finished normally 0 blocked.
Executions attempted so far: 80 total 80 finished normally 0 blocked.
Executions attempted so far: 70 total 70 finished normally 0 blocked.
Executions attempted so far: 90 total 90 finished normally 0 blocked.
Executions attempted so far: 70 total 70 finished normally 0 blocked.
Executions attempted so far: 90 total 90 finished normally 0 blocked.
Executions attempted so far: 80 total 80 finished normally 0 blocked.
Executions attempted so far: 100 total 100 finished normally 0 blocked.
Executions attempted so far: 90 total 90 finished normally 0 blocked.
Executions attempted so far: 100 total 100 finished normally 0 blocked.
Executions attempted so far: 80 total 80 finished normally 0 blocked.
Executions attempted so far: 100 total 100 finished normally 0 blocked.
Executions attempted so far: 200 total 200 finished normally 0 blocked.
Executions attempted so far: 100 total 100 finished normally 0 blocked.
Executions attempted so far: 200 total 200 finished normally 0 blocked.
Executions attempted so far: 90 total 90 finished normally 0 blocked.
Executions attempted so far: 100 total 100 finished normally 0 blocked.
Executions attempted so far: 90 total 90 finished normally 0 blocked.
Executions attempted so far: 100 total 100 finished normally 0 blocked.
Executions attempted so far: 300 total 300 finished normally 0 blocked.
Executions attempted so far: 200 total 200 finished normally 0 blocked.
Executions attempted so far: 300 total 300 finished normally 0 blocked.
Executions attempted so far: 200 total 200 finished normally 0 blocked.
Executions attempted so far: 200 total 200 finished normally 0 blocked.
Executions attempted so far: 200 total 200 finished normally 0 blocked.
Executions attempted so far: 300 total 300 finished normally 0 blocked.
Executions attempted so far: 200 total 200 finished normally 0 blocked.
Executions attempted so far: 200 total 200 finished normally 0 blocked.
Executions attempted so far: 200 total 200 finished normally 0 blocked.
Executions attempted so far: 200 total 200 finished normally 0 blocked.
Executions attempted so far: 200 total 200 finished normally 0 blocked.
Executions attempted so far: 200 total 200 finished normally 0 blocked.
Executions attempted so far: 200 total 200 finished normally 0 blocked.
Executions attempted so far: 400 total 400 finished normally 0 blocked.
Executions attempted so far: 300 total 300 finished normally 0 blocked.
Executions attempted so far: 200 total 200 finished normally 0 blocked.
Executions attempted so far: 300 total 300 finished normally 0 blocked.
Executions attempted so far: 400 total 400 finished normally 0 blocked.
Executions attempted so far: 400 total 400 finished normally 0 blocked.
Executions attempted so far: 200 total 200 finished normally 0 blocked.
Executions attempted so far: 300 total 300 finished normally 0 blocked.
Executions attempted so far: 300 total 300 finished normally 0 blocked.
Executions attempted so far: 300 total 300 finished normally 0 blocked.
Executions attempted so far: 300 total 300 finished normally 0 blocked.
Executions attempted so far: 300 total 300 finished normally 0 blocked.
Executions attempted so far: 300 total 300 finished normally 0 blocked.
Executions attempted so far: 400 total 400 finished normally 0 blocked.
Executions attempted so far: 500 total 500 finished normally 0 blocked.
Executions attempted so far: 300 total 300 finished normally 0 blocked.
Executions attempted so far: 500 total 500 finished normally 0 blocked.
Executions attempted so far: 300 total 300 finished normally 0 blocked.
Executions attempted so far: 300 total 300 finished normally 0 blocked.
Executions attempted so far: 300 total 300 finished normally 0 blocked.
Executions attempted so far: 300 total 300 finished normally 0 blocked.
Executions attempted so far: 500 total 500 finished normally 0 blocked.
Executions attempted so far: 400 total 400 finished normally 0 blocked.
Executions attempted so far: 400 total 400 finished normally 0 blocked.
Executions attempted so far: 500 total 500 finished normally 0 blocked.
Executions attempted so far: 600 total 600 finished normally 0 blocked.
Executions attempted so far: 400 total 400 finished normally 0 blocked.
Executions attempted so far: 400 total 400 finished normally 0 blocked.
Executions attempted so far: 400 total 400 finished normally 0 blocked.
Executions attempted so far: 400 total 400 finished normally 0 blocked.
Executions attempted so far: 600 total 600 finished normally 0 blocked.
Executions attempted so far: 400 total 400 finished normally 0 blocked.
Executions attempted so far: 400 total 400 finished normally 0 blocked.
Executions attempted so far: 400 total 400 finished normally 0 blocked.
Executions attempted so far: 400 total 400 finished normally 0 blocked.
Executions attempted so far: 400 total 400 finished normally 0 blocked.
Executions attempted so far: 400 total 400 finished normally 0 blocked.
Executions attempted so far: 600 total 600 finished normally 0 blocked.
Executions attempted so far: 500 total 500 finished normally 0 blocked.
Executions attempted so far: 600 total 600 finished normally 0 blocked.
Executions attempted so far: 500 total 500 finished normally 0 blocked.
Executions attempted so far: 700 total 700 finished normally 0 blocked.
Executions attempted so far: 500 total 500 finished normally 0 blocked.
Executions attempted so far: 500 total 500 finished normally 0 blocked.
Executions attempted so far: 500 total 500 finished normally 0 blocked.
Executions attempted so far: 500 total 500 finished normally 0 blocked.
Executions attempted so far: 700 total 700 finished normally 0 blocked.
Executions attempted so far: 500 total 500 finished normally 0 blocked.
Executions attempted so far: 500 total 500 finished normally 0 blocked.
Executions attempted so far: 500 total 500 finished normally 0 blocked.
Executions attempted so far: 500 total 500 finished normally 0 blocked.
Executions attempted so far: 700 total 700 finished normally 0 blocked.
Executions attempted so far: 600 total 600 finished normally 0 blocked.
Executions attempted so far: 700 total 700 finished normally 0 blocked.
Executions attempted so far: 500 total 500 finished normally 0 blocked.
Executions attempted so far: 600 total 600 finished normally 0 blocked.
Executions attempted so far: 800 total 800 finished normally 0 blocked.
Executions attempted so far: 600 total 600 finished normally 0 blocked.
Executions attempted so far: 500 total 500 finished normally 0 blocked.
Executions attempted so far: 800 total 800 finished normally 0 blocked.
Executions attempted so far: 600 total 600 finished normally 0 blocked.
Executions attempted so far: 700 total 700 finished normally 0 blocked.
timed      nodes=3 ballots=1 w=100 l=2 u=20 sd=5  execs=10232 blocked=0 elected=5064 time=426.696426ms
=== END cc_t_n3b1_C rc=0 elapsed=.437396673

=== RUN cc_t_n3b1_F cap=300s CMD: /home/sahar/Desktop/MPI/TraceForge/target/release/examples/comm_closed_leader_election --mode timed --nodes 3 --ballots 1 --u 20 --w 40 --l 0 --sd 10
Executions attempted so far: 1 total 1 finished normally 0 blocked.
Executions attempted so far: 2 total 2 finished normally 0 blocked.
Executions attempted so far: 3 total 3 finished normally 0 blocked.
Executions attempted so far: 4 total 4 finished normally 0 blocked.
Executions attempted so far: 5 total 5 finished normally 0 blocked.
Executions attempted so far: 6 total 6 finished normally 0 blocked.
Executions attempted so far: 7 total 7 finished normally 0 blocked.
Executions attempted so far: 1 total 1 finished normally 0 blocked.
Executions attempted so far: 2 total 2 finished normally 0 blocked.
Executions attempted so far: 1 total 1 finished normally 0 blocked.
Executions attempted so far: 8 total 8 finished normally 0 blocked.
Executions attempted so far: 3 total 3 finished normally 0 blocked.
Executions attempted so far: 9 total 9 finished normally 0 blocked.
Executions attempted so far: 2 total 2 finished normally 0 blocked.
Executions attempted so far: 4 total 4 finished normally 0 blocked.
Executions attempted so far: 10 total 10 finished normally 0 blocked.
Executions attempted so far: 3 total 3 finished normally 0 blocked.
Executions attempted so far: 5 total 5 finished normally 0 blocked.
Executions attempted so far: 4 total 4 finished normally 0 blocked.
Executions attempted so far: 6 total 6 finished normally 0 blocked.
Executions attempted so far: 5 total 5 finished normally 0 blocked.
Executions attempted so far: 7 total 7 finished normally 0 blocked.
Executions attempted so far: 6 total 6 finished normally 0 blocked.
Executions attempted so far: 8 total 8 finished normally 0 blocked.
Executions attempted so far: 7 total 7 finished normally 0 blocked.
Executions attempted so far: 9 total 9 finished normally 0 blocked.
Executions attempted so far: 10 total 10 finished normally 0 blocked.
Executions attempted so far: 8 total 8 finished normally 0 blocked.
Executions attempted so far: 9 total 9 finished normally 0 blocked.
Executions attempted so far: 1 total 1 finished normally 0 blocked.
Executions attempted so far: 10 total 10 finished normally 0 blocked.
Executions attempted so far: 2 total 2 finished normally 0 blocked.
Executions attempted so far: 3 total 3 finished normally 0 blocked.
Executions attempted so far: 4 total 4 finished normally 0 blocked.
Executions attempted so far: 5 total 5 finished normally 0 blocked.
Executions attempted so far: 6 total 6 finished normally 0 blocked.
Executions attempted so far: 1 total 1 finished normally 0 blocked.
Executions attempted so far: 7 total 7 finished normally 0 blocked.
Executions attempted so far: 20 total 20 finished normally 0 blocked.
Executions attempted so far: 8 total 8 finished normally 0 blocked.
Executions attempted so far: 2 total 2 finished normally 0 blocked.
Executions attempted so far: 9 total 9 finished normally 0 blocked.
Executions attempted so far: 20 total 20 finished normally 0 blocked.
Executions attempted so far: 10 total 10 finished normally 0 blocked.
Executions attempted so far: 3 total 3 finished normally 0 blocked.
Executions attempted so far: 4 total 4 finished normally 0 blocked.
Executions attempted so far: 5 total 5 finished normally 0 blocked.
Executions attempted so far: 6 total 6 finished normally 0 blocked.
Executions attempted so far: 7 total 7 finished normally 0 blocked.
Executions attempted so far: 20 total 20 finished normally 0 blocked.
Executions attempted so far: 8 total 8 finished normally 0 blocked.
Executions attempted so far: 1 total 1 finished normally 0 blocked.
Executions attempted so far: 9 total 9 finished normally 0 blocked.
Executions attempted so far: 1 total 1 finished normally 0 blocked.
Executions attempted so far: 10 total 10 finished normally 0 blocked.
Executions attempted so far: 2 total 2 finished normally 0 blocked.
Executions attempted so far: 2 total 2 finished normally 0 blocked.
Executions attempted so far: 3 total 3 finished normally 0 blocked.
Executions attempted so far: 4 total 4 finished normally 0 blocked.
Executions attempted so far: 3 total 3 finished normally 0 blocked.
Executions attempted so far: 1 total 1 finished normally 0 blocked.
Executions attempted so far: 5 total 5 finished normally 0 blocked.
Executions attempted so far: 30 total 30 finished normally 0 blocked.
Executions attempted so far: 20 total 20 finished normally 0 blocked.
Executions attempted so far: 4 total 4 finished normally 0 blocked.
Executions attempted so far: 6 total 6 finished normally 0 blocked.
Executions attempted so far: 2 total 2 finished normally 0 blocked.
Executions attempted so far: 30 total 30 finished normally 0 blocked.
Executions attempted so far: 5 total 5 finished normally 0 blocked.
Executions attempted so far: 7 total 7 finished normally 0 blocked.
Executions attempted so far: 3 total 3 finished normally 0 blocked.
Executions attempted so far: 6 total 6 finished normally 0 blocked.
Executions attempted so far: 7 total 7 finished normally 0 blocked.
Executions attempted so far: 4 total 4 finished normally 0 blocked.
Executions attempted so far: 8 total 8 finished normally 0 blocked.
Executions attempted so far: 8 total 8 finished normally 0 blocked.
Executions attempted so far: 5 total 5 finished normally 0 blocked.
Executions attempted so far: 9 total 9 finished normally 0 blocked.
Executions attempted so far: 9 total 9 finished normally 0 blocked.
Executions attempted so far: 6 total 6 finished normally 0 blocked.
Executions attempted so far: 10 total 10 finished normally 0 blocked.
Executions attempted so far: 30 total 30 finished normally 0 blocked.
Executions attempted so far: 7 total 7 finished normally 0 blocked.
Executions attempted so far: 10 total 10 finished normally 0 blocked.
Executions attempted so far: 8 total 8 finished normally 0 blocked.
Executions attempted so far: 1 total 1 finished normally 0 blocked.
Executions attempted so far: 20 total 20 finished normally 0 blocked.
Executions attempted so far: 9 total 9 finished normally 0 blocked.
Executions attempted so far: 1 total 1 finished normally 0 blocked.
Executions attempted so far: 10 total 10 finished normally 0 blocked.
Executions attempted so far: 2 total 2 finished normally 0 blocked.
Executions attempted so far: 40 total 40 finished normally 0 blocked.
Executions attempted so far: 2 total 2 finished normally 0 blocked.
Executions attempted so far: 3 total 3 finished normally 0 blocked.
Executions attempted so far: 40 total 40 finished normally 0 blocked.
Executions attempted so far: 30 total 30 finished normally 0 blocked.
Executions attempted so far: 3 total 3 finished normally 0 blocked.
Executions attempted so far: 4 total 4 finished normally 0 blocked.
Executions attempted so far: 4 total 4 finished normally 0 blocked.
Executions attempted so far: 5 total 5 finished normally 0 blocked.
Executions attempted so far: 40 total 40 finished normally 0 blocked.
Executions attempted so far: 20 total 20 finished normally 0 blocked.
Executions attempted so far: 6 total 6 finished normally 0 blocked.
Executions attempted so far: 5 total 5 finished normally 0 blocked.
Executions attempted so far: 7 total 7 finished normally 0 blocked.
Executions attempted so far: 6 total 6 finished normally 0 blocked.
Executions attempted so far: 1 total 1 finished normally 0 blocked.
Executions attempted so far: 50 total 50 finished normally 0 blocked.
Executions attempted so far: 2 total 2 finished normally 0 blocked.
Executions attempted so far: 40 total 40 finished normally 0 blocked.
Executions attempted so far: 7 total 7 finished normally 0 blocked.
Executions attempted so far: 8 total 8 finished normally 0 blocked.
Executions attempted so far: 3 total 3 finished normally 0 blocked.
Executions attempted so far: 4 total 4 finished normally 0 blocked.
Executions attempted so far: 1 total 1 finished normally 0 blocked.
Executions attempted so far: 9 total 9 finished normally 0 blocked.
Executions attempted so far: 8 total 8 finished normally 0 blocked.
Executions attempted so far: 5 total 5 finished normally 0 blocked.
Executions attempted so far: 50 total 50 finished normally 0 blocked.
Executions attempted so far: 10 total 10 finished normally 0 blocked.
Executions attempted so far: 6 total 6 finished normally 0 blocked.
Executions attempted so far: 20 total 20 finished normally 0 blocked.
Executions attempted so far: 9 total 9 finished normally 0 blocked.
Executions attempted so far: 2 total 2 finished normally 0 blocked.
Executions attempted so far: 7 total 7 finished normally 0 blocked.
Executions attempted so far: 10 total 10 finished normally 0 blocked.
Executions attempted so far: 3 total 3 finished normally 0 blocked.
Executions attempted so far: 8 total 8 finished normally 0 blocked.
Executions attempted so far: 30 total 30 finished normally 0 blocked.
Executions attempted so far: 1 total 1 finished normally 0 blocked.
Executions attempted so far: 9 total 9 finished normally 0 blocked.
Executions attempted so far: 4 total 4 finished normally 0 blocked.
Executions attempted so far: 50 total 50 finished normally 0 blocked.
Executions attempted so far: 10 total 10 finished normally 0 blocked.
Executions attempted so far: 2 total 2 finished normally 0 blocked.
Executions attempted so far: 50 total 50 finished normally 0 blocked.
Executions attempted so far: 5 total 5 finished normally 0 blocked.
Executions attempted so far: 3 total 3 finished normally 0 blocked.
Executions attempted so far: 6 total 6 finished normally 0 blocked.
Executions attempted so far: 30 total 30 finished normally 0 blocked.
Executions attempted so far: 4 total 4 finished normally 0 blocked.
Executions attempted so far: 7 total 7 finished normally 0 blocked.
Executions attempted so far: 5 total 5 finished normally 0 blocked.
Executions attempted so far: 8 total 8 finished normally 0 blocked.
Executions attempted so far: 1 total 1 finished normally 0 blocked.
Executions attempted so far: 6 total 6 finished normally 0 blocked.
Executions attempted so far: 9 total 9 finished normally 0 blocked.
Executions attempted so far: 60 total 60 finished normally 0 blocked.
Executions attempted so far: 2 total 2 finished normally 0 blocked.
Executions attempted so far: 10 total 10 finished normally 0 blocked.
Executions attempted so far: 7 total 7 finished normally 0 blocked.
Executions attempted so far: 20 total 20 finished normally 0 blocked.
Executions attempted so far: 20 total 20 finished normally 0 blocked.
Executions attempted so far: 3 total 3 finished normally 0 blocked.
Executions attempted so far: 8 total 8 finished normally 0 blocked.
Executions attempted so far: 20 total 20 finished normally 0 blocked.
Executions attempted so far: 30 total 30 finished normally 0 blocked.
Executions attempted so far: 60 total 60 finished normally 0 blocked.
Executions attempted so far: 60 total 60 finished normally 0 blocked.
Executions attempted so far: 60 total 60 finished normally 0 blocked.
Executions attempted so far: 4 total 4 finished normally 0 blocked.
Executions attempted so far: 9 total 9 finished normally 0 blocked.
Executions attempted so far: 5 total 5 finished normally 0 blocked.
Executions attempted so far: 10 total 10 finished normally 0 blocked.
Executions attempted so far: 40 total 40 finished normally 0 blocked.
Executions attempted so far: 6 total 6 finished normally 0 blocked.
Executions attempted so far: 70 total 70 finished normally 0 blocked.
Executions attempted so far: 7 total 7 finished normally 0 blocked.
Executions attempted so far: 8 total 8 finished normally 0 blocked.
Executions attempted so far: 30 total 30 finished normally 0 blocked.
Executions attempted so far: 70 total 70 finished normally 0 blocked.
Executions attempted so far: 9 total 9 finished normally 0 blocked.
Executions attempted so far: 10 total 10 finished normally 0 blocked.
Executions attempted so far: 50 total 50 finished normally 0 blocked.
Executions attempted so far: 20 total 20 finished normally 0 blocked.
Executions attempted so far: 30 total 30 finished normally 0 blocked.
Executions attempted so far: 80 total 80 finished normally 0 blocked.
Executions attempted so far: 40 total 40 finished normally 0 blocked.
Executions attempted so far: 80 total 80 finished normally 0 blocked.
Executions attempted so far: 70 total 70 finished normally 0 blocked.
Executions attempted so far: 20 total 20 finished normally 0 blocked.
Executions attempted so far: 60 total 60 finished normally 0 blocked.
Executions attempted so far: 30 total 30 finished normally 0 blocked.
Executions attempted so far: 40 total 40 finished normally 0 blocked.
Executions attempted so far: 20 total 20 finished normally 0 blocked.
Executions attempted so far: 70 total 70 finished normally 0 blocked.
Executions attempted so far: 1 total 1 finished normally 0 blocked.
Executions attempted so far: 50 total 50 finished normally 0 blocked.
Executions attempted so far: 90 total 90 finished normally 0 blocked.
Executions attempted so far: 2 total 2 finished normally 0 blocked.
Executions attempted so far: 3 total 3 finished normally 0 blocked.
Executions attempted so far: 4 total 4 finished normally 0 blocked.
Executions attempted so far: 1 total 1 finished normally 0 blocked.
Executions attempted so far: 30 total 30 finished normally 0 blocked.
Executions attempted so far: 90 total 90 finished normally 0 blocked.
Executions attempted so far: 5 total 5 finished normally 0 blocked.
Executions attempted so far: 2 total 2 finished normally 0 blocked.
Executions attempted so far: 6 total 6 finished normally 0 blocked.
Executions attempted so far: 70 total 70 finished normally 0 blocked.
Executions attempted so far: 3 total 3 finished normally 0 blocked.
Executions attempted so far: 80 total 80 finished normally 0 blocked.
Executions attempted so far: 60 total 60 finished normally 0 blocked.
Executions attempted so far: 7 total 7 finished normally 0 blocked.
Executions attempted so far: 40 total 40 finished normally 0 blocked.
Executions attempted so far: 4 total 4 finished normally 0 blocked.
Executions attempted so far: 100 total 100 finished normally 0 blocked.
Executions attempted so far: 5 total 5 finished normally 0 blocked.
Executions attempted so far: 8 total 8 finished normally 0 blocked.
Executions attempted so far: 30 total 30 finished normally 0 blocked.
Executions attempted so far: 6 total 6 finished normally 0 blocked.
Executions attempted so far: 7 total 7 finished normally 0 blocked.
Executions attempted so far: 9 total 9 finished normally 0 blocked.
Executions attempted so far: 8 total 8 finished normally 0 blocked.
Executions attempted so far: 10 total 10 finished normally 0 blocked.
Executions attempted so far: 9 total 9 finished normally 0 blocked.
Executions attempted so far: 10 total 10 finished normally 0 blocked.
Executions attempted so far: 50 total 50 finished normally 0 blocked.
Executions attempted so far: 20 total 20 finished normally 0 blocked.
Executions attempted so far: 80 total 80 finished normally 0 blocked.
Executions attempted so far: 100 total 100 finished normally 0 blocked.
Executions attempted so far: 90 total 90 finished normally 0 blocked.
Executions attempted so far: 30 total 30 finished normally 0 blocked.
Executions attempted so far: 70 total 70 finished normally 0 blocked.
Executions attempted so far: 80 total 80 finished normally 0 blocked.
Executions attempted so far: 100 total 100 finished normally 0 blocked.
Executions attempted so far: 40 total 40 finished normally 0 blocked.
Executions attempted so far: 80 total 80 finished normally 0 blocked.
Executions attempted so far: 30 total 30 finished normally 0 blocked.
Executions attempted so far: 90 total 90 finished normally 0 blocked.
Executions attempted so far: 60 total 60 finished normally 0 blocked.
Executions attempted so far: 90 total 90 finished normally 0 blocked.
Executions attempted so far: 90 total 90 finished normally 0 blocked.
Executions attempted so far: 40 total 40 finished normally 0 blocked.
Executions attempted so far: 40 total 40 finished normally 0 blocked.
Executions attempted so far: 40 total 40 finished normally 0 blocked.
Executions attempted so far: 50 total 50 finished normally 0 blocked.
Executions attempted so far: 70 total 70 finished normally 0 blocked.
Executions attempted so far: 100 total 100 finished normally 0 blocked.
Executions attempted so far: 40 total 40 finished normally 0 blocked.
Executions attempted so far: 20 total 20 finished normally 0 blocked.
Executions attempted so far: 50 total 50 finished normally 0 blocked.
Executions attempted so far: 20 total 20 finished normally 0 blocked.
Executions attempted so far: 50 total 50 finished normally 0 blocked.
Executions attempted so far: 40 total 40 finished normally 0 blocked.
Executions attempted so far: 50 total 50 finished normally 0 blocked.
Executions attempted so far: 60 total 60 finished normally 0 blocked.
Executions attempted so far: 100 total 100 finished normally 0 blocked.
Executions attempted so far: 80 total 80 finished normally 0 blocked.
Executions attempted so far: 100 total 100 finished normally 0 blocked.
Executions attempted so far: 30 total 30 finished normally 0 blocked.
Executions attempted so far: 60 total 60 finished normally 0 blocked.
Executions attempted so far: 50 total 50 finished normally 0 blocked.
Executions attempted so far: 60 total 60 finished normally 0 blocked.
Executions attempted so far: 30 total 30 finished normally 0 blocked.
Executions attempted so far: 50 total 50 finished normally 0 blocked.
Executions attempted so far: 70 total 70 finished normally 0 blocked.
Executions attempted so far: 50 total 50 finished normally 0 blocked.
Executions attempted so far: 60 total 60 finished normally 0 blocked.
Executions attempted so far: 90 total 90 finished normally 0 blocked.
Executions attempted so far: 40 total 40 finished normally 0 blocked.
Executions attempted so far: 70 total 70 finished normally 0 blocked.
Executions attempted so far: 60 total 60 finished normally 0 blocked.
Executions attempted so far: 40 total 40 finished normally 0 blocked.
Executions attempted so far: 70 total 70 finished normally 0 blocked.
Executions attempted so far: 80 total 80 finished normally 0 blocked.
Executions attempted so far: 60 total 60 finished normally 0 blocked.
Executions attempted so far: 60 total 60 finished normally 0 blocked.
Executions attempted so far: 100 total 100 finished normally 0 blocked.
Executions attempted so far: 70 total 70 finished normally 0 blocked.
Executions attempted so far: 70 total 70 finished normally 0 blocked.
Executions attempted so far: 50 total 50 finished normally 0 blocked.
Executions attempted so far: 80 total 80 finished normally 0 blocked.
Executions attempted so far: 50 total 50 finished normally 0 blocked.
Executions attempted so far: 80 total 80 finished normally 0 blocked.
Executions attempted so far: 70 total 70 finished normally 0 blocked.
Executions attempted so far: 90 total 90 finished normally 0 blocked.
Executions attempted so far: 70 total 70 finished normally 0 blocked.
Executions attempted so far: 80 total 80 finished normally 0 blocked.
Executions attempted so far: 80 total 80 finished normally 0 blocked.
Executions attempted so far: 60 total 60 finished normally 0 blocked.
Executions attempted so far: 90 total 90 finished normally 0 blocked.
Executions attempted so far: 60 total 60 finished normally 0 blocked.
Executions attempted so far: 90 total 90 finished normally 0 blocked.
Executions attempted so far: 100 total 100 finished normally 0 blocked.
Executions attempted so far: 80 total 80 finished normally 0 blocked.
Executions attempted so far: 80 total 80 finished normally 0 blocked.
Executions attempted so far: 90 total 90 finished normally 0 blocked.
Executions attempted so far: 90 total 90 finished normally 0 blocked.
Executions attempted so far: 70 total 70 finished normally 0 blocked.
Executions attempted so far: 100 total 100 finished normally 0 blocked.
Executions attempted so far: 70 total 70 finished normally 0 blocked.
Executions attempted so far: 100 total 100 finished normally 0 blocked.
Executions attempted so far: 90 total 90 finished normally 0 blocked.
Executions attempted so far: 200 total 200 finished normally 0 blocked.
Executions attempted so far: 100 total 100 finished normally 0 blocked.
Executions attempted so far: 100 total 100 finished normally 0 blocked.
Executions attempted so far: 80 total 80 finished normally 0 blocked.
Executions attempted so far: 200 total 200 finished normally 0 blocked.
Executions attempted so far: 90 total 90 finished normally 0 blocked.
Executions attempted so far: 100 total 100 finished normally 0 blocked.
Executions attempted so far: 200 total 200 finished normally 0 blocked.
Executions attempted so far: 90 total 90 finished normally 0 blocked.
Executions attempted so far: 80 total 80 finished normally 0 blocked.
Executions attempted so far: 100 total 100 finished normally 0 blocked.
Executions attempted so far: 200 total 200 finished normally 0 blocked.
Executions attempted so far: 90 total 90 finished normally 0 blocked.
Executions attempted so far: 100 total 100 finished normally 0 blocked.
Executions attempted so far: 100 total 100 finished normally 0 blocked.
Executions attempted so far: 200 total 200 finished normally 0 blocked.
Executions attempted so far: 200 total 200 finished normally 0 blocked.
Executions attempted so far: 300 total 300 finished normally 0 blocked.
Executions attempted so far: 200 total 200 finished normally 0 blocked.
Executions attempted so far: 300 total 300 finished normally 0 blocked.
Executions attempted so far: 300 total 300 finished normally 0 blocked.
Executions attempted so far: 200 total 200 finished normally 0 blocked.
Executions attempted so far: 200 total 200 finished normally 0 blocked.
Executions attempted so far: 300 total 300 finished normally 0 blocked.
Executions attempted so far: 200 total 200 finished normally 0 blocked.
Executions attempted so far: 200 total 200 finished normally 0 blocked.
Executions attempted so far: 400 total 400 finished normally 0 blocked.
Executions attempted so far: 200 total 200 finished normally 0 blocked.
Executions attempted so far: 300 total 300 finished normally 0 blocked.
Executions attempted so far: 200 total 200 finished normally 0 blocked.
Executions attempted so far: 200 total 200 finished normally 0 blocked.
Executions attempted so far: 300 total 300 finished normally 0 blocked.
Executions attempted so far: 200 total 200 finished normally 0 blocked.
Executions attempted so far: 200 total 200 finished normally 0 blocked.
Executions attempted so far: 300 total 300 finished normally 0 blocked.
Executions attempted so far: 400 total 400 finished normally 0 blocked.
Executions attempted so far: 300 total 300 finished normally 0 blocked.
Executions attempted so far: 300 total 300 finished normally 0 blocked.
Executions attempted so far: 400 total 400 finished normally 0 blocked.
Executions attempted so far: 300 total 300 finished normally 0 blocked.
Executions attempted so far: 500 total 500 finished normally 0 blocked.
Executions attempted so far: 400 total 400 finished normally 0 blocked.
Executions attempted so far: 300 total 300 finished normally 0 blocked.
Executions attempted so far: 400 total 400 finished normally 0 blocked.
Executions attempted so far: 300 total 300 finished normally 0 blocked.
Executions attempted so far: 500 total 500 finished normally 0 blocked.
Executions attempted so far: 300 total 300 finished normally 0 blocked.
Executions attempted so far: 400 total 400 finished normally 0 blocked.
Executions attempted so far: 500 total 500 finished normally 0 blocked.
Executions attempted so far: 300 total 300 finished normally 0 blocked.
Executions attempted so far: 400 total 400 finished normally 0 blocked.
Executions attempted so far: 600 total 600 finished normally 0 blocked.
Executions attempted so far: 400 total 400 finished normally 0 blocked.
Executions attempted so far: 300 total 300 finished normally 0 blocked.
Executions attempted so far: 500 total 500 finished normally 0 blocked.
Executions attempted so far: 300 total 300 finished normally 0 blocked.
Executions attempted so far: 400 total 400 finished normally 0 blocked.
Executions attempted so far: 500 total 500 finished normally 0 blocked.
Executions attempted so far: 400 total 400 finished normally 0 blocked.
Executions attempted so far: 400 total 400 finished normally 0 blocked.
Executions attempted so far: 400 total 400 finished normally 0 blocked.
Executions attempted so far: 600 total 600 finished normally 0 blocked.
Executions attempted so far: 600 total 600 finished normally 0 blocked.
Executions attempted so far: 500 total 500 finished normally 0 blocked.
Executions attempted so far: 400 total 400 finished normally 0 blocked.
Executions attempted so far: 400 total 400 finished normally 0 blocked.
Executions attempted so far: 500 total 500 finished normally 0 blocked.
Executions attempted so far: 500 total 500 finished normally 0 blocked.
Executions attempted so far: 400 total 400 finished normally 0 blocked.
Executions attempted so far: 600 total 600 finished normally 0 blocked.
Executions attempted so far: 500 total 500 finished normally 0 blocked.
Executions attempted so far: 600 total 600 finished normally 0 blocked.
Executions attempted so far: 500 total 500 finished normally 0 blocked.
Executions attempted so far: 400 total 400 finished normally 0 blocked.
Executions attempted so far: 500 total 500 finished normally 0 blocked.
Executions attempted so far: 700 total 700 finished normally 0 blocked.
Executions attempted so far: 700 total 700 finished normally 0 blocked.
Executions attempted so far: 600 total 600 finished normally 0 blocked.
Executions attempted so far: 500 total 500 finished normally 0 blocked.
Executions attempted so far: 500 total 500 finished normally 0 blocked.
Executions attempted so far: 600 total 600 finished normally 0 blocked.
Executions attempted so far: 700 total 700 finished normally 0 blocked.
Executions attempted so far: 500 total 500 finished normally 0 blocked.
Executions attempted so far: 500 total 500 finished normally 0 blocked.
Executions attempted so far: 600 total 600 finished normally 0 blocked.
Executions attempted so far: 600 total 600 finished normally 0 blocked.
Executions attempted so far: 700 total 700 finished normally 0 blocked.
Executions attempted so far: 600 total 600 finished normally 0 blocked.
Executions attempted so far: 600 total 600 finished normally 0 blocked.
Executions attempted so far: 700 total 700 finished normally 0 blocked.
timed      nodes=3 ballots=1 w=40 l=0 u=20 sd=10  execs=10232 blocked=0 elected=5064 time=407.383867ms
=== END cc_t_n3b1_F rc=0 elapsed=.416269110

=== RUN ccx_t_n3b1_A cap=300s CMD: /home/sahar/Desktop/MPI/TraceForge/target/release/examples/comm_closed_leader_election_inbox --mode timed --nodes 3 --ballots 1 --u 20 --w 200 --l 18 --sd 2
timed      nodes=3 ballots=1 w=200 l=18 u=20 sd=2  execs=158 blocked=0 elected=21 time=266.306575ms
=== END ccx_t_n3b1_A rc=0 elapsed=.277960705

=== RUN ccx_t_n3b1_B cap=300s CMD: /home/sahar/Desktop/MPI/TraceForge/target/release/examples/comm_closed_leader_election_inbox --mode timed --nodes 3 --ballots 1 --u 20 --w 60 --l 6 --sd 0
timed      nodes=3 ballots=1 w=60 l=6 u=20 sd=0  execs=884 blocked=0 elected=507 time=290.037771ms
=== END ccx_t_n3b1_B rc=0 elapsed=.302577488

=== RUN ccx_t_n3b1_C cap=300s CMD: /home/sahar/Desktop/MPI/TraceForge/target/release/examples/comm_closed_leader_election_inbox --mode timed --nodes 3 --ballots 1 --u 20 --w 100 --l 2 --sd 5
timed      nodes=3 ballots=1 w=100 l=2 u=20 sd=5  execs=884 blocked=0 elected=507 time=288.520274ms
=== END ccx_t_n3b1_C rc=0 elapsed=.301354200

=== RUN ccx_t_n3b1_F cap=300s CMD: /home/sahar/Desktop/MPI/TraceForge/target/release/examples/comm_closed_leader_election_inbox --mode timed --nodes 3 --ballots 1 --u 20 --w 40 --l 0 --sd 10
timed      nodes=3 ballots=1 w=40 l=0 u=20 sd=10  execs=1290 blocked=0 elected=660 time=308.886405ms
=== END ccx_t_n3b1_F rc=0 elapsed=.321962275

=== RUN pc_t_n3_w7 cap=120s CMD: /home/sahar/Desktop/MPI/TraceForge/target/release/examples/three_pc_timed --mode timed --participants 3 --u 20 --w-ratio 7 --delta 21 --l-ratio 0.0 --sd-ratio 0.25
timed      N=3 R=1  L=0 U=20 W=140 (W/U=7) sd=5  execs=466    blocked=0      commit=144    abort=226    time=86.788395ms
=== END pc_t_n3_w7 rc=0 elapsed=.098506989

=== RUN pc_t_n4_w7 cap=300s CMD: /home/sahar/Desktop/MPI/TraceForge/target/release/examples/three_pc_timed --mode timed --participants 4 --u 20 --w-ratio 7 --delta 21 --l-ratio 0.0 --sd-ratio 0.25
timed      N=4 R=1  L=0 U=20 W=140 (W/U=7) sd=5  execs=3178   blocked=0      commit=1152   abort=1274   time=462.909133ms
=== END pc_t_n4_w7 rc=0 elapsed=.472881118

=== RUN pc_t_n5_w2 cap=600s CMD: /home/sahar/Desktop/MPI/TraceForge/target/release/examples/three_pc_timed --mode timed --participants 5 --u 20 --w-ratio 2 --delta 21 --l-ratio 0.0 --sd-ratio 0.25
timed      N=5 R=1  L=0 U=20 W=40 (W/U=2) sd=5  execs=9149   blocked=0      commit=0      abort=8503   time=1.108661726s
=== END pc_t_n5_w2 rc=0 elapsed=1.116436452

=== RUN pc_t_n5_w3 cap=600s CMD: /home/sahar/Desktop/MPI/TraceForge/target/release/examples/three_pc_timed --mode timed --participants 5 --u 20 --w-ratio 3 --delta 21 --l-ratio 0.0 --sd-ratio 0.25
timed      N=5 R=1  L=0 U=20 W=60 (W/U=3) sd=5  execs=10124  blocked=0      commit=128    abort=7360   time=1.426087027s
=== END pc_t_n5_w3 rc=0 elapsed=1.433853087

=== RUN pc_t_n5_w5 cap=600s CMD: /home/sahar/Desktop/MPI/TraceForge/target/release/examples/three_pc_timed --mode timed --participants 5 --u 20 --w-ratio 5 --delta 21 --l-ratio 0.0 --sd-ratio 0.25
timed      N=5 R=1  L=0 U=20 W=100 (W/U=5) sd=5  execs=17843  blocked=0      commit=3072   abort=7239   time=2.583864235s
=== END pc_t_n5_w5 rc=0 elapsed=2.591456290

=== RUN pc_t_n5_w7 cap=600s CMD: /home/sahar/Desktop/MPI/TraceForge/target/release/examples/three_pc_timed --mode timed --participants 5 --u 20 --w-ratio 7 --delta 21 --l-ratio 0.0 --sd-ratio 0.25
timed      N=5 R=1  L=0 U=20 W=140 (W/U=7) sd=5  execs=16773  blocked=0      commit=3840   abort=7077   time=2.656226944s
=== END pc_t_n5_w7 rc=0 elapsed=2.665118274

=== RUN pc_t_n5_w10 cap=600s CMD: /home/sahar/Desktop/MPI/TraceForge/target/release/examples/three_pc_timed --mode timed --participants 5 --u 20 --w-ratio 10 --delta 21 --l-ratio 0.0 --sd-ratio 0.25
timed      N=5 R=1  L=0 U=20 W=200 (W/U=10) sd=5  execs=16213  blocked=0      commit=3840   abort=7077   time=2.390384961s
=== END pc_t_n5_w10 rc=0 elapsed=2.397829403

=== RUN pc_t_n5_w7_sd50 cap=600s CMD: /home/sahar/Desktop/MPI/TraceForge/target/release/examples/three_pc_timed --mode timed --participants 5 --u 20 --w-ratio 7 --delta 21 --l-ratio 0.0 --sd-ratio 0.5
timed      N=5 R=1  L=0 U=20 W=140 (W/U=7) sd=10  execs=33797  blocked=0      commit=19200  abort=7077   time=5.853536462s
=== END pc_t_n5_w7_sd50 rc=0 elapsed=5.860772944

=== RUN pc_t_n5_w7_l25 cap=600s CMD: /home/sahar/Desktop/MPI/TraceForge/target/release/examples/three_pc_timed --mode timed --participants 5 --u 20 --w-ratio 7 --delta 21 --l-ratio 0.25 --sd-ratio 0.25
timed      N=5 R=1  L=5 U=20 W=140 (W/U=7) sd=5  execs=4152   blocked=0      commit=0      abort=3320   time=599.883158ms
=== END pc_t_n5_w7_l25 rc=0 elapsed=.607110927

=== RUN pc_t_n5_w7_ddef cap=600s CMD: /home/sahar/Desktop/MPI/TraceForge/target/release/examples/three_pc_timed --mode timed --participants 5 --u 20 --w-ratio 7 --l-ratio 0.0 --sd-ratio 0.25
timed      N=5 R=1  L=0 U=20 W=140 (W/U=7) sd=5  execs=2165   blocked=0      commit=0      abort=2157   time=317.475202ms
=== END pc_t_n5_w7_ddef rc=0 elapsed=.324953788

=== RUN pc_t_n3r2_w7 cap=300s CMD: /home/sahar/Desktop/MPI/TraceForge/target/release/examples/three_pc_timed --mode timed --participants 3 --rounds 2 --u 20 --w-ratio 7 --delta 21 --l-ratio 0.0 --sd-ratio 0.25
timed      N=3 R=2  L=0 U=20 W=140 (W/U=7) sd=5  execs=34602  blocked=0      commit=26256  abort=35708  time=5.55906457s
=== END pc_t_n3r2_w7 rc=0 elapsed=5.572631777

=== RUN pc_base_n4_r1 cap=1800s CMD: /home/sahar/Desktop/MPI/TraceForge/target/release/examples/three_pc_timed --mode baseline --participants 4 --u 20 --w-ratio 7
baseline   N=4 R=1  L=0 U=20 W=140 (W/U=7) sd=0  execs=49816  blocked=0      commit=9216   abort=25624  time=4.741994934s
=== END pc_base_n4_r1 rc=0 elapsed=4.749639137

=== RUN pc_base_n3_r2 cap=1800s CMD: /home/sahar/Desktop/MPI/TraceForge/target/release/examples/three_pc_timed --mode baseline --participants 3 --rounds 2 --u 20 --w-ratio 7
baseline   N=3 R=2  L=0 U=20 W=140 (W/U=7) sd=0  execs=3612857 blocked=0      commit=333360 abort=6421414 time=384.631877094s
=== END pc_base_n3_r2 rc=0 elapsed=384.640259579

=== RUN ccx_t_n4b1_A cap=900s CMD: /home/sahar/Desktop/MPI/TraceForge/target/release/examples/comm_closed_leader_election_inbox --mode timed --nodes 4 --ballots 1 --u 20 --w 200 --l 18 --sd 2
timed      nodes=4 ballots=1 w=200 l=18 u=20 sd=2  execs=996 blocked=0 elected=60 time=296.98945ms
=== END ccx_t_n4b1_A rc=0 elapsed=.308584713

=== RUN ccx_t_n4b1_F cap=900s CMD: /home/sahar/Desktop/MPI/TraceForge/target/release/examples/comm_closed_leader_election_inbox --mode timed --nodes 4 --ballots 1 --u 20 --w 40 --l 0 --sd 10
timed      nodes=4 ballots=1 w=40 l=0 u=20 sd=10  execs=53479 blocked=0 elected=11816 time=1.502810259s
=== END ccx_t_n4b1_F rc=0 elapsed=1.513367687

=== RUN cc_t_n4b1_A cap=900s CMD: /home/sahar/Desktop/MPI/TraceForge/target/release/examples/comm_closed_leader_election --mode timed --nodes 4 --ballots 1 --u 20 --w 200 --l 18 --sd 2
Executions attempted so far: 1 total 1 finished normally 0 blocked.
Executions attempted so far: 2 total 2 finished normally 0 blocked.
Executions attempted so far: 3 total 3 finished normally 0 blocked.
Executions attempted so far: 1 total 1 finished normally 0 blocked.
Executions attempted so far: 4 total 4 finished normally 0 blocked.
Executions attempted so far: 2 total 2 finished normally 0 blocked.
Executions attempted so far: 1 total 1 finished normally 0 blocked.
Executions attempted so far: 3 total 3 finished normally 0 blocked.
Executions attempted so far: 2 total 2 finished normally 0 blocked.
Executions attempted so far: 4 total 4 finished normally 0 blocked.
Executions attempted so far: 5 total 5 finished normally 0 blocked.
Executions attempted so far: 1 total 1 finished normally 0 blocked.
Executions attempted so far: 3 total 3 finished normally 0 blocked.
Executions attempted so far: 6 total 6 finished normally 0 blocked.
Executions attempted so far: 2 total 2 finished normally 0 blocked.
Executions attempted so far: 4 total 4 finished normally 0 blocked.
Executions attempted so far: 7 total 7 finished normally 0 blocked.
Executions attempted so far: 3 total 3 finished normally 0 blocked.
Executions attempted so far: 5 total 5 finished normally 0 blocked.
Executions attempted so far: 8 total 8 finished normally 0 blocked.
Executions attempted so far: 4 total 4 finished normally 0 blocked.
Executions attempted so far: 6 total 6 finished normally 0 blocked.
Executions attempted so far: 1 total 1 finished normally 0 blocked.
Executions attempted so far: 7 total 7 finished normally 0 blocked.
Executions attempted so far: 2 total 2 finished normally 0 blocked.
Executions attempted so far: 5 total 5 finished normally 0 blocked.
Executions attempted so far: 8 total 8 finished normally 0 blocked.
Executions attempted so far: 1 total 1 finished normally 0 blocked.
Executions attempted so far: 9 total 9 finished normally 0 blocked.
Executions attempted so far: 3 total 3 finished normally 0 blocked.
Executions attempted so far: 6 total 6 finished normally 0 blocked.
Executions attempted so far: 10 total 10 finished normally 0 blocked.
Executions attempted so far: 2 total 2 finished normally 0 blocked.
Executions attempted so far: 7 total 7 finished normally 0 blocked.
Executions attempted so far: 4 total 4 finished normally 0 blocked.
Executions attempted so far: 3 total 3 finished normally 0 blocked.
Executions attempted so far: 8 total 8 finished normally 0 blocked.
Executions attempted so far: 5 total 5 finished normally 0 blocked.
Executions attempted so far: 5 total 5 finished normally 0 blocked.
Executions attempted so far: 4 total 4 finished normally 0 blocked.
Executions attempted so far: 6 total 6 finished normally 0 blocked.
Executions attempted so far: 6 total 6 finished normally 0 blocked.
Executions attempted so far: 5 total 5 finished normally 0 blocked.
Executions attempted so far: 9 total 9 finished normally 0 blocked.
Executions attempted so far: 6 total 6 finished normally 0 blocked.
Executions attempted so far: 7 total 7 finished normally 0 blocked.
Executions attempted so far: 7 total 7 finished normally 0 blocked.
Executions attempted so far: 7 total 7 finished normally 0 blocked.
Executions attempted so far: 1 total 1 finished normally 0 blocked.
Executions attempted so far: 1 total 1 finished normally 0 blocked.
Executions attempted so far: 8 total 8 finished normally 0 blocked.
Executions attempted so far: 8 total 8 finished normally 0 blocked.
Executions attempted so far: 1 total 1 finished normally 0 blocked.
Executions attempted so far: 8 total 8 finished normally 0 blocked.
Executions attempted so far: 10 total 10 finished normally 0 blocked.
Executions attempted so far: 2 total 2 finished normally 0 blocked.
Executions attempted so far: 1 total 1 finished normally 0 blocked.
Executions attempted so far: 2 total 2 finished normally 0 blocked.
Executions attempted so far: 2 total 2 finished normally 0 blocked.
Executions attempted so far: 3 total 3 finished normally 0 blocked.
Executions attempted so far: 3 total 3 finished normally 0 blocked.
Executions attempted so far: 2 total 2 finished normally 0 blocked.
Executions attempted so far: 3 total 3 finished normally 0 blocked.
Executions attempted so far: 4 total 4 finished normally 0 blocked.
Executions attempted so far: 1 total 1 finished normally 0 blocked.
Executions attempted so far: 4 total 4 finished normally 0 blocked.
Executions attempted so far: 5 total 5 finished normally 0 blocked.
Executions attempted so far: 4 total 4 finished normally 0 blocked.
Executions attempted so far: 3 total 3 finished normally 0 blocked.
Executions attempted so far: 6 total 6 finished normally 0 blocked.
Executions attempted so far: 2 total 2 finished normally 0 blocked.
Executions attempted so far: 9 total 9 finished normally 0 blocked.
Executions attempted so far: 5 total 5 finished normally 0 blocked.
Executions attempted so far: 7 total 7 finished normally 0 blocked.
Executions attempted so far: 4 total 4 finished normally 0 blocked.
Executions attempted so far: 3 total 3 finished normally 0 blocked.
Executions attempted so far: 1 total 1 finished normally 0 blocked.
Executions attempted so far: 8 total 8 finished normally 0 blocked.
Executions attempted so far: 10 total 10 finished normally 0 blocked.
Executions attempted so far: 6 total 6 finished normally 0 blocked.
Executions attempted so far: 4 total 4 finished normally 0 blocked.
Executions attempted so far: 5 total 5 finished normally 0 blocked.
Executions attempted so far: 2 total 2 finished normally 0 blocked.
Executions attempted so far: 9 total 9 finished normally 0 blocked.
Executions attempted so far: 7 total 7 finished normally 0 blocked.
Executions attempted so far: 5 total 5 finished normally 0 blocked.
Executions attempted so far: 6 total 6 finished normally 0 blocked.
Executions attempted so far: 3 total 3 finished normally 0 blocked.
Executions attempted so far: 8 total 8 finished normally 0 blocked.
Executions attempted so far: 10 total 10 finished normally 0 blocked.
Executions attempted so far: 6 total 6 finished normally 0 blocked.
Executions attempted so far: 7 total 7 finished normally 0 blocked.
Executions attempted so far: 4 total 4 finished normally 0 blocked.
Executions attempted so far: 7 total 7 finished normally 0 blocked.
Executions attempted so far: 8 total 8 finished normally 0 blocked.
Executions attempted so far: 5 total 5 finished normally 0 blocked.
Executions attempted so far: 8 total 8 finished normally 0 blocked.
Executions attempted so far: 9 total 9 finished normally 0 blocked.
Executions attempted so far: 6 total 6 finished normally 0 blocked.
Executions attempted so far: 9 total 9 finished normally 0 blocked.
Executions attempted so far: 10 total 10 finished normally 0 blocked.
Executions attempted so far: 7 total 7 finished normally 0 blocked.
Executions attempted so far: 10 total 10 finished normally 0 blocked.
Executions attempted so far: 8 total 8 finished normally 0 blocked.
Executions attempted so far: 1 total 1 finished normally 0 blocked.
Executions attempted so far: 1 total 1 finished normally 0 blocked.
Executions attempted so far: 9 total 9 finished normally 0 blocked.
Executions attempted so far: 20 total 20 finished normally 0 blocked.
Executions attempted so far: 2 total 2 finished normally 0 blocked.
Executions attempted so far: 1 total 1 finished normally 0 blocked.
Executions attempted so far: 10 total 10 finished normally 0 blocked.
Executions attempted so far: 2 total 2 finished normally 0 blocked.
Executions attempted so far: 9 total 9 finished normally 0 blocked.
Executions attempted so far: 20 total 20 finished normally 0 blocked.
Executions attempted so far: 3 total 3 finished normally 0 blocked.
Executions attempted so far: 9 total 9 finished normally 0 blocked.
Executions attempted so far: 3 total 3 finished normally 0 blocked.
Executions attempted so far: 9 total 9 finished normally 0 blocked.
Executions attempted so far: 2 total 2 finished normally 0 blocked.
Executions attempted so far: 10 total 10 finished normally 0 blocked.
Executions attempted so far: 4 total 4 finished normally 0 blocked.
Executions attempted so far: 10 total 10 finished normally 0 blocked.
Executions attempted so far: 4 total 4 finished normally 0 blocked.
Executions attempted so far: 10 total 10 finished normally 0 blocked.
Executions attempted so far: 3 total 3 finished normally 0 blocked.
Executions attempted so far: 5 total 5 finished normally 0 blocked.
Executions attempted so far: 9 total 9 finished normally 0 blocked.
Executions attempted so far: 5 total 5 finished normally 0 blocked.
Executions attempted so far: 5 total 5 finished normally 0 blocked.
Executions attempted so far: 4 total 4 finished normally 0 blocked.
Executions attempted so far: 6 total 6 finished normally 0 blocked.
Executions attempted so far: 10 total 10 finished normally 0 blocked.
Executions attempted so far: 6 total 6 finished normally 0 blocked.
Executions attempted so far: 5 total 5 finished normally 0 blocked.
Executions attempted so far: 20 total 20 finished normally 0 blocked.
Executions attempted so far: 7 total 7 finished normally 0 blocked.
Executions attempted so far: 6 total 6 finished normally 0 blocked.
Executions attempted so far: 7 total 7 finished normally 0 blocked.
Executions attempted so far: 6 total 6 finished normally 0 blocked.
Executions attempted so far: 8 total 8 finished normally 0 blocked.
Executions attempted so far: 7 total 7 finished normally 0 blocked.
Executions attempted so far: 8 total 8 finished normally 0 blocked.
Executions attempted so far: 7 total 7 finished normally 0 blocked.
Executions attempted so far: 9 total 9 finished normally 0 blocked.
Executions attempted so far: 8 total 8 finished normally 0 blocked.
Executions attempted so far: 9 total 9 finished normally 0 blocked.
Executions attempted so far: 8 total 8 finished normally 0 blocked.
Executions attempted so far: 10 total 10 finished normally 0 blocked.
Executions attempted so far: 9 total 9 finished normally 0 blocked.
Executions attempted so far: 10 total 10 finished normally 0 blocked.
Executions attempted so far: 9 total 9 finished normally 0 blocked.
Executions attempted so far: 10 total 10 finished normally 0 blocked.
Executions attempted so far: 10 total 10 finished normally 0 blocked.
Executions attempted so far: 20 total 20 finished normally 0 blocked.
Executions attempted so far: 30 total 30 finished normally 0 blocked.
Executions attempted so far: 1 total 1 finished normally 0 blocked.
Executions attempted so far: 20 total 20 finished normally 0 blocked.
Executions attempted so far: 30 total 30 finished normally 0 blocked.
Executions attempted so far: 20 total 20 finished normally 0 blocked.
Executions attempted so far: 20 total 20 finished normally 0 blocked.
Executions attempted so far: 20 total 20 finished normally 0 blocked.
Executions attempted so far: 2 total 2 finished normally 0 blocked.
Executions attempted so far: 3 total 3 finished normally 0 blocked.
Executions attempted so far: 20 total 20 finished normally 0 blocked.
Executions attempted so far: 4 total 4 finished normally 0 blocked.
Executions attempted so far: 30 total 30 finished normally 0 blocked.
Executions attempted so far: 5 total 5 finished normally 0 blocked.
Executions attempted so far: 6 total 6 finished normally 0 blocked.
Executions attempted so far: 20 total 20 finished normally 0 blocked.
Executions attempted so far: 7 total 7 finished normally 0 blocked.
Executions attempted so far: 8 total 8 finished normally 0 blocked.
Executions attempted so far: 9 total 9 finished normally 0 blocked.
Executions attempted so far: 20 total 20 finished normally 0 blocked.
Executions attempted so far: 20 total 20 finished normally 0 blocked.
Executions attempted so far: 40 total 40 finished normally 0 blocked.
Executions attempted so far: 10 total 10 finished normally 0 blocked.
Executions attempted so far: 30 total 30 finished normally 0 blocked.
Executions attempted so far: 30 total 30 finished normally 0 blocked.
Executions attempted so far: 40 total 40 finished normally 0 blocked.
Executions attempted so far: 30 total 30 finished normally 0 blocked.
Executions attempted so far: 20 total 20 finished normally 0 blocked.
Executions attempted so far: 30 total 30 finished normally 0 blocked.
Executions attempted so far: 30 total 30 finished normally 0 blocked.
Executions attempted so far: 30 total 30 finished normally 0 blocked.
Executions attempted so far: 20 total 20 finished normally 0 blocked.
Executions attempted so far: 40 total 40 finished normally 0 blocked.
Executions attempted so far: 30 total 30 finished normally 0 blocked.
Executions attempted so far: 50 total 50 finished normally 0 blocked.
Executions attempted so far: 30 total 30 finished normally 0 blocked.
Executions attempted so far: 30 total 30 finished normally 0 blocked.
Executions attempted so far: 40 total 40 finished normally 0 blocked.
Executions attempted so far: 40 total 40 finished normally 0 blocked.
Executions attempted so far: 40 total 40 finished normally 0 blocked.
Executions attempted so far: 20 total 20 finished normally 0 blocked.
Executions attempted so far: 50 total 50 finished normally 0 blocked.
Executions attempted so far: 40 total 40 finished normally 0 blocked.
Executions attempted so far: 40 total 40 finished normally 0 blocked.
Executions attempted so far: 60 total 60 finished normally 0 blocked.
Executions attempted so far: 40 total 40 finished normally 0 blocked.
Executions attempted so far: 40 total 40 finished normally 0 blocked.
Executions attempted so far: 50 total 50 finished normally 0 blocked.
Executions attempted so far: 40 total 40 finished normally 0 blocked.
Executions attempted so far: 40 total 40 finished normally 0 blocked.
Executions attempted so far: 70 total 70 finished normally 0 blocked.
Executions attempted so far: 50 total 50 finished normally 0 blocked.
Executions attempted so far: 50 total 50 finished normally 0 blocked.
Executions attempted so far: 50 total 50 finished normally 0 blocked.
Executions attempted so far: 20 total 20 finished normally 0 blocked.
Executions attempted so far: 50 total 50 finished normally 0 blocked.
Executions attempted so far: 50 total 50 finished normally 0 blocked.
Executions attempted so far: 50 total 50 finished normally 0 blocked.
Executions attempted so far: 30 total 30 finished normally 0 blocked.
Executions attempted so far: 30 total 30 finished normally 0 blocked.
Executions attempted so far: 60 total 60 finished normally 0 blocked.
Executions attempted so far: 50 total 50 finished normally 0 blocked.
Executions attempted so far: 50 total 50 finished normally 0 blocked.
Executions attempted so far: 50 total 50 finished normally 0 blocked.
Executions attempted so far: 60 total 60 finished normally 0 blocked.
Executions attempted so far: 60 total 60 finished normally 0 blocked.
Executions attempted so far: 60 total 60 finished normally 0 blocked.
Executions attempted so far: 60 total 60 finished normally 0 blocked.
Executions attempted so far: 60 total 60 finished normally 0 blocked.
Executions attempted so far: 30 total 30 finished normally 0 blocked.
Executions attempted so far: 60 total 60 finished normally 0 blocked.
Executions attempted so far: 60 total 60 finished normally 0 blocked.
Executions attempted so far: 40 total 40 finished normally 0 blocked.
Executions attempted so far: 40 total 40 finished normally 0 blocked.
Executions attempted so far: 60 total 60 finished normally 0 blocked.
Executions attempted so far: 80 total 80 finished normally 0 blocked.
Executions attempted so far: 70 total 70 finished normally 0 blocked.
Executions attempted so far: 60 total 60 finished normally 0 blocked.
Executions attempted so far: 70 total 70 finished normally 0 blocked.
Executions attempted so far: 70 total 70 finished normally 0 blocked.
Executions attempted so far: 70 total 70 finished normally 0 blocked.
Executions attempted so far: 30 total 30 finished normally 0 blocked.
Executions attempted so far: 70 total 70 finished normally 0 blocked.
Executions attempted so far: 70 total 70 finished normally 0 blocked.
Executions attempted so far: 70 total 70 finished normally 0 blocked.
Executions attempted so far: 70 total 70 finished normally 0 blocked.
Executions attempted so far: 50 total 50 finished normally 0 blocked.
Executions attempted so far: 50 total 50 finished normally 0 blocked.
Executions attempted so far: 70 total 70 finished normally 0 blocked.
Executions attempted so far: 80 total 80 finished normally 0 blocked.
Executions attempted so far: 90 total 90 finished normally 0 blocked.
Executions attempted so far: 70 total 70 finished normally 0 blocked.
Executions attempted so far: 80 total 80 finished normally 0 blocked.
Executions attempted so far: 80 total 80 finished normally 0 blocked.
Executions attempted so far: 80 total 80 finished normally 0 blocked.
Executions attempted so far: 80 total 80 finished normally 0 blocked.
Executions attempted so far: 80 total 80 finished normally 0 blocked.
Executions attempted so far: 80 total 80 finished normally 0 blocked.
Executions attempted so far: 60 total 60 finished normally 0 blocked.
Executions attempted so far: 40 total 40 finished normally 0 blocked.
Executions attempted so far: 80 total 80 finished normally 0 blocked.
Executions attempted so far: 80 total 80 finished normally 0 blocked.
Executions attempted so far: 60 total 60 finished normally 0 blocked.
Executions attempted so far: 60 total 60 finished normally 0 blocked.
Executions attempted so far: 80 total 80 finished normally 0 blocked.
Executions attempted so far: 90 total 90 finished normally 0 blocked.
Executions attempted so far: 100 total 100 finished normally 0 blocked.
Executions attempted so far: 90 total 90 finished normally 0 blocked.
Executions attempted so far: 90 total 90 finished normally 0 blocked.
Executions attempted so far: 40 total 40 finished normally 0 blocked.
Executions attempted so far: 70 total 70 finished normally 0 blocked.
Executions attempted so far: 90 total 90 finished normally 0 blocked.
Executions attempted so far: 90 total 90 finished normally 0 blocked.
Executions attempted so far: 90 total 90 finished normally 0 blocked.
Executions attempted so far: 90 total 90 finished normally 0 blocked.
Executions attempted so far: 90 total 90 finished normally 0 blocked.
Executions attempted so far: 70 total 70 finished normally 0 blocked.
Executions attempted so far: 90 total 90 finished normally 0 blocked.
Executions attempted so far: 70 total 70 finished normally 0 blocked.
Executions attempted so far: 100 total 100 finished normally 0 blocked.
Executions attempted so far: 90 total 90 finished normally 0 blocked.
Executions attempted so far: 100 total 100 finished normally 0 blocked.
Executions attempted so far: 100 total 100 finished normally 0 blocked.
Executions attempted so far: 100 total 100 finished normally 0 blocked.
Executions attempted so far: 80 total 80 finished normally 0 blocked.
Executions attempted so far: 50 total 50 finished normally 0 blocked.
Executions attempted so far: 100 total 100 finished normally 0 blocked.
Executions attempted so far: 100 total 100 finished normally 0 blocked.
Executions attempted so far: 100 total 100 finished normally 0 blocked.
Executions attempted so far: 100 total 100 finished normally 0 blocked.
Executions attempted so far: 100 total 100 finished normally 0 blocked.
Executions attempted so far: 80 total 80 finished normally 0 blocked.
Executions attempted so far: 80 total 80 finished normally 0 blocked.
Executions attempted so far: 100 total 100 finished normally 0 blocked.
Executions attempted so far: 50 total 50 finished normally 0 blocked.
Executions attempted so far: 90 total 90 finished normally 0 blocked.
Executions attempted so far: 90 total 90 finished normally 0 blocked.
Executions attempted so far: 90 total 90 finished normally 0 blocked.
Executions attempted so far: 100 total 100 finished normally 0 blocked.
Executions attempted so far: 100 total 100 finished normally 0 blocked.
Executions attempted so far: 100 total 100 finished normally 0 blocked.
Executions attempted so far: 60 total 60 finished normally 0 blocked.
Executions attempted so far: 60 total 60 finished normally 0 blocked.
Executions attempted so far: 70 total 70 finished normally 0 blocked.
Executions attempted so far: 70 total 70 finished normally 0 blocked.
Executions attempted so far: 80 total 80 finished normally 0 blocked.
Executions attempted so far: 80 total 80 finished normally 0 blocked.
Executions attempted so far: 90 total 90 finished normally 0 blocked.
Executions attempted so far: 90 total 90 finished normally 0 blocked.
Executions attempted so far: 200 total 200 finished normally 0 blocked.
Executions attempted so far: 200 total 200 finished normally 0 blocked.
Executions attempted so far: 200 total 200 finished normally 0 blocked.
Executions attempted so far: 200 total 200 finished normally 0 blocked.
Executions attempted so far: 200 total 200 finished normally 0 blocked.
Executions attempted so far: 100 total 100 finished normally 0 blocked.
Executions attempted so far: 200 total 200 finished normally 0 blocked.
Executions attempted so far: 200 total 200 finished normally 0 blocked.
Executions attempted so far: 200 total 200 finished normally 0 blocked.
Executions attempted so far: 200 total 200 finished normally 0 blocked.
Executions attempted so far: 100 total 100 finished normally 0 blocked.
Executions attempted so far: 200 total 200 finished normally 0 blocked.
Executions attempted so far: 200 total 200 finished normally 0 blocked.
Executions attempted so far: 200 total 200 finished normally 0 blocked.
Executions attempted so far: 200 total 200 finished normally 0 blocked.
Executions attempted so far: 200 total 200 finished normally 0 blocked.
Executions attempted so far: 300 total 300 finished normally 0 blocked.
Executions attempted so far: 300 total 300 finished normally 0 blocked.
Executions attempted so far: 300 total 300 finished normally 0 blocked.
Executions attempted so far: 300 total 300 finished normally 0 blocked.
Executions attempted so far: 300 total 300 finished normally 0 blocked.
Executions attempted so far: 300 total 300 finished normally 0 blocked.
Executions attempted so far: 300 total 300 finished normally 0 blocked.
Executions attempted so far: 300 total 300 finished normally 0 blocked.
Executions attempted so far: 300 total 300 finished normally 0 blocked.
Executions attempted so far: 300 total 300 finished normally 0 blocked.
Executions attempted so far: 300 total 300 finished normally 0 blocked.
Executions attempted so far: 300 total 300 finished normally 0 blocked.
Executions attempted so far: 300 total 300 finished normally 0 blocked.
Executions attempted so far: 300 total 300 finished normally 0 blocked.
Executions attempted so far: 400 total 400 finished normally 0 blocked.
Executions attempted so far: 400 total 400 finished normally 0 blocked.
Executions attempted so far: 400 total 400 finished normally 0 blocked.
Executions attempted so far: 200 total 200 finished normally 0 blocked.
Executions attempted so far: 400 total 400 finished normally 0 blocked.
Executions attempted so far: 200 total 200 finished normally 0 blocked.
Executions attempted so far: 400 total 400 finished normally 0 blocked.
Executions attempted so far: 400 total 400 finished normally 0 blocked.
Executions attempted so far: 400 total 400 finished normally 0 blocked.
Executions attempted so far: 400 total 400 finished normally 0 blocked.
Executions attempted so far: 400 total 400 finished normally 0 blocked.
Executions attempted so far: 400 total 400 finished normally 0 blocked.
Executions attempted so far: 400 total 400 finished normally 0 blocked.
Executions attempted so far: 400 total 400 finished normally 0 blocked.
Executions attempted so far: 400 total 400 finished normally 0 blocked.
Executions attempted so far: 400 total 400 finished normally 0 blocked.
Executions attempted so far: 500 total 500 finished normally 0 blocked.
Executions attempted so far: 500 total 500 finished normally 0 blocked.
Executions attempted so far: 500 total 500 finished normally 0 blocked.
Executions attempted so far: 500 total 500 finished normally 0 blocked.
Executions attempted so far: 500 total 500 finished normally 0 blocked.
Executions attempted so far: 500 total 500 finished normally 0 blocked.
Executions attempted so far: 500 total 500 finished normally 0 blocked.
Executions attempted so far: 500 total 500 finished normally 0 blocked.
Executions attempted so far: 500 total 500 finished normally 0 blocked.
Executions attempted so far: 500 total 500 finished normally 0 blocked.
Executions attempted so far: 500 total 500 finished normally 0 blocked.
Executions attempted so far: 500 total 500 finished normally 0 blocked.
Executions attempted so far: 600 total 600 finished normally 0 blocked.
Executions attempted so far: 500 total 500 finished normally 0 blocked.
Executions attempted so far: 500 total 500 finished normally 0 blocked.
Executions attempted so far: 600 total 600 finished normally 0 blocked.
Executions attempted so far: 600 total 600 finished normally 0 blocked.
Executions attempted so far: 300 total 300 finished normally 0 blocked.
Executions attempted so far: 600 total 600 finished normally 0 blocked.
Executions attempted so far: 300 total 300 finished normally 0 blocked.
Executions attempted so far: 700 total 700 finished normally 0 blocked.
Executions attempted so far: 600 total 600 finished normally 0 blocked.
Executions attempted so far: 600 total 600 finished normally 0 blocked.
Executions attempted so far: 600 total 600 finished normally 0 blocked.
Executions attempted so far: 600 total 600 finished normally 0 blocked.
Executions attempted so far: 600 total 600 finished normally 0 blocked.
Executions attempted so far: 600 total 600 finished normally 0 blocked.
Executions attempted so far: 600 total 600 finished normally 0 blocked.
Executions attempted so far: 600 total 600 finished normally 0 blocked.
Executions attempted so far: 800 total 800 finished normally 0 blocked.
Executions attempted so far: 600 total 600 finished normally 0 blocked.
Executions attempted so far: 600 total 600 finished normally 0 blocked.
Executions attempted so far: 700 total 700 finished normally 0 blocked.
Executions attempted so far: 700 total 700 finished normally 0 blocked.
Executions attempted so far: 700 total 700 finished normally 0 blocked.
Executions attempted so far: 700 total 700 finished normally 0 blocked.
Executions attempted so far: 700 total 700 finished normally 0 blocked.
Executions attempted so far: 700 total 700 finished normally 0 blocked.
Executions attempted so far: 700 total 700 finished normally 0 blocked.
Executions attempted so far: 700 total 700 finished normally 0 blocked.
Executions attempted so far: 900 total 900 finished normally 0 blocked.
Executions attempted so far: 700 total 700 finished normally 0 blocked.
Executions attempted so far: 700 total 700 finished normally 0 blocked.
Executions attempted so far: 700 total 700 finished normally 0 blocked.
Executions attempted so far: 700 total 700 finished normally 0 blocked.
Executions attempted so far: 700 total 700 finished normally 0 blocked.
Executions attempted so far: 400 total 400 finished normally 0 blocked.
Executions attempted so far: 800 total 800 finished normally 0 blocked.
Executions attempted so far: 400 total 400 finished normally 0 blocked.
Executions attempted so far: 1000 total 1000 finished normally 0 blocked.
Executions attempted so far: 800 total 800 finished normally 0 blocked.
Executions attempted so far: 800 total 800 finished normally 0 blocked.
Executions attempted so far: 800 total 800 finished normally 0 blocked.
Executions attempted so far: 800 total 800 finished normally 0 blocked.
Executions attempted so far: 800 total 800 finished normally 0 blocked.
Executions attempted so far: 800 total 800 finished normally 0 blocked.
Executions attempted so far: 800 total 800 finished normally 0 blocked.
Executions attempted so far: 800 total 800 finished normally 0 blocked.
Executions attempted so far: 800 total 800 finished normally 0 blocked.
Executions attempted so far: 800 total 800 finished normally 0 blocked.
Executions attempted so far: 800 total 800 finished normally 0 blocked.
Executions attempted so far: 800 total 800 finished normally 0 blocked.
Executions attempted so far: 900 total 900 finished normally 0 blocked.
Executions attempted so far: 900 total 900 finished normally 0 blocked.
Executions attempted so far: 900 total 900 finished normally 0 blocked.
Executions attempted so far: 900 total 900 finished normally 0 blocked.
Executions attempted so far: 900 total 900 finished normally 0 blocked.
Executions attempted so far: 900 total 900 finished normally 0 blocked.
Executions attempted so far: 900 total 900 finished normally 0 blocked.
Executions attempted so far: 900 total 900 finished normally 0 blocked.
Executions attempted so far: 900 total 900 finished normally 0 blocked.
Executions attempted so far: 900 total 900 finished normally 0 blocked.
Executions attempted so far: 900 total 900 finished normally 0 blocked.
Executions attempted so far: 900 total 900 finished normally 0 blocked.
Executions attempted so far: 500 total 500 finished normally 0 blocked.
Executions attempted so far: 1000 total 1000 finished normally 0 blocked.
Executions attempted so far: 900 total 900 finished normally 0 blocked.
Executions attempted so far: 500 total 500 finished normally 0 blocked.
Executions attempted so far: 1000 total 1000 finished normally 0 blocked.
Executions attempted so far: 1000 total 1000 finished normally 0 blocked.
Executions attempted so far: 1000 total 1000 finished normally 0 blocked.
Executions attempted so far: 1000 total 1000 finished normally 0 blocked.
Executions attempted so far: 1000 total 1000 finished normally 0 blocked.
Executions attempted so far: 1000 total 1000 finished normally 0 blocked.
Executions attempted so far: 1000 total 1000 finished normally 0 blocked.
Executions attempted so far: 1000 total 1000 finished normally 0 blocked.
Executions attempted so far: 1000 total 1000 finished normally 0 blocked.
Executions attempted so far: 1000 total 1000 finished normally 0 blocked.
Executions attempted so far: 1000 total 1000 finished normally 0 blocked.
Executions attempted so far: 1000 total 1000 finished normally 0 blocked.
Executions attempted so far: 600 total 600 finished normally 0 blocked.
Executions attempted so far: 600 total 600 finished normally 0 blocked.
Executions attempted so far: 700 total 700 finished normally 0 blocked.
Executions attempted so far: 700 total 700 finished normally 0 blocked.
Executions attempted so far: 2000 total 2000 finished normally 0 blocked.
Executions attempted so far: 800 total 800 finished normally 0 blocked.
Executions attempted so far: 800 total 800 finished normally 0 blocked.
Executions attempted so far: 900 total 900 finished normally 0 blocked.
Executions attempted so far: 900 total 900 finished normally 0 blocked.
Executions attempted so far: 1000 total 1000 finished normally 0 blocked.
Executions attempted so far: 1000 total 1000 finished normally 0 blocked.
Executions attempted so far: 2000 total 2000 finished normally 0 blocked.
Executions attempted so far: 2000 total 2000 finished normally 0 blocked.
Executions attempted so far: 2000 total 2000 finished normally 0 blocked.
Executions attempted so far: 2000 total 2000 finished normally 0 blocked.
Executions attempted so far: 2000 total 2000 finished normally 0 blocked.
Executions attempted so far: 2000 total 2000 finished normally 0 blocked.
Executions attempted so far: 2000 total 2000 finished normally 0 blocked.
Executions attempted so far: 2000 total 2000 finished normally 0 blocked.
Executions attempted so far: 2000 total 2000 finished normally 0 blocked.
Executions attempted so far: 2000 total 2000 finished normally 0 blocked.
Executions attempted so far: 2000 total 2000 finished normally 0 blocked.
Executions attempted so far: 2000 total 2000 finished normally 0 blocked.
Executions attempted so far: 2000 total 2000 finished normally 0 blocked.
Executions attempted so far: 3000 total 3000 finished normally 0 blocked.
Executions attempted so far: 2000 total 2000 finished normally 0 blocked.
Executions attempted so far: 2000 total 2000 finished normally 0 blocked.
Executions attempted so far: 3000 total 3000 finished normally 0 blocked.
Executions attempted so far: 3000 total 3000 finished normally 0 blocked.
Executions attempted so far: 3000 total 3000 finished normally 0 blocked.
Executions attempted so far: 3000 total 3000 finished normally 0 blocked.
Executions attempted so far: 3000 total 3000 finished normally 0 blocked.
Executions attempted so far: 3000 total 3000 finished normally 0 blocked.
Executions attempted so far: 3000 total 3000 finished normally 0 blocked.
Executions attempted so far: 3000 total 3000 finished normally 0 blocked.
Executions attempted so far: 3000 total 3000 finished normally 0 blocked.
Executions attempted so far: 3000 total 3000 finished normally 0 blocked.
Executions attempted so far: 3000 total 3000 finished normally 0 blocked.
Executions attempted so far: 4000 total 4000 finished normally 0 blocked.
Executions attempted so far: 3000 total 3000 finished normally 0 blocked.
Executions attempted so far: 3000 total 3000 finished normally 0 blocked.
Executions attempted so far: 3000 total 3000 finished normally 0 blocked.
Executions attempted so far: 4000 total 4000 finished normally 0 blocked.
Executions attempted so far: 4000 total 4000 finished normally 0 blocked.
Executions attempted so far: 4000 total 4000 finished normally 0 blocked.
Executions attempted so far: 4000 total 4000 finished normally 0 blocked.
Executions attempted so far: 4000 total 4000 finished normally 0 blocked.
Executions attempted so far: 4000 total 4000 finished normally 0 blocked.
Executions attempted so far: 4000 total 4000 finished normally 0 blocked.
Executions attempted so far: 4000 total 4000 finished normally 0 blocked.
Executions attempted so far: 4000 total 4000 finished normally 0 blocked.
Executions attempted so far: 4000 total 4000 finished normally 0 blocked.
Executions attempted so far: 4000 total 4000 finished normally 0 blocked.
Executions attempted so far: 5000 total 5000 finished normally 0 blocked.
Executions attempted so far: 3000 total 3000 finished normally 0 blocked.
Executions attempted so far: 4000 total 4000 finished normally 0 blocked.
Executions attempted so far: 4000 total 4000 finished normally 0 blocked.
Executions attempted so far: 5000 total 5000 finished normally 0 blocked.
Executions attempted so far: 5000 total 5000 finished normally 0 blocked.
Executions attempted so far: 5000 total 5000 finished normally 0 blocked.
Executions attempted so far: 5000 total 5000 finished normally 0 blocked.
Executions attempted so far: 4000 total 4000 finished normally 0 blocked.
Executions attempted so far: 5000 total 5000 finished normally 0 blocked.
Executions attempted so far: 5000 total 5000 finished normally 0 blocked.
Executions attempted so far: 5000 total 5000 finished normally 0 blocked.
Executions attempted so far: 5000 total 5000 finished normally 0 blocked.
Executions attempted so far: 6000 total 6000 finished normally 0 blocked.
Executions attempted so far: 5000 total 5000 finished normally 0 blocked.
Executions attempted so far: 4000 total 4000 finished normally 0 blocked.
Executions attempted so far: 5000 total 5000 finished normally 0 blocked.
Executions attempted so far: 5000 total 5000 finished normally 0 blocked.
Executions attempted so far: 5000 total 5000 finished normally 0 blocked.
Executions attempted so far: 5000 total 5000 finished normally 0 blocked.
Executions attempted so far: 6000 total 6000 finished normally 0 blocked.
Executions attempted so far: 6000 total 6000 finished normally 0 blocked.
Executions attempted so far: 6000 total 6000 finished normally 0 blocked.
Executions attempted so far: 6000 total 6000 finished normally 0 blocked.
Executions attempted so far: 6000 total 6000 finished normally 0 blocked.
Executions attempted so far: 6000 total 6000 finished normally 0 blocked.
Executions attempted so far: 6000 total 6000 finished normally 0 blocked.
Executions attempted so far: 6000 total 6000 finished normally 0 blocked.
Executions attempted so far: 5000 total 5000 finished normally 0 blocked.
Executions attempted so far: 6000 total 6000 finished normally 0 blocked.
Executions attempted so far: 5000 total 5000 finished normally 0 blocked.
Executions attempted so far: 6000 total 6000 finished normally 0 blocked.
Executions attempted so far: 6000 total 6000 finished normally 0 blocked.
Executions attempted so far: 7000 total 7000 finished normally 0 blocked.
Executions attempted so far: 7000 total 7000 finished normally 0 blocked.
Executions attempted so far: 6000 total 6000 finished normally 0 blocked.
Executions attempted so far: 7000 total 7000 finished normally 0 blocked.
Executions attempted so far: 7000 total 7000 finished normally 0 blocked.
Executions attempted so far: 7000 total 7000 finished normally 0 blocked.
Executions attempted so far: 7000 total 7000 finished normally 0 blocked.
Executions attempted so far: 7000 total 7000 finished normally 0 blocked.
Executions attempted so far: 6000 total 6000 finished normally 0 blocked.
Executions attempted so far: 7000 total 7000 finished normally 0 blocked.
Executions attempted so far: 7000 total 7000 finished normally 0 blocked.
Executions attempted so far: 6000 total 6000 finished normally 0 blocked.
Executions attempted so far: 7000 total 7000 finished normally 0 blocked.
Executions attempted so far: 8000 total 8000 finished normally 0 blocked.
Executions attempted so far: 6000 total 6000 finished normally 0 blocked.
Executions attempted so far: 7000 total 7000 finished normally 0 blocked.
Executions attempted so far: 7000 total 7000 finished normally 0 blocked.
Executions attempted so far: 8000 total 8000 finished normally 0 blocked.
Executions attempted so far: 7000 total 7000 finished normally 0 blocked.
Executions attempted so far: 8000 total 8000 finished normally 0 blocked.
Executions attempted so far: 8000 total 8000 finished normally 0 blocked.
Executions attempted so far: 8000 total 8000 finished normally 0 blocked.
Executions attempted so far: 8000 total 8000 finished normally 0 blocked.
Executions attempted so far: 8000 total 8000 finished normally 0 blocked.
Executions attempted so far: 8000 total 8000 finished normally 0 blocked.
Executions attempted so far: 9000 total 9000 finished normally 0 blocked.
Executions attempted so far: 7000 total 7000 finished normally 0 blocked.
Executions attempted so far: 7000 total 7000 finished normally 0 blocked.
Executions attempted so far: 8000 total 8000 finished normally 0 blocked.
Executions attempted so far: 8000 total 8000 finished normally 0 blocked.
Executions attempted so far: 8000 total 8000 finished normally 0 blocked.
Executions attempted so far: 8000 total 8000 finished normally 0 blocked.
Executions attempted so far: 7000 total 7000 finished normally 0 blocked.
Executions attempted so far: 8000 total 8000 finished normally 0 blocked.
Executions attempted so far: 9000 total 9000 finished normally 0 blocked.
Executions attempted so far: 9000 total 9000 finished normally 0 blocked.
Executions attempted so far: 9000 total 9000 finished normally 0 blocked.
Executions attempted so far: 9000 total 9000 finished normally 0 blocked.
Executions attempted so far: 10000 total 10000 finished normally 0 blocked.
Executions attempted so far: 9000 total 9000 finished normally 0 blocked.
Executions attempted so far: 9000 total 9000 finished normally 0 blocked.
Executions attempted so far: 9000 total 9000 finished normally 0 blocked.
Executions attempted so far: 8000 total 8000 finished normally 0 blocked.
Executions attempted so far: 9000 total 9000 finished normally 0 blocked.
Executions attempted so far: 8000 total 8000 finished normally 0 blocked.
Executions attempted so far: 9000 total 9000 finished normally 0 blocked.
Executions attempted so far: 9000 total 9000 finished normally 0 blocked.
Executions attempted so far: 9000 total 9000 finished normally 0 blocked.
Executions attempted so far: 8000 total 8000 finished normally 0 blocked.
Executions attempted so far: 9000 total 9000 finished normally 0 blocked.
Executions attempted so far: 10000 total 10000 finished normally 0 blocked.
Executions attempted so far: 10000 total 10000 finished normally 0 blocked.
Executions attempted so far: 10000 total 10000 finished normally 0 blocked.
Executions attempted so far: 10000 total 10000 finished normally 0 blocked.
Executions attempted so far: 10000 total 10000 finished normally 0 blocked.
Executions attempted so far: 10000 total 10000 finished normally 0 blocked.
Executions attempted so far: 10000 total 10000 finished normally 0 blocked.
Executions attempted so far: 9000 total 9000 finished normally 0 blocked.
Executions attempted so far: 10000 total 10000 finished normally 0 blocked.
Executions attempted so far: 9000 total 9000 finished normally 0 blocked.
Executions attempted so far: 10000 total 10000 finished normally 0 blocked.
Executions attempted so far: 10000 total 10000 finished normally 0 blocked.
Executions attempted so far: 10000 total 10000 finished normally 0 blocked.
Executions attempted so far: 9000 total 9000 finished normally 0 blocked.
Executions attempted so far: 10000 total 10000 finished normally 0 blocked.
Executions attempted so far: 10000 total 10000 finished normally 0 blocked.
Executions attempted so far: 10000 total 10000 finished normally 0 blocked.
Executions attempted so far: 10000 total 10000 finished normally 0 blocked.
Executions attempted so far: 20000 total 20000 finished normally 0 blocked.
Executions attempted so far: 20000 total 20000 finished normally 0 blocked.
Executions attempted so far: 20000 total 20000 finished normally 0 blocked.
Executions attempted so far: 20000 total 20000 finished normally 0 blocked.
Executions attempted so far: 20000 total 20000 finished normally 0 blocked.
Executions attempted so far: 20000 total 20000 finished normally 0 blocked.
Executions attempted so far: 20000 total 20000 finished normally 0 blocked.
Executions attempted so far: 20000 total 20000 finished normally 0 blocked.
Executions attempted so far: 20000 total 20000 finished normally 0 blocked.
Executions attempted so far: 20000 total 20000 finished normally 0 blocked.
Executions attempted so far: 20000 total 20000 finished normally 0 blocked.
Executions attempted so far: 20000 total 20000 finished normally 0 blocked.
Executions attempted so far: 20000 total 20000 finished normally 0 blocked.
Executions attempted so far: 20000 total 20000 finished normally 0 blocked.
Executions attempted so far: 20000 total 20000 finished normally 0 blocked.
Executions attempted so far: 20000 total 20000 finished normally 0 blocked.
Executions attempted so far: 30000 total 30000 finished normally 0 blocked (6000.00/sec).
Executions attempted so far: 30000 total 30000 finished normally 0 blocked (6000.00/sec).
Executions attempted so far: 30000 total 30000 finished normally 0 blocked (6000.00/sec).
Executions attempted so far: 30000 total 30000 finished normally 0 blocked (6000.00/sec).
Executions attempted so far: 30000 total 30000 finished normally 0 blocked (6000.00/sec).
Executions attempted so far: 30000 total 30000 finished normally 0 blocked (6000.00/sec).
Executions attempted so far: 30000 total 30000 finished normally 0 blocked (6000.00/sec).
Executions attempted so far: 30000 total 30000 finished normally 0 blocked (6000.00/sec).
Executions attempted so far: 30000 total 30000 finished normally 0 blocked (6000.00/sec).
Executions attempted so far: 30000 total 30000 finished normally 0 blocked (6000.00/sec).
Executions attempted so far: 30000 total 30000 finished normally 0 blocked (6000.00/sec).
Executions attempted so far: 30000 total 30000 finished normally 0 blocked (5000.00/sec).
Executions attempted so far: 30000 total 30000 finished normally 0 blocked (5000.00/sec).
Executions attempted so far: 30000 total 30000 finished normally 0 blocked (5000.00/sec).
Executions attempted so far: 30000 total 30000 finished normally 0 blocked (5000.00/sec).
Executions attempted so far: 30000 total 30000 finished normally 0 blocked (5000.00/sec).
Executions attempted so far: 40000 total 40000 finished normally 0 blocked (5714.29/sec).
Executions attempted so far: 40000 total 40000 finished normally 0 blocked (5714.29/sec).
Executions attempted so far: 40000 total 40000 finished normally 0 blocked (5714.29/sec).
Executions attempted so far: 40000 total 40000 finished normally 0 blocked (5714.29/sec).
Executions attempted so far: 40000 total 40000 finished normally 0 blocked (5714.29/sec).
Executions attempted so far: 40000 total 40000 finished normally 0 blocked (5714.29/sec).
Executions attempted so far: 40000 total 40000 finished normally 0 blocked (5714.29/sec).
Executions attempted so far: 40000 total 40000 finished normally 0 blocked (5714.29/sec).
Executions attempted so far: 40000 total 40000 finished normally 0 blocked (5714.29/sec).
Executions attempted so far: 40000 total 40000 finished normally 0 blocked (5714.29/sec).
Executions attempted so far: 40000 total 40000 finished normally 0 blocked (5714.29/sec).
Executions attempted so far: 40000 total 40000 finished normally 0 blocked (5714.29/sec).
Executions attempted so far: 40000 total 40000 finished normally 0 blocked (5000.00/sec).
Executions attempted so far: 40000 total 40000 finished normally 0 blocked (5000.00/sec).
Executions attempted so far: 40000 total 40000 finished normally 0 blocked (5000.00/sec).
Executions attempted so far: 40000 total 40000 finished normally 0 blocked (5000.00/sec).
Executions attempted so far: 50000 total 50000 finished normally 0 blocked (5555.56/sec).
Executions attempted so far: 50000 total 50000 finished normally 0 blocked (5555.56/sec).
Executions attempted so far: 50000 total 50000 finished normally 0 blocked (5555.56/sec).
Executions attempted so far: 50000 total 50000 finished normally 0 blocked (5555.56/sec).
Executions attempted so far: 50000 total 50000 finished normally 0 blocked (5555.56/sec).
Executions attempted so far: 50000 total 50000 finished normally 0 blocked (5555.56/sec).
Executions attempted so far: 50000 total 50000 finished normally 0 blocked (5555.56/sec).
Executions attempted so far: 50000 total 50000 finished normally 0 blocked (5555.56/sec).
Executions attempted so far: 50000 total 50000 finished normally 0 blocked (5555.56/sec).
Executions attempted so far: 50000 total 50000 finished normally 0 blocked (5000.00/sec).
Executions attempted so far: 50000 total 50000 finished normally 0 blocked (5000.00/sec).
Executions attempted so far: 50000 total 50000 finished normally 0 blocked (5000.00/sec).
Executions attempted so far: 50000 total 50000 finished normally 0 blocked (5000.00/sec).
Executions attempted so far: 50000 total 50000 finished normally 0 blocked (5000.00/sec).
Executions attempted so far: 50000 total 50000 finished normally 0 blocked (5000.00/sec).
Executions attempted so far: 50000 total 50000 finished normally 0 blocked (5000.00/sec).
Executions attempted so far: 60000 total 60000 finished normally 0 blocked (5454.55/sec).
Executions attempted so far: 60000 total 60000 finished normally 0 blocked (5454.55/sec).
Executions attempted so far: 60000 total 60000 finished normally 0 blocked (5454.55/sec).
Executions attempted so far: 60000 total 60000 finished normally 0 blocked (5454.55/sec).
Executions attempted so far: 60000 total 60000 finished normally 0 blocked (5454.55/sec).
Executions attempted so far: 60000 total 60000 finished normally 0 blocked (5454.55/sec).
Executions attempted so far: 60000 total 60000 finished normally 0 blocked (5454.55/sec).
Executions attempted so far: 60000 total 60000 finished normally 0 blocked (5454.55/sec).
Executions attempted so far: 60000 total 60000 finished normally 0 blocked (5454.55/sec).
Executions attempted so far: 60000 total 60000 finished normally 0 blocked (5454.55/sec).
Executions attempted so far: 60000 total 60000 finished normally 0 blocked (5000.00/sec).
Executions attempted so far: 60000 total 60000 finished normally 0 blocked (5000.00/sec).
Executions attempted so far: 60000 total 60000 finished normally 0 blocked (5000.00/sec).
Executions attempted so far: 60000 total 60000 finished normally 0 blocked (5000.00/sec).
Executions attempted so far: 60000 total 60000 finished normally 0 blocked (5000.00/sec).
Executions attempted so far: 60000 total 60000 finished normally 0 blocked (5000.00/sec).
Executions attempted so far: 70000 total 70000 finished normally 0 blocked (5384.62/sec).
Executions attempted so far: 70000 total 70000 finished normally 0 blocked (5384.62/sec).
Executions attempted so far: 70000 total 70000 finished normally 0 blocked (5384.62/sec).
Executions attempted so far: 70000 total 70000 finished normally 0 blocked (5384.62/sec).
Executions attempted so far: 70000 total 70000 finished normally 0 blocked (5384.62/sec).
Executions attempted so far: 70000 total 70000 finished normally 0 blocked (5384.62/sec).
Executions attempted so far: 70000 total 70000 finished normally 0 blocked (5384.62/sec).
Executions attempted so far: 70000 total 70000 finished normally 0 blocked (5000.00/sec).
Executions attempted so far: 70000 total 70000 finished normally 0 blocked (5000.00/sec).
Executions attempted so far: 70000 total 70000 finished normally 0 blocked (5000.00/sec).
Executions attempted so far: 70000 total 70000 finished normally 0 blocked (5000.00/sec).
Executions attempted so far: 70000 total 70000 finished normally 0 blocked (5000.00/sec).
Executions attempted so far: 70000 total 70000 finished normally 0 blocked (5000.00/sec).
Executions attempted so far: 70000 total 70000 finished normally 0 blocked (5000.00/sec).
Executions attempted so far: 70000 total 70000 finished normally 0 blocked (5000.00/sec).
Executions attempted so far: 70000 total 70000 finished normally 0 blocked (5000.00/sec).
Executions attempted so far: 80000 total 80000 finished normally 0 blocked (5714.29/sec).
Executions attempted so far: 80000 total 80000 finished normally 0 blocked (5333.33/sec).
Executions attempted so far: 80000 total 80000 finished normally 0 blocked (5333.33/sec).
Executions attempted so far: 80000 total 80000 finished normally 0 blocked (5333.33/sec).
Executions attempted so far: 80000 total 80000 finished normally 0 blocked (5000.00/sec).
Executions attempted so far: 80000 total 80000 finished normally 0 blocked (5000.00/sec).
Executions attempted so far: 80000 total 80000 finished normally 0 blocked (5000.00/sec).
Executions attempted so far: 80000 total 80000 finished normally 0 blocked (5000.00/sec).
Executions attempted so far: 80000 total 80000 finished normally 0 blocked (5000.00/sec).
Executions attempted so far: 80000 total 80000 finished normally 0 blocked (5000.00/sec).
Executions attempted so far: 80000 total 80000 finished normally 0 blocked (5000.00/sec).
Executions attempted so far: 80000 total 80000 finished normally 0 blocked (5000.00/sec).
Executions attempted so far: 80000 total 80000 finished normally 0 blocked (5000.00/sec).
Executions attempted so far: 80000 total 80000 finished normally 0 blocked (5000.00/sec).
Executions attempted so far: 80000 total 80000 finished normally 0 blocked (5000.00/sec).
Executions attempted so far: 90000 total 90000 finished normally 0 blocked (5625.00/sec).
Executions attempted so far: 90000 total 90000 finished normally 0 blocked (5625.00/sec).
Executions attempted so far: 80000 total 80000 finished normally 0 blocked (4705.88/sec).
Executions attempted so far: 90000 total 90000 finished normally 0 blocked (5294.12/sec).
Executions attempted so far: 90000 total 90000 finished normally 0 blocked (5294.12/sec).
Executions attempted so far: 90000 total 90000 finished normally 0 blocked (5294.12/sec).
Executions attempted so far: 90000 total 90000 finished normally 0 blocked (5294.12/sec).
Executions attempted so far: 90000 total 90000 finished normally 0 blocked (5000.00/sec).
Executions attempted so far: 90000 total 90000 finished normally 0 blocked (5000.00/sec).
Executions attempted so far: 90000 total 90000 finished normally 0 blocked (5000.00/sec).
Executions attempted so far: 90000 total 90000 finished normally 0 blocked (5000.00/sec).
Executions attempted so far: 90000 total 90000 finished normally 0 blocked (5000.00/sec).
Executions attempted so far: 90000 total 90000 finished normally 0 blocked (5000.00/sec).
Executions attempted so far: 90000 total 90000 finished normally 0 blocked (5000.00/sec).
Executions attempted so far: 90000 total 90000 finished normally 0 blocked (5000.00/sec).
Executions attempted so far: 90000 total 90000 finished normally 0 blocked (5000.00/sec).
Executions attempted so far: 100000 total 100000 finished normally 0 blocked (5555.56/sec).
Executions attempted so far: 90000 total 90000 finished normally 0 blocked (5000.00/sec).
Executions attempted so far: 100000 total 100000 finished normally 0 blocked (5263.16/sec).
Executions attempted so far: 100000 total 100000 finished normally 0 blocked (5263.16/sec).
Executions attempted so far: 100000 total 100000 finished normally 0 blocked (5263.16/sec).
Executions attempted so far: 100000 total 100000 finished normally 0 blocked (5000.00/sec).
Executions attempted so far: 100000 total 100000 finished normally 0 blocked (5000.00/sec).
Executions attempted so far: 100000 total 100000 finished normally 0 blocked (5000.00/sec).
Executions attempted so far: 100000 total 100000 finished normally 0 blocked (5000.00/sec).
Executions attempted so far: 100000 total 100000 finished normally 0 blocked (5000.00/sec).
Executions attempted so far: 100000 total 100000 finished normally 0 blocked (5000.00/sec).
Executions attempted so far: 100000 total 100000 finished normally 0 blocked (5000.00/sec).
Executions attempted so far: 100000 total 100000 finished normally 0 blocked (5000.00/sec).
Executions attempted so far: 100000 total 100000 finished normally 0 blocked (5000.00/sec).
Executions attempted so far: 100000 total 100000 finished normally 0 blocked (5000.00/sec).
Executions attempted so far: 100000 total 100000 finished normally 0 blocked (5000.00/sec).
Executions attempted so far: 100000 total 100000 finished normally 0 blocked (5000.00/sec).
Executions attempted so far: 200000 total 200000 finished normally 0 blocked (5405.41/sec).
Executions attempted so far: 200000 total 200000 finished normally 0 blocked (5263.16/sec).
Executions attempted so far: 200000 total 200000 finished normally 0 blocked (5263.16/sec).
Executions attempted so far: 200000 total 200000 finished normally 0 blocked (5128.21/sec).
Executions attempted so far: 200000 total 200000 finished normally 0 blocked (5128.21/sec).
Executions attempted so far: 200000 total 200000 finished normally 0 blocked (5128.21/sec).
Executions attempted so far: 200000 total 200000 finished normally 0 blocked (5000.00/sec).
Executions attempted so far: 200000 total 200000 finished normally 0 blocked (5000.00/sec).
Executions attempted so far: 200000 total 200000 finished normally 0 blocked (5000.00/sec).
Executions attempted so far: 200000 total 200000 finished normally 0 blocked (5000.00/sec).
Executions attempted so far: 200000 total 200000 finished normally 0 blocked (5000.00/sec).
Executions attempted so far: 200000 total 200000 finished normally 0 blocked (5000.00/sec).
Executions attempted so far: 200000 total 200000 finished normally 0 blocked (4878.05/sec).
Executions attempted so far: 200000 total 200000 finished normally 0 blocked (4878.05/sec).
Executions attempted so far: 200000 total 200000 finished normally 0 blocked (4878.05/sec).
Executions attempted so far: 200000 total 200000 finished normally 0 blocked (4878.05/sec).
Executions attempted so far: 300000 total 300000 finished normally 0 blocked (5263.16/sec).
Executions attempted so far: 300000 total 300000 finished normally 0 blocked (5172.41/sec).
Executions attempted so far: 300000 total 300000 finished normally 0 blocked (5172.41/sec).
Executions attempted so far: 300000 total 300000 finished normally 0 blocked (5084.75/sec).
Executions attempted so far: 300000 total 300000 finished normally 0 blocked (5084.75/sec).
Executions attempted so far: 300000 total 300000 finished normally 0 blocked (5000.00/sec).
Executions attempted so far: 300000 total 300000 finished normally 0 blocked (5000.00/sec).
Executions attempted so far: 300000 total 300000 finished normally 0 blocked (5000.00/sec).
Executions attempted so far: 300000 total 300000 finished normally 0 blocked (5000.00/sec).
Executions attempted so far: 300000 total 300000 finished normally 0 blocked (5000.00/sec).
Executions attempted so far: 300000 total 300000 finished normally 0 blocked (4918.03/sec).
Executions attempted so far: 300000 total 300000 finished normally 0 blocked (4918.03/sec).
Executions attempted so far: 300000 total 300000 finished normally 0 blocked (4918.03/sec).
Executions attempted so far: 300000 total 300000 finished normally 0 blocked (4918.03/sec).
Executions attempted so far: 300000 total 300000 finished normally 0 blocked (4918.03/sec).
Executions attempted so far: 300000 total 300000 finished normally 0 blocked (4838.71/sec).
Executions attempted so far: 400000 total 400000 finished normally 0 blocked (5128.21/sec).
Executions attempted so far: 400000 total 400000 finished normally 0 blocked (5128.21/sec).
Executions attempted so far: 400000 total 400000 finished normally 0 blocked (5063.29/sec).
Executions attempted so far: 400000 total 400000 finished normally 0 blocked (5063.29/sec).
Executions attempted so far: 400000 total 400000 finished normally 0 blocked (5063.29/sec).
Executions attempted so far: 400000 total 400000 finished normally 0 blocked (5063.29/sec).
Executions attempted so far: 400000 total 400000 finished normally 0 blocked (5000.00/sec).
Executions attempted so far: 400000 total 400000 finished normally 0 blocked (4938.27/sec).
Executions attempted so far: 400000 total 400000 finished normally 0 blocked (4938.27/sec).
Executions attempted so far: 400000 total 400000 finished normally 0 blocked (4938.27/sec).
Executions attempted so far: 400000 total 400000 finished normally 0 blocked (4938.27/sec).
Executions attempted so far: 400000 total 400000 finished normally 0 blocked (4938.27/sec).
Executions attempted so far: 400000 total 400000 finished normally 0 blocked (4938.27/sec).
Executions attempted so far: 400000 total 400000 finished normally 0 blocked (4938.27/sec).
Executions attempted so far: 400000 total 400000 finished normally 0 blocked (4878.05/sec).
Executions attempted so far: 400000 total 400000 finished normally 0 blocked (4878.05/sec).
Executions attempted so far: 500000 total 500000 finished normally 0 blocked (5154.64/sec).
Executions attempted so far: 500000 total 500000 finished normally 0 blocked (5102.04/sec).
Executions attempted so far: 500000 total 500000 finished normally 0 blocked (5050.51/sec).
Executions attempted so far: 500000 total 500000 finished normally 0 blocked (5050.51/sec).
Executions attempted so far: 500000 total 500000 finished normally 0 blocked (5050.51/sec).
Executions attempted so far: 500000 total 500000 finished normally 0 blocked (5050.51/sec).
Executions attempted so far: 500000 total 500000 finished normally 0 blocked (5000.00/sec).
Executions attempted so far: 500000 total 500000 finished normally 0 blocked (4950.50/sec).
Executions attempted so far: 500000 total 500000 finished normally 0 blocked (4950.50/sec).
Executions attempted so far: 500000 total 500000 finished normally 0 blocked (4950.50/sec).
Executions attempted so far: 500000 total 500000 finished normally 0 blocked (4950.50/sec).
Executions attempted so far: 500000 total 500000 finished normally 0 blocked (4950.50/sec).
Executions attempted so far: 500000 total 500000 finished normally 0 blocked (4950.50/sec).
Executions attempted so far: 500000 total 500000 finished normally 0 blocked (4950.50/sec).
Executions attempted so far: 500000 total 500000 finished normally 0 blocked (4901.96/sec).
Executions attempted so far: 500000 total 500000 finished normally 0 blocked (4761.90/sec).
Executions attempted so far: 600000 total 600000 finished normally 0 blocked (5084.75/sec).
Executions attempted so far: 600000 total 600000 finished normally 0 blocked (5084.75/sec).
Executions attempted so far: 600000 total 600000 finished normally 0 blocked (5042.02/sec).
Executions attempted so far: 600000 total 600000 finished normally 0 blocked (5042.02/sec).
Executions attempted so far: 600000 total 600000 finished normally 0 blocked (5042.02/sec).
Executions attempted so far: 600000 total 600000 finished normally 0 blocked (5000.00/sec).
Executions attempted so far: 600000 total 600000 finished normally 0 blocked (5000.00/sec).
Executions attempted so far: 600000 total 600000 finished normally 0 blocked (5000.00/sec).
Executions attempted so far: 600000 total 600000 finished normally 0 blocked (4958.68/sec).
Executions attempted so far: 600000 total 600000 finished normally 0 blocked (4958.68/sec).
Executions attempted so far: 600000 total 600000 finished normally 0 blocked (4958.68/sec).
Executions attempted so far: 600000 total 600000 finished normally 0 blocked (4958.68/sec).
Executions attempted so far: 600000 total 600000 finished normally 0 blocked (4958.68/sec).
Executions attempted so far: 600000 total 600000 finished normally 0 blocked (4918.03/sec).
Executions attempted so far: 600000 total 600000 finished normally 0 blocked (4918.03/sec).
Executions attempted so far: 600000 total 600000 finished normally 0 blocked (4761.90/sec).
Executions attempted so far: 700000 total 700000 finished normally 0 blocked (5072.46/sec).
Executions attempted so far: 700000 total 700000 finished normally 0 blocked (5072.46/sec).
Executions attempted so far: 700000 total 700000 finished normally 0 blocked (5072.46/sec).
Executions attempted so far: 700000 total 700000 finished normally 0 blocked (5072.46/sec).
Executions attempted so far: 700000 total 700000 finished normally 0 blocked (5035.97/sec).
Executions attempted so far: 700000 total 700000 finished normally 0 blocked (5035.97/sec).
Executions attempted so far: 700000 total 700000 finished normally 0 blocked (5000.00/sec).
Executions attempted so far: 700000 total 700000 finished normally 0 blocked (4964.54/sec).
Executions attempted so far: 700000 total 700000 finished normally 0 blocked (4964.54/sec).
Executions attempted so far: 700000 total 700000 finished normally 0 blocked (4964.54/sec).
Executions attempted so far: 700000 total 700000 finished normally 0 blocked (4929.58/sec).
Executions attempted so far: 700000 total 700000 finished normally 0 blocked (4929.58/sec).
Executions attempted so far: 700000 total 700000 finished normally 0 blocked (4895.10/sec).
Executions attempted so far: 700000 total 700000 finished normally 0 blocked (4861.11/sec).
Executions attempted so far: 700000 total 700000 finished normally 0 blocked (4827.59/sec).
Executions attempted so far: 700000 total 700000 finished normally 0 blocked (4761.90/sec).
Executions attempted so far: 800000 total 800000 finished normally 0 blocked (5095.54/sec).
Executions attempted so far: 800000 total 800000 finished normally 0 blocked (5063.29/sec).
Executions attempted so far: 800000 total 800000 finished normally 0 blocked (5063.29/sec).
Executions attempted so far: 800000 total 800000 finished normally 0 blocked (5031.45/sec).
Executions attempted so far: 800000 total 800000 finished normally 0 blocked (5031.45/sec).
Executions attempted so far: 800000 total 800000 finished normally 0 blocked (5000.00/sec).
Executions attempted so far: 800000 total 800000 finished normally 0 blocked (5000.00/sec).
Executions attempted so far: 800000 total 800000 finished normally 0 blocked (4968.94/sec).
Executions attempted so far: 800000 total 800000 finished normally 0 blocked (4938.27/sec).
Executions attempted so far: 800000 total 800000 finished normally 0 blocked (4938.27/sec).
Executions attempted so far: 800000 total 800000 finished normally 0 blocked (4938.27/sec).
Executions attempted so far: 800000 total 800000 finished normally 0 blocked (4907.98/sec).
Executions attempted so far: 800000 total 800000 finished normally 0 blocked (4907.98/sec).
Executions attempted so far: 800000 total 800000 finished normally 0 blocked (4848.48/sec).
Executions attempted so far: 800000 total 800000 finished normally 0 blocked (4848.48/sec).
Executions attempted so far: 800000 total 800000 finished normally 0 blocked (4761.90/sec).
Executions attempted so far: 900000 total 900000 finished normally 0 blocked (5113.64/sec).
Executions attempted so far: 900000 total 900000 finished normally 0 blocked (5056.18/sec).
Executions attempted so far: 900000 total 900000 finished normally 0 blocked (5056.18/sec).
Executions attempted so far: 900000 total 900000 finished normally 0 blocked (5027.93/sec).
Executions attempted so far: 900000 total 900000 finished normally 0 blocked (5027.93/sec).
Executions attempted so far: 900000 total 900000 finished normally 0 blocked (5000.00/sec).
Executions attempted so far: 900000 total 900000 finished normally 0 blocked (4972.38/sec).
Executions attempted so far: 900000 total 900000 finished normally 0 blocked (4945.05/sec).
Executions attempted so far: 900000 total 900000 finished normally 0 blocked (4918.03/sec).
Executions attempted so far: 900000 total 900000 finished normally 0 blocked (4918.03/sec).
Executions attempted so far: 900000 total 900000 finished normally 0 blocked (4918.03/sec).
Executions attempted so far: 900000 total 900000 finished normally 0 blocked (4891.30/sec).
Executions attempted so far: 900000 total 900000 finished normally 0 blocked (4891.30/sec).
Executions attempted so far: 900000 total 900000 finished normally 0 blocked (4838.71/sec).
Executions attempted so far: 900000 total 900000 finished normally 0 blocked (4812.83/sec).
timed      nodes=4 ballots=1 w=200 l=18 u=20 sd=2  execs=14857656 blocked=0 elected=2285400 time=188.907107963s
=== END cc_t_n4b1_A rc=0 elapsed=188.919958793

=== RUN cc_t_n4b1_F cap=900s CMD: /home/sahar/Desktop/MPI/TraceForge/target/release/examples/comm_closed_leader_election --mode timed --nodes 4 --ballots 1 --u 20 --w 40 --l 0 --sd 10
Executions attempted so far: 1 total 1 finished normally 0 blocked.
Executions attempted so far: 2 total 2 finished normally 0 blocked.
Executions attempted so far: 3 total 3 finished normally 0 blocked.
Executions attempted so far: 4 total 4 finished normally 0 blocked.
Executions attempted so far: 5 total 5 finished normally 0 blocked.
Executions attempted so far: 6 total 6 finished normally 0 blocked.
Executions attempted so far: 7 total 7 finished normally 0 blocked.
Executions attempted so far: 8 total 8 finished normally 0 blocked.
Executions attempted so far: 9 total 9 finished normally 0 blocked.
Executions attempted so far: 10 total 10 finished normally 0 blocked.
Executions attempted so far: 1 total 1 finished normally 0 blocked.
Executions attempted so far: 1 total 1 finished normally 0 blocked.
Executions attempted so far: 2 total 2 finished normally 0 blocked.
Executions attempted so far: 2 total 2 finished normally 0 blocked.
Executions attempted so far: 3 total 3 finished normally 0 blocked.
Executions attempted so far: 1 total 1 finished normally 0 blocked.
Executions attempted so far: 4 total 4 finished normally 0 blocked.
Executions attempted so far: 3 total 3 finished normally 0 blocked.
Executions attempted so far: 4 total 4 finished normally 0 blocked.
Executions attempted so far: 2 total 2 finished normally 0 blocked.
Executions attempted so far: 5 total 5 finished normally 0 blocked.
Executions attempted so far: 20 total 20 finished normally 0 blocked.
Executions attempted so far: 5 total 5 finished normally 0 blocked.
Executions attempted so far: 6 total 6 finished normally 0 blocked.
Executions attempted so far: 3 total 3 finished normally 0 blocked.
Executions attempted so far: 6 total 6 finished normally 0 blocked.
Executions attempted so far: 7 total 7 finished normally 0 blocked.
Executions attempted so far: 4 total 4 finished normally 0 blocked.
Executions attempted so far: 7 total 7 finished normally 0 blocked.
Executions attempted so far: 8 total 8 finished normally 0 blocked.
Executions attempted so far: 5 total 5 finished normally 0 blocked.
Executions attempted so far: 8 total 8 finished normally 0 blocked.
Executions attempted so far: 9 total 9 finished normally 0 blocked.
Executions attempted so far: 6 total 6 finished normally 0 blocked.
Executions attempted so far: 9 total 9 finished normally 0 blocked.
Executions attempted so far: 10 total 10 finished normally 0 blocked.
Executions attempted so far: 7 total 7 finished normally 0 blocked.
Executions attempted so far: 10 total 10 finished normally 0 blocked.
Executions attempted so far: 8 total 8 finished normally 0 blocked.
Executions attempted so far: 9 total 9 finished normally 0 blocked.
Executions attempted so far: 10 total 10 finished normally 0 blocked.
Executions attempted so far: 30 total 30 finished normally 0 blocked.
Executions attempted so far: 20 total 20 finished normally 0 blocked.
Executions attempted so far: 1 total 1 finished normally 0 blocked.
Executions attempted so far: 20 total 20 finished normally 0 blocked.
Executions attempted so far: 20 total 20 finished normally 0 blocked.
Executions attempted so far: 2 total 2 finished normally 0 blocked.
Executions attempted so far: 1 total 1 finished normally 0 blocked.
Executions attempted so far: 3 total 3 finished normally 0 blocked.
Executions attempted so far: 1 total 1 finished normally 0 blocked.
Executions attempted so far: 2 total 2 finished normally 0 blocked.
Executions attempted so far: 4 total 4 finished normally 0 blocked.
Executions attempted so far: 3 total 3 finished normally 0 blocked.
Executions attempted so far: 5 total 5 finished normally 0 blocked.
Executions attempted so far: 2 total 2 finished normally 0 blocked.
Executions attempted so far: 4 total 4 finished normally 0 blocked.
Executions attempted so far: 6 total 6 finished normally 0 blocked.
Executions attempted so far: 3 total 3 finished normally 0 blocked.
Executions attempted so far: 5 total 5 finished normally 0 blocked.
Executions attempted so far: 7 total 7 finished normally 0 blocked.
Executions attempted so far: 4 total 4 finished normally 0 blocked.
Executions attempted so far: 6 total 6 finished normally 0 blocked.
Executions attempted so far: 40 total 40 finished normally 0 blocked.
Executions attempted so far: 30 total 30 finished normally 0 blocked.
Executions attempted so far: 8 total 8 finished normally 0 blocked.
Executions attempted so far: 5 total 5 finished normally 0 blocked.
Executions attempted so far: 7 total 7 finished normally 0 blocked.
Executions attempted so far: 6 total 6 finished normally 0 blocked.
Executions attempted so far: 9 total 9 finished normally 0 blocked.
Executions attempted so far: 8 total 8 finished normally 0 blocked.
Executions attempted so far: 7 total 7 finished normally 0 blocked.
Executions attempted so far: 10 total 10 finished normally 0 blocked.
Executions attempted so far: 30 total 30 finished normally 0 blocked.
Executions attempted so far: 9 total 9 finished normally 0 blocked.
Executions attempted so far: 30 total 30 finished normally 0 blocked.
Executions attempted so far: 8 total 8 finished normally 0 blocked.
Executions attempted so far: 10 total 10 finished normally 0 blocked.
Executions attempted so far: 9 total 9 finished normally 0 blocked.
Executions attempted so far: 10 total 10 finished normally 0 blocked.
Executions attempted so far: 20 total 20 finished normally 0 blocked.
Executions attempted so far: 40 total 40 finished normally 0 blocked.
Executions attempted so far: 40 total 40 finished normally 0 blocked.
Executions attempted so far: 40 total 40 finished normally 0 blocked.
Executions attempted so far: 20 total 20 finished normally 0 blocked.
Executions attempted so far: 1 total 1 finished normally 0 blocked.
Executions attempted so far: 20 total 20 finished normally 0 blocked.
Executions attempted so far: 50 total 50 finished normally 0 blocked.
Executions attempted so far: 2 total 2 finished normally 0 blocked.
Executions attempted so far: 1 total 1 finished normally 0 blocked.
Executions attempted so far: 1 total 1 finished normally 0 blocked.
Executions attempted so far: 3 total 3 finished normally 0 blocked.
Executions attempted so far: 50 total 50 finished normally 0 blocked.
Executions attempted so far: 1 total 1 finished normally 0 blocked.
Executions attempted so far: 2 total 2 finished normally 0 blocked.
Executions attempted so far: 2 total 2 finished normally 0 blocked.
Executions attempted so far: 4 total 4 finished normally 0 blocked.
Executions attempted so far: 50 total 50 finished normally 0 blocked.
Executions attempted so far: 2 total 2 finished normally 0 blocked.
Executions attempted so far: 3 total 3 finished normally 0 blocked.
Executions attempted so far: 3 total 3 finished normally 0 blocked.
Executions attempted so far: 5 total 5 finished normally 0 blocked.
Executions attempted so far: 4 total 4 finished normally 0 blocked.
Executions attempted so far: 4 total 4 finished normally 0 blocked.
Executions attempted so far: 30 total 30 finished normally 0 blocked.
Executions attempted so far: 3 total 3 finished normally 0 blocked.
Executions attempted so far: 6 total 6 finished normally 0 blocked.
Executions attempted so far: 5 total 5 finished normally 0 blocked.
Executions attempted so far: 5 total 5 finished normally 0 blocked.
Executions attempted so far: 4 total 4 finished normally 0 blocked.
Executions attempted so far: 7 total 7 finished normally 0 blocked.
Executions attempted so far: 30 total 30 finished normally 0 blocked.
Executions attempted so far: 6 total 6 finished normally 0 blocked.
Executions attempted so far: 6 total 6 finished normally 0 blocked.
Executions attempted so far: 5 total 5 finished normally 0 blocked.
Executions attempted so far: 8 total 8 finished normally 0 blocked.
Executions attempted so far: 7 total 7 finished normally 0 blocked.
Executions attempted so far: 7 total 7 finished normally 0 blocked.
Executions attempted so far: 9 total 9 finished normally 0 blocked.
Executions attempted so far: 6 total 6 finished normally 0 blocked.
Executions attempted so far: 8 total 8 finished normally 0 blocked.
Executions attempted so far: 8 total 8 finished normally 0 blocked.
Executions attempted so far: 9 total 9 finished normally 0 blocked.
Executions attempted so far: 60 total 60 finished normally 0 blocked.
Executions attempted so far: 10 total 10 finished normally 0 blocked.
Executions attempted so far: 9 total 9 finished normally 0 blocked.
Executions attempted so far: 7 total 7 finished normally 0 blocked.
Executions attempted so far: 10 total 10 finished normally 0 blocked.
Executions attempted so far: 30 total 30 finished normally 0 blocked.
Executions attempted so far: 10 total 10 finished normally 0 blocked.
Executions attempted so far: 8 total 8 finished normally 0 blocked.
Executions attempted so far: 50 total 50 finished normally 0 blocked.
Executions attempted so far: 40 total 40 finished normally 0 blocked.
Executions attempted so far: 9 total 9 finished normally 0 blocked.
Executions attempted so far: 60 total 60 finished normally 0 blocked.
Executions attempted so far: 60 total 60 finished normally 0 blocked.
Executions attempted so far: 10 total 10 finished normally 0 blocked.
Executions attempted so far: 70 total 70 finished normally 0 blocked.
Executions attempted so far: 20 total 20 finished normally 0 blocked.
Executions attempted so far: 50 total 50 finished normally 0 blocked.
Executions attempted so far: 40 total 40 finished normally 0 blocked.
Executions attempted so far: 20 total 20 finished normally 0 blocked.
Executions attempted so far: 1 total 1 finished normally 0 blocked.
Executions attempted so far: 80 total 80 finished normally 0 blocked.
Executions attempted so far: 2 total 2 finished normally 0 blocked.
Executions attempted so far: 30 total 30 finished normally 0 blocked.
Executions attempted so far: 40 total 40 finished normally 0 blocked.
Executions attempted so far: 3 total 3 finished normally 0 blocked.
Executions attempted so far: 60 total 60 finished normally 0 blocked.
Executions attempted so far: 4 total 4 finished normally 0 blocked.
Executions attempted so far: 60 total 60 finished normally 0 blocked.
Executions attempted so far: 20 total 20 finished normally 0 blocked.
Executions attempted so far: 5 total 5 finished normally 0 blocked.
Executions attempted so far: 70 total 70 finished normally 0 blocked.
Executions attempted so far: 6 total 6 finished normally 0 blocked.
Executions attempted so far: 70 total 70 finished normally 0 blocked.
Executions attempted so far: 7 total 7 finished normally 0 blocked.
Executions attempted so far: 20 total 20 finished normally 0 blocked.
Executions attempted so far: 8 total 8 finished normally 0 blocked.
Executions attempted so far: 9 total 9 finished normally 0 blocked.
Executions attempted so far: 10 total 10 finished normally 0 blocked.
Executions attempted so far: 70 total 70 finished normally 0 blocked.
Executions attempted so far: 40 total 40 finished normally 0 blocked.
Executions attempted so far: 90 total 90 finished normally 0 blocked.
Executions attempted so far: 50 total 50 finished normally 0 blocked.
Executions attempted so far: 30 total 30 finished normally 0 blocked.
Executions attempted so far: 20 total 20 finished normally 0 blocked.
Executions attempted so far: 80 total 80 finished normally 0 blocked.
Executions attempted so far: 50 total 50 finished normally 0 blocked.
Executions attempted so far: 50 total 50 finished normally 0 blocked.
Executions attempted so far: 100 total 100 finished normally 0 blocked.
Executions attempted so far: 30 total 30 finished normally 0 blocked.
Executions attempted so far: 80 total 80 finished normally 0 blocked.
Executions attempted so far: 70 total 70 finished normally 0 blocked.
Executions attempted so far: 80 total 80 finished normally 0 blocked.
Executions attempted so far: 30 total 30 finished normally 0 blocked.
Executions attempted so far: 30 total 30 finished normally 0 blocked.
Executions attempted so far: 60 total 60 finished normally 0 blocked.
Executions attempted so far: 90 total 90 finished normally 0 blocked.
Executions attempted so far: 60 total 60 finished normally 0 blocked.
Executions attempted so far: 40 total 40 finished normally 0 blocked.
Executions attempted so far: 60 total 60 finished normally 0 blocked.
Executions attempted so far: 40 total 40 finished normally 0 blocked.
Executions attempted so far: 40 total 40 finished normally 0 blocked.
Executions attempted so far: 100 total 100 finished normally 0 blocked.
Executions attempted so far: 70 total 70 finished normally 0 blocked.
Executions attempted so far: 80 total 80 finished normally 0 blocked.
Executions attempted so far: 90 total 90 finished normally 0 blocked.
Executions attempted so far: 90 total 90 finished normally 0 blocked.
Executions attempted so far: 40 total 40 finished normally 0 blocked.
Executions attempted so far: 1 total 1 finished normally 0 blocked.
Executions attempted so far: 80 total 80 finished normally 0 blocked.
Executions attempted so far: 2 total 2 finished normally 0 blocked.
Executions attempted so far: 70 total 70 finished normally 0 blocked.
Executions attempted so far: 50 total 50 finished normally 0 blocked.
Executions attempted so far: 50 total 50 finished normally 0 blocked.
Executions attempted so far: 3 total 3 finished normally 0 blocked.
Executions attempted so far: 1 total 1 finished normally 0 blocked.
Executions attempted so far: 1 total 1 finished normally 0 blocked.
Executions attempted so far: 70 total 70 finished normally 0 blocked.
Executions attempted so far: 4 total 4 finished normally 0 blocked.
Executions attempted so far: 50 total 50 finished normally 0 blocked.
Executions attempted so far: 2 total 2 finished normally 0 blocked.
Executions attempted so far: 2 total 2 finished normally 0 blocked.
Executions attempted so far: 5 total 5 finished normally 0 blocked.
Executions attempted so far: 3 total 3 finished normally 0 blocked.
Executions attempted so far: 3 total 3 finished normally 0 blocked.
Executions attempted so far: 90 total 90 finished normally 0 blocked.
Executions attempted so far: 6 total 6 finished normally 0 blocked.
Executions attempted so far: 4 total 4 finished normally 0 blocked.
Executions attempted so far: 4 total 4 finished normally 0 blocked.
Executions attempted so far: 7 total 7 finished normally 0 blocked.
Executions attempted so far: 5 total 5 finished normally 0 blocked.
Executions attempted so far: 100 total 100 finished normally 0 blocked.
Executions attempted so far: 5 total 5 finished normally 0 blocked.
Executions attempted so far: 8 total 8 finished normally 0 blocked.
Executions attempted so far: 6 total 6 finished normally 0 blocked.
Executions attempted so far: 6 total 6 finished normally 0 blocked.
Executions attempted so far: 9 total 9 finished normally 0 blocked.
Executions attempted so far: 7 total 7 finished normally 0 blocked.
Executions attempted so far: 50 total 50 finished normally 0 blocked.
Executions attempted so far: 90 total 90 finished normally 0 blocked.
Executions attempted so far: 7 total 7 finished normally 0 blocked.
Executions attempted so far: 100 total 100 finished normally 0 blocked.
Executions attempted so far: 10 total 10 finished normally 0 blocked.
Executions attempted so far: 8 total 8 finished normally 0 blocked.
Executions attempted so far: 60 total 60 finished normally 0 blocked.
Executions attempted so far: 8 total 8 finished normally 0 blocked.
Executions attempted so far: 80 total 80 finished normally 0 blocked.
Executions attempted so far: 100 total 100 finished normally 0 blocked.
Executions attempted so far: 9 total 9 finished normally 0 blocked.
Executions attempted so far: 60 total 60 finished normally 0 blocked.
Executions attempted so far: 9 total 9 finished normally 0 blocked.
Executions attempted so far: 80 total 80 finished normally 0 blocked.
Executions attempted so far: 10 total 10 finished normally 0 blocked.
Executions attempted so far: 60 total 60 finished normally 0 blocked.
Executions attempted so far: 10 total 10 finished normally 0 blocked.
Executions attempted so far: 1 total 1 finished normally 0 blocked.
Executions attempted so far: 2 total 2 finished normally 0 blocked.
Executions attempted so far: 3 total 3 finished normally 0 blocked.
Executions attempted so far: 4 total 4 finished normally 0 blocked.
Executions attempted so far: 5 total 5 finished normally 0 blocked.
Executions attempted so far: 70 total 70 finished normally 0 blocked.
Executions attempted so far: 6 total 6 finished normally 0 blocked.
Executions attempted so far: 60 total 60 finished normally 0 blocked.
Executions attempted so far: 20 total 20 finished normally 0 blocked.
Executions attempted so far: 100 total 100 finished normally 0 blocked.
Executions attempted so far: 7 total 7 finished normally 0 blocked.
Executions attempted so far: 90 total 90 finished normally 0 blocked.
Executions attempted so far: 70 total 70 finished normally 0 blocked.
Executions attempted so far: 70 total 70 finished normally 0 blocked.
Executions attempted so far: 8 total 8 finished normally 0 blocked.
Executions attempted so far: 90 total 90 finished normally 0 blocked.
Executions attempted so far: 20 total 20 finished normally 0 blocked.
Executions attempted so far: 9 total 9 finished normally 0 blocked.
Executions attempted so far: 20 total 20 finished normally 0 blocked.
Executions attempted so far: 10 total 10 finished normally 0 blocked.
Executions attempted so far: 80 total 80 finished normally 0 blocked.
Executions attempted so far: 30 total 30 finished normally 0 blocked.
Executions attempted so far: 70 total 70 finished normally 0 blocked.
Executions attempted so far: 80 total 80 finished normally 0 blocked.
Executions attempted so far: 80 total 80 finished normally 0 blocked.
Executions attempted so far: 100 total 100 finished normally 0 blocked.
Executions attempted so far: 100 total 100 finished normally 0 blocked.
Executions attempted so far: 30 total 30 finished normally 0 blocked.
Executions attempted so far: 30 total 30 finished normally 0 blocked.
Executions attempted so far: 20 total 20 finished normally 0 blocked.
Executions attempted so far: 90 total 90 finished normally 0 blocked.
Executions attempted so far: 40 total 40 finished normally 0 blocked.
Executions attempted so far: 90 total 90 finished normally 0 blocked.
Executions attempted so far: 80 total 80 finished normally 0 blocked.
Executions attempted so far: 90 total 90 finished normally 0 blocked.
Executions attempted so far: 40 total 40 finished normally 0 blocked.
Executions attempted so far: 30 total 30 finished normally 0 blocked.
Executions attempted so far: 40 total 40 finished normally 0 blocked.
Executions attempted so far: 100 total 100 finished normally 0 blocked.
Executions attempted so far: 100 total 100 finished normally 0 blocked.
Executions attempted so far: 100 total 100 finished normally 0 blocked.
Executions attempted so far: 90 total 90 finished normally 0 blocked.
Executions attempted so far: 50 total 50 finished normally 0 blocked.
Executions attempted so far: 50 total 50 finished normally 0 blocked.
Executions attempted so far: 50 total 50 finished normally 0 blocked.
Executions attempted so far: 40 total 40 finished normally 0 blocked.
Executions attempted so far: 100 total 100 finished normally 0 blocked.
Executions attempted so far: 60 total 60 finished normally 0 blocked.
Executions attempted so far: 60 total 60 finished normally 0 blocked.
Executions attempted so far: 60 total 60 finished normally 0 blocked.
Executions attempted so far: 50 total 50 finished normally 0 blocked.
Executions attempted so far: 70 total 70 finished normally 0 blocked.
Executions attempted so far: 70 total 70 finished normally 0 blocked.
Executions attempted so far: 70 total 70 finished normally 0 blocked.
Executions attempted so far: 200 total 200 finished normally 0 blocked.
Executions attempted so far: 60 total 60 finished normally 0 blocked.
Executions attempted so far: 80 total 80 finished normally 0 blocked.
Executions attempted so far: 80 total 80 finished normally 0 blocked.
Executions attempted so far: 80 total 80 finished normally 0 blocked.
Executions attempted so far: 70 total 70 finished normally 0 blocked.
Executions attempted so far: 200 total 200 finished normally 0 blocked.
Executions attempted so far: 90 total 90 finished normally 0 blocked.
Executions attempted so far: 90 total 90 finished normally 0 blocked.
Executions attempted so far: 90 total 90 finished normally 0 blocked.
Executions attempted so far: 80 total 80 finished normally 0 blocked.
Executions attempted so far: 100 total 100 finished normally 0 blocked.
Executions attempted so far: 100 total 100 finished normally 0 blocked.
Executions attempted so far: 200 total 200 finished normally 0 blocked.
Executions attempted so far: 200 total 200 finished normally 0 blocked.
Executions attempted so far: 100 total 100 finished normally 0 blocked.
Executions attempted so far: 90 total 90 finished normally 0 blocked.
Executions attempted so far: 200 total 200 finished normally 0 blocked.
Executions attempted so far: 100 total 100 finished normally 0 blocked.
Executions attempted so far: 200 total 200 finished normally 0 blocked.
Executions attempted so far: 200 total 200 finished normally 0 blocked.
Executions attempted so far: 200 total 200 finished normally 0 blocked.
Executions attempted so far: 200 total 200 finished normally 0 blocked.
Executions attempted so far: 200 total 200 finished normally 0 blocked.
Executions attempted so far: 200 total 200 finished normally 0 blocked.
Executions attempted so far: 200 total 200 finished normally 0 blocked.
Executions attempted so far: 300 total 300 finished normally 0 blocked.
Executions attempted so far: 300 total 300 finished normally 0 blocked.
Executions attempted so far: 300 total 300 finished normally 0 blocked.
Executions attempted so far: 300 total 300 finished normally 0 blocked.
Executions attempted so far: 200 total 200 finished normally 0 blocked.
Executions attempted so far: 200 total 200 finished normally 0 blocked.
Executions attempted so far: 200 total 200 finished normally 0 blocked.
Executions attempted so far: 300 total 300 finished normally 0 blocked.
Executions attempted so far: 300 total 300 finished normally 0 blocked.
Executions attempted so far: 300 total 300 finished normally 0 blocked.
Executions attempted so far: 200 total 200 finished normally 0 blocked.
Executions attempted so far: 300 total 300 finished normally 0 blocked.
Executions attempted so far: 300 total 300 finished normally 0 blocked.
Executions attempted so far: 300 total 300 finished normally 0 blocked.
Executions attempted so far: 300 total 300 finished normally 0 blocked.
Executions attempted so far: 300 total 300 finished normally 0 blocked.
Executions attempted so far: 400 total 400 finished normally 0 blocked.
Executions attempted so far: 400 total 400 finished normally 0 blocked.
Executions attempted so far: 400 total 400 finished normally 0 blocked.
Executions attempted so far: 400 total 400 finished normally 0 blocked.
Executions attempted so far: 300 total 300 finished normally 0 blocked.
Executions attempted so far: 300 total 300 finished normally 0 blocked.
Executions attempted so far: 300 total 300 finished normally 0 blocked.
Executions attempted so far: 400 total 400 finished normally 0 blocked.
Executions attempted so far: 400 total 400 finished normally 0 blocked.
Executions attempted so far: 400 total 400 finished normally 0 blocked.
Executions attempted so far: 400 total 400 finished normally 0 blocked.
Executions attempted so far: 400 total 400 finished normally 0 blocked.
Executions attempted so far: 400 total 400 finished normally 0 blocked.
Executions attempted so far: 300 total 300 finished normally 0 blocked.
Executions attempted so far: 400 total 400 finished normally 0 blocked.
Executions attempted so far: 400 total 400 finished normally 0 blocked.
Executions attempted so far: 500 total 500 finished normally 0 blocked.
Executions attempted so far: 500 total 500 finished normally 0 blocked.
Executions attempted so far: 500 total 500 finished normally 0 blocked.
Executions attempted so far: 500 total 500 finished normally 0 blocked.
Executions attempted so far: 400 total 400 finished normally 0 blocked.
Executions attempted so far: 500 total 500 finished normally 0 blocked.
Executions attempted so far: 400 total 400 finished normally 0 blocked.
Executions attempted so far: 500 total 500 finished normally 0 blocked.
Executions attempted so far: 400 total 400 finished normally 0 blocked.
Executions attempted so far: 500 total 500 finished normally 0 blocked.
Executions attempted so far: 500 total 500 finished normally 0 blocked.
Executions attempted so far: 400 total 400 finished normally 0 blocked.
Executions attempted so far: 500 total 500 finished normally 0 blocked.
Executions attempted so far: 500 total 500 finished normally 0 blocked.
Executions attempted so far: 500 total 500 finished normally 0 blocked.
Executions attempted so far: 600 total 600 finished normally 0 blocked.
Executions attempted so far: 600 total 600 finished normally 0 blocked.
Executions attempted so far: 600 total 600 finished normally 0 blocked.
Executions attempted so far: 600 total 600 finished normally 0 blocked.
Executions attempted so far: 600 total 600 finished normally 0 blocked.
Executions attempted so far: 500 total 500 finished normally 0 blocked.
Executions attempted so far: 600 total 600 finished normally 0 blocked.
Executions attempted so far: 500 total 500 finished normally 0 blocked.
Executions attempted so far: 500 total 500 finished normally 0 blocked.
Executions attempted so far: 600 total 600 finished normally 0 blocked.
Executions attempted so far: 500 total 500 finished normally 0 blocked.
Executions attempted so far: 600 total 600 finished normally 0 blocked.
Executions attempted so far: 600 total 600 finished normally 0 blocked.
Executions attempted so far: 500 total 500 finished normally 0 blocked.
Executions attempted so far: 700 total 700 finished normally 0 blocked.
Executions attempted so far: 600 total 600 finished normally 0 blocked.
Executions attempted so far: 700 total 700 finished normally 0 blocked.
Executions attempted so far: 600 total 600 finished normally 0 blocked.
Executions attempted so far: 700 total 700 finished normally 0 blocked.
Executions attempted so far: 700 total 700 finished normally 0 blocked.
Executions attempted so far: 700 total 700 finished normally 0 blocked.
Executions attempted so far: 700 total 700 finished normally 0 blocked.
Executions attempted so far: 600 total 600 finished normally 0 blocked.
Executions attempted so far: 600 total 600 finished normally 0 blocked.
Executions attempted so far: 700 total 700 finished normally 0 blocked.
Executions attempted so far: 600 total 600 finished normally 0 blocked.
Executions attempted so far: 700 total 700 finished normally 0 blocked.
Executions attempted so far: 700 total 700 finished normally 0 blocked.
Executions attempted so far: 800 total 800 finished normally 0 blocked.
Executions attempted so far: 800 total 800 finished normally 0 blocked.
Executions attempted so far: 600 total 600 finished normally 0 blocked.
Executions attempted so far: 600 total 600 finished normally 0 blocked.
Executions attempted so far: 800 total 800 finished normally 0 blocked.
Executions attempted so far: 800 total 800 finished normally 0 blocked.
Executions attempted so far: 800 total 800 finished normally 0 blocked.
Executions attempted so far: 800 total 800 finished normally 0 blocked.
Executions attempted so far: 700 total 700 finished normally 0 blocked.
Executions attempted so far: 800 total 800 finished normally 0 blocked.
Executions attempted so far: 700 total 700 finished normally 0 blocked.
Executions attempted so far: 800 total 800 finished normally 0 blocked.
Executions attempted so far: 700 total 700 finished normally 0 blocked.
Executions attempted so far: 700 total 700 finished normally 0 blocked.
Executions attempted so far: 800 total 800 finished normally 0 blocked.
Executions attempted so far: 700 total 700 finished normally 0 blocked.
Executions attempted so far: 900 total 900 finished normally 0 blocked.
Executions attempted so far: 900 total 900 finished normally 0 blocked.
Executions attempted so far: 900 total 900 finished normally 0 blocked.
Executions attempted so far: 700 total 700 finished normally 0 blocked.
Executions attempted so far: 900 total 900 finished normally 0 blocked.
Executions attempted so far: 900 total 900 finished normally 0 blocked.
Executions attempted so far: 800 total 800 finished normally 0 blocked.
Executions attempted so far: 900 total 900 finished normally 0 blocked.
Executions attempted so far: 900 total 900 finished normally 0 blocked.
Executions attempted so far: 800 total 800 finished normally 0 blocked.
Executions attempted so far: 900 total 900 finished normally 0 blocked.
Executions attempted so far: 800 total 800 finished normally 0 blocked.
Executions attempted so far: 900 total 900 finished normally 0 blocked.
Executions attempted so far: 1000 total 1000 finished normally 0 blocked.
Executions attempted so far: 800 total 800 finished normally 0 blocked.
Executions attempted so far: 1000 total 1000 finished normally 0 blocked.
Executions attempted so far: 700 total 700 finished normally 0 blocked.
Executions attempted so far: 1000 total 1000 finished normally 0 blocked.
Executions attempted so far: 800 total 800 finished normally 0 blocked.
Executions attempted so far: 1000 total 1000 finished normally 0 blocked.
Executions attempted so far: 900 total 900 finished normally 0 blocked.
Executions attempted so far: 1000 total 1000 finished normally 0 blocked.
Executions attempted so far: 1000 total 1000 finished normally 0 blocked.
Executions attempted so far: 1000 total 1000 finished normally 0 blocked.
Executions attempted so far: 1000 total 1000 finished normally 0 blocked.
Executions attempted so far: 900 total 900 finished normally 0 blocked.
Executions attempted so far: 900 total 900 finished normally 0 blocked.
Executions attempted so far: 1000 total 1000 finished normally 0 blocked.
Executions attempted so far: 900 total 900 finished normally 0 blocked.
Executions attempted so far: 800 total 800 finished normally 0 blocked.
Executions attempted so far: 900 total 900 finished normally 0 blocked.
Executions attempted so far: 800 total 800 finished normally 0 blocked.
Executions attempted so far: 1000 total 1000 finished normally 0 blocked.
Executions attempted so far: 1000 total 1000 finished normally 0 blocked.
Executions attempted so far: 1000 total 1000 finished normally 0 blocked.
Executions attempted so far: 1000 total 1000 finished normally 0 blocked.
Executions attempted so far: 1000 total 1000 finished normally 0 blocked.
Executions attempted so far: 900 total 900 finished normally 0 blocked.
Executions attempted so far: 900 total 900 finished normally 0 blocked.
Executions attempted so far: 1000 total 1000 finished normally 0 blocked.
Executions attempted so far: 1000 total 1000 finished normally 0 blocked.
Executions attempted so far: 2000 total 2000 finished normally 0 blocked.
Executions attempted so far: 2000 total 2000 finished normally 0 blocked.
Executions attempted so far: 2000 total 2000 finished normally 0 blocked.
Executions attempted so far: 2000 total 2000 finished normally 0 blocked.
Executions attempted so far: 2000 total 2000 finished normally 0 blocked.
Executions attempted so far: 2000 total 2000 finished normally 0 blocked.
Executions attempted so far: 2000 total 2000 finished normally 0 blocked.
Executions attempted so far: 2000 total 2000 finished normally 0 blocked.
Executions attempted so far: 2000 total 2000 finished normally 0 blocked.
Executions attempted so far: 2000 total 2000 finished normally 0 blocked.
Executions attempted so far: 2000 total 2000 finished normally 0 blocked.
Executions attempted so far: 2000 total 2000 finished normally 0 blocked.
Executions attempted so far: 2000 total 2000 finished normally 0 blocked.
Executions attempted so far: 2000 total 2000 finished normally 0 blocked.
Executions attempted so far: 2000 total 2000 finished normally 0 blocked.
Executions attempted so far: 2000 total 2000 finished normally 0 blocked.
Executions attempted so far: 3000 total 3000 finished normally 0 blocked.
Executions attempted so far: 3000 total 3000 finished normally 0 blocked.
Executions attempted so far: 3000 total 3000 finished normally 0 blocked.
Executions attempted so far: 3000 total 3000 finished normally 0 blocked.
Executions attempted so far: 3000 total 3000 finished normally 0 blocked.
Executions attempted so far: 3000 total 3000 finished normally 0 blocked.
Executions attempted so far: 3000 total 3000 finished normally 0 blocked.
Executions attempted so far: 3000 total 3000 finished normally 0 blocked.
Executions attempted so far: 3000 total 3000 finished normally 0 blocked.
Executions attempted so far: 3000 total 3000 finished normally 0 blocked.
Executions attempted so far: 3000 total 3000 finished normally 0 blocked.
Executions attempted so far: 3000 total 3000 finished normally 0 blocked.
Executions attempted so far: 3000 total 3000 finished normally 0 blocked.
Executions attempted so far: 3000 total 3000 finished normally 0 blocked.
Executions attempted so far: 3000 total 3000 finished normally 0 blocked.
Executions attempted so far: 4000 total 4000 finished normally 0 blocked.
Executions attempted so far: 3000 total 3000 finished normally 0 blocked.
Executions attempted so far: 4000 total 4000 finished normally 0 blocked.
Executions attempted so far: 4000 total 4000 finished normally 0 blocked.
Executions attempted so far: 4000 total 4000 finished normally 0 blocked.
Executions attempted so far: 4000 total 4000 finished normally 0 blocked.
Executions attempted so far: 4000 total 4000 finished normally 0 blocked.
Executions attempted so far: 4000 total 4000 finished normally 0 blocked.
Executions attempted so far: 4000 total 4000 finished normally 0 blocked.
Executions attempted so far: 4000 total 4000 finished normally 0 blocked.
Executions attempted so far: 4000 total 4000 finished normally 0 blocked.
Executions attempted so far: 4000 total 4000 finished normally 0 blocked.
Executions attempted so far: 4000 total 4000 finished normally 0 blocked.
Executions attempted so far: 4000 total 4000 finished normally 0 blocked.
Executions attempted so far: 4000 total 4000 finished normally 0 blocked.
Executions attempted so far: 4000 total 4000 finished normally 0 blocked.
Executions attempted so far: 5000 total 5000 finished normally 0 blocked.
Executions attempted so far: 5000 total 5000 finished normally 0 blocked.
Executions attempted so far: 4000 total 4000 finished normally 0 blocked.
Executions attempted so far: 5000 total 5000 finished normally 0 blocked.
Executions attempted so far: 5000 total 5000 finished normally 0 blocked.
Executions attempted so far: 5000 total 5000 finished normally 0 blocked.
Executions attempted so far: 5000 total 5000 finished normally 0 blocked.
Executions attempted so far: 5000 total 5000 finished normally 0 blocked.
Executions attempted so far: 5000 total 5000 finished normally 0 blocked.
Executions attempted so far: 5000 total 5000 finished normally 0 blocked.
Executions attempted so far: 5000 total 5000 finished normally 0 blocked.
Executions attempted so far: 5000 total 5000 finished normally 0 blocked.
Executions attempted so far: 5000 total 5000 finished normally 0 blocked.
Executions attempted so far: 5000 total 5000 finished normally 0 blocked.
Executions attempted so far: 5000 total 5000 finished normally 0 blocked.
Executions attempted so far: 5000 total 5000 finished normally 0 blocked.
Executions attempted so far: 6000 total 6000 finished normally 0 blocked.
Executions attempted so far: 6000 total 6000 finished normally 0 blocked.
Executions attempted so far: 5000 total 5000 finished normally 0 blocked.
Executions attempted so far: 6000 total 6000 finished normally 0 blocked.
Executions attempted so far: 6000 total 6000 finished normally 0 blocked.
Executions attempted so far: 6000 total 6000 finished normally 0 blocked.
Executions attempted so far: 6000 total 6000 finished normally 0 blocked.
Executions attempted so far: 6000 total 6000 finished normally 0 blocked.
Executions attempted so far: 6000 total 6000 finished normally 0 blocked.
Executions attempted so far: 6000 total 6000 finished normally 0 blocked.
Executions attempted so far: 6000 total 6000 finished normally 0 blocked.
Executions attempted so far: 6000 total 6000 finished normally 0 blocked.
Executions attempted so far: 6000 total 6000 finished normally 0 blocked.
Executions attempted so far: 6000 total 6000 finished normally 0 blocked.
Executions attempted so far: 6000 total 6000 finished normally 0 blocked.
Executions attempted so far: 6000 total 6000 finished normally 0 blocked.
Executions attempted so far: 7000 total 7000 finished normally 0 blocked.
Executions attempted so far: 6000 total 6000 finished normally 0 blocked.
Executions attempted so far: 7000 total 7000 finished normally 0 blocked.
Executions attempted so far: 7000 total 7000 finished normally 0 blocked.
Executions attempted so far: 7000 total 7000 finished normally 0 blocked.
Executions attempted so far: 7000 total 7000 finished normally 0 blocked.
Executions attempted so far: 7000 total 7000 finished normally 0 blocked.
Executions attempted so far: 7000 total 7000 finished normally 0 blocked.
Executions attempted so far: 7000 total 7000 finished normally 0 blocked.
Executions attempted so far: 7000 total 7000 finished normally 0 blocked.
Executions attempted so far: 7000 total 7000 finished normally 0 blocked.
Executions attempted so far: 7000 total 7000 finished normally 0 blocked.
Executions attempted so far: 7000 total 7000 finished normally 0 blocked.
Executions attempted so far: 8000 total 8000 finished normally 0 blocked.
Executions attempted so far: 7000 total 7000 finished normally 0 blocked.
Executions attempted so far: 7000 total 7000 finished normally 0 blocked.
Executions attempted so far: 8000 total 8000 finished normally 0 blocked.
Executions attempted so far: 8000 total 8000 finished normally 0 blocked.
Executions attempted so far: 8000 total 8000 finished normally 0 blocked.
Executions attempted so far: 8000 total 8000 finished normally 0 blocked.
Executions attempted so far: 7000 total 7000 finished normally 0 blocked.
Executions attempted so far: 7000 total 7000 finished normally 0 blocked.
Executions attempted so far: 8000 total 8000 finished normally 0 blocked.
Executions attempted so far: 8000 total 8000 finished normally 0 blocked.
Executions attempted so far: 8000 total 8000 finished normally 0 blocked.
Executions attempted so far: 8000 total 8000 finished normally 0 blocked.
Executions attempted so far: 8000 total 8000 finished normally 0 blocked.
Executions attempted so far: 8000 total 8000 finished normally 0 blocked.
Executions attempted so far: 9000 total 9000 finished normally 0 blocked.
Executions attempted so far: 8000 total 8000 finished normally 0 blocked.
Executions attempted so far: 9000 total 9000 finished normally 0 blocked.
Executions attempted so far: 9000 total 9000 finished normally 0 blocked.
Executions attempted so far: 9000 total 9000 finished normally 0 blocked.
Executions attempted so far: 8000 total 8000 finished normally 0 blocked.
Executions attempted so far: 9000 total 9000 finished normally 0 blocked.
Executions attempted so far: 8000 total 8000 finished normally 0 blocked.
Executions attempted so far: 9000 total 9000 finished normally 0 blocked.
Executions attempted so far: 8000 total 8000 finished normally 0 blocked.
Executions attempted so far: 9000 total 9000 finished normally 0 blocked.
Executions attempted so far: 8000 total 8000 finished normally 0 blocked.
Executions attempted so far: 9000 total 9000 finished normally 0 blocked.
Executions attempted so far: 9000 total 9000 finished normally 0 blocked.
Executions attempted so far: 9000 total 9000 finished normally 0 blocked.
Executions attempted so far: 9000 total 9000 finished normally 0 blocked.
Executions attempted so far: 10000 total 10000 finished normally 0 blocked.
Executions attempted so far: 10000 total 10000 finished normally 0 blocked.
Executions attempted so far: 9000 total 9000 finished normally 0 blocked.
Executions attempted so far: 10000 total 10000 finished normally 0 blocked.
Executions attempted so far: 10000 total 10000 finished normally 0 blocked.
Executions attempted so far: 10000 total 10000 finished normally 0 blocked.
Executions attempted so far: 10000 total 10000 finished normally 0 blocked.
Executions attempted so far: 10000 total 10000 finished normally 0 blocked.
Executions attempted so far: 9000 total 9000 finished normally 0 blocked.
Executions attempted so far: 9000 total 9000 finished normally 0 blocked.
Executions attempted so far: 9000 total 9000 finished normally 0 blocked.
Executions attempted so far: 10000 total 10000 finished normally 0 blocked.
Executions attempted so far: 9000 total 9000 finished normally 0 blocked.
Executions attempted so far: 10000 total 10000 finished normally 0 blocked.
Executions attempted so far: 10000 total 10000 finished normally 0 blocked.
Executions attempted so far: 10000 total 10000 finished normally 0 blocked.
Executions attempted so far: 10000 total 10000 finished normally 0 blocked.
Executions attempted so far: 10000 total 10000 finished normally 0 blocked.
Executions attempted so far: 10000 total 10000 finished normally 0 blocked.
Executions attempted so far: 10000 total 10000 finished normally 0 blocked.
Executions attempted so far: 10000 total 10000 finished normally 0 blocked.
Executions attempted so far: 20000 total 20000 finished normally 0 blocked.
Executions attempted so far: 20000 total 20000 finished normally 0 blocked.
Executions attempted so far: 20000 total 20000 finished normally 0 blocked.
Executions attempted so far: 20000 total 20000 finished normally 0 blocked.
Executions attempted so far: 20000 total 20000 finished normally 0 blocked.
Executions attempted so far: 20000 total 20000 finished normally 0 blocked.
Executions attempted so far: 20000 total 20000 finished normally 0 blocked.
Executions attempted so far: 20000 total 20000 finished normally 0 blocked.
Executions attempted so far: 20000 total 20000 finished normally 0 blocked.
Executions attempted so far: 20000 total 20000 finished normally 0 blocked.
Executions attempted so far: 20000 total 20000 finished normally 0 blocked.
Executions attempted so far: 20000 total 20000 finished normally 0 blocked.
Executions attempted so far: 20000 total 20000 finished normally 0 blocked.
Executions attempted so far: 20000 total 20000 finished normally 0 blocked.
Executions attempted so far: 20000 total 20000 finished normally 0 blocked.
Executions attempted so far: 20000 total 20000 finished normally 0 blocked.
Executions attempted so far: 30000 total 30000 finished normally 0 blocked (6000.00/sec).
Executions attempted so far: 30000 total 30000 finished normally 0 blocked (6000.00/sec).
Executions attempted so far: 30000 total 30000 finished normally 0 blocked (6000.00/sec).
Executions attempted so far: 30000 total 30000 finished normally 0 blocked (6000.00/sec).
Executions attempted so far: 30000 total 30000 finished normally 0 blocked (6000.00/sec).
Executions attempted so far: 30000 total 30000 finished normally 0 blocked (6000.00/sec).
Executions attempted so far: 30000 total 30000 finished normally 0 blocked (6000.00/sec).
Executions attempted so far: 30000 total 30000 finished normally 0 blocked (6000.00/sec).
Executions attempted so far: 30000 total 30000 finished normally 0 blocked (6000.00/sec).
Executions attempted so far: 30000 total 30000 finished normally 0 blocked (6000.00/sec).
Executions attempted so far: 30000 total 30000 finished normally 0 blocked (6000.00/sec).
Executions attempted so far: 30000 total 30000 finished normally 0 blocked (6000.00/sec).
Executions attempted so far: 30000 total 30000 finished normally 0 blocked (5000.00/sec).
Executions attempted so far: 30000 total 30000 finished normally 0 blocked (5000.00/sec).
Executions attempted so far: 30000 total 30000 finished normally 0 blocked (5000.00/sec).
Executions attempted so far: 30000 total 30000 finished normally 0 blocked (5000.00/sec).
Executions attempted so far: 40000 total 40000 finished normally 0 blocked (5714.29/sec).
Executions attempted so far: 40000 total 40000 finished normally 0 blocked (5714.29/sec).
Executions attempted so far: 40000 total 40000 finished normally 0 blocked (5714.29/sec).
Executions attempted so far: 40000 total 40000 finished normally 0 blocked (5714.29/sec).
Executions attempted so far: 40000 total 40000 finished normally 0 blocked (5714.29/sec).
Executions attempted so far: 40000 total 40000 finished normally 0 blocked (5714.29/sec).
Executions attempted so far: 40000 total 40000 finished normally 0 blocked (5714.29/sec).
Executions attempted so far: 40000 total 40000 finished normally 0 blocked (5714.29/sec).
Executions attempted so far: 40000 total 40000 finished normally 0 blocked (5714.29/sec).
Executions attempted so far: 40000 total 40000 finished normally 0 blocked (5714.29/sec).
Executions attempted so far: 40000 total 40000 finished normally 0 blocked (5714.29/sec).
Executions attempted so far: 40000 total 40000 finished normally 0 blocked (5714.29/sec).
Executions attempted so far: 40000 total 40000 finished normally 0 blocked (5714.29/sec).
Executions attempted so far: 40000 total 40000 finished normally 0 blocked (5000.00/sec).
Executions attempted so far: 40000 total 40000 finished normally 0 blocked (5000.00/sec).
Executions attempted so far: 40000 total 40000 finished normally 0 blocked (5000.00/sec).
Executions attempted so far: 50000 total 50000 finished normally 0 blocked (5555.56/sec).
Executions attempted so far: 50000 total 50000 finished normally 0 blocked (5555.56/sec).
Executions attempted so far: 50000 total 50000 finished normally 0 blocked (5555.56/sec).
Executions attempted so far: 50000 total 50000 finished normally 0 blocked (5555.56/sec).
Executions attempted so far: 50000 total 50000 finished normally 0 blocked (5555.56/sec).
Executions attempted so far: 50000 total 50000 finished normally 0 blocked (5555.56/sec).
Executions attempted so far: 50000 total 50000 finished normally 0 blocked (5555.56/sec).
Executions attempted so far: 50000 total 50000 finished normally 0 blocked (5555.56/sec).
Executions attempted so far: 50000 total 50000 finished normally 0 blocked (5555.56/sec).
Executions attempted so far: 50000 total 50000 finished normally 0 blocked (5555.56/sec).
Executions attempted so far: 50000 total 50000 finished normally 0 blocked (5555.56/sec).
Executions attempted so far: 50000 total 50000 finished normally 0 blocked (5555.56/sec).
Executions attempted so far: 50000 total 50000 finished normally 0 blocked (5555.56/sec).
Executions attempted so far: 50000 total 50000 finished normally 0 blocked (5000.00/sec).
Executions attempted so far: 50000 total 50000 finished normally 0 blocked (5000.00/sec).
Executions attempted so far: 50000 total 50000 finished normally 0 blocked (5000.00/sec).
Executions attempted so far: 60000 total 60000 finished normally 0 blocked (6000.00/sec).
Executions attempted so far: 60000 total 60000 finished normally 0 blocked (5454.55/sec).
Executions attempted so far: 60000 total 60000 finished normally 0 blocked (5454.55/sec).
Executions attempted so far: 60000 total 60000 finished normally 0 blocked (5454.55/sec).
Executions attempted so far: 60000 total 60000 finished normally 0 blocked (5454.55/sec).
Executions attempted so far: 60000 total 60000 finished normally 0 blocked (5454.55/sec).
Executions attempted so far: 60000 total 60000 finished normally 0 blocked (5454.55/sec).
Executions attempted so far: 60000 total 60000 finished normally 0 blocked (5454.55/sec).
Executions attempted so far: 60000 total 60000 finished normally 0 blocked (5454.55/sec).
Executions attempted so far: 60000 total 60000 finished normally 0 blocked (5454.55/sec).
Executions attempted so far: 60000 total 60000 finished normally 0 blocked (5454.55/sec).
Executions attempted so far: 60000 total 60000 finished normally 0 blocked (5454.55/sec).
Executions attempted so far: 60000 total 60000 finished normally 0 blocked (5454.55/sec).
Executions attempted so far: 60000 total 60000 finished normally 0 blocked (5000.00/sec).
Executions attempted so far: 60000 total 60000 finished normally 0 blocked (5000.00/sec).
Executions attempted so far: 60000 total 60000 finished normally 0 blocked (5000.00/sec).
Executions attempted so far: 70000 total 70000 finished normally 0 blocked (5833.33/sec).
Executions attempted so far: 70000 total 70000 finished normally 0 blocked (5833.33/sec).
Executions attempted so far: 70000 total 70000 finished normally 0 blocked (5384.62/sec).
Executions attempted so far: 70000 total 70000 finished normally 0 blocked (5384.62/sec).
Executions attempted so far: 70000 total 70000 finished normally 0 blocked (5384.62/sec).
Executions attempted so far: 70000 total 70000 finished normally 0 blocked (5384.62/sec).
Executions attempted so far: 70000 total 70000 finished normally 0 blocked (5384.62/sec).
Executions attempted so far: 70000 total 70000 finished normally 0 blocked (5384.62/sec).
Executions attempted so far: 70000 total 70000 finished normally 0 blocked (5384.62/sec).
Executions attempted so far: 70000 total 70000 finished normally 0 blocked (5384.62/sec).
Executions attempted so far: 70000 total 70000 finished normally 0 blocked (5384.62/sec).
Executions attempted so far: 70000 total 70000 finished normally 0 blocked (5384.62/sec).
Executions attempted so far: 70000 total 70000 finished normally 0 blocked (5384.62/sec).
Executions attempted so far: 70000 total 70000 finished normally 0 blocked (5000.00/sec).
Executions attempted so far: 70000 total 70000 finished normally 0 blocked (5000.00/sec).
Executions attempted so far: 80000 total 80000 finished normally 0 blocked (5714.29/sec).
Executions attempted so far: 70000 total 70000 finished normally 0 blocked (5000.00/sec).
Executions attempted so far: 80000 total 80000 finished normally 0 blocked (5714.29/sec).
Executions attempted so far: 80000 total 80000 finished normally 0 blocked (5333.33/sec).
Executions attempted so far: 80000 total 80000 finished normally 0 blocked (5333.33/sec).
Executions attempted so far: 80000 total 80000 finished normally 0 blocked (5333.33/sec).
Executions attempted so far: 80000 total 80000 finished normally 0 blocked (5333.33/sec).
Executions attempted so far: 80000 total 80000 finished normally 0 blocked (5333.33/sec).
Executions attempted so far: 80000 total 80000 finished normally 0 blocked (5333.33/sec).
Executions attempted so far: 80000 total 80000 finished normally 0 blocked (5333.33/sec).
Executions attempted so far: 80000 total 80000 finished normally 0 blocked (5333.33/sec).
Executions attempted so far: 80000 total 80000 finished normally 0 blocked (5333.33/sec).
Executions attempted so far: 80000 total 80000 finished normally 0 blocked (5333.33/sec).
Executions attempted so far: 80000 total 80000 finished normally 0 blocked (5333.33/sec).
Executions attempted so far: 80000 total 80000 finished normally 0 blocked (5000.00/sec).
Executions attempted so far: 80000 total 80000 finished normally 0 blocked (5000.00/sec).
Executions attempted so far: 90000 total 90000 finished normally 0 blocked (5625.00/sec).
Executions attempted so far: 90000 total 90000 finished normally 0 blocked (5625.00/sec).
Executions attempted so far: 90000 total 90000 finished normally 0 blocked (5625.00/sec).
Executions attempted so far: 80000 total 80000 finished normally 0 blocked (5000.00/sec).
Executions attempted so far: 90000 total 90000 finished normally 0 blocked (5294.12/sec).
Executions attempted so far: 90000 total 90000 finished normally 0 blocked (5294.12/sec).
Executions attempted so far: 90000 total 90000 finished normally 0 blocked (5294.12/sec).
Executions attempted so far: 90000 total 90000 finished normally 0 blocked (5294.12/sec).
Executions attempted so far: 90000 total 90000 finished normally 0 blocked (5294.12/sec).
Executions attempted so far: 90000 total 90000 finished normally 0 blocked (5294.12/sec).
Executions attempted so far: 90000 total 90000 finished normally 0 blocked (5294.12/sec).
Executions attempted so far: 90000 total 90000 finished normally 0 blocked (5294.12/sec).
Executions attempted so far: 90000 total 90000 finished normally 0 blocked (5294.12/sec).
Executions attempted so far: 90000 total 90000 finished normally 0 blocked (5294.12/sec).
Executions attempted so far: 90000 total 90000 finished normally 0 blocked (5000.00/sec).
Executions attempted so far: 90000 total 90000 finished normally 0 blocked (5000.00/sec).
Executions attempted so far: 100000 total 100000 finished normally 0 blocked (5555.56/sec).
Executions attempted so far: 100000 total 100000 finished normally 0 blocked (5555.56/sec).
Executions attempted so far: 100000 total 100000 finished normally 0 blocked (5555.56/sec).
Executions attempted so far: 90000 total 90000 finished normally 0 blocked (5000.00/sec).
Executions attempted so far: 100000 total 100000 finished normally 0 blocked (5555.56/sec).
Executions attempted so far: 100000 total 100000 finished normally 0 blocked (5263.16/sec).
Executions attempted so far: 100000 total 100000 finished normally 0 blocked (5263.16/sec).
Executions attempted so far: 100000 total 100000 finished normally 0 blocked (5263.16/sec).
Executions attempted so far: 100000 total 100000 finished normally 0 blocked (5263.16/sec).
Executions attempted so far: 100000 total 100000 finished normally 0 blocked (5263.16/sec).
Executions attempted so far: 100000 total 100000 finished normally 0 blocked (5263.16/sec).
Executions attempted so far: 100000 total 100000 finished normally 0 blocked (5263.16/sec).
Executions attempted so far: 100000 total 100000 finished normally 0 blocked (5263.16/sec).
Executions attempted so far: 100000 total 100000 finished normally 0 blocked (5263.16/sec).
Executions attempted so far: 100000 total 100000 finished normally 0 blocked (5263.16/sec).
Executions attempted so far: 100000 total 100000 finished normally 0 blocked (5263.16/sec).
Executions attempted so far: 100000 total 100000 finished normally 0 blocked (5000.00/sec).
Executions attempted so far: 200000 total 200000 finished normally 0 blocked (5555.56/sec).
Executions attempted so far: 200000 total 200000 finished normally 0 blocked (5405.41/sec).
Executions attempted so far: 200000 total 200000 finished normally 0 blocked (5405.41/sec).
Executions attempted so far: 200000 total 200000 finished normally 0 blocked (5263.16/sec).
Executions attempted so far: 200000 total 200000 finished normally 0 blocked (5263.16/sec).
Executions attempted so far: 200000 total 200000 finished normally 0 blocked (5263.16/sec).
Executions attempted so far: 200000 total 200000 finished normally 0 blocked (5263.16/sec).
Executions attempted so far: 200000 total 200000 finished normally 0 blocked (5263.16/sec).
Executions attempted so far: 200000 total 200000 finished normally 0 blocked (5263.16/sec).
Executions attempted so far: 200000 total 200000 finished normally 0 blocked (5263.16/sec).
Executions attempted so far: 200000 total 200000 finished normally 0 blocked (5263.16/sec).
Executions attempted so far: 200000 total 200000 finished normally 0 blocked (5263.16/sec).
Executions attempted so far: 200000 total 200000 finished normally 0 blocked (5263.16/sec).
Executions attempted so far: 200000 total 200000 finished normally 0 blocked (5263.16/sec).
Executions attempted so far: 200000 total 200000 finished normally 0 blocked (5128.21/sec).
Executions attempted so far: 200000 total 200000 finished normally 0 blocked (5000.00/sec).
Executions attempted so far: 300000 total 300000 finished normally 0 blocked (5454.55/sec).
Executions attempted so far: 300000 total 300000 finished normally 0 blocked (5357.14/sec).
Executions attempted so far: 300000 total 300000 finished normally 0 blocked (5357.14/sec).
Executions attempted so far: 300000 total 300000 finished normally 0 blocked (5357.14/sec).
Executions attempted so far: 300000 total 300000 finished normally 0 blocked (5357.14/sec).
Executions attempted so far: 300000 total 300000 finished normally 0 blocked (5263.16/sec).
Executions attempted so far: 300000 total 300000 finished normally 0 blocked (5263.16/sec).
Executions attempted so far: 300000 total 300000 finished normally 0 blocked (5263.16/sec).
Executions attempted so far: 300000 total 300000 finished normally 0 blocked (5263.16/sec).
Executions attempted so far: 300000 total 300000 finished normally 0 blocked (5263.16/sec).
Executions attempted so far: 300000 total 300000 finished normally 0 blocked (5263.16/sec).
Executions attempted so far: 300000 total 300000 finished normally 0 blocked (5172.41/sec).
Executions attempted so far: 300000 total 300000 finished normally 0 blocked (5172.41/sec).
Executions attempted so far: 300000 total 300000 finished normally 0 blocked (5172.41/sec).
Executions attempted so far: 300000 total 300000 finished normally 0 blocked (5084.75/sec).
Executions attempted so far: 300000 total 300000 finished normally 0 blocked (5000.00/sec).
Executions attempted so far: 400000 total 400000 finished normally 0 blocked (5333.33/sec).
Executions attempted so far: 400000 total 400000 finished normally 0 blocked (5333.33/sec).
Executions attempted so far: 400000 total 400000 finished normally 0 blocked (5263.16/sec).
Executions attempted so far: 400000 total 400000 finished normally 0 blocked (5263.16/sec).
Executions attempted so far: 400000 total 400000 finished normally 0 blocked (5263.16/sec).
Executions attempted so far: 400000 total 400000 finished normally 0 blocked (5263.16/sec).
Executions attempted so far: 400000 total 400000 finished normally 0 blocked (5263.16/sec).
Executions attempted so far: 400000 total 400000 finished normally 0 blocked (5263.16/sec).
Executions attempted so far: 400000 total 400000 finished normally 0 blocked (5194.81/sec).
Executions attempted so far: 400000 total 400000 finished normally 0 blocked (5194.81/sec).
Executions attempted so far: 400000 total 400000 finished normally 0 blocked (5194.81/sec).
Executions attempted so far: 400000 total 400000 finished normally 0 blocked (5194.81/sec).
Executions attempted so far: 400000 total 400000 finished normally 0 blocked (5194.81/sec).
Executions attempted so far: 400000 total 400000 finished normally 0 blocked (5128.21/sec).
Executions attempted so far: 400000 total 400000 finished normally 0 blocked (5063.29/sec).
Executions attempted so far: 400000 total 400000 finished normally 0 blocked (5000.00/sec).
Executions attempted so far: 500000 total 500000 finished normally 0 blocked (5319.15/sec).
Executions attempted so far: 500000 total 500000 finished normally 0 blocked (5319.15/sec).
Executions attempted so far: 500000 total 500000 finished normally 0 blocked (5263.16/sec).
Executions attempted so far: 500000 total 500000 finished normally 0 blocked (5263.16/sec).
Executions attempted so far: 500000 total 500000 finished normally 0 blocked (5263.16/sec).
Executions attempted so far: 500000 total 500000 finished normally 0 blocked (5263.16/sec).
Executions attempted so far: 500000 total 500000 finished normally 0 blocked (5208.33/sec).
Executions attempted so far: 500000 total 500000 finished normally 0 blocked (5208.33/sec).
Executions attempted so far: 500000 total 500000 finished normally 0 blocked (5208.33/sec).
Executions attempted so far: 500000 total 500000 finished normally 0 blocked (5208.33/sec).
Executions attempted so far: 500000 total 500000 finished normally 0 blocked (5208.33/sec).
Executions attempted so far: 500000 total 500000 finished normally 0 blocked (5154.64/sec).
Executions attempted so far: 500000 total 500000 finished normally 0 blocked (5154.64/sec).
Executions attempted so far: 500000 total 500000 finished normally 0 blocked (5050.51/sec).
Executions attempted so far: 500000 total 500000 finished normally 0 blocked (5050.51/sec).
Executions attempted so far: 500000 total 500000 finished normally 0 blocked (4950.50/sec).
Executions attempted so far: 600000 total 600000 finished normally 0 blocked (5309.73/sec).
Executions attempted so far: 600000 total 600000 finished normally 0 blocked (5309.73/sec).
Executions attempted so far: 600000 total 600000 finished normally 0 blocked (5309.73/sec).
Executions attempted so far: 600000 total 600000 finished normally 0 blocked (5263.16/sec).
Executions attempted so far: 600000 total 600000 finished normally 0 blocked (5263.16/sec).
Executions attempted so far: 600000 total 600000 finished normally 0 blocked (5263.16/sec).
Executions attempted so far: 600000 total 600000 finished normally 0 blocked (5217.39/sec).
Executions attempted so far: 600000 total 600000 finished normally 0 blocked (5217.39/sec).
Executions attempted so far: 600000 total 600000 finished normally 0 blocked (5217.39/sec).
Executions attempted so far: 600000 total 600000 finished normally 0 blocked (5217.39/sec).
Executions attempted so far: 600000 total 600000 finished normally 0 blocked (5172.41/sec).
Executions attempted so far: 600000 total 600000 finished normally 0 blocked (5128.21/sec).
Executions attempted so far: 600000 total 600000 finished normally 0 blocked (5128.21/sec).
Executions attempted so far: 600000 total 600000 finished normally 0 blocked (5042.02/sec).
Executions attempted so far: 600000 total 600000 finished normally 0 blocked (5000.00/sec).
Executions attempted so far: 600000 total 600000 finished normally 0 blocked (4958.68/sec).
Executions attempted so far: 700000 total 700000 finished normally 0 blocked (5343.51/sec).
Executions attempted so far: 700000 total 700000 finished normally 0 blocked (5343.51/sec).
Executions attempted so far: 700000 total 700000 finished normally 0 blocked (5303.03/sec).
Executions attempted so far: 700000 total 700000 finished normally 0 blocked (5303.03/sec).
Executions attempted so far: 700000 total 700000 finished normally 0 blocked (5263.16/sec).
Executions attempted so far: 700000 total 700000 finished normally 0 blocked (5223.88/sec).
Executions attempted so far: 700000 total 700000 finished normally 0 blocked (5223.88/sec).
Executions attempted so far: 700000 total 700000 finished normally 0 blocked (5223.88/sec).
Executions attempted so far: 700000 total 700000 finished normally 0 blocked (5185.19/sec).
Executions attempted so far: 700000 total 700000 finished normally 0 blocked (5185.19/sec).
Executions attempted so far: 700000 total 700000 finished normally 0 blocked (5185.19/sec).
Executions attempted so far: 700000 total 700000 finished normally 0 blocked (5147.06/sec).
Executions attempted so far: 700000 total 700000 finished normally 0 blocked (5109.49/sec).
Executions attempted so far: 700000 total 700000 finished normally 0 blocked (5035.97/sec).
Executions attempted so far: 700000 total 700000 finished normally 0 blocked (5000.00/sec).
Executions attempted so far: 700000 total 700000 finished normally 0 blocked (4964.54/sec).
Executions attempted so far: 800000 total 800000 finished normally 0 blocked (5333.33/sec).
Executions attempted so far: 800000 total 800000 finished normally 0 blocked (5333.33/sec).
Executions attempted so far: 800000 total 800000 finished normally 0 blocked (5298.01/sec).
Executions attempted so far: 800000 total 800000 finished normally 0 blocked (5263.16/sec).
Executions attempted so far: 800000 total 800000 finished normally 0 blocked (5263.16/sec).
Executions attempted so far: 800000 total 800000 finished normally 0 blocked (5228.76/sec).
Executions attempted so far: 800000 total 800000 finished normally 0 blocked (5228.76/sec).
Executions attempted so far: 800000 total 800000 finished normally 0 blocked (5194.81/sec).
Executions attempted so far: 800000 total 800000 finished normally 0 blocked (5194.81/sec).
Executions attempted so far: 800000 total 800000 finished normally 0 blocked (5194.81/sec).
Executions attempted so far: 800000 total 800000 finished normally 0 blocked (5161.29/sec).
Executions attempted so far: 800000 total 800000 finished normally 0 blocked (5128.21/sec).
Executions attempted so far: 800000 total 800000 finished normally 0 blocked (5095.54/sec).
Executions attempted so far: 800000 total 800000 finished normally 0 blocked (5031.45/sec).
Executions attempted so far: 800000 total 800000 finished normally 0 blocked (5031.45/sec).
Executions attempted so far: 800000 total 800000 finished normally 0 blocked (4938.27/sec).
Executions attempted so far: 900000 total 900000 finished normally 0 blocked (5357.14/sec).
Executions attempted so far: 900000 total 900000 finished normally 0 blocked (5357.14/sec).
Executions attempted so far: 900000 total 900000 finished normally 0 blocked (5325.44/sec).
Executions attempted so far: 900000 total 900000 finished normally 0 blocked (5294.12/sec).
Executions attempted so far: 900000 total 900000 finished normally 0 blocked (5263.16/sec).
Executions attempted so far: 900000 total 900000 finished normally 0 blocked (5232.56/sec).
Executions attempted so far: 900000 total 900000 finished normally 0 blocked (5232.56/sec).
Executions attempted so far: 900000 total 900000 finished normally 0 blocked (5202.31/sec).
Executions attempted so far: 900000 total 900000 finished normally 0 blocked (5202.31/sec).
Executions attempted so far: 900000 total 900000 finished normally 0 blocked (5202.31/sec).
Executions attempted so far: 900000 total 900000 finished normally 0 blocked (5172.41/sec).
Executions attempted so far: 900000 total 900000 finished normally 0 blocked (5142.86/sec).
Executions attempted so far: 900000 total 900000 finished normally 0 blocked (5113.64/sec).
Executions attempted so far: 900000 total 900000 finished normally 0 blocked (5056.18/sec).
Executions attempted so far: 900000 total 900000 finished normally 0 blocked (5056.18/sec).
Executions attempted so far: 900000 total 900000 finished normally 0 blocked (4945.05/sec).
Executions attempted so far: 1000000 total 1000000 finished normally 0 blocked (5376.34/sec).
Executions attempted so far: 1000000 total 1000000 finished normally 0 blocked (5319.15/sec).
Executions attempted so far: 1000000 total 1000000 finished normally 0 blocked (5291.01/sec).
Executions attempted so far: 1000000 total 1000000 finished normally 0 blocked (5263.16/sec).
Executions attempted so far: 1000000 total 1000000 finished normally 0 blocked (5235.60/sec).
Executions attempted so far: 1000000 total 1000000 finished normally 0 blocked (5208.33/sec).
Executions attempted so far: 1000000 total 1000000 finished normally 0 blocked (5208.33/sec).
Executions attempted so far: 1000000 total 1000000 finished normally 0 blocked (5208.33/sec).
Executions attempted so far: 1000000 total 1000000 finished normally 0 blocked (5208.33/sec).
Executions attempted so far: 1000000 total 1000000 finished normally 0 blocked (5181.35/sec).
Executions attempted so far: 1000000 total 1000000 finished normally 0 blocked (5154.64/sec).
Executions attempted so far: 1000000 total 1000000 finished normally 0 blocked (5154.64/sec).
Executions attempted so far: 1000000 total 1000000 finished normally 0 blocked (5128.21/sec).
Executions attempted so far: 1000000 total 1000000 finished normally 0 blocked (5076.14/sec).
Executions attempted so far: 1000000 total 1000000 finished normally 0 blocked (5050.51/sec).
Executions attempted so far: 1000000 total 1000000 finished normally 0 blocked (4950.50/sec).
Executions attempted so far: 2000000 total 2000000 finished normally 0 blocked (5333.33/sec).
Executions attempted so far: 2000000 total 2000000 finished normally 0 blocked (5291.01/sec).
Executions attempted so far: 2000000 total 2000000 finished normally 0 blocked (5249.34/sec).
Executions attempted so far: 2000000 total 2000000 finished normally 0 blocked (5181.35/sec).
Executions attempted so far: 2000000 total 2000000 finished normally 0 blocked (5167.96/sec).
Executions attempted so far: 2000000 total 2000000 finished normally 0 blocked (5154.64/sec).
Executions attempted so far: 2000000 total 2000000 finished normally 0 blocked (5141.39/sec).
Executions attempted so far: 2000000 total 2000000 finished normally 0 blocked (5141.39/sec).
Executions attempted so far: 2000000 total 2000000 finished normally 0 blocked (5128.21/sec).
Executions attempted so far: 2000000 total 2000000 finished normally 0 blocked (5115.09/sec).
Executions attempted so far: 2000000 total 2000000 finished normally 0 blocked (5115.09/sec).
Executions attempted so far: 2000000 total 2000000 finished normally 0 blocked (5102.04/sec).
Executions attempted so far: 2000000 total 2000000 finished normally 0 blocked (5076.14/sec).
Executions attempted so far: 2000000 total 2000000 finished normally 0 blocked (5063.29/sec).
Executions attempted so far: 2000000 total 2000000 finished normally 0 blocked (5012.53/sec).
Executions attempted so far: 2000000 total 2000000 finished normally 0 blocked (4987.53/sec).
Executions attempted so far: 3000000 total 3000000 finished normally 0 blocked (5347.59/sec).
Executions attempted so far: 3000000 total 3000000 finished normally 0 blocked (5253.94/sec).
Executions attempted so far: 3000000 total 3000000 finished normally 0 blocked (5235.60/sec).
Executions attempted so far: 3000000 total 3000000 finished normally 0 blocked (5163.51/sec).
Executions attempted so far: 3000000 total 3000000 finished normally 0 blocked (5154.64/sec).
Executions attempted so far: 3000000 total 3000000 finished normally 0 blocked (5119.45/sec).
Executions attempted so far: 3000000 total 3000000 finished normally 0 blocked (5119.45/sec).
Executions attempted so far: 3000000 total 3000000 finished normally 0 blocked (5110.73/sec).
Executions attempted so far: 3000000 total 3000000 finished normally 0 blocked (5110.73/sec).
Executions attempted so far: 3000000 total 3000000 finished normally 0 blocked (5110.73/sec).
Executions attempted so far: 3000000 total 3000000 finished normally 0 blocked (5102.04/sec).
Executions attempted so far: 3000000 total 3000000 finished normally 0 blocked (5084.75/sec).
Executions attempted so far: 3000000 total 3000000 finished normally 0 blocked (5067.57/sec).
Executions attempted so far: 3000000 total 3000000 finished normally 0 blocked (5067.57/sec).
Executions attempted so far: 3000000 total 3000000 finished normally 0 blocked (5067.57/sec).
Executions attempted so far: 3000000 total 3000000 finished normally 0 blocked (5059.02/sec).
Executions attempted so far: 4000000 total 4000000 finished normally 0 blocked (5284.02/sec).
Executions attempted so far: 4000000 total 4000000 finished normally 0 blocked (5249.34/sec).
Executions attempted so far: 4000000 total 4000000 finished normally 0 blocked (5208.33/sec).
Executions attempted so far: 4000000 total 4000000 finished normally 0 blocked (5141.39/sec).
Executions attempted so far: 4000000 total 4000000 finished normally 0 blocked (5141.39/sec).
Executions attempted so far: 4000000 total 4000000 finished normally 0 blocked (5121.64/sec).
Executions attempted so far: 4000000 total 4000000 finished normally 0 blocked (5121.64/sec).
Executions attempted so far: 4000000 total 4000000 finished normally 0 blocked (5108.56/sec).
Executions attempted so far: 4000000 total 4000000 finished normally 0 blocked (5102.04/sec).
Executions attempted so far: 4000000 total 4000000 finished normally 0 blocked (5095.54/sec).
Executions attempted so far: 4000000 total 4000000 finished normally 0 blocked (5089.06/sec).
Executions attempted so far: 4000000 total 4000000 finished normally 0 blocked (5089.06/sec).
Executions attempted so far: 4000000 total 4000000 finished normally 0 blocked (5082.59/sec).
Executions attempted so far: 4000000 total 4000000 finished normally 0 blocked (5076.14/sec).
Executions attempted so far: 4000000 total 4000000 finished normally 0 blocked (5076.14/sec).
Executions attempted so far: 4000000 total 4000000 finished normally 0 blocked (5069.71/sec).
=== END cc_t_n4b1_F rc=124 elapsed=900.013760426

=== RUN ccx_base_n3b2 cap=1800s CMD: /home/sahar/Desktop/MPI/TraceForge/target/release/examples/comm_closed_leader_election_inbox --mode baseline --nodes 3 --ballots 2 --w 100 --u 20
baseline   nodes=3 ballots=2 w=100 (untimed)  execs=1664100 blocked=0 elected=1267200 time=35.786715066s
=== END ccx_base_n3b2 rc=0 elapsed=35.795393868

=== RUN ccx_t_n3b2_A cap=1200s CMD: /home/sahar/Desktop/MPI/TraceForge/target/release/examples/comm_closed_leader_election_inbox --mode timed --nodes 3 --ballots 2 --u 20 --w 200 --l 18 --sd 2
timed      nodes=3 ballots=2 w=200 l=18 u=20 sd=2  execs=11746 blocked=0 elected=2994 time=673.708042ms
=== END ccx_t_n3b2_A rc=0 elapsed=.684495696

=== RUN ccx_t_n3b2_C cap=1200s CMD: /home/sahar/Desktop/MPI/TraceForge/target/release/examples/comm_closed_leader_election_inbox --mode timed --nodes 3 --ballots 2 --u 20 --w 100 --l 2 --sd 5
timed      nodes=3 ballots=2 w=100 l=2 u=20 sd=5  execs=634198 blocked=0 elected=526593 time=14.989388242s
=== END ccx_t_n3b2_C rc=0 elapsed=15.000230173

=== RUN cc_base_n3b2 cap=3600s CMD: /home/sahar/Desktop/MPI/TraceForge/target/release/examples/comm_closed_leader_election --mode baseline --nodes 3 --ballots 2 --w 100 --u 20
Executions attempted so far: 1 total 1 finished normally 0 blocked.
Executions attempted so far: 2 total 2 finished normally 0 blocked.
Executions attempted so far: 3 total 3 finished normally 0 blocked.
Executions attempted so far: 4 total 4 finished normally 0 blocked.
Executions attempted so far: 5 total 5 finished normally 0 blocked.
Executions attempted so far: 6 total 6 finished normally 0 blocked.
Executions attempted so far: 1 total 1 finished normally 0 blocked.
Executions attempted so far: 7 total 7 finished normally 0 blocked.
Executions attempted so far: 2 total 2 finished normally 0 blocked.
Executions attempted so far: 1 total 1 finished normally 0 blocked.
Executions attempted so far: 8 total 8 finished normally 0 blocked.
Executions attempted so far: 3 total 3 finished normally 0 blocked.
Executions attempted so far: 9 total 9 finished normally 0 blocked.
Executions attempted so far: 2 total 2 finished normally 0 blocked.
Executions attempted so far: 4 total 4 finished normally 0 blocked.
Executions attempted so far: 10 total 10 finished normally 0 blocked.
Executions attempted so far: 3 total 3 finished normally 0 blocked.
Executions attempted so far: 5 total 5 finished normally 0 blocked.
Executions attempted so far: 4 total 4 finished normally 0 blocked.
Executions attempted so far: 6 total 6 finished normally 0 blocked.
Executions attempted so far: 5 total 5 finished normally 0 blocked.
Executions attempted so far: 7 total 7 finished normally 0 blocked.
Executions attempted so far: 6 total 6 finished normally 0 blocked.
Executions attempted so far: 8 total 8 finished normally 0 blocked.
Executions attempted so far: 7 total 7 finished normally 0 blocked.
Executions attempted so far: 9 total 9 finished normally 0 blocked.
Executions attempted so far: 8 total 8 finished normally 0 blocked.
Executions attempted so far: 10 total 10 finished normally 0 blocked.
Executions attempted so far: 9 total 9 finished normally 0 blocked.
Executions attempted so far: 1 total 1 finished normally 0 blocked.
Executions attempted so far: 10 total 10 finished normally 0 blocked.
Executions attempted so far: 2 total 2 finished normally 0 blocked.
Executions attempted so far: 3 total 3 finished normally 0 blocked.
Executions attempted so far: 4 total 4 finished normally 0 blocked.
Executions attempted so far: 5 total 5 finished normally 0 blocked.
Executions attempted so far: 6 total 6 finished normally 0 blocked.
Executions attempted so far: 1 total 1 finished normally 0 blocked.
Executions attempted so far: 7 total 7 finished normally 0 blocked.
Executions attempted so far: 8 total 8 finished normally 0 blocked.
Executions attempted so far: 2 total 2 finished normally 0 blocked.
Executions attempted so far: 9 total 9 finished normally 0 blocked.
Executions attempted so far: 20 total 20 finished normally 0 blocked.
Executions attempted so far: 3 total 3 finished normally 0 blocked.
Executions attempted so far: 10 total 10 finished normally 0 blocked.
Executions attempted so far: 1 total 1 finished normally 0 blocked.
Executions attempted so far: 4 total 4 finished normally 0 blocked.
Executions attempted so far: 20 total 20 finished normally 0 blocked.
Executions attempted so far: 1 total 1 finished normally 0 blocked.
Executions attempted so far: 5 total 5 finished normally 0 blocked.
Executions attempted so far: 2 total 2 finished normally 0 blocked.
Executions attempted so far: 6 total 6 finished normally 0 blocked.
Executions attempted so far: 3 total 3 finished normally 0 blocked.
Executions attempted so far: 2 total 2 finished normally 0 blocked.
Executions attempted so far: 7 total 7 finished normally 0 blocked.
Executions attempted so far: 20 total 20 finished normally 0 blocked.
Executions attempted so far: 4 total 4 finished normally 0 blocked.
Executions attempted so far: 3 total 3 finished normally 0 blocked.
Executions attempted so far: 8 total 8 finished normally 0 blocked.
Executions attempted so far: 5 total 5 finished normally 0 blocked.
Executions attempted so far: 4 total 4 finished normally 0 blocked.
Executions attempted so far: 1 total 1 finished normally 0 blocked.
Executions attempted so far: 9 total 9 finished normally 0 blocked.
Executions attempted so far: 6 total 6 finished normally 0 blocked.
Executions attempted so far: 5 total 5 finished normally 0 blocked.
Executions attempted so far: 10 total 10 finished normally 0 blocked.
Executions attempted so far: 2 total 2 finished normally 0 blocked.
Executions attempted so far: 7 total 7 finished normally 0 blocked.
Executions attempted so far: 6 total 6 finished normally 0 blocked.
Executions attempted so far: 8 total 8 finished normally 0 blocked.
Executions attempted so far: 3 total 3 finished normally 0 blocked.
Executions attempted so far: 7 total 7 finished normally 0 blocked.
Executions attempted so far: 9 total 9 finished normally 0 blocked.
Executions attempted so far: 8 total 8 finished normally 0 blocked.
Executions attempted so far: 4 total 4 finished normally 0 blocked.
Executions attempted so far: 20 total 20 finished normally 0 blocked.
Executions attempted so far: 10 total 10 finished normally 0 blocked.
Executions attempted so far: 9 total 9 finished normally 0 blocked.
Executions attempted so far: 5 total 5 finished normally 0 blocked.
Executions attempted so far: 10 total 10 finished normally 0 blocked.
Executions attempted so far: 6 total 6 finished normally 0 blocked.
Executions attempted so far: 1 total 1 finished normally 0 blocked.
Executions attempted so far: 1 total 1 finished normally 0 blocked.
Executions attempted so far: 7 total 7 finished normally 0 blocked.
Executions attempted so far: 8 total 8 finished normally 0 blocked.
Executions attempted so far: 2 total 2 finished normally 0 blocked.
Executions attempted so far: 2 total 2 finished normally 0 blocked.
Executions attempted so far: 9 total 9 finished normally 0 blocked.
Executions attempted so far: 10 total 10 finished normally 0 blocked.
Executions attempted so far: 3 total 3 finished normally 0 blocked.
Executions attempted so far: 3 total 3 finished normally 0 blocked.
Executions attempted so far: 1 total 1 finished normally 0 blocked.
Executions attempted so far: 30 total 30 finished normally 0 blocked.
Executions attempted so far: 4 total 4 finished normally 0 blocked.
Executions attempted so far: 30 total 30 finished normally 0 blocked.
Executions attempted so far: 4 total 4 finished normally 0 blocked.
Executions attempted so far: 1 total 1 finished normally 0 blocked.
Executions attempted so far: 2 total 2 finished normally 0 blocked.
Executions attempted so far: 5 total 5 finished normally 0 blocked.
Executions attempted so far: 5 total 5 finished normally 0 blocked.
Executions attempted so far: 2 total 2 finished normally 0 blocked.
Executions attempted so far: 20 total 20 finished normally 0 blocked.
Executions attempted so far: 3 total 3 finished normally 0 blocked.
Executions attempted so far: 6 total 6 finished normally 0 blocked.
Executions attempted so far: 20 total 20 finished normally 0 blocked.
Executions attempted so far: 6 total 6 finished normally 0 blocked.
Executions attempted so far: 1 total 1 finished normally 0 blocked.
Executions attempted so far: 3 total 3 finished normally 0 blocked.
Executions attempted so far: 7 total 7 finished normally 0 blocked.
Executions attempted so far: 4 total 4 finished normally 0 blocked.
Executions attempted so far: 7 total 7 finished normally 0 blocked.
Executions attempted so far: 4 total 4 finished normally 0 blocked.
Executions attempted so far: 8 total 8 finished normally 0 blocked.
Executions attempted so far: 5 total 5 finished normally 0 blocked.
Executions attempted so far: 2 total 2 finished normally 0 blocked.
Executions attempted so far: 1 total 1 finished normally 0 blocked.
Executions attempted so far: 8 total 8 finished normally 0 blocked.
Executions attempted so far: 9 total 9 finished normally 0 blocked.
Executions attempted so far: 5 total 5 finished normally 0 blocked.
Executions attempted so far: 6 total 6 finished normally 0 blocked.
Executions attempted so far: 1 total 1 finished normally 0 blocked.
Executions attempted so far: 3 total 3 finished normally 0 blocked.
Executions attempted so far: 40 total 40 finished normally 0 blocked.
Executions attempted so far: 9 total 9 finished normally 0 blocked.
Executions attempted so far: 10 total 10 finished normally 0 blocked.
Executions attempted so far: 2 total 2 finished normally 0 blocked.
Executions attempted so far: 30 total 30 finished normally 0 blocked.
Executions attempted so far: 6 total 6 finished normally 0 blocked.
Executions attempted so far: 7 total 7 finished normally 0 blocked.
Executions attempted so far: 4 total 4 finished normally 0 blocked.
Executions attempted so far: 2 total 2 finished normally 0 blocked.
Executions attempted so far: 30 total 30 finished normally 0 blocked.
Executions attempted so far: 10 total 10 finished normally 0 blocked.
Executions attempted so far: 3 total 3 finished normally 0 blocked.
Executions attempted so far: 7 total 7 finished normally 0 blocked.
Executions attempted so far: 8 total 8 finished normally 0 blocked.
Executions attempted so far: 5 total 5 finished normally 0 blocked.
Executions attempted so far: 3 total 3 finished normally 0 blocked.
Executions attempted so far: 4 total 4 finished normally 0 blocked.
Executions attempted so far: 20 total 20 finished normally 0 blocked.
Executions attempted so far: 8 total 8 finished normally 0 blocked.
Executions attempted so far: 9 total 9 finished normally 0 blocked.
Executions attempted so far: 6 total 6 finished normally 0 blocked.
Executions attempted so far: 4 total 4 finished normally 0 blocked.
Executions attempted so far: 1 total 1 finished normally 0 blocked.
Executions attempted so far: 40 total 40 finished normally 0 blocked.
Executions attempted so far: 5 total 5 finished normally 0 blocked.
Executions attempted so far: 10 total 10 finished normally 0 blocked.
Executions attempted so far: 9 total 9 finished normally 0 blocked.
Executions attempted so far: 7 total 7 finished normally 0 blocked.
Executions attempted so far: 20 total 20 finished normally 0 blocked.
Executions attempted so far: 5 total 5 finished normally 0 blocked.
Executions attempted so far: 2 total 2 finished normally 0 blocked.
Executions attempted so far: 6 total 6 finished normally 0 blocked.
Executions attempted so far: 8 total 8 finished normally 0 blocked.
Executions attempted so far: 10 total 10 finished normally 0 blocked.
Executions attempted so far: 3 total 3 finished normally 0 blocked.
Executions attempted so far: 6 total 6 finished normally 0 blocked.
Executions attempted so far: 7 total 7 finished normally 0 blocked.
Executions attempted so far: 9 total 9 finished normally 0 blocked.
Executions attempted so far: 4 total 4 finished normally 0 blocked.
Executions attempted so far: 7 total 7 finished normally 0 blocked.
Executions attempted so far: 8 total 8 finished normally 0 blocked.
Executions attempted so far: 10 total 10 finished normally 0 blocked.
Executions attempted so far: 30 total 30 finished normally 0 blocked.
Executions attempted so far: 5 total 5 finished normally 0 blocked.
Executions attempted so far: 8 total 8 finished normally 0 blocked.
Executions attempted so far: 9 total 9 finished normally 0 blocked.
Executions attempted so far: 6 total 6 finished normally 0 blocked.
Executions attempted so far: 9 total 9 finished normally 0 blocked.
Executions attempted so far: 30 total 30 finished normally 0 blocked.
Executions attempted so far: 10 total 10 finished normally 0 blocked.
Executions attempted so far: 7 total 7 finished normally 0 blocked.
Executions attempted so far: 10 total 10 finished normally 0 blocked.
Executions attempted so far: 8 total 8 finished normally 0 blocked.
Executions attempted so far: 20 total 20 finished normally 0 blocked.
Executions attempted so far: 40 total 40 finished normally 0 blocked.
Executions attempted so far: 9 total 9 finished normally 0 blocked.
Executions attempted so far: 10 total 10 finished normally 0 blocked.
Executions attempted so far: 50 total 50 finished normally 0 blocked.
Executions attempted so far: 20 total 20 finished normally 0 blocked.
Executions attempted so far: 50 total 50 finished normally 0 blocked.
Executions attempted so far: 30 total 30 finished normally 0 blocked.
Executions attempted so far: 30 total 30 finished normally 0 blocked.
Executions attempted so far: 20 total 20 finished normally 0 blocked.
Executions attempted so far: 40 total 40 finished normally 0 blocked.
Executions attempted so far: 20 total 20 finished normally 0 blocked.
Executions attempted so far: 20 total 20 finished normally 0 blocked.
Executions attempted so far: 40 total 40 finished normally 0 blocked.
Executions attempted so far: 20 total 20 finished normally 0 blocked.
Executions attempted so far: 40 total 40 finished normally 0 blocked.
Executions attempted so far: 20 total 20 finished normally 0 blocked.
Executions attempted so far: 50 total 50 finished normally 0 blocked.
Executions attempted so far: 30 total 30 finished normally 0 blocked.
Executions attempted so far: 20 total 20 finished normally 0 blocked.
Executions attempted so far: 30 total 30 finished normally 0 blocked.
Executions attempted so far: 40 total 40 finished normally 0 blocked.
Executions attempted so far: 60 total 60 finished normally 0 blocked.
Executions attempted so far: 30 total 30 finished normally 0 blocked.
Executions attempted so far: 60 total 60 finished normally 0 blocked.
Executions attempted so far: 40 total 40 finished normally 0 blocked.
Executions attempted so far: 30 total 30 finished normally 0 blocked.
Executions attempted so far: 30 total 30 finished normally 0 blocked.
Executions attempted so far: 50 total 50 finished normally 0 blocked.
Executions attempted so far: 30 total 30 finished normally 0 blocked.
Executions attempted so far: 40 total 40 finished normally 0 blocked.
Executions attempted so far: 50 total 50 finished normally 0 blocked.
Executions attempted so far: 30 total 30 finished normally 0 blocked.
Executions attempted so far: 60 total 60 finished normally 0 blocked.
Executions attempted so far: 30 total 30 finished normally 0 blocked.
Executions attempted so far: 40 total 40 finished normally 0 blocked.
Executions attempted so far: 50 total 50 finished normally 0 blocked.
Executions attempted so far: 50 total 50 finished normally 0 blocked.
Executions attempted so far: 70 total 70 finished normally 0 blocked.
Executions attempted so far: 40 total 40 finished normally 0 blocked.
Executions attempted so far: 70 total 70 finished normally 0 blocked.
Executions attempted so far: 50 total 50 finished normally 0 blocked.
Executions attempted so far: 40 total 40 finished normally 0 blocked.
Executions attempted so far: 40 total 40 finished normally 0 blocked.
Executions attempted so far: 50 total 50 finished normally 0 blocked.
Executions attempted so far: 40 total 40 finished normally 0 blocked.
Executions attempted so far: 60 total 60 finished normally 0 blocked.
Executions attempted so far: 70 total 70 finished normally 0 blocked.
Executions attempted so far: 40 total 40 finished normally 0 blocked.
Executions attempted so far: 60 total 60 finished normally 0 blocked.
Executions attempted so far: 40 total 40 finished normally 0 blocked.
Executions attempted so far: 50 total 50 finished normally 0 blocked.
Executions attempted so far: 60 total 60 finished normally 0 blocked.
Executions attempted so far: 60 total 60 finished normally 0 blocked.
Executions attempted so far: 80 total 80 finished normally 0 blocked.
Executions attempted so far: 80 total 80 finished normally 0 blocked.
Executions attempted so far: 50 total 50 finished normally 0 blocked.
Executions attempted so far: 50 total 50 finished normally 0 blocked.
Executions attempted so far: 50 total 50 finished normally 0 blocked.
Executions attempted so far: 60 total 60 finished normally 0 blocked.
Executions attempted so far: 50 total 50 finished normally 0 blocked.
Executions attempted so far: 70 total 70 finished normally 0 blocked.
Executions attempted so far: 60 total 60 finished normally 0 blocked.
Executions attempted so far: 80 total 80 finished normally 0 blocked.
Executions attempted so far: 60 total 60 finished normally 0 blocked.
Executions attempted so far: 70 total 70 finished normally 0 blocked.
Executions attempted so far: 50 total 50 finished normally 0 blocked.
Executions attempted so far: 50 total 50 finished normally 0 blocked.
Executions attempted so far: 70 total 70 finished normally 0 blocked.
Executions attempted so far: 90 total 90 finished normally 0 blocked.
Executions attempted so far: 90 total 90 finished normally 0 blocked.
Executions attempted so far: 70 total 70 finished normally 0 blocked.
Executions attempted so far: 60 total 60 finished normally 0 blocked.
Executions attempted so far: 60 total 60 finished normally 0 blocked.
Executions attempted so far: 70 total 70 finished normally 0 blocked.
Executions attempted so far: 60 total 60 finished normally 0 blocked.
Executions attempted so far: 60 total 60 finished normally 0 blocked.
Executions attempted so far: 70 total 70 finished normally 0 blocked.
Executions attempted so far: 80 total 80 finished normally 0 blocked.
Executions attempted so far: 90 total 90 finished normally 0 blocked.
Executions attempted so far: 70 total 70 finished normally 0 blocked.
Executions attempted so far: 80 total 80 finished normally 0 blocked.
Executions attempted so far: 100 total 100 finished normally 0 blocked.
Executions attempted so far: 80 total 80 finished normally 0 blocked.
Executions attempted so far: 60 total 60 finished normally 0 blocked.
Executions attempted so far: 60 total 60 finished normally 0 blocked.
Executions attempted so far: 100 total 100 finished normally 0 blocked.
Executions attempted so far: 70 total 70 finished normally 0 blocked.
Executions attempted so far: 80 total 80 finished normally 0 blocked.
Executions attempted so far: 80 total 80 finished normally 0 blocked.
Executions attempted so far: 70 total 70 finished normally 0 blocked.
Executions attempted so far: 70 total 70 finished normally 0 blocked.
Executions attempted so far: 80 total 80 finished normally 0 blocked.
Executions attempted so far: 70 total 70 finished normally 0 blocked.
Executions attempted so far: 90 total 90 finished normally 0 blocked.
Executions attempted so far: 100 total 100 finished normally 0 blocked.
Executions attempted so far: 80 total 80 finished normally 0 blocked.
Executions attempted so far: 90 total 90 finished normally 0 blocked.
Executions attempted so far: 90 total 90 finished normally 0 blocked.
Executions attempted so far: 70 total 70 finished normally 0 blocked.
Executions attempted so far: 70 total 70 finished normally 0 blocked.
Executions attempted so far: 90 total 90 finished normally 0 blocked.
Executions attempted so far: 80 total 80 finished normally 0 blocked.
Executions attempted so far: 80 total 80 finished normally 0 blocked.
Executions attempted so far: 80 total 80 finished normally 0 blocked.
Executions attempted so far: 100 total 100 finished normally 0 blocked.
Executions attempted so far: 90 total 90 finished normally 0 blocked.
Executions attempted so far: 80 total 80 finished normally 0 blocked.
Executions attempted so far: 90 total 90 finished normally 0 blocked.
Executions attempted so far: 90 total 90 finished normally 0 blocked.
Executions attempted so far: 100 total 100 finished normally 0 blocked.
Executions attempted so far: 80 total 80 finished normally 0 blocked.
Executions attempted so far: 100 total 100 finished normally 0 blocked.
Executions attempted so far: 80 total 80 finished normally 0 blocked.
Executions attempted so far: 90 total 90 finished normally 0 blocked.
Executions attempted so far: 100 total 100 finished normally 0 blocked.
Executions attempted so far: 90 total 90 finished normally 0 blocked.
Executions attempted so far: 90 total 90 finished normally 0 blocked.
Executions attempted so far: 100 total 100 finished normally 0 blocked.
Executions attempted so far: 100 total 100 finished normally 0 blocked.
Executions attempted so far: 90 total 90 finished normally 0 blocked.
Executions attempted so far: 100 total 100 finished normally 0 blocked.
Executions attempted so far: 90 total 90 finished normally 0 blocked.
Executions attempted so far: 90 total 90 finished normally 0 blocked.
Executions attempted so far: 100 total 100 finished normally 0 blocked.
Executions attempted so far: 100 total 100 finished normally 0 blocked.
Executions attempted so far: 100 total 100 finished normally 0 blocked.
Executions attempted so far: 100 total 100 finished normally 0 blocked.
Executions attempted so far: 100 total 100 finished normally 0 blocked.
Executions attempted so far: 100 total 100 finished normally 0 blocked.
Executions attempted so far: 200 total 200 finished normally 0 blocked.
Executions attempted so far: 200 total 200 finished normally 0 blocked.
Executions attempted so far: 200 total 200 finished normally 0 blocked.
Executions attempted so far: 200 total 200 finished normally 0 blocked.
Executions attempted so far: 200 total 200 finished normally 0 blocked.
Executions attempted so far: 200 total 200 finished normally 0 blocked.
Executions attempted so far: 200 total 200 finished normally 0 blocked.
Executions attempted so far: 200 total 200 finished normally 0 blocked.
Executions attempted so far: 200 total 200 finished normally 0 blocked.
Executions attempted so far: 200 total 200 finished normally 0 blocked.
Executions attempted so far: 200 total 200 finished normally 0 blocked.
Executions attempted so far: 200 total 200 finished normally 0 blocked.
Executions attempted so far: 200 total 200 finished normally 0 blocked.
Executions attempted so far: 200 total 200 finished normally 0 blocked.
Executions attempted so far: 200 total 200 finished normally 0 blocked.
Executions attempted so far: 200 total 200 finished normally 0 blocked.
Executions attempted so far: 300 total 300 finished normally 0 blocked.
Executions attempted so far: 300 total 300 finished normally 0 blocked.
Executions attempted so far: 300 total 300 finished normally 0 blocked.
Executions attempted so far: 300 total 300 finished normally 0 blocked.
Executions attempted so far: 300 total 300 finished normally 0 blocked.
Executions attempted so far: 300 total 300 finished normally 0 blocked.
Executions attempted so far: 300 total 300 finished normally 0 blocked.
Executions attempted so far: 300 total 300 finished normally 0 blocked.
Executions attempted so far: 300 total 300 finished normally 0 blocked.
Executions attempted so far: 300 total 300 finished normally 0 blocked.
Executions attempted so far: 300 total 300 finished normally 0 blocked.
Executions attempted so far: 300 total 300 finished normally 0 blocked.
Executions attempted so far: 300 total 300 finished normally 0 blocked.
Executions attempted so far: 300 total 300 finished normally 0 blocked.
Executions attempted so far: 300 total 300 finished normally 0 blocked.
Executions attempted so far: 300 total 300 finished normally 0 blocked.
Executions attempted so far: 400 total 400 finished normally 0 blocked.
Executions attempted so far: 400 total 400 finished normally 0 blocked.
Executions attempted so far: 400 total 400 finished normally 0 blocked.
Executions attempted so far: 400 total 400 finished normally 0 blocked.
Executions attempted so far: 400 total 400 finished normally 0 blocked.
Executions attempted so far: 400 total 400 finished normally 0 blocked.
Executions attempted so far: 400 total 400 finished normally 0 blocked.
Executions attempted so far: 400 total 400 finished normally 0 blocked.
Executions attempted so far: 400 total 400 finished normally 0 blocked.
Executions attempted so far: 400 total 400 finished normally 0 blocked.
Executions attempted so far: 400 total 400 finished normally 0 blocked.
Executions attempted so far: 400 total 400 finished normally 0 blocked.
Executions attempted so far: 400 total 400 finished normally 0 blocked.
Executions attempted so far: 400 total 400 finished normally 0 blocked.
Executions attempted so far: 400 total 400 finished normally 0 blocked.
Executions attempted so far: 400 total 400 finished normally 0 blocked.
Executions attempted so far: 500 total 500 finished normally 0 blocked.
Executions attempted so far: 500 total 500 finished normally 0 blocked.
Executions attempted so far: 500 total 500 finished normally 0 blocked.
Executions attempted so far: 500 total 500 finished normally 0 blocked.
Executions attempted so far: 500 total 500 finished normally 0 blocked.
Executions attempted so far: 500 total 500 finished normally 0 blocked.
Executions attempted so far: 500 total 500 finished normally 0 blocked.
Executions attempted so far: 500 total 500 finished normally 0 blocked.
Executions attempted so far: 500 total 500 finished normally 0 blocked.
Executions attempted so far: 500 total 500 finished normally 0 blocked.
Executions attempted so far: 500 total 500 finished normally 0 blocked.
Executions attempted so far: 500 total 500 finished normally 0 blocked.
Executions attempted so far: 500 total 500 finished normally 0 blocked.
Executions attempted so far: 500 total 500 finished normally 0 blocked.
Executions attempted so far: 500 total 500 finished normally 0 blocked.
Executions attempted so far: 500 total 500 finished normally 0 blocked.
Executions attempted so far: 600 total 600 finished normally 0 blocked.
Executions attempted so far: 600 total 600 finished normally 0 blocked.
Executions attempted so far: 600 total 600 finished normally 0 blocked.
Executions attempted so far: 600 total 600 finished normally 0 blocked.
Executions attempted so far: 600 total 600 finished normally 0 blocked.
Executions attempted so far: 600 total 600 finished normally 0 blocked.
Executions attempted so far: 600 total 600 finished normally 0 blocked.
Executions attempted so far: 600 total 600 finished normally 0 blocked.
Executions attempted so far: 600 total 600 finished normally 0 blocked.
Executions attempted so far: 600 total 600 finished normally 0 blocked.
Executions attempted so far: 600 total 600 finished normally 0 blocked.
Executions attempted so far: 600 total 600 finished normally 0 blocked.
Executions attempted so far: 600 total 600 finished normally 0 blocked.
Executions attempted so far: 600 total 600 finished normally 0 blocked.
Executions attempted so far: 600 total 600 finished normally 0 blocked.
Executions attempted so far: 700 total 700 finished normally 0 blocked.
Executions attempted so far: 700 total 700 finished normally 0 blocked.
Executions attempted so far: 600 total 600 finished normally 0 blocked.
Executions attempted so far: 700 total 700 finished normally 0 blocked.
Executions attempted so far: 700 total 700 finished normally 0 blocked.
Executions attempted so far: 700 total 700 finished normally 0 blocked.
Executions attempted so far: 700 total 700 finished normally 0 blocked.
Executions attempted so far: 700 total 700 finished normally 0 blocked.
Executions attempted so far: 700 total 700 finished normally 0 blocked.
Executions attempted so far: 700 total 700 finished normally 0 blocked.
Executions attempted so far: 700 total 700 finished normally 0 blocked.
Executions attempted so far: 700 total 700 finished normally 0 blocked.
Executions attempted so far: 700 total 700 finished normally 0 blocked.
Executions attempted so far: 700 total 700 finished normally 0 blocked.
Executions attempted so far: 700 total 700 finished normally 0 blocked.
Executions attempted so far: 700 total 700 finished normally 0 blocked.
Executions attempted so far: 800 total 800 finished normally 0 blocked.
Executions attempted so far: 800 total 800 finished normally 0 blocked.
Executions attempted so far: 800 total 800 finished normally 0 blocked.
Executions attempted so far: 700 total 700 finished normally 0 blocked.
Executions attempted so far: 800 total 800 finished normally 0 blocked.
Executions attempted so far: 800 total 800 finished normally 0 blocked.
Executions attempted so far: 800 total 800 finished normally 0 blocked.
Executions attempted so far: 800 total 800 finished normally 0 blocked.
Executions attempted so far: 800 total 800 finished normally 0 blocked.
Executions attempted so far: 800 total 800 finished normally 0 blocked.
Executions attempted so far: 800 total 800 finished normally 0 blocked.
Executions attempted so far: 800 total 800 finished normally 0 blocked.
Executions attempted so far: 800 total 800 finished normally 0 blocked.
Executions attempted so far: 800 total 800 finished normally 0 blocked.
Executions attempted so far: 800 total 800 finished normally 0 blocked.
Executions attempted so far: 900 total 900 finished normally 0 blocked.
Executions attempted so far: 900 total 900 finished normally 0 blocked.
Executions attempted so far: 800 total 800 finished normally 0 blocked.
Executions attempted so far: 900 total 900 finished normally 0 blocked.
Executions attempted so far: 900 total 900 finished normally 0 blocked.
Executions attempted so far: 900 total 900 finished normally 0 blocked.
Executions attempted so far: 800 total 800 finished normally 0 blocked.
Executions attempted so far: 900 total 900 finished normally 0 blocked.
Executions attempted so far: 900 total 900 finished normally 0 blocked.
Executions attempted so far: 900 total 900 finished normally 0 blocked.
Executions attempted so far: 900 total 900 finished normally 0 blocked.
Executions attempted so far: 900 total 900 finished normally 0 blocked.
Executions attempted so far: 900 total 900 finished normally 0 blocked.
Executions attempted so far: 900 total 900 finished normally 0 blocked.
Executions attempted so far: 900 total 900 finished normally 0 blocked.
Executions attempted so far: 1000 total 1000 finished normally 0 blocked.
Executions attempted so far: 1000 total 1000 finished normally 0 blocked.
Executions attempted so far: 900 total 900 finished normally 0 blocked.
Executions attempted so far: 1000 total 1000 finished normally 0 blocked.
Executions attempted so far: 1000 total 1000 finished normally 0 blocked.
Executions attempted so far: 1000 total 1000 finished normally 0 blocked.
Executions attempted so far: 900 total 900 finished normally 0 blocked.
Executions attempted so far: 1000 total 1000 finished normally 0 blocked.
Executions attempted so far: 1000 total 1000 finished normally 0 blocked.
Executions attempted so far: 1000 total 1000 finished normally 0 blocked.
Executions attempted so far: 900 total 900 finished normally 0 blocked.
Executions attempted so far: 1000 total 1000 finished normally 0 blocked.
Executions attempted so far: 1000 total 1000 finished normally 0 blocked.
Executions attempted so far: 1000 total 1000 finished normally 0 blocked.
Executions attempted so far: 1000 total 1000 finished normally 0 blocked.
Executions attempted so far: 1000 total 1000 finished normally 0 blocked.
Executions attempted so far: 1000 total 1000 finished normally 0 blocked.
Executions attempted so far: 1000 total 1000 finished normally 0 blocked.
Executions attempted so far: 1000 total 1000 finished normally 0 blocked.
Executions attempted so far: 2000 total 2000 finished normally 0 blocked.
Executions attempted so far: 2000 total 2000 finished normally 0 blocked.
Executions attempted so far: 2000 total 2000 finished normally 0 blocked.
Executions attempted so far: 2000 total 2000 finished normally 0 blocked.
Executions attempted so far: 2000 total 2000 finished normally 0 blocked.
Executions attempted so far: 2000 total 2000 finished normally 0 blocked.
Executions attempted so far: 2000 total 2000 finished normally 0 blocked.
Executions attempted so far: 2000 total 2000 finished normally 0 blocked.
Executions attempted so far: 2000 total 2000 finished normally 0 blocked.
Executions attempted so far: 2000 total 2000 finished normally 0 blocked.
Executions attempted so far: 2000 total 2000 finished normally 0 blocked.
Executions attempted so far: 2000 total 2000 finished normally 0 blocked.
Executions attempted so far: 2000 total 2000 finished normally 0 blocked.
Executions attempted so far: 2000 total 2000 finished normally 0 blocked.
Executions attempted so far: 2000 total 2000 finished normally 0 blocked.
Executions attempted so far: 2000 total 2000 finished normally 0 blocked.
Executions attempted so far: 3000 total 3000 finished normally 0 blocked.
Executions attempted so far: 3000 total 3000 finished normally 0 blocked.
Executions attempted so far: 3000 total 3000 finished normally 0 blocked.
Executions attempted so far: 3000 total 3000 finished normally 0 blocked.
Executions attempted so far: 3000 total 3000 finished normally 0 blocked.
Executions attempted so far: 3000 total 3000 finished normally 0 blocked.
Executions attempted so far: 3000 total 3000 finished normally 0 blocked.
Executions attempted so far: 3000 total 3000 finished normally 0 blocked.
Executions attempted so far: 3000 total 3000 finished normally 0 blocked.
Executions attempted so far: 3000 total 3000 finished normally 0 blocked.
Executions attempted so far: 3000 total 3000 finished normally 0 blocked.
Executions attempted so far: 3000 total 3000 finished normally 0 blocked.
Executions attempted so far: 3000 total 3000 finished normally 0 blocked.
Executions attempted so far: 4000 total 4000 finished normally 0 blocked.
Executions attempted so far: 3000 total 3000 finished normally 0 blocked.
Executions attempted so far: 3000 total 3000 finished normally 0 blocked.
Executions attempted so far: 3000 total 3000 finished normally 0 blocked.
Executions attempted so far: 4000 total 4000 finished normally 0 blocked.
Executions attempted so far: 4000 total 4000 finished normally 0 blocked.
Executions attempted so far: 4000 total 4000 finished normally 0 blocked.
Executions attempted so far: 4000 total 4000 finished normally 0 blocked.
Executions attempted so far: 4000 total 4000 finished normally 0 blocked.
Executions attempted so far: 4000 total 4000 finished normally 0 blocked.
Executions attempted so far: 4000 total 4000 finished normally 0 blocked.
Executions attempted so far: 4000 total 4000 finished normally 0 blocked.
Executions attempted so far: 4000 total 4000 finished normally 0 blocked.
Executions attempted so far: 5000 total 5000 finished normally 0 blocked.
Executions attempted so far: 4000 total 4000 finished normally 0 blocked.
Executions attempted so far: 4000 total 4000 finished normally 0 blocked.
Executions attempted so far: 4000 total 4000 finished normally 0 blocked.
Executions attempted so far: 4000 total 4000 finished normally 0 blocked.
Executions attempted so far: 4000 total 4000 finished normally 0 blocked.
Executions attempted so far: 5000 total 5000 finished normally 0 blocked.
Executions attempted so far: 4000 total 4000 finished normally 0 blocked.
Executions attempted so far: 5000 total 5000 finished normally 0 blocked.
Executions attempted so far: 5000 total 5000 finished normally 0 blocked.
Executions attempted so far: 5000 total 5000 finished normally 0 blocked.
Executions attempted so far: 5000 total 5000 finished normally 0 blocked.
Executions attempted so far: 5000 total 5000 finished normally 0 blocked.
Executions attempted so far: 5000 total 5000 finished normally 0 blocked.
Executions attempted so far: 6000 total 6000 finished normally 0 blocked.
Executions attempted so far: 5000 total 5000 finished normally 0 blocked.
Executions attempted so far: 5000 total 5000 finished normally 0 blocked.
Executions attempted so far: 5000 total 5000 finished normally 0 blocked.
Executions attempted so far: 5000 total 5000 finished normally 0 blocked.
Executions attempted so far: 5000 total 5000 finished normally 0 blocked.
Executions attempted so far: 6000 total 6000 finished normally 0 blocked.
Executions attempted so far: 5000 total 5000 finished normally 0 blocked.
Executions attempted so far: 5000 total 5000 finished normally 0 blocked.
Executions attempted so far: 6000 total 6000 finished normally 0 blocked.
Executions attempted so far: 6000 total 6000 finished normally 0 blocked.
Executions attempted so far: 5000 total 5000 finished normally 0 blocked.
Executions attempted so far: 6000 total 6000 finished normally 0 blocked.
Executions attempted so far: 6000 total 6000 finished normally 0 blocked.
Executions attempted so far: 7000 total 7000 finished normally 0 blocked.
Executions attempted so far: 6000 total 6000 finished normally 0 blocked.
Executions attempted so far: 6000 total 6000 finished normally 0 blocked.
Executions attempted so far: 6000 total 6000 finished normally 0 blocked.
Executions attempted so far: 6000 total 6000 finished normally 0 blocked.
Executions attempted so far: 6000 total 6000 finished normally 0 blocked.
Executions attempted so far: 7000 total 7000 finished normally 0 blocked.
Executions attempted so far: 6000 total 6000 finished normally 0 blocked.
Executions attempted so far: 6000 total 6000 finished normally 0 blocked.
Executions attempted so far: 6000 total 6000 finished normally 0 blocked.
Executions attempted so far: 7000 total 7000 finished normally 0 blocked.
Executions attempted so far: 6000 total 6000 finished normally 0 blocked.
Executions attempted so far: 7000 total 7000 finished normally 0 blocked.
Executions attempted so far: 7000 total 7000 finished normally 0 blocked.
Executions attempted so far: 7000 total 7000 finished normally 0 blocked.
Executions attempted so far: 6000 total 6000 finished normally 0 blocked.
Executions attempted so far: 8000 total 8000 finished normally 0 blocked.
Executions attempted so far: 7000 total 7000 finished normally 0 blocked.
Executions attempted so far: 8000 total 8000 finished normally 0 blocked.
Executions attempted so far: 7000 total 7000 finished normally 0 blocked.
Executions attempted so far: 7000 total 7000 finished normally 0 blocked.
Executions attempted so far: 7000 total 7000 finished normally 0 blocked.
Executions attempted so far: 7000 total 7000 finished normally 0 blocked.
Executions attempted so far: 7000 total 7000 finished normally 0 blocked.
Executions attempted so far: 7000 total 7000 finished normally 0 blocked.
Executions attempted so far: 7000 total 7000 finished normally 0 blocked.
Executions attempted so far: 8000 total 8000 finished normally 0 blocked.
Executions attempted so far: 7000 total 7000 finished normally 0 blocked.
Executions attempted so far: 8000 total 8000 finished normally 0 blocked.
Executions attempted so far: 8000 total 8000 finished normally 0 blocked.
Executions attempted so far: 9000 total 9000 finished normally 0 blocked.
Executions attempted so far: 8000 total 8000 finished normally 0 blocked.
Executions attempted so far: 9000 total 9000 finished normally 0 blocked.
Executions attempted so far: 8000 total 8000 finished normally 0 blocked.
Executions attempted so far: 7000 total 7000 finished normally 0 blocked.
Executions attempted so far: 8000 total 8000 finished normally 0 blocked.
Executions attempted so far: 8000 total 8000 finished normally 0 blocked.
Executions attempted so far: 8000 total 8000 finished normally 0 blocked.
Executions attempted so far: 8000 total 8000 finished normally 0 blocked.
Executions attempted so far: 8000 total 8000 finished normally 0 blocked.
Executions attempted so far: 9000 total 9000 finished normally 0 blocked.
Executions attempted so far: 9000 total 9000 finished normally 0 blocked.
Executions attempted so far: 8000 total 8000 finished normally 0 blocked.
Executions attempted so far: 8000 total 8000 finished normally 0 blocked.
Executions attempted so far: 9000 total 9000 finished normally 0 blocked.
Executions attempted so far: 10000 total 10000 finished normally 0 blocked.
Executions attempted so far: 8000 total 8000 finished normally 0 blocked.
Executions attempted so far: 9000 total 9000 finished normally 0 blocked.
Executions attempted so far: 10000 total 10000 finished normally 0 blocked.
Executions attempted so far: 9000 total 9000 finished normally 0 blocked.
Executions attempted so far: 9000 total 9000 finished normally 0 blocked.
Executions attempted so far: 8000 total 8000 finished normally 0 blocked.
Executions attempted so far: 9000 total 9000 finished normally 0 blocked.
Executions attempted so far: 10000 total 10000 finished normally 0 blocked.
Executions attempted so far: 9000 total 9000 finished normally 0 blocked.
Executions attempted so far: 9000 total 9000 finished normally 0 blocked.
Executions attempted so far: 9000 total 9000 finished normally 0 blocked.
Executions attempted so far: 10000 total 10000 finished normally 0 blocked.
Executions attempted so far: 9000 total 9000 finished normally 0 blocked.
Executions attempted so far: 9000 total 9000 finished normally 0 blocked.
Executions attempted so far: 10000 total 10000 finished normally 0 blocked.
Executions attempted so far: 9000 total 9000 finished normally 0 blocked.
Executions attempted so far: 10000 total 10000 finished normally 0 blocked.
Executions attempted so far: 10000 total 10000 finished normally 0 blocked.
Executions attempted so far: 10000 total 10000 finished normally 0 blocked.
Executions attempted so far: 9000 total 9000 finished normally 0 blocked.
Executions attempted so far: 10000 total 10000 finished normally 0 blocked.
Executions attempted so far: 10000 total 10000 finished normally 0 blocked.
Executions attempted so far: 10000 total 10000 finished normally 0 blocked.
Executions attempted so far: 10000 total 10000 finished normally 0 blocked.
Executions attempted so far: 10000 total 10000 finished normally 0 blocked.
Executions attempted so far: 10000 total 10000 finished normally 0 blocked.
Executions attempted so far: 10000 total 10000 finished normally 0 blocked.
Executions attempted so far: 10000 total 10000 finished normally 0 blocked.
Executions attempted so far: 20000 total 20000 finished normally 0 blocked.
Executions attempted so far: 20000 total 20000 finished normally 0 blocked.
Executions attempted so far: 20000 total 20000 finished normally 0 blocked.
Executions attempted so far: 20000 total 20000 finished normally 0 blocked.
Executions attempted so far: 20000 total 20000 finished normally 0 blocked.
Executions attempted so far: 20000 total 20000 finished normally 0 blocked.
Executions attempted so far: 20000 total 20000 finished normally 0 blocked.
Executions attempted so far: 20000 total 20000 finished normally 0 blocked.
Executions attempted so far: 20000 total 20000 finished normally 0 blocked.
Executions attempted so far: 20000 total 20000 finished normally 0 blocked.
Executions attempted so far: 20000 total 20000 finished normally 0 blocked.
Executions attempted so far: 20000 total 20000 finished normally 0 blocked.
Executions attempted so far: 20000 total 20000 finished normally 0 blocked.
Executions attempted so far: 20000 total 20000 finished normally 0 blocked.
Executions attempted so far: 20000 total 20000 finished normally 0 blocked.
Executions attempted so far: 20000 total 20000 finished normally 0 blocked.
Executions attempted so far: 30000 total 30000 finished normally 0 blocked.
Executions attempted so far: 30000 total 30000 finished normally 0 blocked.
Executions attempted so far: 30000 total 30000 finished normally 0 blocked (6000.00/sec).
Executions attempted so far: 30000 total 30000 finished normally 0 blocked (6000.00/sec).
Executions attempted so far: 30000 total 30000 finished normally 0 blocked (6000.00/sec).
Executions attempted so far: 30000 total 30000 finished normally 0 blocked (6000.00/sec).
Executions attempted so far: 30000 total 30000 finished normally 0 blocked (6000.00/sec).
Executions attempted so far: 30000 total 30000 finished normally 0 blocked (6000.00/sec).
Executions attempted so far: 30000 total 30000 finished normally 0 blocked (6000.00/sec).
Executions attempted so far: 30000 total 30000 finished normally 0 blocked (6000.00/sec).
Executions attempted so far: 30000 total 30000 finished normally 0 blocked (6000.00/sec).
Executions attempted so far: 30000 total 30000 finished normally 0 blocked (6000.00/sec).
Executions attempted so far: 30000 total 30000 finished normally 0 blocked (6000.00/sec).
Executions attempted so far: 30000 total 30000 finished normally 0 blocked (6000.00/sec).
Executions attempted so far: 30000 total 30000 finished normally 0 blocked (6000.00/sec).
Executions attempted so far: 30000 total 30000 finished normally 0 blocked (6000.00/sec).
Executions attempted so far: 40000 total 40000 finished normally 0 blocked (6666.67/sec).
Executions attempted so far: 40000 total 40000 finished normally 0 blocked (6666.67/sec).
Executions attempted so far: 40000 total 40000 finished normally 0 blocked (6666.67/sec).
Executions attempted so far: 40000 total 40000 finished normally 0 blocked (6666.67/sec).
Executions attempted so far: 40000 total 40000 finished normally 0 blocked (6666.67/sec).
Executions attempted so far: 40000 total 40000 finished normally 0 blocked (6666.67/sec).
Executions attempted so far: 40000 total 40000 finished normally 0 blocked (6666.67/sec).
Executions attempted so far: 40000 total 40000 finished normally 0 blocked (6666.67/sec).
Executions attempted so far: 40000 total 40000 finished normally 0 blocked (6666.67/sec).
Executions attempted so far: 40000 total 40000 finished normally 0 blocked (6666.67/sec).
Executions attempted so far: 40000 total 40000 finished normally 0 blocked (5714.29/sec).
Executions attempted so far: 40000 total 40000 finished normally 0 blocked (5714.29/sec).
Executions attempted so far: 40000 total 40000 finished normally 0 blocked (5714.29/sec).
Executions attempted so far: 40000 total 40000 finished normally 0 blocked (5714.29/sec).
Executions attempted so far: 40000 total 40000 finished normally 0 blocked (5714.29/sec).
Executions attempted so far: 40000 total 40000 finished normally 0 blocked (5714.29/sec).
Executions attempted so far: 50000 total 50000 finished normally 0 blocked (6250.00/sec).
Executions attempted so far: 50000 total 50000 finished normally 0 blocked (6250.00/sec).
Executions attempted so far: 50000 total 50000 finished normally 0 blocked (6250.00/sec).
Executions attempted so far: 50000 total 50000 finished normally 0 blocked (6250.00/sec).
Executions attempted so far: 50000 total 50000 finished normally 0 blocked (6250.00/sec).
Executions attempted so far: 50000 total 50000 finished normally 0 blocked (6250.00/sec).
Executions attempted so far: 50000 total 50000 finished normally 0 blocked (6250.00/sec).
Executions attempted so far: 50000 total 50000 finished normally 0 blocked (6250.00/sec).
Executions attempted so far: 50000 total 50000 finished normally 0 blocked (6250.00/sec).
Executions attempted so far: 50000 total 50000 finished normally 0 blocked (6250.00/sec).
Executions attempted so far: 50000 total 50000 finished normally 0 blocked (6250.00/sec).
Executions attempted so far: 50000 total 50000 finished normally 0 blocked (6250.00/sec).
Executions attempted so far: 50000 total 50000 finished normally 0 blocked (6250.00/sec).
Executions attempted so far: 50000 total 50000 finished normally 0 blocked (5555.56/sec).
Executions attempted so far: 50000 total 50000 finished normally 0 blocked (5555.56/sec).
Executions attempted so far: 50000 total 50000 finished normally 0 blocked (5555.56/sec).
Executions attempted so far: 60000 total 60000 finished normally 0 blocked (6000.00/sec).
Executions attempted so far: 60000 total 60000 finished normally 0 blocked (6000.00/sec).
Executions attempted so far: 60000 total 60000 finished normally 0 blocked (6000.00/sec).
Executions attempted so far: 60000 total 60000 finished normally 0 blocked (6000.00/sec).
Executions attempted so far: 60000 total 60000 finished normally 0 blocked (6000.00/sec).
Executions attempted so far: 60000 total 60000 finished normally 0 blocked (6000.00/sec).
Executions attempted so far: 60000 total 60000 finished normally 0 blocked (6000.00/sec).
Executions attempted so far: 60000 total 60000 finished normally 0 blocked (6000.00/sec).
Executions attempted so far: 60000 total 60000 finished normally 0 blocked (6000.00/sec).
Executions attempted so far: 60000 total 60000 finished normally 0 blocked (6000.00/sec).
Executions attempted so far: 60000 total 60000 finished normally 0 blocked (6000.00/sec).
Executions attempted so far: 60000 total 60000 finished normally 0 blocked (6000.00/sec).
Executions attempted so far: 60000 total 60000 finished normally 0 blocked (6000.00/sec).
Executions attempted so far: 60000 total 60000 finished normally 0 blocked (6000.00/sec).
Executions attempted so far: 60000 total 60000 finished normally 0 blocked (6000.00/sec).
Executions attempted so far: 60000 total 60000 finished normally 0 blocked (5454.55/sec).
Executions attempted so far: 70000 total 70000 finished normally 0 blocked (6363.64/sec).
Executions attempted so far: 70000 total 70000 finished normally 0 blocked (5833.33/sec).
Executions attempted so far: 70000 total 70000 finished normally 0 blocked (5833.33/sec).
Executions attempted so far: 70000 total 70000 finished normally 0 blocked (5833.33/sec).
Executions attempted so far: 70000 total 70000 finished normally 0 blocked (5833.33/sec).
Executions attempted so far: 70000 total 70000 finished normally 0 blocked (5833.33/sec).
Executions attempted so far: 70000 total 70000 finished normally 0 blocked (5833.33/sec).
Executions attempted so far: 70000 total 70000 finished normally 0 blocked (5833.33/sec).
Executions attempted so far: 70000 total 70000 finished normally 0 blocked (5833.33/sec).
Executions attempted so far: 70000 total 70000 finished normally 0 blocked (5833.33/sec).
Executions attempted so far: 70000 total 70000 finished normally 0 blocked (5833.33/sec).
Executions attempted so far: 70000 total 70000 finished normally 0 blocked (5833.33/sec).
Executions attempted so far: 70000 total 70000 finished normally 0 blocked (5833.33/sec).
Executions attempted so far: 70000 total 70000 finished normally 0 blocked (5833.33/sec).
Executions attempted so far: 70000 total 70000 finished normally 0 blocked (5384.62/sec).
Executions attempted so far: 70000 total 70000 finished normally 0 blocked (5384.62/sec).
Executions attempted so far: 80000 total 80000 finished normally 0 blocked (6153.85/sec).
Executions attempted so far: 80000 total 80000 finished normally 0 blocked (5714.29/sec).
Executions attempted so far: 80000 total 80000 finished normally 0 blocked (5714.29/sec).
Executions attempted so far: 80000 total 80000 finished normally 0 blocked (5714.29/sec).
Executions attempted so far: 80000 total 80000 finished normally 0 blocked (5714.29/sec).
Executions attempted so far: 80000 total 80000 finished normally 0 blocked (5714.29/sec).
Executions attempted so far: 80000 total 80000 finished normally 0 blocked (5714.29/sec).
Executions attempted so far: 80000 total 80000 finished normally 0 blocked (5714.29/sec).
Executions attempted so far: 80000 total 80000 finished normally 0 blocked (5714.29/sec).
Executions attempted so far: 80000 total 80000 finished normally 0 blocked (5714.29/sec).
Executions attempted so far: 80000 total 80000 finished normally 0 blocked (5714.29/sec).
Executions attempted so far: 80000 total 80000 finished normally 0 blocked (5714.29/sec).
Executions attempted so far: 80000 total 80000 finished normally 0 blocked (5714.29/sec).
Executions attempted so far: 80000 total 80000 finished normally 0 blocked (5714.29/sec).
Executions attempted so far: 80000 total 80000 finished normally 0 blocked (5714.29/sec).
Executions attempted so far: 80000 total 80000 finished normally 0 blocked (5333.33/sec).
Executions attempted so far: 90000 total 90000 finished normally 0 blocked (6000.00/sec).
Executions attempted so far: 90000 total 90000 finished normally 0 blocked (5625.00/sec).
Executions attempted so far: 90000 total 90000 finished normally 0 blocked (5625.00/sec).
Executions attempted so far: 90000 total 90000 finished normally 0 blocked (5625.00/sec).
Executions attempted so far: 90000 total 90000 finished normally 0 blocked (5625.00/sec).
Executions attempted so far: 90000 total 90000 finished normally 0 blocked (5625.00/sec).
Executions attempted so far: 90000 total 90000 finished normally 0 blocked (5625.00/sec).
Executions attempted so far: 90000 total 90000 finished normally 0 blocked (5625.00/sec).
Executions attempted so far: 90000 total 90000 finished normally 0 blocked (5625.00/sec).
Executions attempted so far: 90000 total 90000 finished normally 0 blocked (5625.00/sec).
Executions attempted so far: 90000 total 90000 finished normally 0 blocked (5625.00/sec).
Executions attempted so far: 90000 total 90000 finished normally 0 blocked (5625.00/sec).
Executions attempted so far: 90000 total 90000 finished normally 0 blocked (5625.00/sec).
Executions attempted so far: 90000 total 90000 finished normally 0 blocked (5625.00/sec).
Executions attempted so far: 90000 total 90000 finished normally 0 blocked (5625.00/sec).
Executions attempted so far: 90000 total 90000 finished normally 0 blocked (5625.00/sec).
Executions attempted so far: 100000 total 100000 finished normally 0 blocked (5882.35/sec).
Executions attempted so far: 100000 total 100000 finished normally 0 blocked (5882.35/sec).
Executions attempted so far: 100000 total 100000 finished normally 0 blocked (5882.35/sec).
Executions attempted so far: 100000 total 100000 finished normally 0 blocked (5555.56/sec).
Executions attempted so far: 100000 total 100000 finished normally 0 blocked (5555.56/sec).
Executions attempted so far: 100000 total 100000 finished normally 0 blocked (5555.56/sec).
Executions attempted so far: 100000 total 100000 finished normally 0 blocked (5555.56/sec).
Executions attempted so far: 100000 total 100000 finished normally 0 blocked (5555.56/sec).
Executions attempted so far: 100000 total 100000 finished normally 0 blocked (5555.56/sec).
Executions attempted so far: 100000 total 100000 finished normally 0 blocked (5555.56/sec).
Executions attempted so far: 100000 total 100000 finished normally 0 blocked (5555.56/sec).
Executions attempted so far: 100000 total 100000 finished normally 0 blocked (5555.56/sec).
Executions attempted so far: 100000 total 100000 finished normally 0 blocked (5555.56/sec).
Executions attempted so far: 100000 total 100000 finished normally 0 blocked (5555.56/sec).
Executions attempted so far: 100000 total 100000 finished normally 0 blocked (5555.56/sec).
Executions attempted so far: 100000 total 100000 finished normally 0 blocked (5555.56/sec).
Executions attempted so far: 200000 total 200000 finished normally 0 blocked (5882.35/sec).
Executions attempted so far: 200000 total 200000 finished normally 0 blocked (5555.56/sec).
Executions attempted so far: 200000 total 200000 finished normally 0 blocked (5555.56/sec).
Executions attempted so far: 200000 total 200000 finished normally 0 blocked (5405.41/sec).
Executions attempted so far: 200000 total 200000 finished normally 0 blocked (5405.41/sec).
Executions attempted so far: 200000 total 200000 finished normally 0 blocked (5405.41/sec).
Executions attempted so far: 200000 total 200000 finished normally 0 blocked (5405.41/sec).
Executions attempted so far: 200000 total 200000 finished normally 0 blocked (5405.41/sec).
Executions attempted so far: 200000 total 200000 finished normally 0 blocked (5405.41/sec).
Executions attempted so far: 200000 total 200000 finished normally 0 blocked (5405.41/sec).
Executions attempted so far: 200000 total 200000 finished normally 0 blocked (5405.41/sec).
Executions attempted so far: 200000 total 200000 finished normally 0 blocked (5405.41/sec).
Executions attempted so far: 200000 total 200000 finished normally 0 blocked (5405.41/sec).
Executions attempted so far: 200000 total 200000 finished normally 0 blocked (5405.41/sec).
Executions attempted so far: 200000 total 200000 finished normally 0 blocked (5405.41/sec).
Executions attempted so far: 200000 total 200000 finished normally 0 blocked (5405.41/sec).
Executions attempted so far: 300000 total 300000 finished normally 0 blocked (5660.38/sec).
Executions attempted so far: 300000 total 300000 finished normally 0 blocked (5454.55/sec).
Executions attempted so far: 300000 total 300000 finished normally 0 blocked (5454.55/sec).
Executions attempted so far: 300000 total 300000 finished normally 0 blocked (5454.55/sec).
Executions attempted so far: 300000 total 300000 finished normally 0 blocked (5357.14/sec).
Executions attempted so far: 300000 total 300000 finished normally 0 blocked (5357.14/sec).
Executions attempted so far: 300000 total 300000 finished normally 0 blocked (5357.14/sec).
Executions attempted so far: 300000 total 300000 finished normally 0 blocked (5357.14/sec).
Executions attempted so far: 300000 total 300000 finished normally 0 blocked (5357.14/sec).
Executions attempted so far: 300000 total 300000 finished normally 0 blocked (5357.14/sec).
Executions attempted so far: 300000 total 300000 finished normally 0 blocked (5357.14/sec).
Executions attempted so far: 300000 total 300000 finished normally 0 blocked (5357.14/sec).
Executions attempted so far: 300000 total 300000 finished normally 0 blocked (5357.14/sec).
Executions attempted so far: 300000 total 300000 finished normally 0 blocked (5357.14/sec).
Executions attempted so far: 300000 total 300000 finished normally 0 blocked (5263.16/sec).
Executions attempted so far: 300000 total 300000 finished normally 0 blocked (5263.16/sec).
Executions attempted so far: 400000 total 400000 finished normally 0 blocked (5555.56/sec).
Executions attempted so far: 400000 total 400000 finished normally 0 blocked (5405.41/sec).
Executions attempted so far: 400000 total 400000 finished normally 0 blocked (5333.33/sec).
Executions attempted so far: 400000 total 400000 finished normally 0 blocked (5333.33/sec).
Executions attempted so far: 400000 total 400000 finished normally 0 blocked (5333.33/sec).
Executions attempted so far: 400000 total 400000 finished normally 0 blocked (5333.33/sec).
Executions attempted so far: 400000 total 400000 finished normally 0 blocked (5333.33/sec).
Executions attempted so far: 400000 total 400000 finished normally 0 blocked (5263.16/sec).
Executions attempted so far: 400000 total 400000 finished normally 0 blocked (5263.16/sec).
Executions attempted so far: 400000 total 400000 finished normally 0 blocked (5263.16/sec).
Executions attempted so far: 400000 total 400000 finished normally 0 blocked (5263.16/sec).
Executions attempted so far: 400000 total 400000 finished normally 0 blocked (5263.16/sec).
Executions attempted so far: 400000 total 400000 finished normally 0 blocked (5263.16/sec).
Executions attempted so far: 400000 total 400000 finished normally 0 blocked (5263.16/sec).
Executions attempted so far: 400000 total 400000 finished normally 0 blocked (5263.16/sec).
Executions attempted so far: 400000 total 400000 finished normally 0 blocked (5194.81/sec).
Executions attempted so far: 500000 total 500000 finished normally 0 blocked (5494.51/sec).
Executions attempted so far: 500000 total 500000 finished normally 0 blocked (5376.34/sec).
Executions attempted so far: 500000 total 500000 finished normally 0 blocked (5319.15/sec).
Executions attempted so far: 500000 total 500000 finished normally 0 blocked (5319.15/sec).
Executions attempted so far: 500000 total 500000 finished normally 0 blocked (5319.15/sec).
Executions attempted so far: 500000 total 500000 finished normally 0 blocked (5319.15/sec).
Executions attempted so far: 500000 total 500000 finished normally 0 blocked (5263.16/sec).
Executions attempted so far: 500000 total 500000 finished normally 0 blocked (5263.16/sec).
Executions attempted so far: 500000 total 500000 finished normally 0 blocked (5263.16/sec).
Executions attempted so far: 500000 total 500000 finished normally 0 blocked (5263.16/sec).
Executions attempted so far: 500000 total 500000 finished normally 0 blocked (5263.16/sec).
Executions attempted so far: 500000 total 500000 finished normally 0 blocked (5263.16/sec).
Executions attempted so far: 500000 total 500000 finished normally 0 blocked (5263.16/sec).
Executions attempted so far: 500000 total 500000 finished normally 0 blocked (5208.33/sec).
Executions attempted so far: 500000 total 500000 finished normally 0 blocked (5208.33/sec).
Executions attempted so far: 500000 total 500000 finished normally 0 blocked (5208.33/sec).
Executions attempted so far: 600000 total 600000 finished normally 0 blocked (5504.59/sec).
Executions attempted so far: 600000 total 600000 finished normally 0 blocked (5309.73/sec).
Executions attempted so far: 600000 total 600000 finished normally 0 blocked (5309.73/sec).
Executions attempted so far: 600000 total 600000 finished normally 0 blocked (5309.73/sec).
Executions attempted so far: 600000 total 600000 finished normally 0 blocked (5309.73/sec).
Executions attempted so far: 600000 total 600000 finished normally 0 blocked (5263.16/sec).
Executions attempted so far: 600000 total 600000 finished normally 0 blocked (5263.16/sec).
Executions attempted so far: 600000 total 600000 finished normally 0 blocked (5263.16/sec).
Executions attempted so far: 600000 total 600000 finished normally 0 blocked (5263.16/sec).
Executions attempted so far: 600000 total 600000 finished normally 0 blocked (5263.16/sec).
Executions attempted so far: 600000 total 600000 finished normally 0 blocked (5263.16/sec).
Executions attempted so far: 600000 total 600000 finished normally 0 blocked (5263.16/sec).
Executions attempted so far: 600000 total 600000 finished normally 0 blocked (5263.16/sec).
Executions attempted so far: 600000 total 600000 finished normally 0 blocked (5217.39/sec).
Executions attempted so far: 600000 total 600000 finished normally 0 blocked (5217.39/sec).
Executions attempted so far: 600000 total 600000 finished normally 0 blocked (5172.41/sec).
Executions attempted so far: 700000 total 700000 finished normally 0 blocked (5511.81/sec).
Executions attempted so far: 700000 total 700000 finished normally 0 blocked (5343.51/sec).
Executions attempted so far: 700000 total 700000 finished normally 0 blocked (5303.03/sec).
Executions attempted so far: 700000 total 700000 finished normally 0 blocked (5303.03/sec).
Executions attempted so far: 700000 total 700000 finished normally 0 blocked (5263.16/sec).
Executions attempted so far: 700000 total 700000 finished normally 0 blocked (5263.16/sec).
Executions attempted so far: 700000 total 700000 finished normally 0 blocked (5263.16/sec).
Executions attempted so far: 700000 total 700000 finished normally 0 blocked (5263.16/sec).
Executions attempted so far: 700000 total 700000 finished normally 0 blocked (5263.16/sec).
Executions attempted so far: 700000 total 700000 finished normally 0 blocked (5263.16/sec).
Executions attempted so far: 700000 total 700000 finished normally 0 blocked (5223.88/sec).
Executions attempted so far: 700000 total 700000 finished normally 0 blocked (5223.88/sec).
Executions attempted so far: 700000 total 700000 finished normally 0 blocked (5223.88/sec).
Executions attempted so far: 700000 total 700000 finished normally 0 blocked (5223.88/sec).
Executions attempted so far: 700000 total 700000 finished normally 0 blocked (5223.88/sec).
Executions attempted so far: 700000 total 700000 finished normally 0 blocked (5185.19/sec).
Executions attempted so far: 800000 total 800000 finished normally 0 blocked (5442.18/sec).
Executions attempted so far: 800000 total 800000 finished normally 0 blocked (5298.01/sec).
Executions attempted so far: 800000 total 800000 finished normally 0 blocked (5298.01/sec).
Executions attempted so far: 800000 total 800000 finished normally 0 blocked (5263.16/sec).
Executions attempted so far: 800000 total 800000 finished normally 0 blocked (5263.16/sec).
Executions attempted so far: 800000 total 800000 finished normally 0 blocked (5263.16/sec).
Executions attempted so far: 800000 total 800000 finished normally 0 blocked (5263.16/sec).
Executions attempted so far: 800000 total 800000 finished normally 0 blocked (5263.16/sec).
Executions attempted so far: 800000 total 800000 finished normally 0 blocked (5263.16/sec).
Executions attempted so far: 800000 total 800000 finished normally 0 blocked (5228.76/sec).
Executions attempted so far: 800000 total 800000 finished normally 0 blocked (5228.76/sec).
Executions attempted so far: 800000 total 800000 finished normally 0 blocked (5228.76/sec).
Executions attempted so far: 800000 total 800000 finished normally 0 blocked (5228.76/sec).
Executions attempted so far: 800000 total 800000 finished normally 0 blocked (5228.76/sec).
Executions attempted so far: 800000 total 800000 finished normally 0 blocked (5194.81/sec).
Executions attempted so far: 800000 total 800000 finished normally 0 blocked (5194.81/sec).
Executions attempted so far: 900000 total 900000 finished normally 0 blocked (5454.55/sec).
Executions attempted so far: 900000 total 900000 finished normally 0 blocked (5294.12/sec).
Executions attempted so far: 900000 total 900000 finished normally 0 blocked (5294.12/sec).
Executions attempted so far: 900000 total 900000 finished normally 0 blocked (5294.12/sec).
Executions attempted so far: 900000 total 900000 finished normally 0 blocked (5263.16/sec).
Executions attempted so far: 900000 total 900000 finished normally 0 blocked (5263.16/sec).
Executions attempted so far: 900000 total 900000 finished normally 0 blocked (5263.16/sec).
Executions attempted so far: 900000 total 900000 finished normally 0 blocked (5263.16/sec).
Executions attempted so far: 900000 total 900000 finished normally 0 blocked (5232.56/sec).
Executions attempted so far: 900000 total 900000 finished normally 0 blocked (5232.56/sec).
Executions attempted so far: 900000 total 900000 finished normally 0 blocked (5232.56/sec).
Executions attempted so far: 900000 total 900000 finished normally 0 blocked (5232.56/sec).
Executions attempted so far: 900000 total 900000 finished normally 0 blocked (5202.31/sec).
Executions attempted so far: 900000 total 900000 finished normally 0 blocked (5202.31/sec).
Executions attempted so far: 900000 total 900000 finished normally 0 blocked (5202.31/sec).
Executions attempted so far: 900000 total 900000 finished normally 0 blocked (5202.31/sec).
Executions attempted so far: 1000000 total 1000000 finished normally 0 blocked (5434.78/sec).
Executions attempted so far: 1000000 total 1000000 finished normally 0 blocked (5291.01/sec).
Executions attempted so far: 1000000 total 1000000 finished normally 0 blocked (5291.01/sec).
Executions attempted so far: 1000000 total 1000000 finished normally 0 blocked (5291.01/sec).
Executions attempted so far: 1000000 total 1000000 finished normally 0 blocked (5263.16/sec).
Executions attempted so far: 1000000 total 1000000 finished normally 0 blocked (5263.16/sec).
Executions attempted so far: 1000000 total 1000000 finished normally 0 blocked (5263.16/sec).
Executions attempted so far: 1000000 total 1000000 finished normally 0 blocked (5235.60/sec).
Executions attempted so far: 1000000 total 1000000 finished normally 0 blocked (5235.60/sec).
Executions attempted so far: 1000000 total 1000000 finished normally 0 blocked (5235.60/sec).
Executions attempted so far: 1000000 total 1000000 finished normally 0 blocked (5235.60/sec).
Executions attempted so far: 1000000 total 1000000 finished normally 0 blocked (5235.60/sec).
Executions attempted so far: 1000000 total 1000000 finished normally 0 blocked (5208.33/sec).
Executions attempted so far: 1000000 total 1000000 finished normally 0 blocked (5208.33/sec).
Executions attempted so far: 1000000 total 1000000 finished normally 0 blocked (5208.33/sec).
Executions attempted so far: 1000000 total 1000000 finished normally 0 blocked (5208.33/sec).
Executions attempted so far: 2000000 total 2000000 finished normally 0 blocked (5319.15/sec).
Executions attempted so far: 2000000 total 2000000 finished normally 0 blocked (5277.04/sec).
Executions attempted so far: 2000000 total 2000000 finished normally 0 blocked (5263.16/sec).
Executions attempted so far: 2000000 total 2000000 finished normally 0 blocked (5221.93/sec).
Executions attempted so far: 2000000 total 2000000 finished normally 0 blocked (5221.93/sec).
Executions attempted so far: 2000000 total 2000000 finished normally 0 blocked (5208.33/sec).
Executions attempted so far: 2000000 total 2000000 finished normally 0 blocked (5208.33/sec).
Executions attempted so far: 2000000 total 2000000 finished normally 0 blocked (5208.33/sec).
Executions attempted so far: 2000000 total 2000000 finished normally 0 blocked (5194.81/sec).
Executions attempted so far: 2000000 total 2000000 finished normally 0 blocked (5194.81/sec).
Executions attempted so far: 2000000 total 2000000 finished normally 0 blocked (5181.35/sec).
Executions attempted so far: 2000000 total 2000000 finished normally 0 blocked (5181.35/sec).
Executions attempted so far: 2000000 total 2000000 finished normally 0 blocked (5181.35/sec).
Executions attempted so far: 2000000 total 2000000 finished normally 0 blocked (5181.35/sec).
Executions attempted so far: 2000000 total 2000000 finished normally 0 blocked (5181.35/sec).
Executions attempted so far: 2000000 total 2000000 finished normally 0 blocked (5181.35/sec).
Executions attempted so far: 3000000 total 3000000 finished normally 0 blocked (5300.35/sec).
Executions attempted so far: 3000000 total 3000000 finished normally 0 blocked (5291.01/sec).
Executions attempted so far: 3000000 total 3000000 finished normally 0 blocked (5235.60/sec).
Executions attempted so far: 3000000 total 3000000 finished normally 0 blocked (5217.39/sec).
Executions attempted so far: 3000000 total 3000000 finished normally 0 blocked (5208.33/sec).
Executions attempted so far: 3000000 total 3000000 finished normally 0 blocked (5208.33/sec).
Executions attempted so far: 3000000 total 3000000 finished normally 0 blocked (5199.31/sec).
Executions attempted so far: 3000000 total 3000000 finished normally 0 blocked (5199.31/sec).
Executions attempted so far: 3000000 total 3000000 finished normally 0 blocked (5199.31/sec).
Executions attempted so far: 3000000 total 3000000 finished normally 0 blocked (5199.31/sec).
Executions attempted so far: 3000000 total 3000000 finished normally 0 blocked (5190.31/sec).
Executions attempted so far: 3000000 total 3000000 finished normally 0 blocked (5190.31/sec).
Executions attempted so far: 3000000 total 3000000 finished normally 0 blocked (5190.31/sec).
Executions attempted so far: 3000000 total 3000000 finished normally 0 blocked (5190.31/sec).
Executions attempted so far: 3000000 total 3000000 finished normally 0 blocked (5190.31/sec).
Executions attempted so far: 3000000 total 3000000 finished normally 0 blocked (5181.35/sec).
Executions attempted so far: 4000000 total 4000000 finished normally 0 blocked (5312.08/sec).
Executions attempted so far: 4000000 total 4000000 finished normally 0 blocked (5277.04/sec).
Executions attempted so far: 4000000 total 4000000 finished normally 0 blocked (5235.60/sec).
Executions attempted so far: 4000000 total 4000000 finished normally 0 blocked (5215.12/sec).
Executions attempted so far: 4000000 total 4000000 finished normally 0 blocked (5208.33/sec).
Executions attempted so far: 4000000 total 4000000 finished normally 0 blocked (5208.33/sec).
Executions attempted so far: 4000000 total 4000000 finished normally 0 blocked (5201.56/sec).
Executions attempted so far: 4000000 total 4000000 finished normally 0 blocked (5201.56/sec).
Executions attempted so far: 4000000 total 4000000 finished normally 0 blocked (5194.81/sec).
Executions attempted so far: 4000000 total 4000000 finished normally 0 blocked (5194.81/sec).
Executions attempted so far: 4000000 total 4000000 finished normally 0 blocked (5188.07/sec).
Executions attempted so far: 4000000 total 4000000 finished normally 0 blocked (5188.07/sec).
Executions attempted so far: 4000000 total 4000000 finished normally 0 blocked (5188.07/sec).
Executions attempted so far: 4000000 total 4000000 finished normally 0 blocked (5181.35/sec).
Executions attempted so far: 4000000 total 4000000 finished normally 0 blocked (5181.35/sec).
Executions attempted so far: 4000000 total 4000000 finished normally 0 blocked (5174.64/sec).
Executions attempted so far: 5000000 total 5000000 finished normally 0 blocked (5296.61/sec).
Executions attempted so far: 5000000 total 5000000 finished normally 0 blocked (5246.59/sec).
Executions attempted so far: 5000000 total 5000000 finished normally 0 blocked (5235.60/sec).
Executions attempted so far: 5000000 total 5000000 finished normally 0 blocked (5230.13/sec).
Executions attempted so far: 5000000 total 5000000 finished normally 0 blocked (5219.21/sec).
Executions attempted so far: 5000000 total 5000000 finished normally 0 blocked (5219.21/sec).
Executions attempted so far: 5000000 total 5000000 finished normally 0 blocked (5208.33/sec).
Executions attempted so far: 5000000 total 5000000 finished normally 0 blocked (5208.33/sec).
Executions attempted so far: 5000000 total 5000000 finished normally 0 blocked (5208.33/sec).
Executions attempted so far: 5000000 total 5000000 finished normally 0 blocked (5202.91/sec).
Executions attempted so far: 5000000 total 5000000 finished normally 0 blocked (5181.35/sec).
Executions attempted so far: 5000000 total 5000000 finished normally 0 blocked (5181.35/sec).
Executions attempted so far: 5000000 total 5000000 finished normally 0 blocked (5181.35/sec).
Executions attempted so far: 5000000 total 5000000 finished normally 0 blocked (5175.98/sec).
Executions attempted so far: 5000000 total 5000000 finished normally 0 blocked (5175.98/sec).
Executions attempted so far: 5000000 total 5000000 finished normally 0 blocked (5175.98/sec).
Executions attempted so far: 6000000 total 6000000 finished normally 0 blocked (5295.68/sec).
Executions attempted so far: 6000000 total 6000000 finished normally 0 blocked (5249.34/sec).
Executions attempted so far: 6000000 total 6000000 finished normally 0 blocked (5244.76/sec).
Executions attempted so far: 6000000 total 6000000 finished normally 0 blocked (5221.93/sec).
Executions attempted so far: 6000000 total 6000000 finished normally 0 blocked (5212.86/sec).
Executions attempted so far: 6000000 total 6000000 finished normally 0 blocked (5212.86/sec).
Executions attempted so far: 6000000 total 6000000 finished normally 0 blocked (5212.86/sec).
Executions attempted so far: 6000000 total 6000000 finished normally 0 blocked (5203.82/sec).
Executions attempted so far: 6000000 total 6000000 finished normally 0 blocked (5199.31/sec).
Executions attempted so far: 6000000 total 6000000 finished normally 0 blocked (5194.81/sec).
Executions attempted so far: 6000000 total 6000000 finished normally 0 blocked (5190.31/sec).
Executions attempted so far: 6000000 total 6000000 finished normally 0 blocked (5181.35/sec).
Executions attempted so far: 6000000 total 6000000 finished normally 0 blocked (5181.35/sec).
Executions attempted so far: 6000000 total 6000000 finished normally 0 blocked (5181.35/sec).
Executions attempted so far: 6000000 total 6000000 finished normally 0 blocked (5181.35/sec).
Executions attempted so far: 6000000 total 6000000 finished normally 0 blocked (5172.41/sec).
baseline   nodes=3 ballots=2 w=100 (untimed)  execs=104693824 blocked=0 elected=77985600 time=1257.723499822s
=== END cc_base_n3b2 rc=0 elapsed=1257.736448614

=== RUN cc_t_n3b2_A cap=1800s CMD: /home/sahar/Desktop/MPI/TraceForge/target/release/examples/comm_closed_leader_election --mode timed --nodes 3 --ballots 2 --u 20 --w 200 --l 18 --sd 2
Executions attempted so far: 1 total 1 finished normally 0 blocked.
Executions attempted so far: 2 total 2 finished normally 0 blocked.
Executions attempted so far: 3 total 3 finished normally 0 blocked.
Executions attempted so far: 4 total 4 finished normally 0 blocked.
Executions attempted so far: 5 total 5 finished normally 0 blocked.
Executions attempted so far: 6 total 6 finished normally 0 blocked.
Executions attempted so far: 1 total 1 finished normally 0 blocked.
Executions attempted so far: 7 total 7 finished normally 0 blocked.
Executions attempted so far: 1 total 1 finished normally 0 blocked.
Executions attempted so far: 2 total 2 finished normally 0 blocked.
Executions attempted so far: 8 total 8 finished normally 0 blocked.
Executions attempted so far: 3 total 3 finished normally 0 blocked.
Executions attempted so far: 9 total 9 finished normally 0 blocked.
Executions attempted so far: 2 total 2 finished normally 0 blocked.
Executions attempted so far: 10 total 10 finished normally 0 blocked.
Executions attempted so far: 4 total 4 finished normally 0 blocked.
Executions attempted so far: 3 total 3 finished normally 0 blocked.
Executions attempted so far: 5 total 5 finished normally 0 blocked.
Executions attempted so far: 4 total 4 finished normally 0 blocked.
Executions attempted so far: 6 total 6 finished normally 0 blocked.
Executions attempted so far: 5 total 5 finished normally 0 blocked.
Executions attempted so far: 7 total 7 finished normally 0 blocked.
Executions attempted so far: 6 total 6 finished normally 0 blocked.
Executions attempted so far: 8 total 8 finished normally 0 blocked.
Executions attempted so far: 7 total 7 finished normally 0 blocked.
Executions attempted so far: 9 total 9 finished normally 0 blocked.
Executions attempted so far: 8 total 8 finished normally 0 blocked.
Executions attempted so far: 1 total 1 finished normally 0 blocked.
Executions attempted so far: 10 total 10 finished normally 0 blocked.
Executions attempted so far: 2 total 2 finished normally 0 blocked.
Executions attempted so far: 3 total 3 finished normally 0 blocked.
Executions attempted so far: 9 total 9 finished normally 0 blocked.
Executions attempted so far: 4 total 4 finished normally 0 blocked.
Executions attempted so far: 10 total 10 finished normally 0 blocked.
Executions attempted so far: 1 total 1 finished normally 0 blocked.
Executions attempted so far: 5 total 5 finished normally 0 blocked.
Executions attempted so far: 2 total 2 finished normally 0 blocked.
Executions attempted so far: 6 total 6 finished normally 0 blocked.
Executions attempted so far: 3 total 3 finished normally 0 blocked.
Executions attempted so far: 7 total 7 finished normally 0 blocked.
Executions attempted so far: 4 total 4 finished normally 0 blocked.
Executions attempted so far: 1 total 1 finished normally 0 blocked.
Executions attempted so far: 8 total 8 finished normally 0 blocked.
Executions attempted so far: 5 total 5 finished normally 0 blocked.
Executions attempted so far: 9 total 9 finished normally 0 blocked.
Executions attempted so far: 2 total 2 finished normally 0 blocked.
Executions attempted so far: 10 total 10 finished normally 0 blocked.
Executions attempted so far: 6 total 6 finished normally 0 blocked.
Executions attempted so far: 20 total 20 finished normally 0 blocked.
Executions attempted so far: 7 total 7 finished normally 0 blocked.
Executions attempted so far: 3 total 3 finished normally 0 blocked.
Executions attempted so far: 8 total 8 finished normally 0 blocked.
Executions attempted so far: 20 total 20 finished normally 0 blocked.
Executions attempted so far: 9 total 9 finished normally 0 blocked.
Executions attempted so far: 4 total 4 finished normally 0 blocked.
Executions attempted so far: 10 total 10 finished normally 0 blocked.
Executions attempted so far: 20 total 20 finished normally 0 blocked.
Executions attempted so far: 1 total 1 finished normally 0 blocked.
Executions attempted so far: 5 total 5 finished normally 0 blocked.
Executions attempted so far: 2 total 2 finished normally 0 blocked.
Executions attempted so far: 1 total 1 finished normally 0 blocked.
Executions attempted so far: 6 total 6 finished normally 0 blocked.
Executions attempted so far: 1 total 1 finished normally 0 blocked.
Executions attempted so far: 3 total 3 finished normally 0 blocked.
Executions attempted so far: 1 total 1 finished normally 0 blocked.
Executions attempted so far: 2 total 2 finished normally 0 blocked.
Executions attempted so far: 7 total 7 finished normally 0 blocked.
Executions attempted so far: 4 total 4 finished normally 0 blocked.
Executions attempted so far: 2 total 2 finished normally 0 blocked.
Executions attempted so far: 20 total 20 finished normally 0 blocked.
Executions attempted so far: 3 total 3 finished normally 0 blocked.
Executions attempted so far: 2 total 2 finished normally 0 blocked.
Executions attempted so far: 30 total 30 finished normally 0 blocked.
Executions attempted so far: 8 total 8 finished normally 0 blocked.
Executions attempted so far: 20 total 20 finished normally 0 blocked.
Executions attempted so far: 5 total 5 finished normally 0 blocked.
Executions attempted so far: 3 total 3 finished normally 0 blocked.
Executions attempted so far: 3 total 3 finished normally 0 blocked.
Executions attempted so far: 1 total 1 finished normally 0 blocked.
Executions attempted so far: 4 total 4 finished normally 0 blocked.
Executions attempted so far: 9 total 9 finished normally 0 blocked.
Executions attempted so far: 6 total 6 finished normally 0 blocked.
Executions attempted so far: 4 total 4 finished normally 0 blocked.
Executions attempted so far: 5 total 5 finished normally 0 blocked.
Executions attempted so far: 4 total 4 finished normally 0 blocked.
Executions attempted so far: 2 total 2 finished normally 0 blocked.
Executions attempted so far: 10 total 10 finished normally 0 blocked.
Executions attempted so far: 30 total 30 finished normally 0 blocked.
Executions attempted so far: 7 total 7 finished normally 0 blocked.
Executions attempted so far: 5 total 5 finished normally 0 blocked.
Executions attempted so far: 5 total 5 finished normally 0 blocked.
Executions attempted so far: 1 total 1 finished normally 0 blocked.
Executions attempted so far: 6 total 6 finished normally 0 blocked.
Executions attempted so far: 3 total 3 finished normally 0 blocked.
Executions attempted so far: 8 total 8 finished normally 0 blocked.
Executions attempted so far: 6 total 6 finished normally 0 blocked.
Executions attempted so far: 4 total 4 finished normally 0 blocked.
Executions attempted so far: 7 total 7 finished normally 0 blocked.
Executions attempted so far: 6 total 6 finished normally 0 blocked.
Executions attempted so far: 2 total 2 finished normally 0 blocked.
Executions attempted so far: 9 total 9 finished normally 0 blocked.
Executions attempted so far: 7 total 7 finished normally 0 blocked.
Executions attempted so far: 8 total 8 finished normally 0 blocked.
Executions attempted so far: 5 total 5 finished normally 0 blocked.
Executions attempted so far: 7 total 7 finished normally 0 blocked.
Executions attempted so far: 3 total 3 finished normally 0 blocked.
Executions attempted so far: 10 total 10 finished normally 0 blocked.
Executions attempted so far: 8 total 8 finished normally 0 blocked.
Executions attempted so far: 40 total 40 finished normally 0 blocked.
Executions attempted so far: 9 total 9 finished normally 0 blocked.
Executions attempted so far: 8 total 8 finished normally 0 blocked.
Executions attempted so far: 4 total 4 finished normally 0 blocked.
Executions attempted so far: 6 total 6 finished normally 0 blocked.
Executions attempted so far: 1 total 1 finished normally 0 blocked.
Executions attempted so far: 9 total 9 finished normally 0 blocked.
Executions attempted so far: 10 total 10 finished normally 0 blocked.
Executions attempted so far: 2 total 2 finished normally 0 blocked.
Executions attempted so far: 7 total 7 finished normally 0 blocked.
Executions attempted so far: 1 total 1 finished normally 0 blocked.
Executions attempted so far: 3 total 3 finished normally 0 blocked.
Executions attempted so far: 10 total 10 finished normally 0 blocked.
Executions attempted so far: 8 total 8 finished normally 0 blocked.
Executions attempted so far: 4 total 4 finished normally 0 blocked.
Executions attempted so far: 5 total 5 finished normally 0 blocked.
Executions attempted so far: 2 total 2 finished normally 0 blocked.
Executions attempted so far: 5 total 5 finished normally 0 blocked.
Executions attempted so far: 6 total 6 finished normally 0 blocked.
Executions attempted so far: 1 total 1 finished normally 0 blocked.
Executions attempted so far: 3 total 3 finished normally 0 blocked.
Executions attempted so far: 1 total 1 finished normally 0 blocked.
Executions attempted so far: 6 total 6 finished normally 0 blocked.
Executions attempted so far: 9 total 9 finished normally 0 blocked.
Executions attempted so far: 30 total 30 finished normally 0 blocked.
Executions attempted so far: 7 total 7 finished normally 0 blocked.
Executions attempted so far: 4 total 4 finished normally 0 blocked.
Executions attempted so far: 7 total 7 finished normally 0 blocked.
Executions attempted so far: 2 total 2 finished normally 0 blocked.
Executions attempted so far: 2 total 2 finished normally 0 blocked.
Executions attempted so far: 9 total 9 finished normally 0 blocked.
Executions attempted so far: 8 total 8 finished normally 0 blocked.
Executions attempted so far: 8 total 8 finished normally 0 blocked.
Executions attempted so far: 3 total 3 finished normally 0 blocked.
Executions attempted so far: 30 total 30 finished normally 0 blocked.
Executions attempted so far: 10 total 10 finished normally 0 blocked.
Executions attempted so far: 10 total 10 finished normally 0 blocked.
Executions attempted so far: 3 total 3 finished normally 0 blocked.
Executions attempted so far: 5 total 5 finished normally 0 blocked.
Executions attempted so far: 9 total 9 finished normally 0 blocked.
Executions attempted so far: 4 total 4 finished normally 0 blocked.
Executions attempted so far: 10 total 10 finished normally 0 blocked.
Executions attempted so far: 6 total 6 finished normally 0 blocked.
Executions attempted so far: 4 total 4 finished normally 0 blocked.
Executions attempted so far: 5 total 5 finished normally 0 blocked.
Executions attempted so far: 50 total 50 finished normally 0 blocked.
Executions attempted so far: 9 total 9 finished normally 0 blocked.
Executions attempted so far: 7 total 7 finished normally 0 blocked.
Executions attempted so far: 20 total 20 finished normally 0 blocked.
Executions attempted so far: 5 total 5 finished normally 0 blocked.
Executions attempted so far: 6 total 6 finished normally 0 blocked.
Executions attempted so far: 20 total 20 finished normally 0 blocked.
Executions attempted so far: 10 total 10 finished normally 0 blocked.
Executions attempted so far: 8 total 8 finished normally 0 blocked.
Executions attempted so far: 6 total 6 finished normally 0 blocked.
Executions attempted so far: 7 total 7 finished normally 0 blocked.
Executions attempted so far: 7 total 7 finished normally 0 blocked.
Executions attempted so far: 9 total 9 finished normally 0 blocked.
Executions attempted so far: 30 total 30 finished normally 0 blocked.
Executions attempted so far: 8 total 8 finished normally 0 blocked.
Executions attempted so far: 20 total 20 finished normally 0 blocked.
Executions attempted so far: 10 total 10 finished normally 0 blocked.
Executions attempted so far: 9 total 9 finished normally 0 blocked.
Executions attempted so far: 40 total 40 finished normally 0 blocked.
Executions attempted so far: 10 total 10 finished normally 0 blocked.
Executions attempted so far: 20 total 20 finished normally 0 blocked.
Executions attempted so far: 8 total 8 finished normally 0 blocked.
Executions attempted so far: 40 total 40 finished normally 0 blocked.
Executions attempted so far: 9 total 9 finished normally 0 blocked.
Executions attempted so far: 20 total 20 finished normally 0 blocked.
Executions attempted so far: 10 total 10 finished normally 0 blocked.
Executions attempted so far: 40 total 40 finished normally 0 blocked.
Executions attempted so far: 20 total 20 finished normally 0 blocked.
Executions attempted so far: 60 total 60 finished normally 0 blocked.
Executions attempted so far: 20 total 20 finished normally 0 blocked.
Executions attempted so far: 20 total 20 finished normally 0 blocked.
Executions attempted so far: 30 total 30 finished normally 0 blocked.
Executions attempted so far: 30 total 30 finished normally 0 blocked.
Executions attempted so far: 30 total 30 finished normally 0 blocked.
Executions attempted so far: 50 total 50 finished normally 0 blocked.
Executions attempted so far: 20 total 20 finished normally 0 blocked.
Executions attempted so far: 40 total 40 finished normally 0 blocked.
Executions attempted so far: 30 total 30 finished normally 0 blocked.
Executions attempted so far: 50 total 50 finished normally 0 blocked.
Executions attempted so far: 20 total 20 finished normally 0 blocked.
Executions attempted so far: 30 total 30 finished normally 0 blocked.
Executions attempted so far: 20 total 20 finished normally 0 blocked.
Executions attempted so far: 40 total 40 finished normally 0 blocked.
Executions attempted so far: 70 total 70 finished normally 0 blocked.
Executions attempted so far: 30 total 30 finished normally 0 blocked.
Executions attempted so far: 50 total 50 finished normally 0 blocked.
Executions attempted so far: 30 total 30 finished normally 0 blocked.
Executions attempted so far: 40 total 40 finished normally 0 blocked.
Executions attempted so far: 30 total 30 finished normally 0 blocked.
Executions attempted so far: 40 total 40 finished normally 0 blocked.
Executions attempted so far: 60 total 60 finished normally 0 blocked.
Executions attempted so far: 30 total 30 finished normally 0 blocked.
Executions attempted so far: 60 total 60 finished normally 0 blocked.
Executions attempted so far: 30 total 30 finished normally 0 blocked.
Executions attempted so far: 40 total 40 finished normally 0 blocked.
Executions attempted so far: 80 total 80 finished normally 0 blocked.
Executions attempted so far: 50 total 50 finished normally 0 blocked.
Executions attempted so far: 30 total 30 finished normally 0 blocked.
Executions attempted so far: 40 total 40 finished normally 0 blocked.
Executions attempted so far: 50 total 50 finished normally 0 blocked.
Executions attempted so far: 60 total 60 finished normally 0 blocked.
Executions attempted so far: 40 total 40 finished normally 0 blocked.
Executions attempted so far: 40 total 40 finished normally 0 blocked.
Executions attempted so far: 40 total 40 finished normally 0 blocked.
Executions attempted so far: 70 total 70 finished normally 0 blocked.
Executions attempted so far: 50 total 50 finished normally 0 blocked.
Executions attempted so far: 40 total 40 finished normally 0 blocked.
Executions attempted so far: 70 total 70 finished normally 0 blocked.
Executions attempted so far: 40 total 40 finished normally 0 blocked.
Executions attempted so far: 50 total 50 finished normally 0 blocked.
Executions attempted so far: 60 total 60 finished normally 0 blocked.
Executions attempted so far: 90 total 90 finished normally 0 blocked.
Executions attempted so far: 50 total 50 finished normally 0 blocked.
Executions attempted so far: 60 total 60 finished normally 0 blocked.
Executions attempted so far: 40 total 40 finished normally 0 blocked.
Executions attempted so far: 50 total 50 finished normally 0 blocked.
Executions attempted so far: 50 total 50 finished normally 0 blocked.
Executions attempted so far: 60 total 60 finished normally 0 blocked.
Executions attempted so far: 50 total 50 finished normally 0 blocked.
Executions attempted so far: 50 total 50 finished normally 0 blocked.
Executions attempted so far: 80 total 80 finished normally 0 blocked.
Executions attempted so far: 70 total 70 finished normally 0 blocked.
Executions attempted so far: 80 total 80 finished normally 0 blocked.
Executions attempted so far: 50 total 50 finished normally 0 blocked.
Executions attempted so far: 60 total 60 finished normally 0 blocked.
Executions attempted so far: 70 total 70 finished normally 0 blocked.
Executions attempted so far: 100 total 100 finished normally 0 blocked.
Executions attempted so far: 50 total 50 finished normally 0 blocked.
Executions attempted so far: 60 total 60 finished normally 0 blocked.
Executions attempted so far: 70 total 70 finished normally 0 blocked.
Executions attempted so far: 60 total 60 finished normally 0 blocked.
Executions attempted so far: 60 total 60 finished normally 0 blocked.
Executions attempted so far: 70 total 70 finished normally 0 blocked.
Executions attempted so far: 60 total 60 finished normally 0 blocked.
Executions attempted so far: 90 total 90 finished normally 0 blocked.
Executions attempted so far: 60 total 60 finished normally 0 blocked.
Executions attempted so far: 90 total 90 finished normally 0 blocked.
Executions attempted so far: 80 total 80 finished normally 0 blocked.
Executions attempted so far: 80 total 80 finished normally 0 blocked.
Executions attempted so far: 50 total 50 finished normally 0 blocked.
Executions attempted so far: 70 total 70 finished normally 0 blocked.
Executions attempted so far: 60 total 60 finished normally 0 blocked.
Executions attempted so far: 100 total 100 finished normally 0 blocked.
Executions attempted so far: 70 total 70 finished normally 0 blocked.
Executions attempted so far: 70 total 70 finished normally 0 blocked.
Executions attempted so far: 80 total 80 finished normally 0 blocked.
Executions attempted so far: 100 total 100 finished normally 0 blocked.
Executions attempted so far: 70 total 70 finished normally 0 blocked.
Executions attempted so far: 60 total 60 finished normally 0 blocked.
Executions attempted so far: 80 total 80 finished normally 0 blocked.
Executions attempted so far: 70 total 70 finished normally 0 blocked.
Executions attempted so far: 70 total 70 finished normally 0 blocked.
Executions attempted so far: 90 total 90 finished normally 0 blocked.
Executions attempted so far: 80 total 80 finished normally 0 blocked.
Executions attempted so far: 70 total 70 finished normally 0 blocked.
Executions attempted so far: 60 total 60 finished normally 0 blocked.
Executions attempted so far: 90 total 90 finished normally 0 blocked.
Executions attempted so far: 80 total 80 finished normally 0 blocked.
Executions attempted so far: 80 total 80 finished normally 0 blocked.
Executions attempted so far: 90 total 90 finished normally 0 blocked.
Executions attempted so far: 80 total 80 finished normally 0 blocked.
Executions attempted so far: 80 total 80 finished normally 0 blocked.
Executions attempted so far: 100 total 100 finished normally 0 blocked.
Executions attempted so far: 90 total 90 finished normally 0 blocked.
Executions attempted so far: 70 total 70 finished normally 0 blocked.
Executions attempted so far: 80 total 80 finished normally 0 blocked.
Executions attempted so far: 90 total 90 finished normally 0 blocked.
Executions attempted so far: 80 total 80 finished normally 0 blocked.
Executions attempted so far: 100 total 100 finished normally 0 blocked.
Executions attempted so far: 70 total 70 finished normally 0 blocked.
Executions attempted so far: 90 total 90 finished normally 0 blocked.
Executions attempted so far: 100 total 100 finished normally 0 blocked.
Executions attempted so far: 90 total 90 finished normally 0 blocked.
Executions attempted so far: 90 total 90 finished normally 0 blocked.
Executions attempted so far: 100 total 100 finished normally 0 blocked.
Executions attempted so far: 90 total 90 finished normally 0 blocked.
Executions attempted so far: 90 total 90 finished normally 0 blocked.
Executions attempted so far: 100 total 100 finished normally 0 blocked.
Executions attempted so far: 90 total 90 finished normally 0 blocked.
Executions attempted so far: 100 total 100 finished normally 0 blocked.
Executions attempted so far: 80 total 80 finished normally 0 blocked.
Executions attempted so far: 80 total 80 finished normally 0 blocked.
Executions attempted so far: 100 total 100 finished normally 0 blocked.
Executions attempted so far: 100 total 100 finished normally 0 blocked.
Executions attempted so far: 100 total 100 finished normally 0 blocked.
Executions attempted so far: 100 total 100 finished normally 0 blocked.
Executions attempted so far: 100 total 100 finished normally 0 blocked.
Executions attempted so far: 90 total 90 finished normally 0 blocked.
Executions attempted so far: 90 total 90 finished normally 0 blocked.
Executions attempted so far: 100 total 100 finished normally 0 blocked.
Executions attempted so far: 100 total 100 finished normally 0 blocked.
Executions attempted so far: 200 total 200 finished normally 0 blocked.
Executions attempted so far: 200 total 200 finished normally 0 blocked.
Executions attempted so far: 200 total 200 finished normally 0 blocked.
Executions attempted so far: 200 total 200 finished normally 0 blocked.
Executions attempted so far: 200 total 200 finished normally 0 blocked.
Executions attempted so far: 200 total 200 finished normally 0 blocked.
Executions attempted so far: 200 total 200 finished normally 0 blocked.
Executions attempted so far: 200 total 200 finished normally 0 blocked.
Executions attempted so far: 200 total 200 finished normally 0 blocked.
Executions attempted so far: 200 total 200 finished normally 0 blocked.
Executions attempted so far: 200 total 200 finished normally 0 blocked.
Executions attempted so far: 200 total 200 finished normally 0 blocked.
Executions attempted so far: 200 total 200 finished normally 0 blocked.
Executions attempted so far: 300 total 300 finished normally 0 blocked.
Executions attempted so far: 200 total 200 finished normally 0 blocked.
Executions attempted so far: 200 total 200 finished normally 0 blocked.
Executions attempted so far: 300 total 300 finished normally 0 blocked.
Executions attempted so far: 300 total 300 finished normally 0 blocked.
Executions attempted so far: 200 total 200 finished normally 0 blocked.
Executions attempted so far: 300 total 300 finished normally 0 blocked.
Executions attempted so far: 300 total 300 finished normally 0 blocked.
Executions attempted so far: 300 total 300 finished normally 0 blocked.
Executions attempted so far: 300 total 300 finished normally 0 blocked.
Executions attempted so far: 300 total 300 finished normally 0 blocked.
Executions attempted so far: 300 total 300 finished normally 0 blocked.
Executions attempted so far: 400 total 400 finished normally 0 blocked.
Executions attempted so far: 300 total 300 finished normally 0 blocked.
Executions attempted so far: 300 total 300 finished normally 0 blocked.
Executions attempted so far: 300 total 300 finished normally 0 blocked.
Executions attempted so far: 300 total 300 finished normally 0 blocked.
Executions attempted so far: 300 total 300 finished normally 0 blocked.
Executions attempted so far: 400 total 400 finished normally 0 blocked.
Executions attempted so far: 300 total 300 finished normally 0 blocked.
Executions attempted so far: 400 total 400 finished normally 0 blocked.
Executions attempted so far: 400 total 400 finished normally 0 blocked.
Executions attempted so far: 400 total 400 finished normally 0 blocked.
Executions attempted so far: 400 total 400 finished normally 0 blocked.
Executions attempted so far: 400 total 400 finished normally 0 blocked.
Executions attempted so far: 400 total 400 finished normally 0 blocked.
Executions attempted so far: 500 total 500 finished normally 0 blocked.
Executions attempted so far: 500 total 500 finished normally 0 blocked.
Executions attempted so far: 400 total 400 finished normally 0 blocked.
Executions attempted so far: 400 total 400 finished normally 0 blocked.
Executions attempted so far: 400 total 400 finished normally 0 blocked.
Executions attempted so far: 400 total 400 finished normally 0 blocked.
Executions attempted so far: 400 total 400 finished normally 0 blocked.
Executions attempted so far: 400 total 400 finished normally 0 blocked.
Executions attempted so far: 500 total 500 finished normally 0 blocked.
Executions attempted so far: 300 total 300 finished normally 0 blocked.
Executions attempted so far: 500 total 500 finished normally 0 blocked.
Executions attempted so far: 600 total 600 finished normally 0 blocked.
Executions attempted so far: 500 total 500 finished normally 0 blocked.
Executions attempted so far: 500 total 500 finished normally 0 blocked.
Executions attempted so far: 500 total 500 finished normally 0 blocked.
Executions attempted so far: 500 total 500 finished normally 0 blocked.
Executions attempted so far: 600 total 600 finished normally 0 blocked.
Executions attempted so far: 500 total 500 finished normally 0 blocked.
Executions attempted so far: 500 total 500 finished normally 0 blocked.
Executions attempted so far: 500 total 500 finished normally 0 blocked.
Executions attempted so far: 500 total 500 finished normally 0 blocked.
Executions attempted so far: 400 total 400 finished normally 0 blocked.
Executions attempted so far: 700 total 700 finished normally 0 blocked.
Executions attempted so far: 600 total 600 finished normally 0 blocked.
Executions attempted so far: 500 total 500 finished normally 0 blocked.
Executions attempted so far: 500 total 500 finished normally 0 blocked.
Executions attempted so far: 600 total 600 finished normally 0 blocked.
Executions attempted so far: 600 total 600 finished normally 0 blocked.
Executions attempted so far: 600 total 600 finished normally 0 blocked.
Executions attempted so far: 700 total 700 finished normally 0 blocked.
Executions attempted so far: 600 total 600 finished normally 0 blocked.
Executions attempted so far: 600 total 600 finished normally 0 blocked.
Executions attempted so far: 600 total 600 finished normally 0 blocked.
Executions attempted so far: 600 total 600 finished normally 0 blocked.
Executions attempted so far: 800 total 800 finished normally 0 blocked.
Executions attempted so far: 700 total 700 finished normally 0 blocked.
Executions attempted so far: 600 total 600 finished normally 0 blocked.
Executions attempted so far: 700 total 700 finished normally 0 blocked.
Executions attempted so far: 700 total 700 finished normally 0 blocked.
Executions attempted so far: 600 total 600 finished normally 0 blocked.
Executions attempted so far: 600 total 600 finished normally 0 blocked.
Executions attempted so far: 700 total 700 finished normally 0 blocked.
Executions attempted so far: 600 total 600 finished normally 0 blocked.
Executions attempted so far: 400 total 400 finished normally 0 blocked.
Executions attempted so far: 800 total 800 finished normally 0 blocked.
Executions attempted so far: 700 total 700 finished normally 0 blocked.
Executions attempted so far: 700 total 700 finished normally 0 blocked.
Executions attempted so far: 700 total 700 finished normally 0 blocked.
Executions attempted so far: 700 total 700 finished normally 0 blocked.
Executions attempted so far: 500 total 500 finished normally 0 blocked.
Executions attempted so far: 800 total 800 finished normally 0 blocked.
Executions attempted so far: 900 total 900 finished normally 0 blocked.
Executions attempted so far: 800 total 800 finished normally 0 blocked.
Executions attempted so far: 800 total 800 finished normally 0 blocked.
Executions attempted so far: 900 total 900 finished normally 0 blocked.
Executions attempted so far: 700 total 700 finished normally 0 blocked.
Executions attempted so far: 800 total 800 finished normally 0 blocked.
Executions attempted so far: 700 total 700 finished normally 0 blocked.
Executions attempted so far: 700 total 700 finished normally 0 blocked.
Executions attempted so far: 800 total 800 finished normally 0 blocked.
Executions attempted so far: 700 total 700 finished normally 0 blocked.
Executions attempted so far: 800 total 800 finished normally 0 blocked.
Executions attempted so far: 800 total 800 finished normally 0 blocked.
Executions attempted so far: 800 total 800 finished normally 0 blocked.
Executions attempted so far: 900 total 900 finished normally 0 blocked.
Executions attempted so far: 900 total 900 finished normally 0 blocked.
Executions attempted so far: 1000 total 1000 finished normally 0 blocked.
Executions attempted so far: 900 total 900 finished normally 0 blocked.
Executions attempted so far: 1000 total 1000 finished normally 0 blocked.
Executions attempted so far: 800 total 800 finished normally 0 blocked.
Executions attempted so far: 900 total 900 finished normally 0 blocked.
Executions attempted so far: 900 total 900 finished normally 0 blocked.
Executions attempted so far: 500 total 500 finished normally 0 blocked.
Executions attempted so far: 800 total 800 finished normally 0 blocked.
Executions attempted so far: 800 total 800 finished normally 0 blocked.
Executions attempted so far: 800 total 800 finished normally 0 blocked.
Executions attempted so far: 900 total 900 finished normally 0 blocked.
Executions attempted so far: 1000 total 1000 finished normally 0 blocked.
Executions attempted so far: 900 total 900 finished normally 0 blocked.
Executions attempted so far: 1000 total 1000 finished normally 0 blocked.
Executions attempted so far: 1000 total 1000 finished normally 0 blocked.
Executions attempted so far: 600 total 600 finished normally 0 blocked.
Executions attempted so far: 1000 total 1000 finished normally 0 blocked.
Executions attempted so far: 900 total 900 finished normally 0 blocked.
Executions attempted so far: 900 total 900 finished normally 0 blocked.
Executions attempted so far: 1000 total 1000 finished normally 0 blocked.
Executions attempted so far: 900 total 900 finished normally 0 blocked.
Executions attempted so far: 900 total 900 finished normally 0 blocked.
Executions attempted so far: 900 total 900 finished normally 0 blocked.
Executions attempted so far: 1000 total 1000 finished normally 0 blocked.
Executions attempted so far: 1000 total 1000 finished normally 0 blocked.
Executions attempted so far: 1000 total 1000 finished normally 0 blocked.
Executions attempted so far: 600 total 600 finished normally 0 blocked.
Executions attempted so far: 1000 total 1000 finished normally 0 blocked.
Executions attempted so far: 1000 total 1000 finished normally 0 blocked.
Executions attempted so far: 1000 total 1000 finished normally 0 blocked.
Executions attempted so far: 700 total 700 finished normally 0 blocked.
Executions attempted so far: 1000 total 1000 finished normally 0 blocked.
Executions attempted so far: 800 total 800 finished normally 0 blocked.
Executions attempted so far: 700 total 700 finished normally 0 blocked.
Executions attempted so far: 900 total 900 finished normally 0 blocked.
Executions attempted so far: 800 total 800 finished normally 0 blocked.
Executions attempted so far: 900 total 900 finished normally 0 blocked.
Executions attempted so far: 1000 total 1000 finished normally 0 blocked.
Executions attempted so far: 1000 total 1000 finished normally 0 blocked.
Executions attempted so far: 2000 total 2000 finished normally 0 blocked.
Executions attempted so far: 2000 total 2000 finished normally 0 blocked.
Executions attempted so far: 2000 total 2000 finished normally 0 blocked.
Executions attempted so far: 2000 total 2000 finished normally 0 blocked.
Executions attempted so far: 2000 total 2000 finished normally 0 blocked.
Executions attempted so far: 2000 total 2000 finished normally 0 blocked.
Executions attempted so far: 2000 total 2000 finished normally 0 blocked.
Executions attempted so far: 2000 total 2000 finished normally 0 blocked.
Executions attempted so far: 2000 total 2000 finished normally 0 blocked.
Executions attempted so far: 2000 total 2000 finished normally 0 blocked.
Executions attempted so far: 2000 total 2000 finished normally 0 blocked.
Executions attempted so far: 2000 total 2000 finished normally 0 blocked.
Executions attempted so far: 2000 total 2000 finished normally 0 blocked.
Executions attempted so far: 2000 total 2000 finished normally 0 blocked.
Executions attempted so far: 2000 total 2000 finished normally 0 blocked.
Executions attempted so far: 3000 total 3000 finished normally 0 blocked.
Executions attempted so far: 3000 total 3000 finished normally 0 blocked.
Executions attempted so far: 3000 total 3000 finished normally 0 blocked.
Executions attempted so far: 3000 total 3000 finished normally 0 blocked.
Executions attempted so far: 2000 total 2000 finished normally 0 blocked.
Executions attempted so far: 3000 total 3000 finished normally 0 blocked.
Executions attempted so far: 3000 total 3000 finished normally 0 blocked.
Executions attempted so far: 3000 total 3000 finished normally 0 blocked.
Executions attempted so far: 3000 total 3000 finished normally 0 blocked.
Executions attempted so far: 3000 total 3000 finished normally 0 blocked.
Executions attempted so far: 3000 total 3000 finished normally 0 blocked.
Executions attempted so far: 3000 total 3000 finished normally 0 blocked.
Executions attempted so far: 3000 total 3000 finished normally 0 blocked.
Executions attempted so far: 3000 total 3000 finished normally 0 blocked.
Executions attempted so far: 3000 total 3000 finished normally 0 blocked.
Executions attempted so far: 3000 total 3000 finished normally 0 blocked.
Executions attempted so far: 4000 total 4000 finished normally 0 blocked.
Executions attempted so far: 4000 total 4000 finished normally 0 blocked.
Executions attempted so far: 4000 total 4000 finished normally 0 blocked.
Executions attempted so far: 4000 total 4000 finished normally 0 blocked.
Executions attempted so far: 4000 total 4000 finished normally 0 blocked.
Executions attempted so far: 4000 total 4000 finished normally 0 blocked.
Executions attempted so far: 3000 total 3000 finished normally 0 blocked.
Executions attempted so far: 4000 total 4000 finished normally 0 blocked.
Executions attempted so far: 4000 total 4000 finished normally 0 blocked.
Executions attempted so far: 4000 total 4000 finished normally 0 blocked.
Executions attempted so far: 4000 total 4000 finished normally 0 blocked.
Executions attempted so far: 4000 total 4000 finished normally 0 blocked.
Executions attempted so far: 4000 total 4000 finished normally 0 blocked.
Executions attempted so far: 4000 total 4000 finished normally 0 blocked.
Executions attempted so far: 4000 total 4000 finished normally 0 blocked.
Executions attempted so far: 4000 total 4000 finished normally 0 blocked.
Executions attempted so far: 5000 total 5000 finished normally 0 blocked.
Executions attempted so far: 5000 total 5000 finished normally 0 blocked.
Executions attempted so far: 5000 total 5000 finished normally 0 blocked.
Executions attempted so far: 5000 total 5000 finished normally 0 blocked.
Executions attempted so far: 5000 total 5000 finished normally 0 blocked.
Executions attempted so far: 5000 total 5000 finished normally 0 blocked.
Executions attempted so far: 5000 total 5000 finished normally 0 blocked.
Executions attempted so far: 4000 total 4000 finished normally 0 blocked.
Executions attempted so far: 5000 total 5000 finished normally 0 blocked.
Executions attempted so far: 5000 total 5000 finished normally 0 blocked.
Executions attempted so far: 5000 total 5000 finished normally 0 blocked.
Executions attempted so far: 5000 total 5000 finished normally 0 blocked.
Executions attempted so far: 5000 total 5000 finished normally 0 blocked.
Executions attempted so far: 5000 total 5000 finished normally 0 blocked.
Executions attempted so far: 5000 total 5000 finished normally 0 blocked.
Executions attempted so far: 5000 total 5000 finished normally 0 blocked.
Executions attempted so far: 6000 total 6000 finished normally 0 blocked.
Executions attempted so far: 6000 total 6000 finished normally 0 blocked.
Executions attempted so far: 6000 total 6000 finished normally 0 blocked.
Executions attempted so far: 6000 total 6000 finished normally 0 blocked.
Executions attempted so far: 6000 total 6000 finished normally 0 blocked.
Executions attempted so far: 6000 total 6000 finished normally 0 blocked.
Executions attempted so far: 6000 total 6000 finished normally 0 blocked.
Executions attempted so far: 5000 total 5000 finished normally 0 blocked.
Executions attempted so far: 6000 total 6000 finished normally 0 blocked.
Executions attempted so far: 6000 total 6000 finished normally 0 blocked.
Executions attempted so far: 7000 total 7000 finished normally 0 blocked.
Executions attempted so far: 6000 total 6000 finished normally 0 blocked.
Executions attempted so far: 6000 total 6000 finished normally 0 blocked.
Executions attempted so far: 7000 total 7000 finished normally 0 blocked.
Executions attempted so far: 6000 total 6000 finished normally 0 blocked.
Executions attempted so far: 6000 total 6000 finished normally 0 blocked.
Executions attempted so far: 7000 total 7000 finished normally 0 blocked.
Executions attempted so far: 6000 total 6000 finished normally 0 blocked.
Executions attempted so far: 6000 total 6000 finished normally 0 blocked.
Executions attempted so far: 7000 total 7000 finished normally 0 blocked.
Executions attempted so far: 7000 total 7000 finished normally 0 blocked.
Executions attempted so far: 6000 total 6000 finished normally 0 blocked.
Executions attempted so far: 8000 total 8000 finished normally 0 blocked.
Executions attempted so far: 8000 total 8000 finished normally 0 blocked.
Executions attempted so far: 7000 total 7000 finished normally 0 blocked.
Executions attempted so far: 7000 total 7000 finished normally 0 blocked.
Executions attempted so far: 7000 total 7000 finished normally 0 blocked.
Executions attempted so far: 7000 total 7000 finished normally 0 blocked.
Executions attempted so far: 7000 total 7000 finished normally 0 blocked.
Executions attempted so far: 7000 total 7000 finished normally 0 blocked.
Executions attempted so far: 7000 total 7000 finished normally 0 blocked.
Executions attempted so far: 7000 total 7000 finished normally 0 blocked.
Executions attempted so far: 8000 total 8000 finished normally 0 blocked.
Executions attempted so far: 7000 total 7000 finished normally 0 blocked.
Executions attempted so far: 8000 total 8000 finished normally 0 blocked.
Executions attempted so far: 9000 total 9000 finished normally 0 blocked.
Executions attempted so far: 7000 total 7000 finished normally 0 blocked.
Executions attempted so far: 9000 total 9000 finished normally 0 blocked.
Executions attempted so far: 7000 total 7000 finished normally 0 blocked.
Executions attempted so far: 8000 total 8000 finished normally 0 blocked.
Executions attempted so far: 8000 total 8000 finished normally 0 blocked.
Executions attempted so far: 8000 total 8000 finished normally 0 blocked.
Executions attempted so far: 8000 total 8000 finished normally 0 blocked.
Executions attempted so far: 8000 total 8000 finished normally 0 blocked.
Executions attempted so far: 8000 total 8000 finished normally 0 blocked.
Executions attempted so far: 8000 total 8000 finished normally 0 blocked.
Executions attempted so far: 8000 total 8000 finished normally 0 blocked.
Executions attempted so far: 8000 total 8000 finished normally 0 blocked.
Executions attempted so far: 9000 total 9000 finished normally 0 blocked.
Executions attempted so far: 8000 total 8000 finished normally 0 blocked.
Executions attempted so far: 9000 total 9000 finished normally 0 blocked.
Executions attempted so far: 10000 total 10000 finished normally 0 blocked.
Executions attempted so far: 10000 total 10000 finished normally 0 blocked.
Executions attempted so far: 8000 total 8000 finished normally 0 blocked.
Executions attempted so far: 8000 total 8000 finished normally 0 blocked.
Executions attempted so far: 9000 total 9000 finished normally 0 blocked.
Executions attempted so far: 9000 total 9000 finished normally 0 blocked.
Executions attempted so far: 9000 total 9000 finished normally 0 blocked.
Executions attempted so far: 9000 total 9000 finished normally 0 blocked.
Executions attempted so far: 9000 total 9000 finished normally 0 blocked.
Executions attempted so far: 9000 total 9000 finished normally 0 blocked.
Executions attempted so far: 9000 total 9000 finished normally 0 blocked.
Executions attempted so far: 9000 total 9000 finished normally 0 blocked.
Executions attempted so far: 9000 total 9000 finished normally 0 blocked.
Executions attempted so far: 9000 total 9000 finished normally 0 blocked.
Executions attempted so far: 10000 total 10000 finished normally 0 blocked.
Executions attempted so far: 10000 total 10000 finished normally 0 blocked.
Executions attempted so far: 9000 total 9000 finished normally 0 blocked.
Executions attempted so far: 10000 total 10000 finished normally 0 blocked.
Executions attempted so far: 9000 total 9000 finished normally 0 blocked.
Executions attempted so far: 10000 total 10000 finished normally 0 blocked.
Executions attempted so far: 10000 total 10000 finished normally 0 blocked.
Executions attempted so far: 10000 total 10000 finished normally 0 blocked.
Executions attempted so far: 10000 total 10000 finished normally 0 blocked.
Executions attempted so far: 10000 total 10000 finished normally 0 blocked.
Executions attempted so far: 10000 total 10000 finished normally 0 blocked.
Executions attempted so far: 10000 total 10000 finished normally 0 blocked.
Executions attempted so far: 10000 total 10000 finished normally 0 blocked.
Executions attempted so far: 10000 total 10000 finished normally 0 blocked.
Executions attempted so far: 10000 total 10000 finished normally 0 blocked.
Executions attempted so far: 10000 total 10000 finished normally 0 blocked.
Executions attempted so far: 20000 total 20000 finished normally 0 blocked.
Executions attempted so far: 20000 total 20000 finished normally 0 blocked.
Executions attempted so far: 20000 total 20000 finished normally 0 blocked.
Executions attempted so far: 20000 total 20000 finished normally 0 blocked.
Executions attempted so far: 20000 total 20000 finished normally 0 blocked.
Executions attempted so far: 20000 total 20000 finished normally 0 blocked.
Executions attempted so far: 20000 total 20000 finished normally 0 blocked.
Executions attempted so far: 20000 total 20000 finished normally 0 blocked.
Executions attempted so far: 20000 total 20000 finished normally 0 blocked.
Executions attempted so far: 20000 total 20000 finished normally 0 blocked.
Executions attempted so far: 20000 total 20000 finished normally 0 blocked.
Executions attempted so far: 20000 total 20000 finished normally 0 blocked.
Executions attempted so far: 20000 total 20000 finished normally 0 blocked.
Executions attempted so far: 20000 total 20000 finished normally 0 blocked.
Executions attempted so far: 20000 total 20000 finished normally 0 blocked.
Executions attempted so far: 20000 total 20000 finished normally 0 blocked.
Executions attempted so far: 30000 total 30000 finished normally 0 blocked (6000.00/sec).
Executions attempted so far: 30000 total 30000 finished normally 0 blocked (6000.00/sec).
Executions attempted so far: 30000 total 30000 finished normally 0 blocked (6000.00/sec).
Executions attempted so far: 30000 total 30000 finished normally 0 blocked (6000.00/sec).
Executions attempted so far: 30000 total 30000 finished normally 0 blocked (6000.00/sec).
Executions attempted so far: 30000 total 30000 finished normally 0 blocked (6000.00/sec).
Executions attempted so far: 30000 total 30000 finished normally 0 blocked (6000.00/sec).
Executions attempted so far: 30000 total 30000 finished normally 0 blocked (6000.00/sec).
Executions attempted so far: 30000 total 30000 finished normally 0 blocked (6000.00/sec).
Executions attempted so far: 30000 total 30000 finished normally 0 blocked (5000.00/sec).
Executions attempted so far: 30000 total 30000 finished normally 0 blocked (5000.00/sec).
Executions attempted so far: 30000 total 30000 finished normally 0 blocked (5000.00/sec).
Executions attempted so far: 30000 total 30000 finished normally 0 blocked (5000.00/sec).
Executions attempted so far: 30000 total 30000 finished normally 0 blocked (5000.00/sec).
Executions attempted so far: 30000 total 30000 finished normally 0 blocked (5000.00/sec).
Executions attempted so far: 30000 total 30000 finished normally 0 blocked (5000.00/sec).
Executions attempted so far: 40000 total 40000 finished normally 0 blocked (5714.29/sec).
Executions attempted so far: 40000 total 40000 finished normally 0 blocked (5714.29/sec).
Executions attempted so far: 40000 total 40000 finished normally 0 blocked (5714.29/sec).
Executions attempted so far: 40000 total 40000 finished normally 0 blocked (5714.29/sec).
Executions attempted so far: 40000 total 40000 finished normally 0 blocked (5714.29/sec).
Executions attempted so far: 40000 total 40000 finished normally 0 blocked (5714.29/sec).
Executions attempted so far: 40000 total 40000 finished normally 0 blocked (5714.29/sec).
Executions attempted so far: 40000 total 40000 finished normally 0 blocked (5000.00/sec).
Executions attempted so far: 40000 total 40000 finished normally 0 blocked (5000.00/sec).
Executions attempted so far: 40000 total 40000 finished normally 0 blocked (5000.00/sec).
Executions attempted so far: 40000 total 40000 finished normally 0 blocked (5000.00/sec).
Executions attempted so far: 40000 total 40000 finished normally 0 blocked (5000.00/sec).
Executions attempted so far: 40000 total 40000 finished normally 0 blocked (5000.00/sec).
Executions attempted so far: 40000 total 40000 finished normally 0 blocked (5000.00/sec).
Executions attempted so far: 40000 total 40000 finished normally 0 blocked (5000.00/sec).
Executions attempted so far: 40000 total 40000 finished normally 0 blocked (5000.00/sec).
Executions attempted so far: 50000 total 50000 finished normally 0 blocked (5555.56/sec).
Executions attempted so far: 50000 total 50000 finished normally 0 blocked (5555.56/sec).
Executions attempted so far: 50000 total 50000 finished normally 0 blocked (5555.56/sec).
Executions attempted so far: 50000 total 50000 finished normally 0 blocked (5555.56/sec).
Executions attempted so far: 50000 total 50000 finished normally 0 blocked (5555.56/sec).
Executions attempted so far: 50000 total 50000 finished normally 0 blocked (5000.00/sec).
Executions attempted so far: 50000 total 50000 finished normally 0 blocked (5000.00/sec).
Executions attempted so far: 50000 total 50000 finished normally 0 blocked (5000.00/sec).
Executions attempted so far: 50000 total 50000 finished normally 0 blocked (5000.00/sec).
Executions attempted so far: 50000 total 50000 finished normally 0 blocked (5000.00/sec).
Executions attempted so far: 50000 total 50000 finished normally 0 blocked (5000.00/sec).
Executions attempted so far: 50000 total 50000 finished normally 0 blocked (5000.00/sec).
Executions attempted so far: 50000 total 50000 finished normally 0 blocked (5000.00/sec).
Executions attempted so far: 50000 total 50000 finished normally 0 blocked (5000.00/sec).
Executions attempted so far: 50000 total 50000 finished normally 0 blocked (5000.00/sec).
Executions attempted so far: 50000 total 50000 finished normally 0 blocked (5000.00/sec).
Executions attempted so far: 60000 total 60000 finished normally 0 blocked (5454.55/sec).
Executions attempted so far: 60000 total 60000 finished normally 0 blocked (5454.55/sec).
Executions attempted so far: 60000 total 60000 finished normally 0 blocked (5454.55/sec).
Executions attempted so far: 60000 total 60000 finished normally 0 blocked (5454.55/sec).
Executions attempted so far: 60000 total 60000 finished normally 0 blocked (5000.00/sec).
Executions attempted so far: 60000 total 60000 finished normally 0 blocked (5000.00/sec).
Executions attempted so far: 60000 total 60000 finished normally 0 blocked (5000.00/sec).
Executions attempted so far: 60000 total 60000 finished normally 0 blocked (5000.00/sec).
Executions attempted so far: 60000 total 60000 finished normally 0 blocked (5000.00/sec).
Executions attempted so far: 60000 total 60000 finished normally 0 blocked (5000.00/sec).
Executions attempted so far: 60000 total 60000 finished normally 0 blocked (5000.00/sec).
Executions attempted so far: 60000 total 60000 finished normally 0 blocked (5000.00/sec).
Executions attempted so far: 60000 total 60000 finished normally 0 blocked (5000.00/sec).
Executions attempted so far: 60000 total 60000 finished normally 0 blocked (5000.00/sec).
Executions attempted so far: 60000 total 60000 finished normally 0 blocked (5000.00/sec).
Executions attempted so far: 60000 total 60000 finished normally 0 blocked (5000.00/sec).
Executions attempted so far: 70000 total 70000 finished normally 0 blocked (5384.62/sec).
Executions attempted so far: 70000 total 70000 finished normally 0 blocked (5384.62/sec).
Executions attempted so far: 70000 total 70000 finished normally 0 blocked (5384.62/sec).
Executions attempted so far: 70000 total 70000 finished normally 0 blocked (5384.62/sec).
Executions attempted so far: 70000 total 70000 finished normally 0 blocked (5000.00/sec).
Executions attempted so far: 70000 total 70000 finished normally 0 blocked (5000.00/sec).
Executions attempted so far: 70000 total 70000 finished normally 0 blocked (5000.00/sec).
Executions attempted so far: 70000 total 70000 finished normally 0 blocked (5000.00/sec).
Executions attempted so far: 70000 total 70000 finished normally 0 blocked (5000.00/sec).
Executions attempted so far: 70000 total 70000 finished normally 0 blocked (5000.00/sec).
Executions attempted so far: 70000 total 70000 finished normally 0 blocked (5000.00/sec).
Executions attempted so far: 70000 total 70000 finished normally 0 blocked (5000.00/sec).
Executions attempted so far: 70000 total 70000 finished normally 0 blocked (5000.00/sec).
Executions attempted so far: 70000 total 70000 finished normally 0 blocked (5000.00/sec).
Executions attempted so far: 70000 total 70000 finished normally 0 blocked (5000.00/sec).
Executions attempted so far: 70000 total 70000 finished normally 0 blocked (5000.00/sec).
Executions attempted so far: 80000 total 80000 finished normally 0 blocked (5333.33/sec).
Executions attempted so far: 80000 total 80000 finished normally 0 blocked (5333.33/sec).
Executions attempted so far: 80000 total 80000 finished normally 0 blocked (5000.00/sec).
Executions attempted so far: 80000 total 80000 finished normally 0 blocked (5000.00/sec).
Executions attempted so far: 80000 total 80000 finished normally 0 blocked (5000.00/sec).
Executions attempted so far: 80000 total 80000 finished normally 0 blocked (5000.00/sec).
Executions attempted so far: 80000 total 80000 finished normally 0 blocked (5000.00/sec).
Executions attempted so far: 80000 total 80000 finished normally 0 blocked (5000.00/sec).
Executions attempted so far: 80000 total 80000 finished normally 0 blocked (5000.00/sec).
Executions attempted so far: 80000 total 80000 finished normally 0 blocked (5000.00/sec).
Executions attempted so far: 80000 total 80000 finished normally 0 blocked (5000.00/sec).
Executions attempted so far: 80000 total 80000 finished normally 0 blocked (5000.00/sec).
Executions attempted so far: 80000 total 80000 finished normally 0 blocked (5000.00/sec).
Executions attempted so far: 80000 total 80000 finished normally 0 blocked (5000.00/sec).
Executions attempted so far: 80000 total 80000 finished normally 0 blocked (4705.88/sec).
Executions attempted so far: 90000 total 90000 finished normally 0 blocked (5294.12/sec).
Executions attempted so far: 90000 total 90000 finished normally 0 blocked (5294.12/sec).
Executions attempted so far: 80000 total 80000 finished normally 0 blocked (4705.88/sec).
Executions attempted so far: 90000 total 90000 finished normally 0 blocked (5000.00/sec).
Executions attempted so far: 90000 total 90000 finished normally 0 blocked (5000.00/sec).
Executions attempted so far: 90000 total 90000 finished normally 0 blocked (5000.00/sec).
Executions attempted so far: 90000 total 90000 finished normally 0 blocked (5000.00/sec).
Executions attempted so far: 90000 total 90000 finished normally 0 blocked (5000.00/sec).
Executions attempted so far: 90000 total 90000 finished normally 0 blocked (5000.00/sec).
Executions attempted so far: 90000 total 90000 finished normally 0 blocked (5000.00/sec).
Executions attempted so far: 90000 total 90000 finished normally 0 blocked (5000.00/sec).
Executions attempted so far: 90000 total 90000 finished normally 0 blocked (5000.00/sec).
Executions attempted so far: 90000 total 90000 finished normally 0 blocked (5000.00/sec).
Executions attempted so far: 90000 total 90000 finished normally 0 blocked (4736.84/sec).
Executions attempted so far: 90000 total 90000 finished normally 0 blocked (4736.84/sec).
Executions attempted so far: 90000 total 90000 finished normally 0 blocked (4736.84/sec).
Executions attempted so far: 100000 total 100000 finished normally 0 blocked (5263.16/sec).
Executions attempted so far: 90000 total 90000 finished normally 0 blocked (4736.84/sec).
Executions attempted so far: 100000 total 100000 finished normally 0 blocked (5263.16/sec).
Executions attempted so far: 100000 total 100000 finished normally 0 blocked (5000.00/sec).
Executions attempted so far: 100000 total 100000 finished normally 0 blocked (5000.00/sec).
Executions attempted so far: 100000 total 100000 finished normally 0 blocked (5000.00/sec).
Executions attempted so far: 100000 total 100000 finished normally 0 blocked (5000.00/sec).
Executions attempted so far: 100000 total 100000 finished normally 0 blocked (5000.00/sec).
Executions attempted so far: 100000 total 100000 finished normally 0 blocked (5000.00/sec).
Executions attempted so far: 100000 total 100000 finished normally 0 blocked (5000.00/sec).
Executions attempted so far: 100000 total 100000 finished normally 0 blocked (5000.00/sec).
Executions attempted so far: 100000 total 100000 finished normally 0 blocked (4761.90/sec).
Executions attempted so far: 100000 total 100000 finished normally 0 blocked (4761.90/sec).
Executions attempted so far: 100000 total 100000 finished normally 0 blocked (4761.90/sec).
Executions attempted so far: 100000 total 100000 finished normally 0 blocked (4761.90/sec).
Executions attempted so far: 100000 total 100000 finished normally 0 blocked (4761.90/sec).
Executions attempted so far: 100000 total 100000 finished normally 0 blocked (4761.90/sec).
Executions attempted so far: 200000 total 200000 finished normally 0 blocked (5128.21/sec).
Executions attempted so far: 200000 total 200000 finished normally 0 blocked (5000.00/sec).
Executions attempted so far: 200000 total 200000 finished normally 0 blocked (5000.00/sec).
Executions attempted so far: 200000 total 200000 finished normally 0 blocked (5000.00/sec).
Executions attempted so far: 200000 total 200000 finished normally 0 blocked (4878.05/sec).
Executions attempted so far: 200000 total 200000 finished normally 0 blocked (4878.05/sec).
Executions attempted so far: 200000 total 200000 finished normally 0 blocked (4878.05/sec).
Executions attempted so far: 200000 total 200000 finished normally 0 blocked (4878.05/sec).
Executions attempted so far: 200000 total 200000 finished normally 0 blocked (4761.90/sec).
Executions attempted so far: 200000 total 200000 finished normally 0 blocked (4761.90/sec).
Executions attempted so far: 200000 total 200000 finished normally 0 blocked (4761.90/sec).
Executions attempted so far: 200000 total 200000 finished normally 0 blocked (4761.90/sec).
Executions attempted so far: 200000 total 200000 finished normally 0 blocked (4761.90/sec).
Executions attempted so far: 200000 total 200000 finished normally 0 blocked (4761.90/sec).
Executions attempted so far: 200000 total 200000 finished normally 0 blocked (4761.90/sec).
Executions attempted so far: 200000 total 200000 finished normally 0 blocked (4761.90/sec).
Executions attempted so far: 300000 total 300000 finished normally 0 blocked (5084.75/sec).
Executions attempted so far: 300000 total 300000 finished normally 0 blocked (4918.03/sec).
Executions attempted so far: 300000 total 300000 finished normally 0 blocked (4918.03/sec).
Executions attempted so far: 300000 total 300000 finished normally 0 blocked (4918.03/sec).
Executions attempted so far: 300000 total 300000 finished normally 0 blocked (4838.71/sec).
Executions attempted so far: 300000 total 300000 finished normally 0 blocked (4838.71/sec).
Executions attempted so far: 300000 total 300000 finished normally 0 blocked (4838.71/sec).
Executions attempted so far: 300000 total 300000 finished normally 0 blocked (4838.71/sec).
Executions attempted so far: 300000 total 300000 finished normally 0 blocked (4761.90/sec).
Executions attempted so far: 300000 total 300000 finished normally 0 blocked (4761.90/sec).
Executions attempted so far: 300000 total 300000 finished normally 0 blocked (4761.90/sec).
Executions attempted so far: 300000 total 300000 finished normally 0 blocked (4761.90/sec).
Executions attempted so far: 300000 total 300000 finished normally 0 blocked (4761.90/sec).
Executions attempted so far: 300000 total 300000 finished normally 0 blocked (4761.90/sec).
Executions attempted so far: 300000 total 300000 finished normally 0 blocked (4761.90/sec).
Executions attempted so far: 300000 total 300000 finished normally 0 blocked (4761.90/sec).
Executions attempted so far: 400000 total 400000 finished normally 0 blocked (5000.00/sec).
Executions attempted so far: 400000 total 400000 finished normally 0 blocked (4938.27/sec).
Executions attempted so far: 400000 total 400000 finished normally 0 blocked (4878.05/sec).
Executions attempted so far: 400000 total 400000 finished normally 0 blocked (4878.05/sec).
Executions attempted so far: 400000 total 400000 finished normally 0 blocked (4819.28/sec).
Executions attempted so far: 400000 total 400000 finished normally 0 blocked (4819.28/sec).
Executions attempted so far: 400000 total 400000 finished normally 0 blocked (4819.28/sec).
Executions attempted so far: 400000 total 400000 finished normally 0 blocked (4761.90/sec).
Executions attempted so far: 400000 total 400000 finished normally 0 blocked (4761.90/sec).
Executions attempted so far: 400000 total 400000 finished normally 0 blocked (4761.90/sec).
Executions attempted so far: 400000 total 400000 finished normally 0 blocked (4761.90/sec).
Executions attempted so far: 400000 total 400000 finished normally 0 blocked (4761.90/sec).
Executions attempted so far: 400000 total 400000 finished normally 0 blocked (4705.88/sec).
Executions attempted so far: 400000 total 400000 finished normally 0 blocked (4705.88/sec).
Executions attempted so far: 400000 total 400000 finished normally 0 blocked (4705.88/sec).
Executions attempted so far: 400000 total 400000 finished normally 0 blocked (4705.88/sec).
Executions attempted so far: 500000 total 500000 finished normally 0 blocked (5000.00/sec).
Executions attempted so far: 500000 total 500000 finished normally 0 blocked (4901.96/sec).
Executions attempted so far: 500000 total 500000 finished normally 0 blocked (4854.37/sec).
Executions attempted so far: 500000 total 500000 finished normally 0 blocked (4854.37/sec).
Executions attempted so far: 500000 total 500000 finished normally 0 blocked (4854.37/sec).
Executions attempted so far: 500000 total 500000 finished normally 0 blocked (4807.69/sec).
Executions attempted so far: 500000 total 500000 finished normally 0 blocked (4807.69/sec).
Executions attempted so far: 500000 total 500000 finished normally 0 blocked (4761.90/sec).
Executions attempted so far: 500000 total 500000 finished normally 0 blocked (4761.90/sec).
Executions attempted so far: 500000 total 500000 finished normally 0 blocked (4761.90/sec).
Executions attempted so far: 500000 total 500000 finished normally 0 blocked (4761.90/sec).
Executions attempted so far: 500000 total 500000 finished normally 0 blocked (4761.90/sec).
Executions attempted so far: 500000 total 500000 finished normally 0 blocked (4716.98/sec).
Executions attempted so far: 500000 total 500000 finished normally 0 blocked (4716.98/sec).
Executions attempted so far: 500000 total 500000 finished normally 0 blocked (4716.98/sec).
Executions attempted so far: 500000 total 500000 finished normally 0 blocked (4716.98/sec).
Executions attempted so far: 600000 total 600000 finished normally 0 blocked (5084.75/sec).
Executions attempted so far: 600000 total 600000 finished normally 0 blocked (4761.90/sec).
Executions attempted so far: 600000 total 600000 finished normally 0 blocked (4761.90/sec).
Executions attempted so far: 600000 total 600000 finished normally 0 blocked (4724.41/sec).
Executions attempted so far: 600000 total 600000 finished normally 0 blocked (4724.41/sec).
Executions attempted so far: 600000 total 600000 finished normally 0 blocked (4724.41/sec).
Executions attempted so far: 600000 total 600000 finished normally 0 blocked (4687.50/sec).
Executions attempted so far: 600000 total 600000 finished normally 0 blocked (4651.16/sec).
Executions attempted so far: 600000 total 600000 finished normally 0 blocked (4615.38/sec).
Executions attempted so far: 600000 total 600000 finished normally 0 blocked (4615.38/sec).
Executions attempted so far: 600000 total 600000 finished normally 0 blocked (4615.38/sec).
Executions attempted so far: 600000 total 600000 finished normally 0 blocked (4615.38/sec).
Executions attempted so far: 600000 total 600000 finished normally 0 blocked (4615.38/sec).
Executions attempted so far: 600000 total 600000 finished normally 0 blocked (4615.38/sec).
Executions attempted so far: 600000 total 600000 finished normally 0 blocked (4615.38/sec).
Executions attempted so far: 600000 total 600000 finished normally 0 blocked (4580.15/sec).
Executions attempted so far: 700000 total 700000 finished normally 0 blocked (5072.46/sec).
Executions attempted so far: 700000 total 700000 finished normally 0 blocked (4697.99/sec).
Executions attempted so far: 700000 total 700000 finished normally 0 blocked (4697.99/sec).
Executions attempted so far: 700000 total 700000 finished normally 0 blocked (4666.67/sec).
Executions attempted so far: 700000 total 700000 finished normally 0 blocked (4635.76/sec).
Executions attempted so far: 700000 total 700000 finished normally 0 blocked (4635.76/sec).
Executions attempted so far: 700000 total 700000 finished normally 0 blocked (4605.26/sec).
Executions attempted so far: 700000 total 700000 finished normally 0 blocked (4605.26/sec).
timed      nodes=3 ballots=2 w=200 l=18 u=20 sd=2  execs=11272450 blocked=0 elected=6861468 time=153.601029995s
=== END cc_t_n3b2_A rc=0 elapsed=153.613795865

=== RUN cc_t_n3b2_C cap=1800s CMD: /home/sahar/Desktop/MPI/TraceForge/target/release/examples/comm_closed_leader_election --mode timed --nodes 3 --ballots 2 --u 20 --w 100 --l 2 --sd 5
Executions attempted so far: 1 total 1 finished normally 0 blocked.
Executions attempted so far: 2 total 2 finished normally 0 blocked.
Executions attempted so far: 3 total 3 finished normally 0 blocked.
Executions attempted so far: 4 total 4 finished normally 0 blocked.
Executions attempted so far: 1 total 1 finished normally 0 blocked.
Executions attempted so far: 1 total 1 finished normally 0 blocked.
Executions attempted so far: 5 total 5 finished normally 0 blocked.
Executions attempted so far: 2 total 2 finished normally 0 blocked.
Executions attempted so far: 2 total 2 finished normally 0 blocked.
Executions attempted so far: 3 total 3 finished normally 0 blocked.
Executions attempted so far: 3 total 3 finished normally 0 blocked.
Executions attempted so far: 4 total 4 finished normally 0 blocked.
Executions attempted so far: 4 total 4 finished normally 0 blocked.
Executions attempted so far: 5 total 5 finished normally 0 blocked.
Executions attempted so far: 5 total 5 finished normally 0 blocked.
Executions attempted so far: 6 total 6 finished normally 0 blocked.
Executions attempted so far: 1 total 1 finished normally 0 blocked.
Executions attempted so far: 7 total 7 finished normally 0 blocked.
Executions attempted so far: 6 total 6 finished normally 0 blocked.
Executions attempted so far: 2 total 2 finished normally 0 blocked.
Executions attempted so far: 6 total 6 finished normally 0 blocked.
Executions attempted so far: 7 total 7 finished normally 0 blocked.
Executions attempted so far: 8 total 8 finished normally 0 blocked.
Executions attempted so far: 1 total 1 finished normally 0 blocked.
Executions attempted so far: 1 total 1 finished normally 0 blocked.
Executions attempted so far: 3 total 3 finished normally 0 blocked.
Executions attempted so far: 8 total 8 finished normally 0 blocked.
Executions attempted so far: 1 total 1 finished normally 0 blocked.
Executions attempted so far: 9 total 9 finished normally 0 blocked.
Executions attempted so far: 2 total 2 finished normally 0 blocked.
Executions attempted so far: 4 total 4 finished normally 0 blocked.
Executions attempted so far: 7 total 7 finished normally 0 blocked.
Executions attempted so far: 2 total 2 finished normally 0 blocked.
Executions attempted so far: 9 total 9 finished normally 0 blocked.
Executions attempted so far: 3 total 3 finished normally 0 blocked.
Executions attempted so far: 2 total 2 finished normally 0 blocked.
Executions attempted so far: 5 total 5 finished normally 0 blocked.
Executions attempted so far: 1 total 1 finished normally 0 blocked.
Executions attempted so far: 8 total 8 finished normally 0 blocked.
Executions attempted so far: 10 total 10 finished normally 0 blocked.
Executions attempted so far: 3 total 3 finished normally 0 blocked.
Executions attempted so far: 4 total 4 finished normally 0 blocked.
Executions attempted so far: 9 total 9 finished normally 0 blocked.
Executions attempted so far: 4 total 4 finished normally 0 blocked.
Executions attempted so far: 3 total 3 finished normally 0 blocked.
Executions attempted so far: 2 total 2 finished normally 0 blocked.
Executions attempted so far: 5 total 5 finished normally 0 blocked.
Executions attempted so far: 10 total 10 finished normally 0 blocked.
Executions attempted so far: 5 total 5 finished normally 0 blocked.
Executions attempted so far: 3 total 3 finished normally 0 blocked.
Executions attempted so far: 6 total 6 finished normally 0 blocked.
Executions attempted so far: 6 total 6 finished normally 0 blocked.
Executions attempted so far: 4 total 4 finished normally 0 blocked.
Executions attempted so far: 4 total 4 finished normally 0 blocked.
Executions attempted so far: 7 total 7 finished normally 0 blocked.
Executions attempted so far: 5 total 5 finished normally 0 blocked.
Executions attempted so far: 10 total 10 finished normally 0 blocked.
Executions attempted so far: 5 total 5 finished normally 0 blocked.
Executions attempted so far: 1 total 1 finished normally 0 blocked.
Executions attempted so far: 7 total 7 finished normally 0 blocked.
Executions attempted so far: 8 total 8 finished normally 0 blocked.
Executions attempted so far: 6 total 6 finished normally 0 blocked.
Executions attempted so far: 1 total 1 finished normally 0 blocked.
Executions attempted so far: 7 total 7 finished normally 0 blocked.
Executions attempted so far: 2 total 2 finished normally 0 blocked.
Executions attempted so far: 6 total 6 finished normally 0 blocked.
Executions attempted so far: 8 total 8 finished normally 0 blocked.
Executions attempted so far: 9 total 9 finished normally 0 blocked.
Executions attempted so far: 3 total 3 finished normally 0 blocked.
Executions attempted so far: 1 total 1 finished normally 0 blocked.
Executions attempted so far: 8 total 8 finished normally 0 blocked.
Executions attempted so far: 7 total 7 finished normally 0 blocked.
Executions attempted so far: 4 total 4 finished normally 0 blocked.
Executions attempted so far: 2 total 2 finished normally 0 blocked.
Executions attempted so far: 10 total 10 finished normally 0 blocked.
Executions attempted so far: 9 total 9 finished normally 0 blocked.
Executions attempted so far: 1 total 1 finished normally 0 blocked.
Executions attempted so far: 2 total 2 finished normally 0 blocked.
Executions attempted so far: 5 total 5 finished normally 0 blocked.
Executions attempted so far: 9 total 9 finished normally 0 blocked.
Executions attempted so far: 8 total 8 finished normally 0 blocked.
Executions attempted so far: 3 total 3 finished normally 0 blocked.
Executions attempted so far: 3 total 3 finished normally 0 blocked.
Executions attempted so far: 10 total 10 finished normally 0 blocked.
Executions attempted so far: 6 total 6 finished normally 0 blocked.
Executions attempted so far: 2 total 2 finished normally 0 blocked.
Executions attempted so far: 4 total 4 finished normally 0 blocked.
Executions attempted so far: 10 total 10 finished normally 0 blocked.
Executions attempted so far: 9 total 9 finished normally 0 blocked.
Executions attempted so far: 7 total 7 finished normally 0 blocked.
Executions attempted so far: 1 total 1 finished normally 0 blocked.
Executions attempted so far: 5 total 5 finished normally 0 blocked.
Executions attempted so far: 4 total 4 finished normally 0 blocked.
Executions attempted so far: 6 total 6 finished normally 0 blocked.
Executions attempted so far: 8 total 8 finished normally 0 blocked.
Executions attempted so far: 3 total 3 finished normally 0 blocked.
Executions attempted so far: 10 total 10 finished normally 0 blocked.
Executions attempted so far: 1 total 1 finished normally 0 blocked.
Executions attempted so far: 9 total 9 finished normally 0 blocked.
Executions attempted so far: 5 total 5 finished normally 0 blocked.
Executions attempted so far: 7 total 7 finished normally 0 blocked.
Executions attempted so far: 2 total 2 finished normally 0 blocked.
Executions attempted so far: 4 total 4 finished normally 0 blocked.
Executions attempted so far: 10 total 10 finished normally 0 blocked.
Executions attempted so far: 8 total 8 finished normally 0 blocked.
Executions attempted so far: 3 total 3 finished normally 0 blocked.
Executions attempted so far: 2 total 2 finished normally 0 blocked.
Executions attempted so far: 9 total 9 finished normally 0 blocked.
Executions attempted so far: 5 total 5 finished normally 0 blocked.
Executions attempted so far: 1 total 1 finished normally 0 blocked.
Executions attempted so far: 4 total 4 finished normally 0 blocked.
Executions attempted so far: 10 total 10 finished normally 0 blocked.
Executions attempted so far: 3 total 3 finished normally 0 blocked.
Executions attempted so far: 2 total 2 finished normally 0 blocked.
Executions attempted so far: 5 total 5 finished normally 0 blocked.
Executions attempted so far: 6 total 6 finished normally 0 blocked.
Executions attempted so far: 4 total 4 finished normally 0 blocked.
Executions attempted so far: 3 total 3 finished normally 0 blocked.
Executions attempted so far: 6 total 6 finished normally 0 blocked.
Executions attempted so far: 20 total 20 finished normally 0 blocked.
Executions attempted so far: 6 total 6 finished normally 0 blocked.
Executions attempted so far: 7 total 7 finished normally 0 blocked.
Executions attempted so far: 5 total 5 finished normally 0 blocked.
Executions attempted so far: 4 total 4 finished normally 0 blocked.
Executions attempted so far: 6 total 6 finished normally 0 blocked.
Executions attempted so far: 7 total 7 finished normally 0 blocked.
Executions attempted so far: 7 total 7 finished normally 0 blocked.
Executions attempted so far: 1 total 1 finished normally 0 blocked.
Executions attempted so far: 8 total 8 finished normally 0 blocked.
Executions attempted so far: 6 total 6 finished normally 0 blocked.
Executions attempted so far: 5 total 5 finished normally 0 blocked.
Executions attempted so far: 7 total 7 finished normally 0 blocked.
Executions attempted so far: 8 total 8 finished normally 0 blocked.
Executions attempted so far: 8 total 8 finished normally 0 blocked.
Executions attempted so far: 7 total 7 finished normally 0 blocked.
Executions attempted so far: 9 total 9 finished normally 0 blocked.
Executions attempted so far: 2 total 2 finished normally 0 blocked.
Executions attempted so far: 8 total 8 finished normally 0 blocked.
Executions attempted so far: 9 total 9 finished normally 0 blocked.
Executions attempted so far: 9 total 9 finished normally 0 blocked.
Executions attempted so far: 10 total 10 finished normally 0 blocked.
Executions attempted so far: 8 total 8 finished normally 0 blocked.
Executions attempted so far: 3 total 3 finished normally 0 blocked.
Executions attempted so far: 6 total 6 finished normally 0 blocked.
Executions attempted so far: 9 total 9 finished normally 0 blocked.
Executions attempted so far: 10 total 10 finished normally 0 blocked.
Executions attempted so far: 10 total 10 finished normally 0 blocked.
Executions attempted so far: 9 total 9 finished normally 0 blocked.
Executions attempted so far: 4 total 4 finished normally 0 blocked.
Executions attempted so far: 7 total 7 finished normally 0 blocked.
Executions attempted so far: 10 total 10 finished normally 0 blocked.
Executions attempted so far: 20 total 20 finished normally 0 blocked.
Executions attempted so far: 10 total 10 finished normally 0 blocked.
Executions attempted so far: 5 total 5 finished normally 0 blocked.
Executions attempted so far: 8 total 8 finished normally 0 blocked.
Executions attempted so far: 20 total 20 finished normally 0 blocked.
Executions attempted so far: 9 total 9 finished normally 0 blocked.
Executions attempted so far: 20 total 20 finished normally 0 blocked.
Executions attempted so far: 10 total 10 finished normally 0 blocked.
Executions attempted so far: 20 total 20 finished normally 0 blocked.
Executions attempted so far: 6 total 6 finished normally 0 blocked.
Executions attempted so far: 20 total 20 finished normally 0 blocked.
Executions attempted so far: 7 total 7 finished normally 0 blocked.
Executions attempted so far: 20 total 20 finished normally 0 blocked.
Executions attempted so far: 8 total 8 finished normally 0 blocked.
Executions attempted so far: 9 total 9 finished normally 0 blocked.
Executions attempted so far: 20 total 20 finished normally 0 blocked.
Executions attempted so far: 10 total 10 finished normally 0 blocked.
Executions attempted so far: 20 total 20 finished normally 0 blocked.
Executions attempted so far: 30 total 30 finished normally 0 blocked.
Executions attempted so far: 20 total 20 finished normally 0 blocked.
Executions attempted so far: 20 total 20 finished normally 0 blocked.
Executions attempted so far: 20 total 20 finished normally 0 blocked.
Executions attempted so far: 20 total 20 finished normally 0 blocked.
Executions attempted so far: 30 total 30 finished normally 0 blocked.
Executions attempted so far: 30 total 30 finished normally 0 blocked.
Executions attempted so far: 20 total 20 finished normally 0 blocked.
Executions attempted so far: 30 total 30 finished normally 0 blocked.
Executions attempted so far: 30 total 30 finished normally 0 blocked.
Executions attempted so far: 20 total 20 finished normally 0 blocked.
Executions attempted so far: 30 total 30 finished normally 0 blocked.
Executions attempted so far: 30 total 30 finished normally 0 blocked.
Executions attempted so far: 30 total 30 finished normally 0 blocked.
Executions attempted so far: 30 total 30 finished normally 0 blocked.
Executions attempted so far: 40 total 40 finished normally 0 blocked.
Executions attempted so far: 30 total 30 finished normally 0 blocked.
Executions attempted so far: 40 total 40 finished normally 0 blocked.
Executions attempted so far: 30 total 30 finished normally 0 blocked.
Executions attempted so far: 30 total 30 finished normally 0 blocked.
Executions attempted so far: 20 total 20 finished normally 0 blocked.
Executions attempted so far: 30 total 30 finished normally 0 blocked.
Executions attempted so far: 40 total 40 finished normally 0 blocked.
Executions attempted so far: 40 total 40 finished normally 0 blocked.
Executions attempted so far: 30 total 30 finished normally 0 blocked.
Executions attempted so far: 40 total 40 finished normally 0 blocked.
Executions attempted so far: 40 total 40 finished normally 0 blocked.
Executions attempted so far: 30 total 30 finished normally 0 blocked.
Executions attempted so far: 40 total 40 finished normally 0 blocked.
Executions attempted so far: 50 total 50 finished normally 0 blocked.
Executions attempted so far: 40 total 40 finished normally 0 blocked.
Executions attempted so far: 40 total 40 finished normally 0 blocked.
Executions attempted so far: 30 total 30 finished normally 0 blocked.
Executions attempted so far: 40 total 40 finished normally 0 blocked.
Executions attempted so far: 50 total 50 finished normally 0 blocked.
Executions attempted so far: 40 total 40 finished normally 0 blocked.
Executions attempted so far: 40 total 40 finished normally 0 blocked.
Executions attempted so far: 50 total 50 finished normally 0 blocked.
Executions attempted so far: 40 total 40 finished normally 0 blocked.
Executions attempted so far: 40 total 40 finished normally 0 blocked.
Executions attempted so far: 50 total 50 finished normally 0 blocked.
Executions attempted so far: 50 total 50 finished normally 0 blocked.
Executions attempted so far: 40 total 40 finished normally 0 blocked.
Executions attempted so far: 60 total 60 finished normally 0 blocked.
Executions attempted so far: 50 total 50 finished normally 0 blocked.
Executions attempted so far: 50 total 50 finished normally 0 blocked.
Executions attempted so far: 50 total 50 finished normally 0 blocked.
Executions attempted so far: 40 total 40 finished normally 0 blocked.
Executions attempted so far: 50 total 50 finished normally 0 blocked.
Executions attempted so far: 60 total 60 finished normally 0 blocked.
Executions attempted so far: 50 total 50 finished normally 0 blocked.
Executions attempted so far: 50 total 50 finished normally 0 blocked.
Executions attempted so far: 50 total 50 finished normally 0 blocked.
Executions attempted so far: 50 total 50 finished normally 0 blocked.
Executions attempted so far: 60 total 60 finished normally 0 blocked.
Executions attempted so far: 60 total 60 finished normally 0 blocked.
Executions attempted so far: 60 total 60 finished normally 0 blocked.
Executions attempted so far: 60 total 60 finished normally 0 blocked.
Executions attempted so far: 60 total 60 finished normally 0 blocked.
Executions attempted so far: 70 total 70 finished normally 0 blocked.
Executions attempted so far: 50 total 50 finished normally 0 blocked.
Executions attempted so far: 60 total 60 finished normally 0 blocked.
Executions attempted so far: 50 total 50 finished normally 0 blocked.
Executions attempted so far: 50 total 50 finished normally 0 blocked.
Executions attempted so far: 60 total 60 finished normally 0 blocked.
Executions attempted so far: 70 total 70 finished normally 0 blocked.
Executions attempted so far: 60 total 60 finished normally 0 blocked.
Executions attempted so far: 60 total 60 finished normally 0 blocked.
Executions attempted so far: 70 total 70 finished normally 0 blocked.
Executions attempted so far: 70 total 70 finished normally 0 blocked.
Executions attempted so far: 70 total 70 finished normally 0 blocked.
Executions attempted so far: 60 total 60 finished normally 0 blocked.
Executions attempted so far: 70 total 70 finished normally 0 blocked.
Executions attempted so far: 60 total 60 finished normally 0 blocked.
Executions attempted so far: 60 total 60 finished normally 0 blocked.
Executions attempted so far: 70 total 70 finished normally 0 blocked.
Executions attempted so far: 80 total 80 finished normally 0 blocked.
Executions attempted so far: 70 total 70 finished normally 0 blocked.
Executions attempted so far: 80 total 80 finished normally 0 blocked.
Executions attempted so far: 70 total 70 finished normally 0 blocked.
Executions attempted so far: 60 total 60 finished normally 0 blocked.
Executions attempted so far: 80 total 80 finished normally 0 blocked.
Executions attempted so far: 80 total 80 finished normally 0 blocked.
Executions attempted so far: 70 total 70 finished normally 0 blocked.
Executions attempted so far: 60 total 60 finished normally 0 blocked.
Executions attempted so far: 80 total 80 finished normally 0 blocked.
Executions attempted so far: 70 total 70 finished normally 0 blocked.
Executions attempted so far: 80 total 80 finished normally 0 blocked.
Executions attempted so far: 70 total 70 finished normally 0 blocked.
Executions attempted so far: 70 total 70 finished normally 0 blocked.
Executions attempted so far: 70 total 70 finished normally 0 blocked.
Executions attempted so far: 90 total 90 finished normally 0 blocked.
Executions attempted so far: 90 total 90 finished normally 0 blocked.
Executions attempted so far: 90 total 90 finished normally 0 blocked.
Executions attempted so far: 80 total 80 finished normally 0 blocked.
Executions attempted so far: 90 total 90 finished normally 0 blocked.
Executions attempted so far: 70 total 70 finished normally 0 blocked.
Executions attempted so far: 70 total 70 finished normally 0 blocked.
Executions attempted so far: 90 total 90 finished normally 0 blocked.
Executions attempted so far: 90 total 90 finished normally 0 blocked.
Executions attempted so far: 80 total 80 finished normally 0 blocked.
Executions attempted so far: 80 total 80 finished normally 0 blocked.
Executions attempted so far: 80 total 80 finished normally 0 blocked.
Executions attempted so far: 80 total 80 finished normally 0 blocked.
Executions attempted so far: 80 total 80 finished normally 0 blocked.
Executions attempted so far: 80 total 80 finished normally 0 blocked.
Executions attempted so far: 100 total 100 finished normally 0 blocked.
Executions attempted so far: 100 total 100 finished normally 0 blocked.
Executions attempted so far: 90 total 90 finished normally 0 blocked.
Executions attempted so far: 100 total 100 finished normally 0 blocked.
Executions attempted so far: 80 total 80 finished normally 0 blocked.
Executions attempted so far: 100 total 100 finished normally 0 blocked.
Executions attempted so far: 100 total 100 finished normally 0 blocked.
Executions attempted so far: 100 total 100 finished normally 0 blocked.
Executions attempted so far: 90 total 90 finished normally 0 blocked.
Executions attempted so far: 80 total 80 finished normally 0 blocked.
Executions attempted so far: 80 total 80 finished normally 0 blocked.
Executions attempted so far: 90 total 90 finished normally 0 blocked.
Executions attempted so far: 90 total 90 finished normally 0 blocked.
Executions attempted so far: 90 total 90 finished normally 0 blocked.
Executions attempted so far: 90 total 90 finished normally 0 blocked.
Executions attempted so far: 100 total 100 finished normally 0 blocked.
Executions attempted so far: 90 total 90 finished normally 0 blocked.
Executions attempted so far: 90 total 90 finished normally 0 blocked.
Executions attempted so far: 100 total 100 finished normally 0 blocked.
Executions attempted so far: 90 total 90 finished normally 0 blocked.
Executions attempted so far: 100 total 100 finished normally 0 blocked.
Executions attempted so far: 90 total 90 finished normally 0 blocked.
Executions attempted so far: 100 total 100 finished normally 0 blocked.
Executions attempted so far: 100 total 100 finished normally 0 blocked.
Executions attempted so far: 100 total 100 finished normally 0 blocked.
Executions attempted so far: 100 total 100 finished normally 0 blocked.
Executions attempted so far: 100 total 100 finished normally 0 blocked.
Executions attempted so far: 100 total 100 finished normally 0 blocked.
Executions attempted so far: 100 total 100 finished normally 0 blocked.
Executions attempted so far: 200 total 200 finished normally 0 blocked.
Executions attempted so far: 200 total 200 finished normally 0 blocked.
Executions attempted so far: 200 total 200 finished normally 0 blocked.
Executions attempted so far: 200 total 200 finished normally 0 blocked.
Executions attempted so far: 200 total 200 finished normally 0 blocked.
Executions attempted so far: 300 total 300 finished normally 0 blocked.
Executions attempted so far: 200 total 200 finished normally 0 blocked.
Executions attempted so far: 200 total 200 finished normally 0 blocked.
Executions attempted so far: 200 total 200 finished normally 0 blocked.
Executions attempted so far: 200 total 200 finished normally 0 blocked.
Executions attempted so far: 200 total 200 finished normally 0 blocked.
Executions attempted so far: 200 total 200 finished normally 0 blocked.
Executions attempted so far: 200 total 200 finished normally 0 blocked.
Executions attempted so far: 200 total 200 finished normally 0 blocked.
Executions attempted so far: 200 total 200 finished normally 0 blocked.
Executions attempted so far: 400 total 400 finished normally 0 blocked.
Executions attempted so far: 300 total 300 finished normally 0 blocked.
Executions attempted so far: 200 total 200 finished normally 0 blocked.
Executions attempted so far: 300 total 300 finished normally 0 blocked.
Executions attempted so far: 300 total 300 finished normally 0 blocked.
Executions attempted so far: 300 total 300 finished normally 0 blocked.
Executions attempted so far: 200 total 200 finished normally 0 blocked.
Executions attempted so far: 300 total 300 finished normally 0 blocked.
Executions attempted so far: 300 total 300 finished normally 0 blocked.
Executions attempted so far: 300 total 300 finished normally 0 blocked.
Executions attempted so far: 300 total 300 finished normally 0 blocked.
Executions attempted so far: 300 total 300 finished normally 0 blocked.
Executions attempted so far: 300 total 300 finished normally 0 blocked.
Executions attempted so far: 300 total 300 finished normally 0 blocked.
Executions attempted so far: 300 total 300 finished normally 0 blocked.
Executions attempted so far: 300 total 300 finished normally 0 blocked.
Executions attempted so far: 500 total 500 finished normally 0 blocked.
Executions attempted so far: 400 total 400 finished normally 0 blocked.
Executions attempted so far: 400 total 400 finished normally 0 blocked.
Executions attempted so far: 400 total 400 finished normally 0 blocked.
Executions attempted so far: 300 total 300 finished normally 0 blocked.
Executions attempted so far: 400 total 400 finished normally 0 blocked.
Executions attempted so far: 400 total 400 finished normally 0 blocked.
Executions attempted so far: 400 total 400 finished normally 0 blocked.
Executions attempted so far: 400 total 400 finished normally 0 blocked.
Executions attempted so far: 400 total 400 finished normally 0 blocked.
Executions attempted so far: 400 total 400 finished normally 0 blocked.
Executions attempted so far: 300 total 300 finished normally 0 blocked.
Executions attempted so far: 400 total 400 finished normally 0 blocked.
Executions attempted so far: 400 total 400 finished normally 0 blocked.
Executions attempted so far: 400 total 400 finished normally 0 blocked.
Executions attempted so far: 500 total 500 finished normally 0 blocked.
Executions attempted so far: 400 total 400 finished normally 0 blocked.
Executions attempted so far: 500 total 500 finished normally 0 blocked.
Executions attempted so far: 500 total 500 finished normally 0 blocked.
Executions attempted so far: 400 total 400 finished normally 0 blocked.
Executions attempted so far: 500 total 500 finished normally 0 blocked.
Executions attempted so far: 600 total 600 finished normally 0 blocked.
Executions attempted so far: 500 total 500 finished normally 0 blocked.
Executions attempted so far: 500 total 500 finished normally 0 blocked.
Executions attempted so far: 500 total 500 finished normally 0 blocked.
Executions attempted so far: 500 total 500 finished normally 0 blocked.
Executions attempted so far: 500 total 500 finished normally 0 blocked.
Executions attempted so far: 400 total 400 finished normally 0 blocked.
Executions attempted so far: 500 total 500 finished normally 0 blocked.
Executions attempted so far: 500 total 500 finished normally 0 blocked.
Executions attempted so far: 500 total 500 finished normally 0 blocked.
Executions attempted so far: 600 total 600 finished normally 0 blocked.
Executions attempted so far: 600 total 600 finished normally 0 blocked.
Executions attempted so far: 500 total 500 finished normally 0 blocked.
Executions attempted so far: 600 total 600 finished normally 0 blocked.
Executions attempted so far: 500 total 500 finished normally 0 blocked.
Executions attempted so far: 600 total 600 finished normally 0 blocked.
Executions attempted so far: 600 total 600 finished normally 0 blocked.
Executions attempted so far: 600 total 600 finished normally 0 blocked.
Executions attempted so far: 600 total 600 finished normally 0 blocked.
Executions attempted so far: 700 total 700 finished normally 0 blocked.
Executions attempted so far: 600 total 600 finished normally 0 blocked.
Executions attempted so far: 600 total 600 finished normally 0 blocked.
Executions attempted so far: 500 total 500 finished normally 0 blocked.
Executions attempted so far: 600 total 600 finished normally 0 blocked.
Executions attempted so far: 600 total 600 finished normally 0 blocked.
Executions attempted so far: 700 total 700 finished normally 0 blocked.
Executions attempted so far: 700 total 700 finished normally 0 blocked.
Executions attempted so far: 600 total 600 finished normally 0 blocked.
Executions attempted so far: 700 total 700 finished normally 0 blocked.
Executions attempted so far: 600 total 600 finished normally 0 blocked.
Executions attempted so far: 700 total 700 finished normally 0 blocked.
Executions attempted so far: 700 total 700 finished normally 0 blocked.
Executions attempted so far: 700 total 700 finished normally 0 blocked.
Executions attempted so far: 700 total 700 finished normally 0 blocked.
Executions attempted so far: 800 total 800 finished normally 0 blocked.
Executions attempted so far: 700 total 700 finished normally 0 blocked.
Executions attempted so far: 700 total 700 finished normally 0 blocked.
Executions attempted so far: 600 total 600 finished normally 0 blocked.
Executions attempted so far: 800 total 800 finished normally 0 blocked.
Executions attempted so far: 800 total 800 finished normally 0 blocked.
Executions attempted so far: 700 total 700 finished normally 0 blocked.
Executions attempted so far: 700 total 700 finished normally 0 blocked.
Executions attempted so far: 700 total 700 finished normally 0 blocked.
Executions attempted so far: 800 total 800 finished normally 0 blocked.
Executions attempted so far: 600 total 600 finished normally 0 blocked.
Executions attempted so far: 700 total 700 finished normally 0 blocked.
Executions attempted so far: 800 total 800 finished normally 0 blocked.
Executions attempted so far: 800 total 800 finished normally 0 blocked.
Executions attempted so far: 800 total 800 finished normally 0 blocked.
Executions attempted so far: 800 total 800 finished normally 0 blocked.
Executions attempted so far: 900 total 900 finished normally 0 blocked.
Executions attempted so far: 800 total 800 finished normally 0 blocked.
Executions attempted so far: 800 total 800 finished normally 0 blocked.
Executions attempted so far: 700 total 700 finished normally 0 blocked.
Executions attempted so far: 900 total 900 finished normally 0 blocked.
Executions attempted so far: 900 total 900 finished normally 0 blocked.
Executions attempted so far: 800 total 800 finished normally 0 blocked.
Executions attempted so far: 800 total 800 finished normally 0 blocked.
Executions attempted so far: 900 total 900 finished normally 0 blocked.
Executions attempted so far: 800 total 800 finished normally 0 blocked.
Executions attempted so far: 800 total 800 finished normally 0 blocked.
Executions attempted so far: 900 total 900 finished normally 0 blocked.
Executions attempted so far: 900 total 900 finished normally 0 blocked.
Executions attempted so far: 900 total 900 finished normally 0 blocked.
Executions attempted so far: 900 total 900 finished normally 0 blocked.
Executions attempted so far: 1000 total 1000 finished normally 0 blocked.
Executions attempted so far: 900 total 900 finished normally 0 blocked.
Executions attempted so far: 900 total 900 finished normally 0 blocked.
Executions attempted so far: 1000 total 1000 finished normally 0 blocked.
Executions attempted so far: 1000 total 1000 finished normally 0 blocked.
Executions attempted so far: 800 total 800 finished normally 0 blocked.
Executions attempted so far: 900 total 900 finished normally 0 blocked.
Executions attempted so far: 900 total 900 finished normally 0 blocked.
Executions attempted so far: 900 total 900 finished normally 0 blocked.
Executions attempted so far: 1000 total 1000 finished normally 0 blocked.
Executions attempted so far: 1000 total 1000 finished normally 0 blocked.
Executions attempted so far: 900 total 900 finished normally 0 blocked.
Executions attempted so far: 700 total 700 finished normally 0 blocked.
Executions attempted so far: 1000 total 1000 finished normally 0 blocked.
Executions attempted so far: 1000 total 1000 finished normally 0 blocked.
Executions attempted so far: 1000 total 1000 finished normally 0 blocked.
Executions attempted so far: 1000 total 1000 finished normally 0 blocked.
Executions attempted so far: 900 total 900 finished normally 0 blocked.
Executions attempted so far: 1000 total 1000 finished normally 0 blocked.
Executions attempted so far: 1000 total 1000 finished normally 0 blocked.
Executions attempted so far: 1000 total 1000 finished normally 0 blocked.
Executions attempted so far: 1000 total 1000 finished normally 0 blocked.
Executions attempted so far: 1000 total 1000 finished normally 0 blocked.
Executions attempted so far: 1000 total 1000 finished normally 0 blocked.
Executions attempted so far: 800 total 800 finished normally 0 blocked.
Executions attempted so far: 900 total 900 finished normally 0 blocked.
Executions attempted so far: 1000 total 1000 finished normally 0 blocked.
Executions attempted so far: 2000 total 2000 finished normally 0 blocked.
Executions attempted so far: 2000 total 2000 finished normally 0 blocked.
Executions attempted so far: 2000 total 2000 finished normally 0 blocked.
Executions attempted so far: 2000 total 2000 finished normally 0 blocked.
Executions attempted so far: 2000 total 2000 finished normally 0 blocked.
Executions attempted so far: 2000 total 2000 finished normally 0 blocked.
Executions attempted so far: 2000 total 2000 finished normally 0 blocked.
Executions attempted so far: 2000 total 2000 finished normally 0 blocked.
Executions attempted so far: 2000 total 2000 finished normally 0 blocked.
Executions attempted so far: 2000 total 2000 finished normally 0 blocked.
Executions attempted so far: 2000 total 2000 finished normally 0 blocked.
Executions attempted so far: 2000 total 2000 finished normally 0 blocked.
Executions attempted so far: 2000 total 2000 finished normally 0 blocked.
Executions attempted so far: 2000 total 2000 finished normally 0 blocked.
Executions attempted so far: 2000 total 2000 finished normally 0 blocked.
Executions attempted so far: 2000 total 2000 finished normally 0 blocked.
Executions attempted so far: 3000 total 3000 finished normally 0 blocked.
Executions attempted so far: 3000 total 3000 finished normally 0 blocked.
Executions attempted so far: 3000 total 3000 finished normally 0 blocked.
Executions attempted so far: 3000 total 3000 finished normally 0 blocked.
Executions attempted so far: 3000 total 3000 finished normally 0 blocked.
Executions attempted so far: 3000 total 3000 finished normally 0 blocked.
Executions attempted so far: 3000 total 3000 finished normally 0 blocked.
Executions attempted so far: 3000 total 3000 finished normally 0 blocked.
Executions attempted so far: 3000 total 3000 finished normally 0 blocked.
Executions attempted so far: 3000 total 3000 finished normally 0 blocked.
Executions attempted so far: 3000 total 3000 finished normally 0 blocked.
Executions attempted so far: 3000 total 3000 finished normally 0 blocked.
Executions attempted so far: 3000 total 3000 finished normally 0 blocked.
Executions attempted so far: 3000 total 3000 finished normally 0 blocked.
Executions attempted so far: 3000 total 3000 finished normally 0 blocked.
Executions attempted so far: 4000 total 4000 finished normally 0 blocked.
Executions attempted so far: 4000 total 4000 finished normally 0 blocked.
Executions attempted so far: 3000 total 3000 finished normally 0 blocked.
Executions attempted so far: 4000 total 4000 finished normally 0 blocked.
Executions attempted so far: 4000 total 4000 finished normally 0 blocked.
Executions attempted so far: 4000 total 4000 finished normally 0 blocked.
Executions attempted so far: 4000 total 4000 finished normally 0 blocked.
Executions attempted so far: 4000 total 4000 finished normally 0 blocked.
Executions attempted so far: 4000 total 4000 finished normally 0 blocked.
Executions attempted so far: 4000 total 4000 finished normally 0 blocked.
Executions attempted so far: 4000 total 4000 finished normally 0 blocked.
Executions attempted so far: 4000 total 4000 finished normally 0 blocked.
Executions attempted so far: 4000 total 4000 finished normally 0 blocked.
Executions attempted so far: 4000 total 4000 finished normally 0 blocked.
Executions attempted so far: 4000 total 4000 finished normally 0 blocked.
Executions attempted so far: 4000 total 4000 finished normally 0 blocked.
Executions attempted so far: 5000 total 5000 finished normally 0 blocked.
Executions attempted so far: 4000 total 4000 finished normally 0 blocked.
Executions attempted so far: 5000 total 5000 finished normally 0 blocked.
Executions attempted so far: 5000 total 5000 finished normally 0 blocked.
Executions attempted so far: 5000 total 5000 finished normally 0 blocked.
Executions attempted so far: 5000 total 5000 finished normally 0 blocked.
Executions attempted so far: 5000 total 5000 finished normally 0 blocked.
Executions attempted so far: 5000 total 5000 finished normally 0 blocked.
Executions attempted so far: 5000 total 5000 finished normally 0 blocked.
Executions attempted so far: 5000 total 5000 finished normally 0 blocked.
Executions attempted so far: 5000 total 5000 finished normally 0 blocked.
Executions attempted so far: 5000 total 5000 finished normally 0 blocked.
Executions attempted so far: 5000 total 5000 finished normally 0 blocked.
Executions attempted so far: 5000 total 5000 finished normally 0 blocked.
Executions attempted so far: 5000 total 5000 finished normally 0 blocked.
Executions attempted so far: 5000 total 5000 finished normally 0 blocked.
Executions attempted so far: 5000 total 5000 finished normally 0 blocked.
Executions attempted so far: 6000 total 6000 finished normally 0 blocked.
Executions attempted so far: 6000 total 6000 finished normally 0 blocked.
Executions attempted so far: 6000 total 6000 finished normally 0 blocked.
Executions attempted so far: 6000 total 6000 finished normally 0 blocked.
Executions attempted so far: 6000 total 6000 finished normally 0 blocked.
Executions attempted so far: 6000 total 6000 finished normally 0 blocked.
Executions attempted so far: 6000 total 6000 finished normally 0 blocked.
Executions attempted so far: 6000 total 6000 finished normally 0 blocked.
Executions attempted so far: 6000 total 6000 finished normally 0 blocked.
Executions attempted so far: 6000 total 6000 finished normally 0 blocked.
Executions attempted so far: 6000 total 6000 finished normally 0 blocked.
Executions attempted so far: 6000 total 6000 finished normally 0 blocked.
Executions attempted so far: 6000 total 6000 finished normally 0 blocked.
Executions attempted so far: 6000 total 6000 finished normally 0 blocked.
Executions attempted so far: 6000 total 6000 finished normally 0 blocked.
Executions attempted so far: 6000 total 6000 finished normally 0 blocked.
Executions attempted so far: 7000 total 7000 finished normally 0 blocked.
Executions attempted so far: 7000 total 7000 finished normally 0 blocked.
Executions attempted so far: 7000 total 7000 finished normally 0 blocked.
Executions attempted so far: 7000 total 7000 finished normally 0 blocked.
Executions attempted so far: 7000 total 7000 finished normally 0 blocked.
Executions attempted so far: 7000 total 7000 finished normally 0 blocked.
Executions attempted so far: 7000 total 7000 finished normally 0 blocked.
Executions attempted so far: 7000 total 7000 finished normally 0 blocked.
Executions attempted so far: 7000 total 7000 finished normally 0 blocked.
Executions attempted so far: 7000 total 7000 finished normally 0 blocked.
Executions attempted so far: 7000 total 7000 finished normally 0 blocked.
Executions attempted so far: 7000 total 7000 finished normally 0 blocked.
Executions attempted so far: 7000 total 7000 finished normally 0 blocked.
Executions attempted so far: 7000 total 7000 finished normally 0 blocked.
Executions attempted so far: 7000 total 7000 finished normally 0 blocked.
Executions attempted so far: 7000 total 7000 finished normally 0 blocked.
Executions attempted so far: 8000 total 8000 finished normally 0 blocked.
Executions attempted so far: 8000 total 8000 finished normally 0 blocked.
Executions attempted so far: 8000 total 8000 finished normally 0 blocked.
Executions attempted so far: 8000 total 8000 finished normally 0 blocked.
Executions attempted so far: 8000 total 8000 finished normally 0 blocked.
Executions attempted so far: 8000 total 8000 finished normally 0 blocked.
Executions attempted so far: 8000 total 8000 finished normally 0 blocked.
Executions attempted so far: 8000 total 8000 finished normally 0 blocked.
Executions attempted so far: 8000 total 8000 finished normally 0 blocked.
Executions attempted so far: 8000 total 8000 finished normally 0 blocked.
Executions attempted so far: 8000 total 8000 finished normally 0 blocked.
Executions attempted so far: 8000 total 8000 finished normally 0 blocked.
Executions attempted so far: 8000 total 8000 finished normally 0 blocked.
Executions attempted so far: 8000 total 8000 finished normally 0 blocked.
Executions attempted so far: 8000 total 8000 finished normally 0 blocked.
Executions attempted so far: 9000 total 9000 finished normally 0 blocked.
Executions attempted so far: 9000 total 9000 finished normally 0 blocked.
Executions attempted so far: 9000 total 9000 finished normally 0 blocked.
Executions attempted so far: 8000 total 8000 finished normally 0 blocked.
Executions attempted so far: 9000 total 9000 finished normally 0 blocked.
Executions attempted so far: 9000 total 9000 finished normally 0 blocked.
Executions attempted so far: 9000 total 9000 finished normally 0 blocked.
Executions attempted so far: 9000 total 9000 finished normally 0 blocked.
Executions attempted so far: 9000 total 9000 finished normally 0 blocked.
Executions attempted so far: 9000 total 9000 finished normally 0 blocked.
Executions attempted so far: 9000 total 9000 finished normally 0 blocked.
Executions attempted so far: 9000 total 9000 finished normally 0 blocked.
Executions attempted so far: 9000 total 9000 finished normally 0 blocked.
Executions attempted so far: 9000 total 9000 finished normally 0 blocked.
Executions attempted so far: 9000 total 9000 finished normally 0 blocked.
Executions attempted so far: 9000 total 9000 finished normally 0 blocked.
Executions attempted so far: 9000 total 9000 finished normally 0 blocked.
Executions attempted so far: 10000 total 10000 finished normally 0 blocked.
Executions attempted so far: 10000 total 10000 finished normally 0 blocked.
Executions attempted so far: 10000 total 10000 finished normally 0 blocked.
Executions attempted so far: 10000 total 10000 finished normally 0 blocked.
Executions attempted so far: 10000 total 10000 finished normally 0 blocked.
Executions attempted so far: 10000 total 10000 finished normally 0 blocked.
Executions attempted so far: 10000 total 10000 finished normally 0 blocked.
Executions attempted so far: 10000 total 10000 finished normally 0 blocked.
Executions attempted so far: 10000 total 10000 finished normally 0 blocked.
Executions attempted so far: 10000 total 10000 finished normally 0 blocked.
Executions attempted so far: 10000 total 10000 finished normally 0 blocked.
Executions attempted so far: 10000 total 10000 finished normally 0 blocked.
Executions attempted so far: 10000 total 10000 finished normally 0 blocked.
Executions attempted so far: 10000 total 10000 finished normally 0 blocked.
Executions attempted so far: 10000 total 10000 finished normally 0 blocked.
Executions attempted so far: 10000 total 10000 finished normally 0 blocked.
Executions attempted so far: 20000 total 20000 finished normally 0 blocked.
Executions attempted so far: 20000 total 20000 finished normally 0 blocked.
Executions attempted so far: 20000 total 20000 finished normally 0 blocked.
Executions attempted so far: 20000 total 20000 finished normally 0 blocked.
Executions attempted so far: 20000 total 20000 finished normally 0 blocked.
Executions attempted so far: 20000 total 20000 finished normally 0 blocked.
Executions attempted so far: 20000 total 20000 finished normally 0 blocked.
Executions attempted so far: 20000 total 20000 finished normally 0 blocked.
Executions attempted so far: 20000 total 20000 finished normally 0 blocked.
Executions attempted so far: 20000 total 20000 finished normally 0 blocked.
Executions attempted so far: 20000 total 20000 finished normally 0 blocked.
Executions attempted so far: 20000 total 20000 finished normally 0 blocked.
Executions attempted so far: 20000 total 20000 finished normally 0 blocked.
Executions attempted so far: 20000 total 20000 finished normally 0 blocked.
Executions attempted so far: 20000 total 20000 finished normally 0 blocked.
Executions attempted so far: 20000 total 20000 finished normally 0 blocked.
Executions attempted so far: 30000 total 30000 finished normally 0 blocked (6000.00/sec).
Executions attempted so far: 30000 total 30000 finished normally 0 blocked (6000.00/sec).
Executions attempted so far: 30000 total 30000 finished normally 0 blocked (6000.00/sec).
Executions attempted so far: 30000 total 30000 finished normally 0 blocked (6000.00/sec).
Executions attempted so far: 30000 total 30000 finished normally 0 blocked (6000.00/sec).
Executions attempted so far: 30000 total 30000 finished normally 0 blocked (6000.00/sec).
Executions attempted so far: 30000 total 30000 finished normally 0 blocked (6000.00/sec).
Executions attempted so far: 30000 total 30000 finished normally 0 blocked (6000.00/sec).
Executions attempted so far: 30000 total 30000 finished normally 0 blocked (6000.00/sec).
Executions attempted so far: 30000 total 30000 finished normally 0 blocked (6000.00/sec).
Executions attempted so far: 30000 total 30000 finished normally 0 blocked (6000.00/sec).
Executions attempted so far: 30000 total 30000 finished normally 0 blocked (6000.00/sec).
Executions attempted so far: 30000 total 30000 finished normally 0 blocked (6000.00/sec).
Executions attempted so far: 30000 total 30000 finished normally 0 blocked (6000.00/sec).
Executions attempted so far: 30000 total 30000 finished normally 0 blocked (6000.00/sec).
Executions attempted so far: 30000 total 30000 finished normally 0 blocked (6000.00/sec).
Executions attempted so far: 40000 total 40000 finished normally 0 blocked (5714.29/sec).
Executions attempted so far: 40000 total 40000 finished normally 0 blocked (5714.29/sec).
Executions attempted so far: 40000 total 40000 finished normally 0 blocked (5714.29/sec).
Executions attempted so far: 40000 total 40000 finished normally 0 blocked (5714.29/sec).
Executions attempted so far: 40000 total 40000 finished normally 0 blocked (5714.29/sec).
Executions attempted so far: 40000 total 40000 finished normally 0 blocked (5714.29/sec).
Executions attempted so far: 40000 total 40000 finished normally 0 blocked (5714.29/sec).
Executions attempted so far: 40000 total 40000 finished normally 0 blocked (5714.29/sec).
Executions attempted so far: 40000 total 40000 finished normally 0 blocked (5714.29/sec).
Executions attempted so far: 40000 total 40000 finished normally 0 blocked (5714.29/sec).
Executions attempted so far: 40000 total 40000 finished normally 0 blocked (5714.29/sec).
Executions attempted so far: 40000 total 40000 finished normally 0 blocked (5714.29/sec).
Executions attempted so far: 40000 total 40000 finished normally 0 blocked (5714.29/sec).
Executions attempted so far: 40000 total 40000 finished normally 0 blocked (5714.29/sec).
Executions attempted so far: 40000 total 40000 finished normally 0 blocked (5714.29/sec).
Executions attempted so far: 40000 total 40000 finished normally 0 blocked (5000.00/sec).
Executions attempted so far: 50000 total 50000 finished normally 0 blocked (6250.00/sec).
Executions attempted so far: 50000 total 50000 finished normally 0 blocked (5555.56/sec).
Executions attempted so far: 50000 total 50000 finished normally 0 blocked (5555.56/sec).
Executions attempted so far: 50000 total 50000 finished normally 0 blocked (5555.56/sec).
Executions attempted so far: 50000 total 50000 finished normally 0 blocked (5555.56/sec).
Executions attempted so far: 50000 total 50000 finished normally 0 blocked (5555.56/sec).
Executions attempted so far: 50000 total 50000 finished normally 0 blocked (5555.56/sec).
Executions attempted so far: 50000 total 50000 finished normally 0 blocked (5555.56/sec).
Executions attempted so far: 50000 total 50000 finished normally 0 blocked (5555.56/sec).
Executions attempted so far: 50000 total 50000 finished normally 0 blocked (5555.56/sec).
Executions attempted so far: 50000 total 50000 finished normally 0 blocked (5555.56/sec).
Executions attempted so far: 50000 total 50000 finished normally 0 blocked (5555.56/sec).
Executions attempted so far: 50000 total 50000 finished normally 0 blocked (5555.56/sec).
Executions attempted so far: 50000 total 50000 finished normally 0 blocked (5555.56/sec).
Executions attempted so far: 50000 total 50000 finished normally 0 blocked (5555.56/sec).
Executions attempted so far: 50000 total 50000 finished normally 0 blocked (5555.56/sec).
Executions attempted so far: 60000 total 60000 finished normally 0 blocked (6000.00/sec).
Executions attempted so far: 60000 total 60000 finished normally 0 blocked (5454.55/sec).
Executions attempted so far: 60000 total 60000 finished normally 0 blocked (5454.55/sec).
Executions attempted so far: 60000 total 60000 finished normally 0 blocked (5454.55/sec).
Executions attempted so far: 60000 total 60000 finished normally 0 blocked (5454.55/sec).
Executions attempted so far: 60000 total 60000 finished normally 0 blocked (5454.55/sec).
Executions attempted so far: 60000 total 60000 finished normally 0 blocked (5454.55/sec).
Executions attempted so far: 60000 total 60000 finished normally 0 blocked (5454.55/sec).
Executions attempted so far: 60000 total 60000 finished normally 0 blocked (5454.55/sec).
Executions attempted so far: 60000 total 60000 finished normally 0 blocked (5454.55/sec).
Executions attempted so far: 60000 total 60000 finished normally 0 blocked (5454.55/sec).
Executions attempted so far: 60000 total 60000 finished normally 0 blocked (5454.55/sec).
Executions attempted so far: 60000 total 60000 finished normally 0 blocked (5454.55/sec).
Executions attempted so far: 60000 total 60000 finished normally 0 blocked (5454.55/sec).
Executions attempted so far: 60000 total 60000 finished normally 0 blocked (5454.55/sec).
Executions attempted so far: 60000 total 60000 finished normally 0 blocked (5000.00/sec).
Executions attempted so far: 70000 total 70000 finished normally 0 blocked (5833.33/sec).
Executions attempted so far: 70000 total 70000 finished normally 0 blocked (5833.33/sec).
Executions attempted so far: 70000 total 70000 finished normally 0 blocked (5384.62/sec).
Executions attempted so far: 70000 total 70000 finished normally 0 blocked (5384.62/sec).
Executions attempted so far: 70000 total 70000 finished normally 0 blocked (5384.62/sec).
Executions attempted so far: 70000 total 70000 finished normally 0 blocked (5384.62/sec).
Executions attempted so far: 70000 total 70000 finished normally 0 blocked (5384.62/sec).
Executions attempted so far: 70000 total 70000 finished normally 0 blocked (5384.62/sec).
Executions attempted so far: 70000 total 70000 finished normally 0 blocked (5384.62/sec).
Executions attempted so far: 70000 total 70000 finished normally 0 blocked (5384.62/sec).
Executions attempted so far: 70000 total 70000 finished normally 0 blocked (5384.62/sec).
Executions attempted so far: 70000 total 70000 finished normally 0 blocked (5384.62/sec).
Executions attempted so far: 70000 total 70000 finished normally 0 blocked (5384.62/sec).
Executions attempted so far: 70000 total 70000 finished normally 0 blocked (5384.62/sec).
Executions attempted so far: 70000 total 70000 finished normally 0 blocked (5384.62/sec).
Executions attempted so far: 70000 total 70000 finished normally 0 blocked (5000.00/sec).
Executions attempted so far: 80000 total 80000 finished normally 0 blocked (5714.29/sec).
Executions attempted so far: 80000 total 80000 finished normally 0 blocked (5714.29/sec).
Executions attempted so far: 80000 total 80000 finished normally 0 blocked (5714.29/sec).
Executions attempted so far: 80000 total 80000 finished normally 0 blocked (5333.33/sec).
Executions attempted so far: 80000 total 80000 finished normally 0 blocked (5333.33/sec).
Executions attempted so far: 80000 total 80000 finished normally 0 blocked (5333.33/sec).
Executions attempted so far: 80000 total 80000 finished normally 0 blocked (5333.33/sec).
Executions attempted so far: 80000 total 80000 finished normally 0 blocked (5333.33/sec).
Executions attempted so far: 80000 total 80000 finished normally 0 blocked (5333.33/sec).
Executions attempted so far: 80000 total 80000 finished normally 0 blocked (5333.33/sec).
Executions attempted so far: 80000 total 80000 finished normally 0 blocked (5333.33/sec).
Executions attempted so far: 80000 total 80000 finished normally 0 blocked (5333.33/sec).
Executions attempted so far: 80000 total 80000 finished normally 0 blocked (5333.33/sec).
Executions attempted so far: 80000 total 80000 finished normally 0 blocked (5333.33/sec).
Executions attempted so far: 80000 total 80000 finished normally 0 blocked (5333.33/sec).
Executions attempted so far: 80000 total 80000 finished normally 0 blocked (5000.00/sec).
Executions attempted so far: 90000 total 90000 finished normally 0 blocked (5625.00/sec).
Executions attempted so far: 90000 total 90000 finished normally 0 blocked (5625.00/sec).
Executions attempted so far: 90000 total 90000 finished normally 0 blocked (5625.00/sec).
Executions attempted so far: 90000 total 90000 finished normally 0 blocked (5294.12/sec).
Executions attempted so far: 90000 total 90000 finished normally 0 blocked (5294.12/sec).
Executions attempted so far: 90000 total 90000 finished normally 0 blocked (5294.12/sec).
Executions attempted so far: 90000 total 90000 finished normally 0 blocked (5294.12/sec).
Executions attempted so far: 90000 total 90000 finished normally 0 blocked (5294.12/sec).
Executions attempted so far: 90000 total 90000 finished normally 0 blocked (5294.12/sec).
Executions attempted so far: 90000 total 90000 finished normally 0 blocked (5294.12/sec).
Executions attempted so far: 90000 total 90000 finished normally 0 blocked (5294.12/sec).
Executions attempted so far: 90000 total 90000 finished normally 0 blocked (5294.12/sec).
Executions attempted so far: 90000 total 90000 finished normally 0 blocked (5294.12/sec).
Executions attempted so far: 90000 total 90000 finished normally 0 blocked (5294.12/sec).
Executions attempted so far: 90000 total 90000 finished normally 0 blocked (5294.12/sec).
Executions attempted so far: 100000 total 100000 finished normally 0 blocked (5555.56/sec).
Executions attempted so far: 90000 total 90000 finished normally 0 blocked (5000.00/sec).
Executions attempted so far: 100000 total 100000 finished normally 0 blocked (5555.56/sec).
Executions attempted so far: 100000 total 100000 finished normally 0 blocked (5555.56/sec).
Executions attempted so far: 100000 total 100000 finished normally 0 blocked (5555.56/sec).
Executions attempted so far: 100000 total 100000 finished normally 0 blocked (5263.16/sec).
Executions attempted so far: 100000 total 100000 finished normally 0 blocked (5263.16/sec).
Executions attempted so far: 100000 total 100000 finished normally 0 blocked (5263.16/sec).
Executions attempted so far: 100000 total 100000 finished normally 0 blocked (5263.16/sec).
Executions attempted so far: 100000 total 100000 finished normally 0 blocked (5263.16/sec).
Executions attempted so far: 100000 total 100000 finished normally 0 blocked (5263.16/sec).
Executions attempted so far: 100000 total 100000 finished normally 0 blocked (5263.16/sec).
Executions attempted so far: 100000 total 100000 finished normally 0 blocked (5263.16/sec).
Executions attempted so far: 100000 total 100000 finished normally 0 blocked (5263.16/sec).
Executions attempted so far: 100000 total 100000 finished normally 0 blocked (5263.16/sec).
Executions attempted so far: 100000 total 100000 finished normally 0 blocked (5000.00/sec).
Executions attempted so far: 100000 total 100000 finished normally 0 blocked (5000.00/sec).
Executions attempted so far: 200000 total 200000 finished normally 0 blocked (5714.29/sec).
Executions attempted so far: 200000 total 200000 finished normally 0 blocked (5263.16/sec).
Executions attempted so far: 200000 total 200000 finished normally 0 blocked (5263.16/sec).
Executions attempted so far: 200000 total 200000 finished normally 0 blocked (5128.21/sec).
Executions attempted so far: 200000 total 200000 finished normally 0 blocked (5128.21/sec).
Executions attempted so far: 200000 total 200000 finished normally 0 blocked (5128.21/sec).
Executions attempted so far: 200000 total 200000 finished normally 0 blocked (5128.21/sec).
Executions attempted so far: 200000 total 200000 finished normally 0 blocked (5128.21/sec).
Executions attempted so far: 200000 total 200000 finished normally 0 blocked (5128.21/sec).
Executions attempted so far: 200000 total 200000 finished normally 0 blocked (5000.00/sec).
Executions attempted so far: 200000 total 200000 finished normally 0 blocked (5000.00/sec).
Executions attempted so far: 200000 total 200000 finished normally 0 blocked (5000.00/sec).
Executions attempted so far: 200000 total 200000 finished normally 0 blocked (5000.00/sec).
Executions attempted so far: 200000 total 200000 finished normally 0 blocked (5000.00/sec).
Executions attempted so far: 200000 total 200000 finished normally 0 blocked (5000.00/sec).
Executions attempted so far: 200000 total 200000 finished normally 0 blocked (5000.00/sec).
Executions attempted so far: 300000 total 300000 finished normally 0 blocked (5454.55/sec).
Executions attempted so far: 300000 total 300000 finished normally 0 blocked (5084.75/sec).
Executions attempted so far: 300000 total 300000 finished normally 0 blocked (5084.75/sec).
Executions attempted so far: 300000 total 300000 finished normally 0 blocked (5084.75/sec).
Executions attempted so far: 300000 total 300000 finished normally 0 blocked (5084.75/sec).
Executions attempted so far: 300000 total 300000 finished normally 0 blocked (5084.75/sec).
Executions attempted so far: 300000 total 300000 finished normally 0 blocked (5000.00/sec).
Executions attempted so far: 300000 total 300000 finished normally 0 blocked (5000.00/sec).
Executions attempted so far: 300000 total 300000 finished normally 0 blocked (5000.00/sec).
Executions attempted so far: 300000 total 300000 finished normally 0 blocked (4918.03/sec).
Executions attempted so far: 300000 total 300000 finished normally 0 blocked (4918.03/sec).
Executions attempted so far: 300000 total 300000 finished normally 0 blocked (4918.03/sec).
Executions attempted so far: 300000 total 300000 finished normally 0 blocked (4918.03/sec).
Executions attempted so far: 300000 total 300000 finished normally 0 blocked (4918.03/sec).
Executions attempted so far: 300000 total 300000 finished normally 0 blocked (4918.03/sec).
Executions attempted so far: 300000 total 300000 finished normally 0 blocked (4918.03/sec).
Executions attempted so far: 400000 total 400000 finished normally 0 blocked (5405.41/sec).
Executions attempted so far: 400000 total 400000 finished normally 0 blocked (5128.21/sec).
Executions attempted so far: 400000 total 400000 finished normally 0 blocked (5128.21/sec).
Executions attempted so far: 400000 total 400000 finished normally 0 blocked (5063.29/sec).
Executions attempted so far: 400000 total 400000 finished normally 0 blocked (5063.29/sec).
Executions attempted so far: 400000 total 400000 finished normally 0 blocked (5063.29/sec).
Executions attempted so far: 400000 total 400000 finished normally 0 blocked (5000.00/sec).
Executions attempted so far: 400000 total 400000 finished normally 0 blocked (5000.00/sec).
Executions attempted so far: 400000 total 400000 finished normally 0 blocked (4938.27/sec).
Executions attempted so far: 400000 total 400000 finished normally 0 blocked (4938.27/sec).
Executions attempted so far: 400000 total 400000 finished normally 0 blocked (4938.27/sec).
Executions attempted so far: 400000 total 400000 finished normally 0 blocked (4938.27/sec).
Executions attempted so far: 400000 total 400000 finished normally 0 blocked (4938.27/sec).
Executions attempted so far: 400000 total 400000 finished normally 0 blocked (4878.05/sec).
Executions attempted so far: 400000 total 400000 finished normally 0 blocked (4878.05/sec).
Executions attempted so far: 400000 total 400000 finished normally 0 blocked (4878.05/sec).
Executions attempted so far: 500000 total 500000 finished normally 0 blocked (5319.15/sec).
Executions attempted so far: 500000 total 500000 finished normally 0 blocked (5102.04/sec).
Executions attempted so far: 500000 total 500000 finished normally 0 blocked (5102.04/sec).
Executions attempted so far: 500000 total 500000 finished normally 0 blocked (5050.51/sec).
Executions attempted so far: 500000 total 500000 finished normally 0 blocked (5000.00/sec).
Executions attempted so far: 500000 total 500000 finished normally 0 blocked (5000.00/sec).
Executions attempted so far: 500000 total 500000 finished normally 0 blocked (5000.00/sec).
Executions attempted so far: 500000 total 500000 finished normally 0 blocked (5000.00/sec).
Executions attempted so far: 500000 total 500000 finished normally 0 blocked (4950.50/sec).
Executions attempted so far: 500000 total 500000 finished normally 0 blocked (4901.96/sec).
Executions attempted so far: 500000 total 500000 finished normally 0 blocked (4901.96/sec).
Executions attempted so far: 500000 total 500000 finished normally 0 blocked (4901.96/sec).
Executions attempted so far: 500000 total 500000 finished normally 0 blocked (4901.96/sec).
Executions attempted so far: 500000 total 500000 finished normally 0 blocked (4854.37/sec).
Executions attempted so far: 500000 total 500000 finished normally 0 blocked (4854.37/sec).
Executions attempted so far: 500000 total 500000 finished normally 0 blocked (4854.37/sec).
Executions attempted so far: 600000 total 600000 finished normally 0 blocked (5217.39/sec).
Executions attempted so far: 600000 total 600000 finished normally 0 blocked (5128.21/sec).
Executions attempted so far: 600000 total 600000 finished normally 0 blocked (5084.75/sec).
Executions attempted so far: 600000 total 600000 finished normally 0 blocked (5042.02/sec).
Executions attempted so far: 600000 total 600000 finished normally 0 blocked (5000.00/sec).
Executions attempted so far: 600000 total 600000 finished normally 0 blocked (5000.00/sec).
Executions attempted so far: 600000 total 600000 finished normally 0 blocked (4958.68/sec).
Executions attempted so far: 600000 total 600000 finished normally 0 blocked (4958.68/sec).
Executions attempted so far: 600000 total 600000 finished normally 0 blocked (4958.68/sec).
Executions attempted so far: 600000 total 600000 finished normally 0 blocked (4918.03/sec).
Executions attempted so far: 600000 total 600000 finished normally 0 blocked (4918.03/sec).
Executions attempted so far: 600000 total 600000 finished normally 0 blocked (4918.03/sec).
Executions attempted so far: 600000 total 600000 finished normally 0 blocked (4878.05/sec).
Executions attempted so far: 600000 total 600000 finished normally 0 blocked (4838.71/sec).
Executions attempted so far: 600000 total 600000 finished normally 0 blocked (4838.71/sec).
Executions attempted so far: 600000 total 600000 finished normally 0 blocked (4838.71/sec).
Executions attempted so far: 700000 total 700000 finished normally 0 blocked (5185.19/sec).
Executions attempted so far: 700000 total 700000 finished normally 0 blocked (5109.49/sec).
Executions attempted so far: 700000 total 700000 finished normally 0 blocked (5072.46/sec).
Executions attempted so far: 700000 total 700000 finished normally 0 blocked (5035.97/sec).
Executions attempted so far: 700000 total 700000 finished normally 0 blocked (5000.00/sec).
Executions attempted so far: 700000 total 700000 finished normally 0 blocked (5000.00/sec).
Executions attempted so far: 700000 total 700000 finished normally 0 blocked (4964.54/sec).
Executions attempted so far: 700000 total 700000 finished normally 0 blocked (4929.58/sec).
Executions attempted so far: 700000 total 700000 finished normally 0 blocked (4929.58/sec).
Executions attempted so far: 700000 total 700000 finished normally 0 blocked (4895.10/sec).
Executions attempted so far: 700000 total 700000 finished normally 0 blocked (4895.10/sec).
Executions attempted so far: 700000 total 700000 finished normally 0 blocked (4861.11/sec).
Executions attempted so far: 700000 total 700000 finished normally 0 blocked (4861.11/sec).
Executions attempted so far: 700000 total 700000 finished normally 0 blocked (4861.11/sec).
Executions attempted so far: 700000 total 700000 finished normally 0 blocked (4861.11/sec).
Executions attempted so far: 700000 total 700000 finished normally 0 blocked (4827.59/sec).
Executions attempted so far: 800000 total 800000 finished normally 0 blocked (5161.29/sec).
Executions attempted so far: 800000 total 800000 finished normally 0 blocked (5128.21/sec).
Executions attempted so far: 800000 total 800000 finished normally 0 blocked (5095.54/sec).
Executions attempted so far: 800000 total 800000 finished normally 0 blocked (5031.45/sec).
Executions attempted so far: 800000 total 800000 finished normally 0 blocked (5000.00/sec).
Executions attempted so far: 800000 total 800000 finished normally 0 blocked (4968.94/sec).
Executions attempted so far: 800000 total 800000 finished normally 0 blocked (4938.27/sec).
Executions attempted so far: 800000 total 800000 finished normally 0 blocked (4938.27/sec).
Executions attempted so far: 800000 total 800000 finished normally 0 blocked (4907.98/sec).
Executions attempted so far: 800000 total 800000 finished normally 0 blocked (4907.98/sec).
Executions attempted so far: 800000 total 800000 finished normally 0 blocked (4878.05/sec).
Executions attempted so far: 800000 total 800000 finished normally 0 blocked (4878.05/sec).
Executions attempted so far: 800000 total 800000 finished normally 0 blocked (4878.05/sec).
Executions attempted so far: 800000 total 800000 finished normally 0 blocked (4878.05/sec).
Executions attempted so far: 800000 total 800000 finished normally 0 blocked (4878.05/sec).
Executions attempted so far: 800000 total 800000 finished normally 0 blocked (4819.28/sec).
Executions attempted so far: 900000 total 900000 finished normally 0 blocked (5113.64/sec).
Executions attempted so far: 900000 total 900000 finished normally 0 blocked (5084.75/sec).
Executions attempted so far: 900000 total 900000 finished normally 0 blocked (5056.18/sec).
Executions attempted so far: 900000 total 900000 finished normally 0 blocked (5027.93/sec).
Executions attempted so far: 900000 total 900000 finished normally 0 blocked (5000.00/sec).
Executions attempted so far: 900000 total 900000 finished normally 0 blocked (4945.05/sec).
Executions attempted so far: 900000 total 900000 finished normally 0 blocked (4918.03/sec).
Executions attempted so far: 900000 total 900000 finished normally 0 blocked (4918.03/sec).
Executions attempted so far: 900000 total 900000 finished normally 0 blocked (4918.03/sec).
Executions attempted so far: 900000 total 900000 finished normally 0 blocked (4891.30/sec).
Executions attempted so far: 900000 total 900000 finished normally 0 blocked (4891.30/sec).
Executions attempted so far: 900000 total 900000 finished normally 0 blocked (4891.30/sec).
Executions attempted so far: 900000 total 900000 finished normally 0 blocked (4864.86/sec).
Executions attempted so far: 900000 total 900000 finished normally 0 blocked (4864.86/sec).
Executions attempted so far: 900000 total 900000 finished normally 0 blocked (4864.86/sec).
Executions attempted so far: 900000 total 900000 finished normally 0 blocked (4838.71/sec).
Executions attempted so far: 1000000 total 1000000 finished normally 0 blocked (5102.04/sec).
Executions attempted so far: 1000000 total 1000000 finished normally 0 blocked (5076.14/sec).
Executions attempted so far: 1000000 total 1000000 finished normally 0 blocked (5050.51/sec).
Executions attempted so far: 1000000 total 1000000 finished normally 0 blocked (5025.13/sec).
Executions attempted so far: 1000000 total 1000000 finished normally 0 blocked (5025.13/sec).
Executions attempted so far: 1000000 total 1000000 finished normally 0 blocked (4950.50/sec).
Executions attempted so far: 1000000 total 1000000 finished normally 0 blocked (4926.11/sec).
Executions attempted so far: 1000000 total 1000000 finished normally 0 blocked (4926.11/sec).
Executions attempted so far: 1000000 total 1000000 finished normally 0 blocked (4926.11/sec).
Executions attempted so far: 1000000 total 1000000 finished normally 0 blocked (4901.96/sec).
Executions attempted so far: 1000000 total 1000000 finished normally 0 blocked (4901.96/sec).
Executions attempted so far: 1000000 total 1000000 finished normally 0 blocked (4901.96/sec).
Executions attempted so far: 1000000 total 1000000 finished normally 0 blocked (4878.05/sec).
Executions attempted so far: 1000000 total 1000000 finished normally 0 blocked (4854.37/sec).
Executions attempted so far: 1000000 total 1000000 finished normally 0 blocked (4854.37/sec).
Executions attempted so far: 1000000 total 1000000 finished normally 0 blocked (4854.37/sec).
Executions attempted so far: 2000000 total 2000000 finished normally 0 blocked (5089.06/sec).
Executions attempted so far: 2000000 total 2000000 finished normally 0 blocked (5063.29/sec).
Executions attempted so far: 2000000 total 2000000 finished normally 0 blocked (5037.78/sec).
Executions attempted so far: 2000000 total 2000000 finished normally 0 blocked (4987.53/sec).
Executions attempted so far: 2000000 total 2000000 finished normally 0 blocked (4962.78/sec).
Executions attempted so far: 2000000 total 2000000 finished normally 0 blocked (4938.27/sec).
Executions attempted so far: 2000000 total 2000000 finished normally 0 blocked (4926.11/sec).
Executions attempted so far: 2000000 total 2000000 finished normally 0 blocked (4914.00/sec).
Executions attempted so far: 2000000 total 2000000 finished normally 0 blocked (4914.00/sec).
Executions attempted so far: 2000000 total 2000000 finished normally 0 blocked (4901.96/sec).
Executions attempted so far: 2000000 total 2000000 finished normally 0 blocked (4889.98/sec).
Executions attempted so far: 2000000 total 2000000 finished normally 0 blocked (4878.05/sec).
Executions attempted so far: 2000000 total 2000000 finished normally 0 blocked (4878.05/sec).
Executions attempted so far: 2000000 total 2000000 finished normally 0 blocked (4854.37/sec).
Executions attempted so far: 2000000 total 2000000 finished normally 0 blocked (4842.62/sec).
Executions attempted so far: 2000000 total 2000000 finished normally 0 blocked (4842.62/sec).
Executions attempted so far: 3000000 total 3000000 finished normally 0 blocked (5145.80/sec).
Executions attempted so far: 3000000 total 3000000 finished normally 0 blocked (4909.98/sec).
Executions attempted so far: 3000000 total 3000000 finished normally 0 blocked (4901.96/sec).
Executions attempted so far: 3000000 total 3000000 finished normally 0 blocked (4878.05/sec).
Executions attempted so far: 3000000 total 3000000 finished normally 0 blocked (4854.37/sec).
Executions attempted so far: 3000000 total 3000000 finished normally 0 blocked (4838.71/sec).
Executions attempted so far: 3000000 total 3000000 finished normally 0 blocked (4823.15/sec).
Executions attempted so far: 3000000 total 3000000 finished normally 0 blocked (4823.15/sec).
Executions attempted so far: 3000000 total 3000000 finished normally 0 blocked (4815.41/sec).
Executions attempted so far: 3000000 total 3000000 finished normally 0 blocked (4815.41/sec).
Executions attempted so far: 3000000 total 3000000 finished normally 0 blocked (4807.69/sec).
Executions attempted so far: 3000000 total 3000000 finished normally 0 blocked (4807.69/sec).
Executions attempted so far: 3000000 total 3000000 finished normally 0 blocked (4784.69/sec).
Executions attempted so far: 3000000 total 3000000 finished normally 0 blocked (4784.69/sec).
Executions attempted so far: 3000000 total 3000000 finished normally 0 blocked (4761.90/sec).
Executions attempted so far: 3000000 total 3000000 finished normally 0 blocked (4761.90/sec).
timed      nodes=3 ballots=2 w=100 l=2 u=20 sd=5  execs=52211200 blocked=0 elected=40167168 time=678.532039216s
=== END cc_t_n3b2_C rc=0 elapsed=678.542987852

=== RUN ccx_base_n4b1 cap=1800s CMD: /home/sahar/Desktop/MPI/TraceForge/target/release/examples/comm_closed_leader_election_inbox --mode baseline --nodes 4 --ballots 1 --w 100 --u 20
baseline   nodes=4 ballots=1 w=100 (untimed)  execs=53479 blocked=0 elected=11816 time=1.43264406s
=== END ccx_base_n4b1 rc=0 elapsed=1.443119616

=== RUN ccx_base_n5b1 cap=3600s CMD: /home/sahar/Desktop/MPI/TraceForge/target/release/examples/comm_closed_leader_election_inbox --mode baseline --nodes 5 --ballots 1 --w 100 --u 20
=== END ccx_base_n5b1 rc=124 elapsed=3600.013592890

=== RUN ccx_t_n5b1_A cap=1800s CMD: /home/sahar/Desktop/MPI/TraceForge/target/release/examples/comm_closed_leader_election_inbox --mode timed --nodes 5 --ballots 1 --u 20 --w 200 --l 18 --sd 2
timed      nodes=5 ballots=1 w=200 l=18 u=20 sd=2  execs=261847 blocked=0 elected=16520 time=8.130642098s
=== END ccx_t_n5b1_A rc=0 elapsed=8.141166095

=== RUN ccx_t_n5b1_F cap=1800s CMD: /home/sahar/Desktop/MPI/TraceForge/target/release/examples/comm_closed_leader_election_inbox --mode timed --nodes 5 --ballots 1 --u 20 --w 40 --l 0 --sd 10
=== END ccx_t_n5b1_F rc=124 elapsed=1800.013248304

=== RUN pc_base_n5_r1 cap=5342s CMD: /home/sahar/Desktop/MPI/TraceForge/target/release/examples/three_pc_timed --mode baseline --participants 5 --u 20 --w-ratio 7
baseline   N=5 R=1  L=0 U=20 W=140 (W/U=7) sd=0  execs=1750984 blocked=0      commit=460800 abort=614344 time=205.341918313s
=== END pc_base_n5_r1 rc=0 elapsed=205.349729623

=== RUN pc_t_n6_w10 cap=1200s CMD: /home/sahar/Desktop/MPI/TraceForge/target/release/examples/three_pc_timed --mode timed --participants 6 --u 20 --w-ratio 10 --delta 21 --l-ratio 0.0 --sd-ratio 0.25
timed      N=6 R=1  L=0 U=20 W=200 (W/U=10) sd=5  execs=74306  blocked=0      commit=0      abort=39298  time=12.148151043s
=== END pc_t_n6_w10 rc=0 elapsed=12.156577546

=== RUN pc_base_n6_r1 cap=900s CMD: /home/sahar/Desktop/MPI/TraceForge/target/release/examples/three_pc_timed --mode baseline --participants 6 --u 20 --w-ratio 10
=== END pc_base_n6_r1 rc=124 elapsed=900.006101679

=== RUN cc_base_n4b1 cap=3600s CMD: /home/sahar/Desktop/MPI/TraceForge/target/release/examples/comm_closed_leader_election --mode baseline --nodes 4 --ballots 1 --w 100 --u 20
Executions attempted so far: 1 total 1 finished normally 0 blocked.
Executions attempted so far: 2 total 2 finished normally 0 blocked.
Executions attempted so far: 3 total 3 finished normally 0 blocked.
Executions attempted so far: 4 total 4 finished normally 0 blocked.
Executions attempted so far: 5 total 5 finished normally 0 blocked.
Executions attempted so far: 6 total 6 finished normally 0 blocked.
Executions attempted so far: 7 total 7 finished normally 0 blocked.
Executions attempted so far: 8 total 8 finished normally 0 blocked.
Executions attempted so far: 9 total 9 finished normally 0 blocked.
Executions attempted so far: 10 total 10 finished normally 0 blocked.
Executions attempted so far: 20 total 20 finished normally 0 blocked.
Executions attempted so far: 30 total 30 finished normally 0 blocked.
Executions attempted so far: 40 total 40 finished normally 0 blocked.
Executions attempted so far: 1 total 1 finished normally 0 blocked.
Executions attempted so far: 1 total 1 finished normally 0 blocked.
Executions attempted so far: 2 total 2 finished normally 0 blocked.
Executions attempted so far: 2 total 2 finished normally 0 blocked.
Executions attempted so far: 1 total 1 finished normally 0 blocked.
Executions attempted so far: 3 total 3 finished normally 0 blocked.
Executions attempted so far: 3 total 3 finished normally 0 blocked.
Executions attempted so far: 2 total 2 finished normally 0 blocked.
Executions attempted so far: 4 total 4 finished normally 0 blocked.
Executions attempted so far: 3 total 3 finished normally 0 blocked.
Executions attempted so far: 5 total 5 finished normally 0 blocked.
Executions attempted so far: 4 total 4 finished normally 0 blocked.
Executions attempted so far: 4 total 4 finished normally 0 blocked.
Executions attempted so far: 6 total 6 finished normally 0 blocked.
Executions attempted so far: 5 total 5 finished normally 0 blocked.
Executions attempted so far: 7 total 7 finished normally 0 blocked.
Executions attempted so far: 5 total 5 finished normally 0 blocked.
Executions attempted so far: 8 total 8 finished normally 0 blocked.
Executions attempted so far: 6 total 6 finished normally 0 blocked.
Executions attempted so far: 9 total 9 finished normally 0 blocked.
Executions attempted so far: 6 total 6 finished normally 0 blocked.
Executions attempted so far: 7 total 7 finished normally 0 blocked.
Executions attempted so far: 10 total 10 finished normally 0 blocked.
Executions attempted so far: 8 total 8 finished normally 0 blocked.
Executions attempted so far: 50 total 50 finished normally 0 blocked.
Executions attempted so far: 7 total 7 finished normally 0 blocked.
Executions attempted so far: 9 total 9 finished normally 0 blocked.
Executions attempted so far: 10 total 10 finished normally 0 blocked.
Executions attempted so far: 8 total 8 finished normally 0 blocked.
Executions attempted so far: 9 total 9 finished normally 0 blocked.
Executions attempted so far: 10 total 10 finished normally 0 blocked.
Executions attempted so far: 20 total 20 finished normally 0 blocked.
Executions attempted so far: 60 total 60 finished normally 0 blocked.
Executions attempted so far: 20 total 20 finished normally 0 blocked.
Executions attempted so far: 30 total 30 finished normally 0 blocked.
Executions attempted so far: 20 total 20 finished normally 0 blocked.
Executions attempted so far: 70 total 70 finished normally 0 blocked.
Executions attempted so far: 30 total 30 finished normally 0 blocked.
Executions attempted so far: 40 total 40 finished normally 0 blocked.
Executions attempted so far: 30 total 30 finished normally 0 blocked.
Executions attempted so far: 80 total 80 finished normally 0 blocked.
Executions attempted so far: 40 total 40 finished normally 0 blocked.
Executions attempted so far: 1 total 1 finished normally 0 blocked.
Executions attempted so far: 2 total 2 finished normally 0 blocked.
Executions attempted so far: 40 total 40 finished normally 0 blocked.
Executions attempted so far: 3 total 3 finished normally 0 blocked.
Executions attempted so far: 4 total 4 finished normally 0 blocked.
Executions attempted so far: 1 total 1 finished normally 0 blocked.
Executions attempted so far: 1 total 1 finished normally 0 blocked.
Executions attempted so far: 5 total 5 finished normally 0 blocked.
Executions attempted so far: 2 total 2 finished normally 0 blocked.
Executions attempted so far: 50 total 50 finished normally 0 blocked.
Executions attempted so far: 2 total 2 finished normally 0 blocked.
Executions attempted so far: 1 total 1 finished normally 0 blocked.
Executions attempted so far: 6 total 6 finished normally 0 blocked.
Executions attempted so far: 1 total 1 finished normally 0 blocked.
Executions attempted so far: 1 total 1 finished normally 0 blocked.
Executions attempted so far: 3 total 3 finished normally 0 blocked.
Executions attempted so far: 3 total 3 finished normally 0 blocked.
Executions attempted so far: 2 total 2 finished normally 0 blocked.
Executions attempted so far: 7 total 7 finished normally 0 blocked.
Executions attempted so far: 2 total 2 finished normally 0 blocked.
Executions attempted so far: 2 total 2 finished normally 0 blocked.
Executions attempted so far: 4 total 4 finished normally 0 blocked.
Executions attempted so far: 3 total 3 finished normally 0 blocked.
Executions attempted so far: 4 total 4 finished normally 0 blocked.
Executions attempted so far: 4 total 4 finished normally 0 blocked.
Executions attempted so far: 8 total 8 finished normally 0 blocked.
Executions attempted so far: 5 total 5 finished normally 0 blocked.
Executions attempted so far: 3 total 3 finished normally 0 blocked.
Executions attempted so far: 5 total 5 finished normally 0 blocked.
Executions attempted so far: 3 total 3 finished normally 0 blocked.
Executions attempted so far: 5 total 5 finished normally 0 blocked.
Executions attempted so far: 90 total 90 finished normally 0 blocked.
Executions attempted so far: 6 total 6 finished normally 0 blocked.
Executions attempted so far: 9 total 9 finished normally 0 blocked.
Executions attempted so far: 6 total 6 finished normally 0 blocked.
Executions attempted so far: 4 total 4 finished normally 0 blocked.
Executions attempted so far: 6 total 6 finished normally 0 blocked.
Executions attempted so far: 4 total 4 finished normally 0 blocked.
Executions attempted so far: 7 total 7 finished normally 0 blocked.
Executions attempted so far: 7 total 7 finished normally 0 blocked.
Executions attempted so far: 50 total 50 finished normally 0 blocked.
Executions attempted so far: 8 total 8 finished normally 0 blocked.
Executions attempted so far: 10 total 10 finished normally 0 blocked.
Executions attempted so far: 8 total 8 finished normally 0 blocked.
Executions attempted so far: 5 total 5 finished normally 0 blocked.
Executions attempted so far: 7 total 7 finished normally 0 blocked.
Executions attempted so far: 5 total 5 finished normally 0 blocked.
Executions attempted so far: 9 total 9 finished normally 0 blocked.
Executions attempted so far: 9 total 9 finished normally 0 blocked.
Executions attempted so far: 50 total 50 finished normally 0 blocked.
Executions attempted so far: 10 total 10 finished normally 0 blocked.
Executions attempted so far: 10 total 10 finished normally 0 blocked.
Executions attempted so far: 6 total 6 finished normally 0 blocked.
Executions attempted so far: 8 total 8 finished normally 0 blocked.
Executions attempted so far: 6 total 6 finished normally 0 blocked.
Executions attempted so far: 7 total 7 finished normally 0 blocked.
Executions attempted so far: 9 total 9 finished normally 0 blocked.
Executions attempted so far: 7 total 7 finished normally 0 blocked.
Executions attempted so far: 8 total 8 finished normally 0 blocked.
Executions attempted so far: 10 total 10 finished normally 0 blocked.
Executions attempted so far: 8 total 8 finished normally 0 blocked.
Executions attempted so far: 9 total 9 finished normally 0 blocked.
Executions attempted so far: 9 total 9 finished normally 0 blocked.
Executions attempted so far: 10 total 10 finished normally 0 blocked.
Executions attempted so far: 100 total 100 finished normally 0 blocked.
Executions attempted so far: 10 total 10 finished normally 0 blocked.
Executions attempted so far: 60 total 60 finished normally 0 blocked.
Executions attempted so far: 60 total 60 finished normally 0 blocked.
Executions attempted so far: 20 total 20 finished normally 0 blocked.
Executions attempted so far: 20 total 20 finished normally 0 blocked.
Executions attempted so far: 20 total 20 finished normally 0 blocked.
Executions attempted so far: 60 total 60 finished normally 0 blocked.
Executions attempted so far: 20 total 20 finished normally 0 blocked.
Executions attempted so far: 70 total 70 finished normally 0 blocked.
Executions attempted so far: 20 total 20 finished normally 0 blocked.
Executions attempted so far: 20 total 20 finished normally 0 blocked.
Executions attempted so far: 30 total 30 finished normally 0 blocked.
Executions attempted so far: 70 total 70 finished normally 0 blocked.
Executions attempted so far: 30 total 30 finished normally 0 blocked.
Executions attempted so far: 80 total 80 finished normally 0 blocked.
Executions attempted so far: 70 total 70 finished normally 0 blocked.
Executions attempted so far: 30 total 30 finished normally 0 blocked.
Executions attempted so far: 40 total 40 finished normally 0 blocked.
Executions attempted so far: 40 total 40 finished normally 0 blocked.
Executions attempted so far: 30 total 30 finished normally 0 blocked.
Executions attempted so far: 30 total 30 finished normally 0 blocked.
Executions attempted so far: 1 total 1 finished normally 0 blocked.
Executions attempted so far: 2 total 2 finished normally 0 blocked.
Executions attempted so far: 30 total 30 finished normally 0 blocked.
Executions attempted so far: 80 total 80 finished normally 0 blocked.
Executions attempted so far: 1 total 1 finished normally 0 blocked.
Executions attempted so far: 3 total 3 finished normally 0 blocked.
Executions attempted so far: 90 total 90 finished normally 0 blocked.
Executions attempted so far: 4 total 4 finished normally 0 blocked.
Executions attempted so far: 1 total 1 finished normally 0 blocked.
Executions attempted so far: 2 total 2 finished normally 0 blocked.
Executions attempted so far: 5 total 5 finished normally 0 blocked.
Executions attempted so far: 3 total 3 finished normally 0 blocked.
Executions attempted so far: 2 total 2 finished normally 0 blocked.
Executions attempted so far: 6 total 6 finished normally 0 blocked.
Executions attempted so far: 4 total 4 finished normally 0 blocked.
Executions attempted so far: 3 total 3 finished normally 0 blocked.
Executions attempted so far: 5 total 5 finished normally 0 blocked.
Executions attempted so far: 7 total 7 finished normally 0 blocked.
Executions attempted so far: 50 total 50 finished normally 0 blocked.
Executions attempted so far: 4 total 4 finished normally 0 blocked.
Executions attempted so far: 80 total 80 finished normally 0 blocked.
Executions attempted so far: 40 total 40 finished normally 0 blocked.
Executions attempted so far: 8 total 8 finished normally 0 blocked.
Executions attempted so far: 6 total 6 finished normally 0 blocked.
Executions attempted so far: 5 total 5 finished normally 0 blocked.
Executions attempted so far: 9 total 9 finished normally 0 blocked.
Executions attempted so far: 40 total 40 finished normally 0 blocked.
Executions attempted so far: 1 total 1 finished normally 0 blocked.
Executions attempted so far: 7 total 7 finished normally 0 blocked.
Executions attempted so far: 6 total 6 finished normally 0 blocked.
Executions attempted so far: 10 total 10 finished normally 0 blocked.
Executions attempted so far: 8 total 8 finished normally 0 blocked.
Executions attempted so far: 7 total 7 finished normally 0 blocked.
Executions attempted so far: 2 total 2 finished normally 0 blocked.
Executions attempted so far: 40 total 40 finished normally 0 blocked.
Executions attempted so far: 8 total 8 finished normally 0 blocked.
Executions attempted so far: 9 total 9 finished normally 0 blocked.
Executions attempted so far: 1 total 1 finished normally 0 blocked.
Executions attempted so far: 3 total 3 finished normally 0 blocked.
Executions attempted so far: 10 total 10 finished normally 0 blocked.
Executions attempted so far: 9 total 9 finished normally 0 blocked.
Executions attempted so far: 50 total 50 finished normally 0 blocked.
Executions attempted so far: 40 total 40 finished normally 0 blocked.
Executions attempted so far: 4 total 4 finished normally 0 blocked.
Executions attempted so far: 2 total 2 finished normally 0 blocked.
Executions attempted so far: 10 total 10 finished normally 0 blocked.
Executions attempted so far: 90 total 90 finished normally 0 blocked.
Executions attempted so far: 100 total 100 finished normally 0 blocked.
Executions attempted so far: 3 total 3 finished normally 0 blocked.
Executions attempted so far: 1 total 1 finished normally 0 blocked.
Executions attempted so far: 4 total 4 finished normally 0 blocked.
Executions attempted so far: 2 total 2 finished normally 0 blocked.
Executions attempted so far: 60 total 60 finished normally 0 blocked.
Executions attempted so far: 90 total 90 finished normally 0 blocked.
Executions attempted so far: 5 total 5 finished normally 0 blocked.
Executions attempted so far: 3 total 3 finished normally 0 blocked.
Executions attempted so far: 50 total 50 finished normally 0 blocked.
Executions attempted so far: 6 total 6 finished normally 0 blocked.
Executions attempted so far: 50 total 50 finished normally 0 blocked.
Executions attempted so far: 4 total 4 finished normally 0 blocked.
Executions attempted so far: 20 total 20 finished normally 0 blocked.
Executions attempted so far: 5 total 5 finished normally 0 blocked.
Executions attempted so far: 5 total 5 finished normally 0 blocked.
Executions attempted so far: 7 total 7 finished normally 0 blocked.
Executions attempted so far: 6 total 6 finished normally 0 blocked.
Executions attempted so far: 6 total 6 finished normally 0 blocked.
Executions attempted so far: 8 total 8 finished normally 0 blocked.
Executions attempted so far: 60 total 60 finished normally 0 blocked.
Executions attempted so far: 7 total 7 finished normally 0 blocked.
Executions attempted so far: 7 total 7 finished normally 0 blocked.
Executions attempted so far: 9 total 9 finished normally 0 blocked.
Executions attempted so far: 20 total 20 finished normally 0 blocked.
Executions attempted so far: 50 total 50 finished normally 0 blocked.
Executions attempted so far: 8 total 8 finished normally 0 blocked.
Executions attempted so far: 8 total 8 finished normally 0 blocked.
Executions attempted so far: 100 total 100 finished normally 0 blocked.
Executions attempted so far: 50 total 50 finished normally 0 blocked.
Executions attempted so far: 9 total 9 finished normally 0 blocked.
Executions attempted so far: 20 total 20 finished normally 0 blocked.
Executions attempted so far: 10 total 10 finished normally 0 blocked.
Executions attempted so far: 100 total 100 finished normally 0 blocked.
Executions attempted so far: 70 total 70 finished normally 0 blocked.
Executions attempted so far: 10 total 10 finished normally 0 blocked.
Executions attempted so far: 60 total 60 finished normally 0 blocked.
Executions attempted so far: 30 total 30 finished normally 0 blocked.
Executions attempted so far: 60 total 60 finished normally 0 blocked.
Executions attempted so far: 30 total 30 finished normally 0 blocked.
Executions attempted so far: 70 total 70 finished normally 0 blocked.
Executions attempted so far: 60 total 60 finished normally 0 blocked.
Executions attempted so far: 60 total 60 finished normally 0 blocked.
Executions attempted so far: 9 total 9 finished normally 0 blocked.
Executions attempted so far: 10 total 10 finished normally 0 blocked.
Executions attempted so far: 30 total 30 finished normally 0 blocked.
Executions attempted so far: 20 total 20 finished normally 0 blocked.
Executions attempted so far: 80 total 80 finished normally 0 blocked.
Executions attempted so far: 70 total 70 finished normally 0 blocked.
Executions attempted so far: 40 total 40 finished normally 0 blocked.
Executions attempted so far: 70 total 70 finished normally 0 blocked.
Executions attempted so far: 80 total 80 finished normally 0 blocked.
Executions attempted so far: 40 total 40 finished normally 0 blocked.
Executions attempted so far: 70 total 70 finished normally 0 blocked.
Executions attempted so far: 70 total 70 finished normally 0 blocked.
Executions attempted so far: 20 total 20 finished normally 0 blocked.
Executions attempted so far: 20 total 20 finished normally 0 blocked.
Executions attempted so far: 80 total 80 finished normally 0 blocked.
Executions attempted so far: 50 total 50 finished normally 0 blocked.
Executions attempted so far: 90 total 90 finished normally 0 blocked.
Executions attempted so far: 30 total 30 finished normally 0 blocked.
Executions attempted so far: 80 total 80 finished normally 0 blocked.
Executions attempted so far: 90 total 90 finished normally 0 blocked.
Executions attempted so far: 50 total 50 finished normally 0 blocked.
Executions attempted so far: 80 total 80 finished normally 0 blocked.
Executions attempted so far: 80 total 80 finished normally 0 blocked.
Executions attempted so far: 30 total 30 finished normally 0 blocked.
Executions attempted so far: 90 total 90 finished normally 0 blocked.
Executions attempted so far: 60 total 60 finished normally 0 blocked.
Executions attempted so far: 100 total 100 finished normally 0 blocked.
Executions attempted so far: 40 total 40 finished normally 0 blocked.
Executions attempted so far: 40 total 40 finished normally 0 blocked.
Executions attempted so far: 100 total 100 finished normally 0 blocked.
Executions attempted so far: 90 total 90 finished normally 0 blocked.
Executions attempted so far: 60 total 60 finished normally 0 blocked.
Executions attempted so far: 90 total 90 finished normally 0 blocked.
Executions attempted so far: 90 total 90 finished normally 0 blocked.
Executions attempted so far: 30 total 30 finished normally 0 blocked.
Executions attempted so far: 40 total 40 finished normally 0 blocked.
Executions attempted so far: 100 total 100 finished normally 0 blocked.
Executions attempted so far: 70 total 70 finished normally 0 blocked.
Executions attempted so far: 100 total 100 finished normally 0 blocked.
Executions attempted so far: 70 total 70 finished normally 0 blocked.
Executions attempted so far: 100 total 100 finished normally 0 blocked.
Executions attempted so far: 50 total 50 finished normally 0 blocked.
Executions attempted so far: 100 total 100 finished normally 0 blocked.
Executions attempted so far: 80 total 80 finished normally 0 blocked.
Executions attempted so far: 50 total 50 finished normally 0 blocked.
Executions attempted so far: 80 total 80 finished normally 0 blocked.
Executions attempted so far: 60 total 60 finished normally 0 blocked.
Executions attempted so far: 50 total 50 finished normally 0 blocked.
Executions attempted so far: 60 total 60 finished normally 0 blocked.
Executions attempted so far: 90 total 90 finished normally 0 blocked.
Executions attempted so far: 40 total 40 finished normally 0 blocked.
Executions attempted so far: 90 total 90 finished normally 0 blocked.
Executions attempted so far: 70 total 70 finished normally 0 blocked.
Executions attempted so far: 70 total 70 finished normally 0 blocked.
Executions attempted so far: 100 total 100 finished normally 0 blocked.
Executions attempted so far: 100 total 100 finished normally 0 blocked.
Executions attempted so far: 80 total 80 finished normally 0 blocked.
Executions attempted so far: 60 total 60 finished normally 0 blocked.
Executions attempted so far: 80 total 80 finished normally 0 blocked.
Executions attempted so far: 200 total 200 finished normally 0 blocked.
Executions attempted so far: 90 total 90 finished normally 0 blocked.
Executions attempted so far: 90 total 90 finished normally 0 blocked.
Executions attempted so far: 50 total 50 finished normally 0 blocked.
Executions attempted so far: 100 total 100 finished normally 0 blocked.
Executions attempted so far: 200 total 200 finished normally 0 blocked.
Executions attempted so far: 100 total 100 finished normally 0 blocked.
Executions attempted so far: 60 total 60 finished normally 0 blocked.
Executions attempted so far: 200 total 200 finished normally 0 blocked.
Executions attempted so far: 70 total 70 finished normally 0 blocked.
Executions attempted so far: 80 total 80 finished normally 0 blocked.
Executions attempted so far: 70 total 70 finished normally 0 blocked.
Executions attempted so far: 200 total 200 finished normally 0 blocked.
Executions attempted so far: 200 total 200 finished normally 0 blocked.
Executions attempted so far: 200 total 200 finished normally 0 blocked.
Executions attempted so far: 80 total 80 finished normally 0 blocked.
Executions attempted so far: 200 total 200 finished normally 0 blocked.
Executions attempted so far: 200 total 200 finished normally 0 blocked.
Executions attempted so far: 200 total 200 finished normally 0 blocked.
Executions attempted so far: 200 total 200 finished normally 0 blocked.
Executions attempted so far: 90 total 90 finished normally 0 blocked.
Executions attempted so far: 90 total 90 finished normally 0 blocked.
Executions attempted so far: 200 total 200 finished normally 0 blocked.
Executions attempted so far: 100 total 100 finished normally 0 blocked.
Executions attempted so far: 200 total 200 finished normally 0 blocked.
Executions attempted so far: 300 total 300 finished normally 0 blocked.
Executions attempted so far: 200 total 200 finished normally 0 blocked.
Executions attempted so far: 100 total 100 finished normally 0 blocked.
Executions attempted so far: 200 total 200 finished normally 0 blocked.
Executions attempted so far: 300 total 300 finished normally 0 blocked.
Executions attempted so far: 300 total 300 finished normally 0 blocked.
Executions attempted so far: 300 total 300 finished normally 0 blocked.
Executions attempted so far: 300 total 300 finished normally 0 blocked.
Executions attempted so far: 300 total 300 finished normally 0 blocked.
Executions attempted so far: 300 total 300 finished normally 0 blocked.
Executions attempted so far: 300 total 300 finished normally 0 blocked.
Executions attempted so far: 300 total 300 finished normally 0 blocked.
Executions attempted so far: 300 total 300 finished normally 0 blocked.
Executions attempted so far: 300 total 300 finished normally 0 blocked.
Executions attempted so far: 400 total 400 finished normally 0 blocked.
Executions attempted so far: 300 total 300 finished normally 0 blocked.
Executions attempted so far: 400 total 400 finished normally 0 blocked.
Executions attempted so far: 300 total 300 finished normally 0 blocked.
Executions attempted so far: 400 total 400 finished normally 0 blocked.
Executions attempted so far: 400 total 400 finished normally 0 blocked.
Executions attempted so far: 400 total 400 finished normally 0 blocked.
Executions attempted so far: 300 total 300 finished normally 0 blocked.
Executions attempted so far: 400 total 400 finished normally 0 blocked.
Executions attempted so far: 400 total 400 finished normally 0 blocked.
Executions attempted so far: 200 total 200 finished normally 0 blocked.
Executions attempted so far: 400 total 400 finished normally 0 blocked.
Executions attempted so far: 400 total 400 finished normally 0 blocked.
Executions attempted so far: 200 total 200 finished normally 0 blocked.
Executions attempted so far: 400 total 400 finished normally 0 blocked.
Executions attempted so far: 500 total 500 finished normally 0 blocked.
Executions attempted so far: 400 total 400 finished normally 0 blocked.
Executions attempted so far: 400 total 400 finished normally 0 blocked.
Executions attempted so far: 500 total 500 finished normally 0 blocked.
Executions attempted so far: 500 total 500 finished normally 0 blocked.
Executions attempted so far: 400 total 400 finished normally 0 blocked.
Executions attempted so far: 500 total 500 finished normally 0 blocked.
Executions attempted so far: 500 total 500 finished normally 0 blocked.
Executions attempted so far: 500 total 500 finished normally 0 blocked.
Executions attempted so far: 500 total 500 finished normally 0 blocked.
Executions attempted so far: 500 total 500 finished normally 0 blocked.
Executions attempted so far: 500 total 500 finished normally 0 blocked.
Executions attempted so far: 600 total 600 finished normally 0 blocked.
Executions attempted so far: 600 total 600 finished normally 0 blocked.
Executions attempted so far: 500 total 500 finished normally 0 blocked.
Executions attempted so far: 600 total 600 finished normally 0 blocked.
Executions attempted so far: 500 total 500 finished normally 0 blocked.
Executions attempted so far: 600 total 600 finished normally 0 blocked.
Executions attempted so far: 600 total 600 finished normally 0 blocked.
Executions attempted so far: 500 total 500 finished normally 0 blocked.
Executions attempted so far: 600 total 600 finished normally 0 blocked.
Executions attempted so far: 600 total 600 finished normally 0 blocked.
Executions attempted so far: 400 total 400 finished normally 0 blocked.
Executions attempted so far: 300 total 300 finished normally 0 blocked.
Executions attempted so far: 300 total 300 finished normally 0 blocked.
Executions attempted so far: 700 total 700 finished normally 0 blocked.
Executions attempted so far: 600 total 600 finished normally 0 blocked.
Executions attempted so far: 600 total 600 finished normally 0 blocked.
Executions attempted so far: 700 total 700 finished normally 0 blocked.
Executions attempted so far: 500 total 500 finished normally 0 blocked.
Executions attempted so far: 600 total 600 finished normally 0 blocked.
Executions attempted so far: 700 total 700 finished normally 0 blocked.
Executions attempted so far: 700 total 700 finished normally 0 blocked.
Executions attempted so far: 700 total 700 finished normally 0 blocked.
Executions attempted so far: 600 total 600 finished normally 0 blocked.
Executions attempted so far: 600 total 600 finished normally 0 blocked.
Executions attempted so far: 700 total 700 finished normally 0 blocked.
Executions attempted so far: 500 total 500 finished normally 0 blocked.
Executions attempted so far: 700 total 700 finished normally 0 blocked.
Executions attempted so far: 700 total 700 finished normally 0 blocked.
Executions attempted so far: 800 total 800 finished normally 0 blocked.
Executions attempted so far: 700 total 700 finished normally 0 blocked.
Executions attempted so far: 800 total 800 finished normally 0 blocked.
Executions attempted so far: 800 total 800 finished normally 0 blocked.
Executions attempted so far: 800 total 800 finished normally 0 blocked.
Executions attempted so far: 700 total 700 finished normally 0 blocked.
Executions attempted so far: 700 total 700 finished normally 0 blocked.
Executions attempted so far: 800 total 800 finished normally 0 blocked.
Executions attempted so far: 700 total 700 finished normally 0 blocked.
Executions attempted so far: 800 total 800 finished normally 0 blocked.
Executions attempted so far: 400 total 400 finished normally 0 blocked.
Executions attempted so far: 600 total 600 finished normally 0 blocked.
Executions attempted so far: 800 total 800 finished normally 0 blocked.
Executions attempted so far: 400 total 400 finished normally 0 blocked.
Executions attempted so far: 900 total 900 finished normally 0 blocked.
Executions attempted so far: 600 total 600 finished normally 0 blocked.
Executions attempted so far: 800 total 800 finished normally 0 blocked.
Executions attempted so far: 900 total 900 finished normally 0 blocked.
Executions attempted so far: 900 total 900 finished normally 0 blocked.
Executions attempted so far: 800 total 800 finished normally 0 blocked.
Executions attempted so far: 800 total 800 finished normally 0 blocked.
Executions attempted so far: 900 total 900 finished normally 0 blocked.
Executions attempted so far: 900 total 900 finished normally 0 blocked.
Executions attempted so far: 900 total 900 finished normally 0 blocked.
Executions attempted so far: 800 total 800 finished normally 0 blocked.
Executions attempted so far: 700 total 700 finished normally 0 blocked.
Executions attempted so far: 500 total 500 finished normally 0 blocked.
Executions attempted so far: 900 total 900 finished normally 0 blocked.
Executions attempted so far: 800 total 800 finished normally 0 blocked.
Executions attempted so far: 1000 total 1000 finished normally 0 blocked.
Executions attempted so far: 1000 total 1000 finished normally 0 blocked.
Executions attempted so far: 900 total 900 finished normally 0 blocked.
Executions attempted so far: 1000 total 1000 finished normally 0 blocked.
Executions attempted so far: 900 total 900 finished normally 0 blocked.
Executions attempted so far: 900 total 900 finished normally 0 blocked.
Executions attempted so far: 1000 total 1000 finished normally 0 blocked.
Executions attempted so far: 1000 total 1000 finished normally 0 blocked.
Executions attempted so far: 1000 total 1000 finished normally 0 blocked.
Executions attempted so far: 800 total 800 finished normally 0 blocked.
Executions attempted so far: 900 total 900 finished normally 0 blocked.
Executions attempted so far: 500 total 500 finished normally 0 blocked.
Executions attempted so far: 600 total 600 finished normally 0 blocked.
Executions attempted so far: 1000 total 1000 finished normally 0 blocked.
Executions attempted so far: 900 total 900 finished normally 0 blocked.
Executions attempted so far: 900 total 900 finished normally 0 blocked.
Executions attempted so far: 1000 total 1000 finished normally 0 blocked.
Executions attempted so far: 1000 total 1000 finished normally 0 blocked.
Executions attempted so far: 700 total 700 finished normally 0 blocked.
Executions attempted so far: 1000 total 1000 finished normally 0 blocked.
Executions attempted so far: 1000 total 1000 finished normally 0 blocked.
Executions attempted so far: 1000 total 1000 finished normally 0 blocked.
Executions attempted so far: 700 total 700 finished normally 0 blocked.
Executions attempted so far: 1000 total 1000 finished normally 0 blocked.
Executions attempted so far: 600 total 600 finished normally 0 blocked.
Executions attempted so far: 800 total 800 finished normally 0 blocked.
Executions attempted so far: 800 total 800 finished normally 0 blocked.
Executions attempted so far: 900 total 900 finished normally 0 blocked.
Executions attempted so far: 700 total 700 finished normally 0 blocked.
Executions attempted so far: 1000 total 1000 finished normally 0 blocked.
Executions attempted so far: 900 total 900 finished normally 0 blocked.
Executions attempted so far: 800 total 800 finished normally 0 blocked.
Executions attempted so far: 1000 total 1000 finished normally 0 blocked.
Executions attempted so far: 2000 total 2000 finished normally 0 blocked.
Executions attempted so far: 900 total 900 finished normally 0 blocked.
Executions attempted so far: 1000 total 1000 finished normally 0 blocked.
Executions attempted so far: 2000 total 2000 finished normally 0 blocked.
Executions attempted so far: 2000 total 2000 finished normally 0 blocked.
Executions attempted so far: 2000 total 2000 finished normally 0 blocked.
Executions attempted so far: 2000 total 2000 finished normally 0 blocked.
Executions attempted so far: 2000 total 2000 finished normally 0 blocked.
Executions attempted so far: 2000 total 2000 finished normally 0 blocked.
Executions attempted so far: 2000 total 2000 finished normally 0 blocked.
Executions attempted so far: 2000 total 2000 finished normally 0 blocked.
Executions attempted so far: 2000 total 2000 finished normally 0 blocked.
Executions attempted so far: 2000 total 2000 finished normally 0 blocked.
Executions attempted so far: 2000 total 2000 finished normally 0 blocked.
Executions attempted so far: 2000 total 2000 finished normally 0 blocked.
Executions attempted so far: 2000 total 2000 finished normally 0 blocked.
Executions attempted so far: 3000 total 3000 finished normally 0 blocked.
Executions attempted so far: 2000 total 2000 finished normally 0 blocked.
Executions attempted so far: 2000 total 2000 finished normally 0 blocked.
Executions attempted so far: 3000 total 3000 finished normally 0 blocked.
Executions attempted so far: 3000 total 3000 finished normally 0 blocked.
Executions attempted so far: 3000 total 3000 finished normally 0 blocked.
Executions attempted so far: 3000 total 3000 finished normally 0 blocked.
Executions attempted so far: 3000 total 3000 finished normally 0 blocked.
Executions attempted so far: 3000 total 3000 finished normally 0 blocked.
Executions attempted so far: 3000 total 3000 finished normally 0 blocked.
Executions attempted so far: 3000 total 3000 finished normally 0 blocked.
Executions attempted so far: 3000 total 3000 finished normally 0 blocked.
Executions attempted so far: 3000 total 3000 finished normally 0 blocked.
Executions attempted so far: 3000 total 3000 finished normally 0 blocked.
Executions attempted so far: 3000 total 3000 finished normally 0 blocked.
Executions attempted so far: 3000 total 3000 finished normally 0 blocked.
Executions attempted so far: 4000 total 4000 finished normally 0 blocked.
Executions attempted so far: 4000 total 4000 finished normally 0 blocked.
Executions attempted so far: 3000 total 3000 finished normally 0 blocked.
Executions attempted so far: 3000 total 3000 finished normally 0 blocked.
Executions attempted so far: 4000 total 4000 finished normally 0 blocked.
Executions attempted so far: 4000 total 4000 finished normally 0 blocked.
Executions attempted so far: 4000 total 4000 finished normally 0 blocked.
Executions attempted so far: 4000 total 4000 finished normally 0 blocked.
Executions attempted so far: 4000 total 4000 finished normally 0 blocked.
Executions attempted so far: 4000 total 4000 finished normally 0 blocked.
Executions attempted so far: 4000 total 4000 finished normally 0 blocked.
Executions attempted so far: 4000 total 4000 finished normally 0 blocked.
Executions attempted so far: 4000 total 4000 finished normally 0 blocked.
Executions attempted so far: 4000 total 4000 finished normally 0 blocked.
Executions attempted so far: 4000 total 4000 finished normally 0 blocked.
Executions attempted so far: 4000 total 4000 finished normally 0 blocked.
Executions attempted so far: 5000 total 5000 finished normally 0 blocked.
Executions attempted so far: 5000 total 5000 finished normally 0 blocked.
Executions attempted so far: 5000 total 5000 finished normally 0 blocked.
Executions attempted so far: 5000 total 5000 finished normally 0 blocked.
Executions attempted so far: 5000 total 5000 finished normally 0 blocked.
Executions attempted so far: 5000 total 5000 finished normally 0 blocked.
Executions attempted so far: 4000 total 4000 finished normally 0 blocked.
Executions attempted so far: 5000 total 5000 finished normally 0 blocked.
Executions attempted so far: 4000 total 4000 finished normally 0 blocked.
Executions attempted so far: 5000 total 5000 finished normally 0 blocked.
Executions attempted so far: 5000 total 5000 finished normally 0 blocked.
Executions attempted so far: 5000 total 5000 finished normally 0 blocked.
Executions attempted so far: 5000 total 5000 finished normally 0 blocked.
Executions attempted so far: 5000 total 5000 finished normally 0 blocked.
Executions attempted so far: 5000 total 5000 finished normally 0 blocked.
Executions attempted so far: 5000 total 5000 finished normally 0 blocked.
Executions attempted so far: 6000 total 6000 finished normally 0 blocked.
Executions attempted so far: 6000 total 6000 finished normally 0 blocked.
Executions attempted so far: 6000 total 6000 finished normally 0 blocked.
Executions attempted so far: 6000 total 6000 finished normally 0 blocked.
Executions attempted so far: 6000 total 6000 finished normally 0 blocked.
Executions attempted so far: 5000 total 5000 finished normally 0 blocked.
Executions attempted so far: 6000 total 6000 finished normally 0 blocked.
Executions attempted so far: 6000 total 6000 finished normally 0 blocked.
Executions attempted so far: 5000 total 5000 finished normally 0 blocked.
Executions attempted so far: 6000 total 6000 finished normally 0 blocked.
Executions attempted so far: 6000 total 6000 finished normally 0 blocked.
Executions attempted so far: 6000 total 6000 finished normally 0 blocked.
Executions attempted so far: 6000 total 6000 finished normally 0 blocked.
Executions attempted so far: 6000 total 6000 finished normally 0 blocked.
Executions attempted so far: 6000 total 6000 finished normally 0 blocked.
Executions attempted so far: 6000 total 6000 finished normally 0 blocked.
Executions attempted so far: 7000 total 7000 finished normally 0 blocked.
Executions attempted so far: 7000 total 7000 finished normally 0 blocked.
Executions attempted so far: 7000 total 7000 finished normally 0 blocked.
Executions attempted so far: 7000 total 7000 finished normally 0 blocked.
Executions attempted so far: 7000 total 7000 finished normally 0 blocked.
Executions attempted so far: 6000 total 6000 finished normally 0 blocked.
Executions attempted so far: 7000 total 7000 finished normally 0 blocked.
Executions attempted so far: 7000 total 7000 finished normally 0 blocked.
Executions attempted so far: 7000 total 7000 finished normally 0 blocked.
Executions attempted so far: 7000 total 7000 finished normally 0 blocked.
Executions attempted so far: 7000 total 7000 finished normally 0 blocked.
Executions attempted so far: 7000 total 7000 finished normally 0 blocked.
Executions attempted so far: 7000 total 7000 finished normally 0 blocked.
Executions attempted so far: 6000 total 6000 finished normally 0 blocked.
Executions attempted so far: 7000 total 7000 finished normally 0 blocked.
Executions attempted so far: 7000 total 7000 finished normally 0 blocked.
Executions attempted so far: 8000 total 8000 finished normally 0 blocked.
Executions attempted so far: 8000 total 8000 finished normally 0 blocked.
Executions attempted so far: 8000 total 8000 finished normally 0 blocked.
Executions attempted so far: 8000 total 8000 finished normally 0 blocked.
Executions attempted so far: 8000 total 8000 finished normally 0 blocked.
Executions attempted so far: 7000 total 7000 finished normally 0 blocked.
Executions attempted so far: 8000 total 8000 finished normally 0 blocked.
Executions attempted so far: 8000 total 8000 finished normally 0 blocked.
Executions attempted so far: 8000 total 8000 finished normally 0 blocked.
Executions attempted so far: 8000 total 8000 finished normally 0 blocked.
Executions attempted so far: 8000 total 8000 finished normally 0 blocked.
Executions attempted so far: 8000 total 8000 finished normally 0 blocked.
Executions attempted so far: 7000 total 7000 finished normally 0 blocked.
Executions attempted so far: 8000 total 8000 finished normally 0 blocked.
Executions attempted so far: 8000 total 8000 finished normally 0 blocked.
Executions attempted so far: 9000 total 9000 finished normally 0 blocked.
Executions attempted so far: 9000 total 9000 finished normally 0 blocked.
Executions attempted so far: 9000 total 9000 finished normally 0 blocked.
Executions attempted so far: 9000 total 9000 finished normally 0 blocked.
Executions attempted so far: 9000 total 9000 finished normally 0 blocked.
Executions attempted so far: 8000 total 8000 finished normally 0 blocked.
Executions attempted so far: 9000 total 9000 finished normally 0 blocked.
Executions attempted so far: 9000 total 9000 finished normally 0 blocked.
Executions attempted so far: 9000 total 9000 finished normally 0 blocked.
Executions attempted so far: 8000 total 8000 finished normally 0 blocked.
Executions attempted so far: 9000 total 9000 finished normally 0 blocked.
Executions attempted so far: 9000 total 9000 finished normally 0 blocked.
Executions attempted so far: 9000 total 9000 finished normally 0 blocked.
Executions attempted so far: 8000 total 8000 finished normally 0 blocked.
Executions attempted so far: 10000 total 10000 finished normally 0 blocked.
Executions attempted so far: 9000 total 9000 finished normally 0 blocked.
Executions attempted so far: 10000 total 10000 finished normally 0 blocked.
Executions attempted so far: 9000 total 9000 finished normally 0 blocked.
Executions attempted so far: 10000 total 10000 finished normally 0 blocked.
Executions attempted so far: 10000 total 10000 finished normally 0 blocked.
Executions attempted so far: 9000 total 9000 finished normally 0 blocked.
Executions attempted so far: 10000 total 10000 finished normally 0 blocked.
Executions attempted so far: 10000 total 10000 finished normally 0 blocked.
Executions attempted so far: 10000 total 10000 finished normally 0 blocked.
Executions attempted so far: 10000 total 10000 finished normally 0 blocked.
Executions attempted so far: 10000 total 10000 finished normally 0 blocked.
Executions attempted so far: 10000 total 10000 finished normally 0 blocked.
Executions attempted so far: 10000 total 10000 finished normally 0 blocked.
Executions attempted so far: 9000 total 9000 finished normally 0 blocked.
Executions attempted so far: 10000 total 10000 finished normally 0 blocked.
Executions attempted so far: 10000 total 10000 finished normally 0 blocked.
Executions attempted so far: 10000 total 10000 finished normally 0 blocked.
Executions attempted so far: 9000 total 9000 finished normally 0 blocked.
Executions attempted so far: 10000 total 10000 finished normally 0 blocked.
Executions attempted so far: 10000 total 10000 finished normally 0 blocked.
Executions attempted so far: 20000 total 20000 finished normally 0 blocked.
Executions attempted so far: 20000 total 20000 finished normally 0 blocked.
Executions attempted so far: 20000 total 20000 finished normally 0 blocked.
Executions attempted so far: 20000 total 20000 finished normally 0 blocked.
Executions attempted so far: 20000 total 20000 finished normally 0 blocked.
Executions attempted so far: 20000 total 20000 finished normally 0 blocked.
Executions attempted so far: 20000 total 20000 finished normally 0 blocked.
Executions attempted so far: 20000 total 20000 finished normally 0 blocked.
Executions attempted so far: 20000 total 20000 finished normally 0 blocked.
Executions attempted so far: 20000 total 20000 finished normally 0 blocked.
Executions attempted so far: 20000 total 20000 finished normally 0 blocked.
Executions attempted so far: 20000 total 20000 finished normally 0 blocked.
Executions attempted so far: 20000 total 20000 finished normally 0 blocked.
Executions attempted so far: 20000 total 20000 finished normally 0 blocked.
Executions attempted so far: 20000 total 20000 finished normally 0 blocked.
Executions attempted so far: 20000 total 20000 finished normally 0 blocked.
Executions attempted so far: 30000 total 30000 finished normally 0 blocked.
Executions attempted so far: 30000 total 30000 finished normally 0 blocked (6000.00/sec).
Executions attempted so far: 30000 total 30000 finished normally 0 blocked (6000.00/sec).
Executions attempted so far: 30000 total 30000 finished normally 0 blocked (6000.00/sec).
Executions attempted so far: 30000 total 30000 finished normally 0 blocked (6000.00/sec).
Executions attempted so far: 30000 total 30000 finished normally 0 blocked (6000.00/sec).
Executions attempted so far: 30000 total 30000 finished normally 0 blocked (6000.00/sec).
Executions attempted so far: 30000 total 30000 finished normally 0 blocked (6000.00/sec).
Executions attempted so far: 30000 total 30000 finished normally 0 blocked (6000.00/sec).
Executions attempted so far: 30000 total 30000 finished normally 0 blocked (6000.00/sec).
Executions attempted so far: 30000 total 30000 finished normally 0 blocked (6000.00/sec).
Executions attempted so far: 30000 total 30000 finished normally 0 blocked (6000.00/sec).
Executions attempted so far: 30000 total 30000 finished normally 0 blocked (6000.00/sec).
Executions attempted so far: 30000 total 30000 finished normally 0 blocked (6000.00/sec).
Executions attempted so far: 30000 total 30000 finished normally 0 blocked (6000.00/sec).
Executions attempted so far: 30000 total 30000 finished normally 0 blocked (6000.00/sec).
Executions attempted so far: 40000 total 40000 finished normally 0 blocked (6666.67/sec).
Executions attempted so far: 40000 total 40000 finished normally 0 blocked (6666.67/sec).
Executions attempted so far: 40000 total 40000 finished normally 0 blocked (6666.67/sec).
Executions attempted so far: 40000 total 40000 finished normally 0 blocked (6666.67/sec).
Executions attempted so far: 40000 total 40000 finished normally 0 blocked (5714.29/sec).
Executions attempted so far: 40000 total 40000 finished normally 0 blocked (5714.29/sec).
Executions attempted so far: 40000 total 40000 finished normally 0 blocked (5714.29/sec).
Executions attempted so far: 40000 total 40000 finished normally 0 blocked (5714.29/sec).
Executions attempted so far: 40000 total 40000 finished normally 0 blocked (5714.29/sec).
Executions attempted so far: 40000 total 40000 finished normally 0 blocked (5714.29/sec).
Executions attempted so far: 40000 total 40000 finished normally 0 blocked (5714.29/sec).
Executions attempted so far: 40000 total 40000 finished normally 0 blocked (5714.29/sec).
Executions attempted so far: 40000 total 40000 finished normally 0 blocked (5714.29/sec).
Executions attempted so far: 40000 total 40000 finished normally 0 blocked (5714.29/sec).
Executions attempted so far: 40000 total 40000 finished normally 0 blocked (5000.00/sec).
Executions attempted so far: 40000 total 40000 finished normally 0 blocked (5000.00/sec).
Executions attempted so far: 50000 total 50000 finished normally 0 blocked (6250.00/sec).
Executions attempted so far: 50000 total 50000 finished normally 0 blocked (6250.00/sec).
Executions attempted so far: 50000 total 50000 finished normally 0 blocked (6250.00/sec).
Executions attempted so far: 50000 total 50000 finished normally 0 blocked (6250.00/sec).
Executions attempted so far: 50000 total 50000 finished normally 0 blocked (6250.00/sec).
Executions attempted so far: 50000 total 50000 finished normally 0 blocked (5555.56/sec).
Executions attempted so far: 50000 total 50000 finished normally 0 blocked (5555.56/sec).
Executions attempted so far: 50000 total 50000 finished normally 0 blocked (5555.56/sec).
Executions attempted so far: 50000 total 50000 finished normally 0 blocked (5555.56/sec).
Executions attempted so far: 50000 total 50000 finished normally 0 blocked (5555.56/sec).
Executions attempted so far: 50000 total 50000 finished normally 0 blocked (5555.56/sec).
Executions attempted so far: 50000 total 50000 finished normally 0 blocked (5555.56/sec).
Executions attempted so far: 50000 total 50000 finished normally 0 blocked (5555.56/sec).
Executions attempted so far: 50000 total 50000 finished normally 0 blocked (5555.56/sec).
Executions attempted so far: 50000 total 50000 finished normally 0 blocked (5000.00/sec).
Executions attempted so far: 50000 total 50000 finished normally 0 blocked (5000.00/sec).
Executions attempted so far: 60000 total 60000 finished normally 0 blocked (6000.00/sec).
Executions attempted so far: 60000 total 60000 finished normally 0 blocked (6000.00/sec).
Executions attempted so far: 60000 total 60000 finished normally 0 blocked (6000.00/sec).
Executions attempted so far: 60000 total 60000 finished normally 0 blocked (6000.00/sec).
Executions attempted so far: 60000 total 60000 finished normally 0 blocked (6000.00/sec).
Executions attempted so far: 60000 total 60000 finished normally 0 blocked (6000.00/sec).
Executions attempted so far: 60000 total 60000 finished normally 0 blocked (6000.00/sec).
Executions attempted so far: 60000 total 60000 finished normally 0 blocked (5454.55/sec).
Executions attempted so far: 60000 total 60000 finished normally 0 blocked (5454.55/sec).
Executions attempted so far: 60000 total 60000 finished normally 0 blocked (5454.55/sec).
Executions attempted so far: 60000 total 60000 finished normally 0 blocked (5454.55/sec).
Executions attempted so far: 60000 total 60000 finished normally 0 blocked (5454.55/sec).
Executions attempted so far: 60000 total 60000 finished normally 0 blocked (5454.55/sec).
Executions attempted so far: 60000 total 60000 finished normally 0 blocked (5454.55/sec).
Executions attempted so far: 60000 total 60000 finished normally 0 blocked (5454.55/sec).
Executions attempted so far: 60000 total 60000 finished normally 0 blocked (5000.00/sec).
Executions attempted so far: 70000 total 70000 finished normally 0 blocked (5833.33/sec).
Executions attempted so far: 70000 total 70000 finished normally 0 blocked (5833.33/sec).
Executions attempted so far: 70000 total 70000 finished normally 0 blocked (5833.33/sec).
Executions attempted so far: 70000 total 70000 finished normally 0 blocked (5833.33/sec).
Executions attempted so far: 70000 total 70000 finished normally 0 blocked (5833.33/sec).
Executions attempted so far: 70000 total 70000 finished normally 0 blocked (5833.33/sec).
Executions attempted so far: 70000 total 70000 finished normally 0 blocked (5833.33/sec).
Executions attempted so far: 70000 total 70000 finished normally 0 blocked (5833.33/sec).
Executions attempted so far: 70000 total 70000 finished normally 0 blocked (5833.33/sec).
Executions attempted so far: 70000 total 70000 finished normally 0 blocked (5384.62/sec).
Executions attempted so far: 70000 total 70000 finished normally 0 blocked (5384.62/sec).
Executions attempted so far: 70000 total 70000 finished normally 0 blocked (5384.62/sec).
Executions attempted so far: 70000 total 70000 finished normally 0 blocked (5384.62/sec).
Executions attempted so far: 70000 total 70000 finished normally 0 blocked (5384.62/sec).
Executions attempted so far: 70000 total 70000 finished normally 0 blocked (5384.62/sec).
Executions attempted so far: 80000 total 80000 finished normally 0 blocked (6153.85/sec).
Executions attempted so far: 70000 total 70000 finished normally 0 blocked (5384.62/sec).
Executions attempted so far: 80000 total 80000 finished normally 0 blocked (5714.29/sec).
Executions attempted so far: 80000 total 80000 finished normally 0 blocked (5714.29/sec).
Executions attempted so far: 80000 total 80000 finished normally 0 blocked (5714.29/sec).
Executions attempted so far: 80000 total 80000 finished normally 0 blocked (5714.29/sec).
Executions attempted so far: 80000 total 80000 finished normally 0 blocked (5714.29/sec).
Executions attempted so far: 80000 total 80000 finished normally 0 blocked (5714.29/sec).
Executions attempted so far: 80000 total 80000 finished normally 0 blocked (5714.29/sec).
Executions attempted so far: 80000 total 80000 finished normally 0 blocked (5714.29/sec).
Executions attempted so far: 80000 total 80000 finished normally 0 blocked (5714.29/sec).
Executions attempted so far: 80000 total 80000 finished normally 0 blocked (5714.29/sec).
Executions attempted so far: 80000 total 80000 finished normally 0 blocked (5714.29/sec).
Executions attempted so far: 80000 total 80000 finished normally 0 blocked (5333.33/sec).
Executions attempted so far: 80000 total 80000 finished normally 0 blocked (5333.33/sec).
Executions attempted so far: 90000 total 90000 finished normally 0 blocked (6000.00/sec).
Executions attempted so far: 80000 total 80000 finished normally 0 blocked (5333.33/sec).
Executions attempted so far: 80000 total 80000 finished normally 0 blocked (5333.33/sec).
Executions attempted so far: 90000 total 90000 finished normally 0 blocked (6000.00/sec).
Executions attempted so far: 90000 total 90000 finished normally 0 blocked (5625.00/sec).
Executions attempted so far: 90000 total 90000 finished normally 0 blocked (5625.00/sec).
Executions attempted so far: 90000 total 90000 finished normally 0 blocked (5625.00/sec).
Executions attempted so far: 90000 total 90000 finished normally 0 blocked (5625.00/sec).
Executions attempted so far: 90000 total 90000 finished normally 0 blocked (5625.00/sec).
Executions attempted so far: 90000 total 90000 finished normally 0 blocked (5625.00/sec).
Executions attempted so far: 90000 total 90000 finished normally 0 blocked (5625.00/sec).
Executions attempted so far: 90000 total 90000 finished normally 0 blocked (5625.00/sec).
Executions attempted so far: 90000 total 90000 finished normally 0 blocked (5625.00/sec).
Executions attempted so far: 90000 total 90000 finished normally 0 blocked (5294.12/sec).
Executions attempted so far: 90000 total 90000 finished normally 0 blocked (5294.12/sec).
Executions attempted so far: 90000 total 90000 finished normally 0 blocked (5294.12/sec).
Executions attempted so far: 100000 total 100000 finished normally 0 blocked (5882.35/sec).
Executions attempted so far: 90000 total 90000 finished normally 0 blocked (5294.12/sec).
Executions attempted so far: 90000 total 90000 finished normally 0 blocked (5294.12/sec).
Executions attempted so far: 100000 total 100000 finished normally 0 blocked (5882.35/sec).
Executions attempted so far: 100000 total 100000 finished normally 0 blocked (5882.35/sec).
Executions attempted so far: 100000 total 100000 finished normally 0 blocked (5882.35/sec).
Executions attempted so far: 100000 total 100000 finished normally 0 blocked (5555.56/sec).
Executions attempted so far: 100000 total 100000 finished normally 0 blocked (5555.56/sec).
Executions attempted so far: 100000 total 100000 finished normally 0 blocked (5555.56/sec).
Executions attempted so far: 100000 total 100000 finished normally 0 blocked (5555.56/sec).
Executions attempted so far: 100000 total 100000 finished normally 0 blocked (5555.56/sec).
Executions attempted so far: 100000 total 100000 finished normally 0 blocked (5555.56/sec).
Executions attempted so far: 100000 total 100000 finished normally 0 blocked (5555.56/sec).
Executions attempted so far: 100000 total 100000 finished normally 0 blocked (5555.56/sec).
Executions attempted so far: 100000 total 100000 finished normally 0 blocked (5263.16/sec).
Executions attempted so far: 100000 total 100000 finished normally 0 blocked (5263.16/sec).
Executions attempted so far: 100000 total 100000 finished normally 0 blocked (5263.16/sec).
Executions attempted so far: 100000 total 100000 finished normally 0 blocked (5263.16/sec).
Executions attempted so far: 200000 total 200000 finished normally 0 blocked (5714.29/sec).
Executions attempted so far: 200000 total 200000 finished normally 0 blocked (5714.29/sec).
Executions attempted so far: 200000 total 200000 finished normally 0 blocked (5555.56/sec).
Executions attempted so far: 200000 total 200000 finished normally 0 blocked (5555.56/sec).
Executions attempted so far: 200000 total 200000 finished normally 0 blocked (5555.56/sec).
Executions attempted so far: 200000 total 200000 finished normally 0 blocked (5555.56/sec).
Executions attempted so far: 200000 total 200000 finished normally 0 blocked (5555.56/sec).
Executions attempted so far: 200000 total 200000 finished normally 0 blocked (5405.41/sec).
Executions attempted so far: 200000 total 200000 finished normally 0 blocked (5405.41/sec).
Executions attempted so far: 200000 total 200000 finished normally 0 blocked (5405.41/sec).
Executions attempted so far: 200000 total 200000 finished normally 0 blocked (5405.41/sec).
Executions attempted so far: 200000 total 200000 finished normally 0 blocked (5263.16/sec).
Executions attempted so far: 200000 total 200000 finished normally 0 blocked (5263.16/sec).
Executions attempted so far: 200000 total 200000 finished normally 0 blocked (5263.16/sec).
Executions attempted so far: 200000 total 200000 finished normally 0 blocked (5263.16/sec).
Executions attempted so far: 200000 total 200000 finished normally 0 blocked (5263.16/sec).
Executions attempted so far: 300000 total 300000 finished normally 0 blocked (5660.38/sec).
Executions attempted so far: 300000 total 300000 finished normally 0 blocked (5555.56/sec).
Executions attempted so far: 300000 total 300000 finished normally 0 blocked (5555.56/sec).
Executions attempted so far: 300000 total 300000 finished normally 0 blocked (5555.56/sec).
Executions attempted so far: 300000 total 300000 finished normally 0 blocked (5454.55/sec).
Executions attempted so far: 300000 total 300000 finished normally 0 blocked (5454.55/sec).
Executions attempted so far: 300000 total 300000 finished normally 0 blocked (5454.55/sec).
Executions attempted so far: 300000 total 300000 finished normally 0 blocked (5454.55/sec).
Executions attempted so far: 300000 total 300000 finished normally 0 blocked (5357.14/sec).
Executions attempted so far: 300000 total 300000 finished normally 0 blocked (5357.14/sec).
Executions attempted so far: 300000 total 300000 finished normally 0 blocked (5357.14/sec).
Executions attempted so far: 300000 total 300000 finished normally 0 blocked (5263.16/sec).
Executions attempted so far: 300000 total 300000 finished normally 0 blocked (5263.16/sec).
Executions attempted so far: 300000 total 300000 finished normally 0 blocked (5263.16/sec).
Executions attempted so far: 300000 total 300000 finished normally 0 blocked (5263.16/sec).
Executions attempted so far: 300000 total 300000 finished normally 0 blocked (5172.41/sec).
Executions attempted so far: 400000 total 400000 finished normally 0 blocked (5633.80/sec).
Executions attempted so far: 400000 total 400000 finished normally 0 blocked (5555.56/sec).
Executions attempted so far: 400000 total 400000 finished normally 0 blocked (5555.56/sec).
Executions attempted so far: 400000 total 400000 finished normally 0 blocked (5479.45/sec).
Executions attempted so far: 400000 total 400000 finished normally 0 blocked (5479.45/sec).
Executions attempted so far: 400000 total 400000 finished normally 0 blocked (5479.45/sec).
Executions attempted so far: 400000 total 400000 finished normally 0 blocked (5405.41/sec).
Executions attempted so far: 400000 total 400000 finished normally 0 blocked (5405.41/sec).
Executions attempted so far: 400000 total 400000 finished normally 0 blocked (5405.41/sec).
Executions attempted so far: 400000 total 400000 finished normally 0 blocked (5333.33/sec).
Executions attempted so far: 400000 total 400000 finished normally 0 blocked (5333.33/sec).
Executions attempted so far: 400000 total 400000 finished normally 0 blocked (5333.33/sec).
Executions attempted so far: 400000 total 400000 finished normally 0 blocked (5263.16/sec).
Executions attempted so far: 400000 total 400000 finished normally 0 blocked (5263.16/sec).
Executions attempted so far: 400000 total 400000 finished normally 0 blocked (5194.81/sec).
Executions attempted so far: 400000 total 400000 finished normally 0 blocked (5194.81/sec).
Executions attempted so far: 500000 total 500000 finished normally 0 blocked (5617.98/sec).
Executions attempted so far: 500000 total 500000 finished normally 0 blocked (5555.56/sec).
Executions attempted so far: 500000 total 500000 finished normally 0 blocked (5555.56/sec).
Executions attempted so far: 500000 total 500000 finished normally 0 blocked (5494.51/sec).
Executions attempted so far: 500000 total 500000 finished normally 0 blocked (5494.51/sec).
Executions attempted so far: 500000 total 500000 finished normally 0 blocked (5434.78/sec).
Executions attempted so far: 500000 total 500000 finished normally 0 blocked (5434.78/sec).
Executions attempted so far: 500000 total 500000 finished normally 0 blocked (5376.34/sec).
Executions attempted so far: 500000 total 500000 finished normally 0 blocked (5376.34/sec).
Executions attempted so far: 500000 total 500000 finished normally 0 blocked (5376.34/sec).
Executions attempted so far: 500000 total 500000 finished normally 0 blocked (5319.15/sec).
Executions attempted so far: 500000 total 500000 finished normally 0 blocked (5319.15/sec).
Executions attempted so far: 500000 total 500000 finished normally 0 blocked (5263.16/sec).
Executions attempted so far: 500000 total 500000 finished normally 0 blocked (5208.33/sec).
Executions attempted so far: 500000 total 500000 finished normally 0 blocked (5208.33/sec).
Executions attempted so far: 500000 total 500000 finished normally 0 blocked (5154.64/sec).
Executions attempted so far: 600000 total 600000 finished normally 0 blocked (5607.48/sec).
Executions attempted so far: 600000 total 600000 finished normally 0 blocked (5555.56/sec).
Executions attempted so far: 600000 total 600000 finished normally 0 blocked (5504.59/sec).
Executions attempted so far: 600000 total 600000 finished normally 0 blocked (5504.59/sec).
Executions attempted so far: 600000 total 600000 finished normally 0 blocked (5504.59/sec).
Executions attempted so far: 600000 total 600000 finished normally 0 blocked (5454.55/sec).
Executions attempted so far: 600000 total 600000 finished normally 0 blocked (5405.41/sec).
Executions attempted so far: 600000 total 600000 finished normally 0 blocked (5405.41/sec).
Executions attempted so far: 600000 total 600000 finished normally 0 blocked (5405.41/sec).
Executions attempted so far: 600000 total 600000 finished normally 0 blocked (5357.14/sec).
Executions attempted so far: 600000 total 600000 finished normally 0 blocked (5309.73/sec).
Executions attempted so far: 600000 total 600000 finished normally 0 blocked (5309.73/sec).
Executions attempted so far: 600000 total 600000 finished normally 0 blocked (5309.73/sec).
Executions attempted so far: 600000 total 600000 finished normally 0 blocked (5217.39/sec).
Executions attempted so far: 600000 total 600000 finished normally 0 blocked (5217.39/sec).
Executions attempted so far: 600000 total 600000 finished normally 0 blocked (5217.39/sec).
Executions attempted so far: 700000 total 700000 finished normally 0 blocked (5691.06/sec).
Executions attempted so far: 700000 total 700000 finished normally 0 blocked (5555.56/sec).
Executions attempted so far: 700000 total 700000 finished normally 0 blocked (5468.75/sec).
Executions attempted so far: 700000 total 700000 finished normally 0 blocked (5468.75/sec).
Executions attempted so far: 700000 total 700000 finished normally 0 blocked (5468.75/sec).
Executions attempted so far: 700000 total 700000 finished normally 0 blocked (5468.75/sec).
Executions attempted so far: 700000 total 700000 finished normally 0 blocked (5426.36/sec).
Executions attempted so far: 700000 total 700000 finished normally 0 blocked (5426.36/sec).
Executions attempted so far: 700000 total 700000 finished normally 0 blocked (5426.36/sec).
Executions attempted so far: 700000 total 700000 finished normally 0 blocked (5384.62/sec).
Executions attempted so far: 700000 total 700000 finished normally 0 blocked (5303.03/sec).
Executions attempted so far: 700000 total 700000 finished normally 0 blocked (5263.16/sec).
Executions attempted so far: 700000 total 700000 finished normally 0 blocked (5263.16/sec).
Executions attempted so far: 700000 total 700000 finished normally 0 blocked (5263.16/sec).
Executions attempted so far: 700000 total 700000 finished normally 0 blocked (5223.88/sec).
Executions attempted so far: 700000 total 700000 finished normally 0 blocked (5185.19/sec).
Executions attempted so far: 800000 total 800000 finished normally 0 blocked (5714.29/sec).
Executions attempted so far: 800000 total 800000 finished normally 0 blocked (5594.41/sec).
Executions attempted so far: 800000 total 800000 finished normally 0 blocked (5517.24/sec).
Executions attempted so far: 800000 total 800000 finished normally 0 blocked (5442.18/sec).
Executions attempted so far: 800000 total 800000 finished normally 0 blocked (5442.18/sec).
Executions attempted so far: 800000 total 800000 finished normally 0 blocked (5442.18/sec).
Executions attempted so far: 800000 total 800000 finished normally 0 blocked (5442.18/sec).
Executions attempted so far: 800000 total 800000 finished normally 0 blocked (5405.41/sec).
Executions attempted so far: 800000 total 800000 finished normally 0 blocked (5405.41/sec).
Executions attempted so far: 800000 total 800000 finished normally 0 blocked (5405.41/sec).
Executions attempted so far: 800000 total 800000 finished normally 0 blocked (5298.01/sec).
Executions attempted so far: 800000 total 800000 finished normally 0 blocked (5298.01/sec).
Executions attempted so far: 800000 total 800000 finished normally 0 blocked (5298.01/sec).
Executions attempted so far: 800000 total 800000 finished normally 0 blocked (5263.16/sec).
Executions attempted so far: 800000 total 800000 finished normally 0 blocked (5194.81/sec).
Executions attempted so far: 800000 total 800000 finished normally 0 blocked (5194.81/sec).
Executions attempted so far: 900000 total 900000 finished normally 0 blocked (5696.20/sec).
Executions attempted so far: 900000 total 900000 finished normally 0 blocked (5590.06/sec).
Executions attempted so far: 900000 total 900000 finished normally 0 blocked (5521.47/sec).
Executions attempted so far: 900000 total 900000 finished normally 0 blocked (5454.55/sec).
Executions attempted so far: 900000 total 900000 finished normally 0 blocked (5454.55/sec).
Executions attempted so far: 900000 total 900000 finished normally 0 blocked (5421.69/sec).
Executions attempted so far: 900000 total 900000 finished normally 0 blocked (5421.69/sec).
Executions attempted so far: 900000 total 900000 finished normally 0 blocked (5421.69/sec).
Executions attempted so far: 900000 total 900000 finished normally 0 blocked (5389.22/sec).
Executions attempted so far: 900000 total 900000 finished normally 0 blocked (5389.22/sec).
Executions attempted so far: 900000 total 900000 finished normally 0 blocked (5325.44/sec).
Executions attempted so far: 900000 total 900000 finished normally 0 blocked (5294.12/sec).
Executions attempted so far: 900000 total 900000 finished normally 0 blocked (5263.16/sec).
Executions attempted so far: 900000 total 900000 finished normally 0 blocked (5232.56/sec).
Executions attempted so far: 900000 total 900000 finished normally 0 blocked (5202.31/sec).
Executions attempted so far: 900000 total 900000 finished normally 0 blocked (5172.41/sec).
Executions attempted so far: 1000000 total 1000000 finished normally 0 blocked (5714.29/sec).
Executions attempted so far: 1000000 total 1000000 finished normally 0 blocked (5555.56/sec).
Executions attempted so far: 1000000 total 1000000 finished normally 0 blocked (5524.86/sec).
Executions attempted so far: 1000000 total 1000000 finished normally 0 blocked (5464.48/sec).
Executions attempted so far: 1000000 total 1000000 finished normally 0 blocked (5464.48/sec).
Executions attempted so far: 1000000 total 1000000 finished normally 0 blocked (5464.48/sec).
Executions attempted so far: 1000000 total 1000000 finished normally 0 blocked (5434.78/sec).
Executions attempted so far: 1000000 total 1000000 finished normally 0 blocked (5405.41/sec).
Executions attempted so far: 1000000 total 1000000 finished normally 0 blocked (5405.41/sec).
Executions attempted so far: 1000000 total 1000000 finished normally 0 blocked (5405.41/sec).
Executions attempted so far: 1000000 total 1000000 finished normally 0 blocked (5319.15/sec).
Executions attempted so far: 1000000 total 1000000 finished normally 0 blocked (5319.15/sec).
Executions attempted so far: 1000000 total 1000000 finished normally 0 blocked (5319.15/sec).
Executions attempted so far: 1000000 total 1000000 finished normally 0 blocked (5208.33/sec).
Executions attempted so far: 1000000 total 1000000 finished normally 0 blocked (5181.35/sec).
Executions attempted so far: 1000000 total 1000000 finished normally 0 blocked (5181.35/sec).
Executions attempted so far: 2000000 total 2000000 finished normally 0 blocked (5698.01/sec).
Executions attempted so far: 2000000 total 2000000 finished normally 0 blocked (5509.64/sec).
Executions attempted so far: 2000000 total 2000000 finished normally 0 blocked (5449.59/sec).
Executions attempted so far: 2000000 total 2000000 finished normally 0 blocked (5420.05/sec).
Executions attempted so far: 2000000 total 2000000 finished normally 0 blocked (5420.05/sec).
Executions attempted so far: 2000000 total 2000000 finished normally 0 blocked (5405.41/sec).
Executions attempted so far: 2000000 total 2000000 finished normally 0 blocked (5390.84/sec).
Executions attempted so far: 2000000 total 2000000 finished normally 0 blocked (5390.84/sec).
Executions attempted so far: 2000000 total 2000000 finished normally 0 blocked (5319.15/sec).
Executions attempted so far: 2000000 total 2000000 finished normally 0 blocked (5319.15/sec).
Executions attempted so far: 2000000 total 2000000 finished normally 0 blocked (5319.15/sec).
Executions attempted so far: 2000000 total 2000000 finished normally 0 blocked (5291.01/sec).
Executions attempted so far: 2000000 total 2000000 finished normally 0 blocked (5291.01/sec).
Executions attempted so far: 2000000 total 2000000 finished normally 0 blocked (5249.34/sec).
Executions attempted so far: 2000000 total 2000000 finished normally 0 blocked (5221.93/sec).
Executions attempted so far: 2000000 total 2000000 finished normally 0 blocked (5181.35/sec).
Executions attempted so far: 3000000 total 3000000 finished normally 0 blocked (5607.48/sec).
Executions attempted so far: 3000000 total 3000000 finished normally 0 blocked (5576.21/sec).
Executions attempted so far: 3000000 total 3000000 finished normally 0 blocked (5386.00/sec).
Executions attempted so far: 3000000 total 3000000 finished normally 0 blocked (5366.73/sec).
Executions attempted so far: 3000000 total 3000000 finished normally 0 blocked (5366.73/sec).
Executions attempted so far: 3000000 total 3000000 finished normally 0 blocked (5357.14/sec).
Executions attempted so far: 3000000 total 3000000 finished normally 0 blocked (5357.14/sec).
Executions attempted so far: 3000000 total 3000000 finished normally 0 blocked (5357.14/sec).
Executions attempted so far: 3000000 total 3000000 finished normally 0 blocked (5347.59/sec).
Executions attempted so far: 3000000 total 3000000 finished normally 0 blocked (5309.73/sec).
Executions attempted so far: 3000000 total 3000000 finished normally 0 blocked (5309.73/sec).
Executions attempted so far: 3000000 total 3000000 finished normally 0 blocked (5291.01/sec).
Executions attempted so far: 3000000 total 3000000 finished normally 0 blocked (5291.01/sec).
Executions attempted so far: 3000000 total 3000000 finished normally 0 blocked (5281.69/sec).
Executions attempted so far: 3000000 total 3000000 finished normally 0 blocked (5272.41/sec).
Executions attempted so far: 3000000 total 3000000 finished normally 0 blocked (5226.48/sec).
Executions attempted so far: 4000000 total 4000000 finished normally 0 blocked (5547.85/sec).
Executions attempted so far: 4000000 total 4000000 finished normally 0 blocked (5517.24/sec).
Executions attempted so far: 4000000 total 4000000 finished normally 0 blocked (5390.84/sec).
Executions attempted so far: 4000000 total 4000000 finished normally 0 blocked (5361.93/sec).
Executions attempted so far: 4000000 total 4000000 finished normally 0 blocked (5361.93/sec).
Executions attempted so far: 4000000 total 4000000 finished normally 0 blocked (5361.93/sec).
Executions attempted so far: 4000000 total 4000000 finished normally 0 blocked (5354.75/sec).
Executions attempted so far: 4000000 total 4000000 finished normally 0 blocked (5340.45/sec).
Executions attempted so far: 4000000 total 4000000 finished normally 0 blocked (5340.45/sec).
Executions attempted so far: 4000000 total 4000000 finished normally 0 blocked (5326.23/sec).
Executions attempted so far: 4000000 total 4000000 finished normally 0 blocked (5312.08/sec).
Executions attempted so far: 4000000 total 4000000 finished normally 0 blocked (5312.08/sec).
Executions attempted so far: 4000000 total 4000000 finished normally 0 blocked (5305.04/sec).
Executions attempted so far: 4000000 total 4000000 finished normally 0 blocked (5298.01/sec).
Executions attempted so far: 4000000 total 4000000 finished normally 0 blocked (5277.04/sec).
Executions attempted so far: 4000000 total 4000000 finished normally 0 blocked (5256.24/sec).
Executions attempted so far: 5000000 total 5000000 finished normally 0 blocked (5500.55/sec).
Executions attempted so far: 5000000 total 5000000 finished normally 0 blocked (5440.70/sec).
Executions attempted so far: 5000000 total 5000000 finished normally 0 blocked (5417.12/sec).
Executions attempted so far: 5000000 total 5000000 finished normally 0 blocked (5353.32/sec).
Executions attempted so far: 5000000 total 5000000 finished normally 0 blocked (5347.59/sec).
Executions attempted so far: 5000000 total 5000000 finished normally 0 blocked (5347.59/sec).
Executions attempted so far: 5000000 total 5000000 finished normally 0 blocked (5330.49/sec).
Executions attempted so far: 5000000 total 5000000 finished normally 0 blocked (5330.49/sec).
Executions attempted so far: 5000000 total 5000000 finished normally 0 blocked (5330.49/sec).
Executions attempted so far: 5000000 total 5000000 finished normally 0 blocked (5330.49/sec).
Executions attempted so far: 5000000 total 5000000 finished normally 0 blocked (5302.23/sec).
Executions attempted so far: 5000000 total 5000000 finished normally 0 blocked (5302.23/sec).
Executions attempted so far: 5000000 total 5000000 finished normally 0 blocked (5285.41/sec).
Executions attempted so far: 5000000 total 5000000 finished normally 0 blocked (5285.41/sec).
Executions attempted so far: 5000000 total 5000000 finished normally 0 blocked (5274.26/sec).
Executions attempted so far: 5000000 total 5000000 finished normally 0 blocked (5263.16/sec).
Executions attempted so far: 6000000 total 6000000 finished normally 0 blocked (5469.46/sec).
Executions attempted so far: 6000000 total 6000000 finished normally 0 blocked (5449.59/sec).
Executions attempted so far: 6000000 total 6000000 finished normally 0 blocked (5420.05/sec).
Executions attempted so far: 6000000 total 6000000 finished normally 0 blocked (5352.36/sec).
Executions attempted so far: 6000000 total 6000000 finished normally 0 blocked (5338.08/sec).
Executions attempted so far: 6000000 total 6000000 finished normally 0 blocked (5338.08/sec).
Executions attempted so far: 6000000 total 6000000 finished normally 0 blocked (5323.87/sec).
Executions attempted so far: 6000000 total 6000000 finished normally 0 blocked (5323.87/sec).
Executions attempted so far: 6000000 total 6000000 finished normally 0 blocked (5319.15/sec).
Executions attempted so far: 6000000 total 6000000 finished normally 0 blocked (5309.73/sec).
Executions attempted so far: 6000000 total 6000000 finished normally 0 blocked (5309.73/sec).
Executions attempted so far: 6000000 total 6000000 finished normally 0 blocked (5305.04/sec).
Executions attempted so far: 6000000 total 6000000 finished normally 0 blocked (5305.04/sec).
Executions attempted so far: 6000000 total 6000000 finished normally 0 blocked (5305.04/sec).
Executions attempted so far: 6000000 total 6000000 finished normally 0 blocked (5286.34/sec).
Executions attempted so far: 6000000 total 6000000 finished normally 0 blocked (5286.34/sec).
Executions attempted so far: 7000000 total 7000000 finished normally 0 blocked (5439.01/sec).
Executions attempted so far: 7000000 total 7000000 finished normally 0 blocked (5430.57/sec).
Executions attempted so far: 7000000 total 7000000 finished normally 0 blocked (5426.36/sec).
Executions attempted so far: 7000000 total 7000000 finished normally 0 blocked (5351.68/sec).
Executions attempted so far: 7000000 total 7000000 finished normally 0 blocked (5331.30/sec).
Executions attempted so far: 7000000 total 7000000 finished normally 0 blocked (5323.19/sec).
Executions attempted so far: 7000000 total 7000000 finished normally 0 blocked (5323.19/sec).
Executions attempted so far: 7000000 total 7000000 finished normally 0 blocked (5323.19/sec).
Executions attempted so far: 7000000 total 7000000 finished normally 0 blocked (5319.15/sec).
Executions attempted so far: 7000000 total 7000000 finished normally 0 blocked (5311.08/sec).
Executions attempted so far: 7000000 total 7000000 finished normally 0 blocked (5311.08/sec).
Executions attempted so far: 7000000 total 7000000 finished normally 0 blocked (5267.12/sec).
Executions attempted so far: 7000000 total 7000000 finished normally 0 blocked (5263.16/sec).
Executions attempted so far: 7000000 total 7000000 finished normally 0 blocked (5263.16/sec).
Executions attempted so far: 7000000 total 7000000 finished normally 0 blocked (5255.26/sec).
Executions attempted so far: 7000000 total 7000000 finished normally 0 blocked (5243.45/sec).
baseline   nodes=4 ballots=1 w=100 (untimed)  execs=116020500 blocked=0 elected=23820744 time=1369.172755829s
=== END cc_base_n4b1 rc=0 elapsed=1369.183442659

=== RUN ccx_base_n4b2 cap=1800s CMD: /home/sahar/Desktop/MPI/TraceForge/target/release/examples/comm_closed_leader_election_inbox --mode baseline --nodes 4 --ballots 2 --w 100 --u 20
=== END ccx_base_n4b2 rc=124 elapsed=1800.015102706

=== RUN ccx_t_n4b2_A cap=1055s CMD: /home/sahar/Desktop/MPI/TraceForge/target/release/examples/comm_closed_leader_election_inbox --mode timed --nodes 4 --ballots 2 --u 20 --w 200 --l 18 --sd 2
timed      nodes=4 ballots=2 w=200 l=18 u=20 sd=2  execs=377044 blocked=0 elected=45408 time=14.617938301s
=== END ccx_t_n4b2_A rc=0 elapsed=14.628171479

=== RUN ccx_base_n6b1 cap=900s CMD: /home/sahar/Desktop/MPI/TraceForge/target/release/examples/comm_closed_leader_election_inbox --mode baseline --nodes 6 --ballots 1 --w 100 --u 20
=== END ccx_base_n6b1 rc=124 elapsed=900.011040397

=== RUN ccx_t_n6b1_A cap=141s CMD: /home/sahar/Desktop/MPI/TraceForge/target/release/examples/comm_closed_leader_election_inbox --mode timed --nodes 6 --ballots 1 --u 20 --w 200 --l 18 --sd 2
=== END ccx_t_n6b1_A rc=124 elapsed=141.014910649

ALL BENCH RUNS DONE
