id,group,example,cell,side,args,cpus,parallel,pred_s,mem_gb,prio,purpose,expected
lease-001,lease,lease_timed,unfenced A(U2 L0 sd1 TTL10) PAUSE=3 keep-going C=5 R=1,timed,--clients 5 --rounds 1 --mode timed --u 2 --l-ratio 0 --sd-ratio 0.5 --ttl-ratio 5 --fencing off --pause-ratio 1.5 --keep-going --parallel shared,8,shared,260.0,32,1,headline,"hold: violations=0, execs=29160 blocked=1601917 (exit 0)"
lease-002,lease,lease_timed,unfenced A(U2 L0 sd1 TTL10) PAUSE=3 keep-going C=5 R=1,baseline,--clients 5 --rounds 1 --mode baseline --u 2 --l-ratio 0 --sd-ratio 0.5 --ttl-ratio 5 --fencing off --pause-ratio 1.5 --keep-going --parallel shared,8,shared,150.0,32,1,headline,"spurious FIRE counted: violations=943680, execs=29160 blocked=1852696 (exit 0 under --keep-going)"
lease-003,lease,lease_timed,unfenced A(U2 L0 sd1 TTL10) PAUSE=3 keep-going C=6 R=1,timed,--clients 6 --rounds 1 --mode timed --u 2 --l-ratio 0 --sd-ratio 0.5 --ttl-ratio 5 --fencing off --pause-ratio 1.5 --keep-going --parallel shared,8,shared,13000.0,32,1,headline,"hold: violations=0, execs=524880 (=6!*3^6), blocked ~7.0e7"
lease-004,lease,lease_timed,unfenced A(U2 L0 sd1 TTL10) PAUSE=3 keep-going C=6 R=1,baseline,--clients 6 --rounds 1 --mode baseline --u 2 --l-ratio 0 --sd-ratio 0.5 --ttl-ratio 5 --fencing off --pause-ratio 1.5 --keep-going --parallel shared,8,shared,4500.0,32,1,headline,"spurious FIRE counted: violations ~5.3e7, execs=524880, blocked ~8.7e7 (exit 0); 33.4M violations reached in 2400 s on 8 cores"
lease-005,lease,lease_timed,fenced A PAUSE=4 C=5 R=1,timed,--clients 5 --rounds 1 --mode timed --u 2 --l-ratio 0 --sd-ratio 0.5 --ttl-ratio 5 --fencing on --pause-ratio 2 --parallel shared,8,shared,320.0,32,1,headline,"hold: execs=42792 blocked=1877293 (1.92e6 explored), stale=342547"
lease-006,lease,lease_timed,fenced A PAUSE=4 C=5 R=1,baseline,--clients 5 --rounds 1 --mode baseline --u 2 --l-ratio 0 --sd-ratio 0.5 --ttl-ratio 5 --fencing on --pause-ratio 2 --parallel shared,8,shared,500.0,32,1,headline,"hold: execs=1247400 blocked=11769496 (1.30e7 explored, 6.8x timed), stale=26282880"
lease-007,lease,lease_timed,fenced A PAUSE=4 C=6 R=1,timed,--clients 6 --rounds 1 --mode timed --u 2 --l-ratio 0 --sd-ratio 0.5 --ttl-ratio 5 --fencing on --pause-ratio 2 --parallel shared,8,shared,17000.0,32,1,headline,"hold: ~8.3e7 explored, stale>0"
lease-008,lease,lease_timed,fenced A PAUSE=4 C=6 R=1,baseline,--clients 6 --rounds 1 --mode baseline --u 2 --l-ratio 0 --sd-ratio 0.5 --ttl-ratio 5 --fencing on --pause-ratio 2 --parallel shared,8,shared,65000.0,32,1,headline,"hold: execs=97297200 (=6!*13!!), ~1.5e9 explored (~18x timed); longest job, DNF only if the prediction is >2.3x off"
lease-009,lease,lease_timed,unfenced A PAUSE=3 keep-going C=2 R=1,timed,--clients 2 --rounds 1 --mode timed --u 2 --l-ratio 0 --sd-ratio 0.5 --ttl-ratio 5 --fencing off --pause-ratio 1.5 --keep-going,1,none,1.0,32,2,ladder,"hold, execs=18 blocked=103"
lease-010,lease,lease_timed,unfenced A PAUSE=3 keep-going C=2 R=1,baseline,--clients 2 --rounds 1 --mode baseline --u 2 --l-ratio 0 --sd-ratio 0.5 --ttl-ratio 5 --fencing off --pause-ratio 1.5 --keep-going,1,none,1.0,32,2,ladder,"violations=8, execs=18 blocked=90"
lease-011,lease,lease_timed,fenced A PAUSE=4 C=2 R=1,timed,--clients 2 --rounds 1 --mode timed --u 2 --l-ratio 0 --sd-ratio 0.5 --ttl-ratio 5 --fencing on --pause-ratio 2,1,none,1.0,32,2,ladder,"hold, execs=22 blocked=108, stale=11"
lease-012,lease,lease_timed,fenced A PAUSE=4 C=2 R=1,baseline,--clients 2 --rounds 1 --mode baseline --u 2 --l-ratio 0 --sd-ratio 0.5 --ttl-ratio 5 --fencing on --pause-ratio 2,1,none,1.0,32,2,ladder,"hold, execs=30 blocked=94"
lease-013,lease,lease_timed,unfenced A PAUSE=3 keep-going C=3 R=1,timed,--clients 3 --rounds 1 --mode timed --u 2 --l-ratio 0 --sd-ratio 0.5 --ttl-ratio 5 --fencing off --pause-ratio 1.5 --keep-going,1,none,2.0,32,2,ladder,"hold, execs=162 blocked=1771"
lease-014,lease,lease_timed,unfenced A PAUSE=3 keep-going C=3 R=1,baseline,--clients 3 --rounds 1 --mode baseline --u 2 --l-ratio 0 --sd-ratio 0.5 --ttl-ratio 5 --fencing off --pause-ratio 1.5 --keep-going,1,none,2.0,32,2,ladder,"violations=408, execs=162 blocked=1686"
lease-015,lease,lease_timed,fenced A PAUSE=4 C=3 R=1,timed,--clients 3 --rounds 1 --mode timed --u 2 --l-ratio 0 --sd-ratio 0.5 --ttl-ratio 5 --fencing on --pause-ratio 2,1,none,2.0,32,2,ladder,"hold, execs=218 blocked=1967, stale=307"
lease-016,lease,lease_timed,fenced A PAUSE=4 C=3 R=1,baseline,--clients 3 --rounds 1 --mode baseline --u 2 --l-ratio 0 --sd-ratio 0.5 --ttl-ratio 5 --fencing on --pause-ratio 2,1,none,2.0,32,2,ladder,"hold, execs=630 blocked=2538"
lease-017,lease,lease_timed,unfenced A PAUSE=3 keep-going C=4 R=1,timed,--clients 4 --rounds 1 --mode timed --u 2 --l-ratio 0 --sd-ratio 0.5 --ttl-ratio 5 --fencing off --pause-ratio 1.5 --keep-going,1,none,20.0,32,2,ladder,"hold, execs=1944 blocked=46313"
lease-018,lease,lease_timed,unfenced A PAUSE=3 keep-going C=4 R=1,baseline,--clients 4 --rounds 1 --mode baseline --u 2 --l-ratio 0 --sd-ratio 0.5 --ttl-ratio 5 --fencing off --pause-ratio 1.5 --keep-going,1,none,7.0,32,2,ladder,"violations=19008, execs=1944 blocked=48984"
lease-019,lease,lease_timed,fenced A PAUSE=4 C=4 R=1,timed,--clients 4 --rounds 1 --mode timed --u 2 --l-ratio 0 --sd-ratio 0.5 --ttl-ratio 5 --fencing on --pause-ratio 2,1,none,22.0,32,2,ladder,"hold, execs=2760 blocked=53327, stale=9410"
lease-020,lease,lease_timed,fenced A PAUSE=4 C=4 R=1,baseline,--clients 4 --rounds 1 --mode baseline --u 2 --l-ratio 0 --sd-ratio 0.5 --ttl-ratio 5 --fencing on --pause-ratio 2,1,none,26.0,32,2,ladder,"hold, execs=22680 blocked=138840"
lease-021,lease,lease_timed,REVIEW: unfenced A PAUSE=3 keep-going C=4 R=1 shared-8 (uniform ladder),timed,--clients 4 --rounds 1 --mode timed --u 2 --l-ratio 0 --sd-ratio 0.5 --ttl-ratio 5 --fencing off --pause-ratio 1.5 --keep-going --parallel shared,8,shared,10.0,32,2,ladder,"hold, execs=1944 blocked=46313 (6.0 s measured)"
lease-022,lease,lease_timed,REVIEW: unfenced A PAUSE=3 keep-going C=4 R=1 shared-8 (uniform ladder),baseline,--clients 4 --rounds 1 --mode baseline --u 2 --l-ratio 0 --sd-ratio 0.5 --ttl-ratio 5 --fencing off --pause-ratio 1.5 --keep-going --parallel shared,8,shared,6.0,32,2,ladder,"violations=19008, execs=1944 blocked=48984 (predicted 3-5 s)"
lease-023,lease,lease_timed,REVIEW: fenced A PAUSE=4 C=4 R=1 shared-8 (uniform ladder),timed,--clients 4 --rounds 1 --mode timed --u 2 --l-ratio 0 --sd-ratio 0.5 --ttl-ratio 5 --fencing on --pause-ratio 2 --parallel shared,8,shared,15.0,32,2,ladder,"hold, execs=2760 blocked=53327, stale=9410 (11.3 s measured)"
lease-024,lease,lease_timed,REVIEW: fenced A PAUSE=4 C=4 R=1 shared-8 (uniform ladder),baseline,--clients 4 --rounds 1 --mode baseline --u 2 --l-ratio 0 --sd-ratio 0.5 --ttl-ratio 5 --fencing on --pause-ratio 2 --parallel shared,8,shared,10.0,32,2,ladder,"hold, execs=22680 blocked=138840 (7.0 s measured)"
lease-025,lease,lease_timed,REVIEW: unfenced A PAUSE=3 keep-going C=5 R=1 sequential single-core reference,timed,--clients 5 --rounds 1 --mode timed --u 2 --l-ratio 0 --sd-ratio 0.5 --ttl-ratio 5 --fencing off --pause-ratio 1.5 --keep-going,1,none,1150.0,32,2,ladder,"hold: violations=0, execs=29160 blocked=1601917 (990 s measured)"
lease-026,lease,lease_timed,REVIEW: unfenced A PAUSE=3 keep-going C=5 R=1 sequential single-core reference,baseline,--clients 5 --rounds 1 --mode baseline --u 2 --l-ratio 0 --sd-ratio 0.5 --ttl-ratio 5 --fencing off --pause-ratio 1.5 --keep-going,1,none,400.0,32,2,ladder,"violations=943680, execs=29160 blocked=1852696 (331 s measured)"
lease-027,lease,lease_timed,REVIEW: fenced A PAUSE=4 C=5 R=1 sequential single-core reference,timed,--clients 5 --rounds 1 --mode timed --u 2 --l-ratio 0 --sd-ratio 0.5 --ttl-ratio 5 --fencing on --pause-ratio 2,1,none,1200.0,32,2,ladder,hold: execs=42792 blocked=1877293 (1052 s measured)
lease-028,lease,lease_timed,REVIEW: fenced A PAUSE=4 C=5 R=1 sequential single-core reference,baseline,--clients 5 --rounds 1 --mode baseline --u 2 --l-ratio 0 --sd-ratio 0.5 --ttl-ratio 5 --fencing on --pause-ratio 2,1,none,2500.0,32,2,ladder,hold: execs=1247400 blocked=11769496 (DNF at the 1200 s calibration cap; ~2200 s predicted from 1680 CPU-s on 4 shared workers x1.27)
lease-029,lease,lease_timed,unfenced E(U2 L2 sd0 TTL10) PAUSE=9 keep-going C=4 R=1,timed,--clients 4 --rounds 1 --mode timed --u 2 --l-ratio 1 --sd-ratio 0 --ttl-ratio 5 --fencing off --pause-ratio 4.5 --keep-going,1,none,17.0,32,2,ladder,hold: execs=384 blocked=23856
lease-030,lease,lease_timed,unfenced E(U2 L2 sd0 TTL10) PAUSE=9 keep-going C=4 R=1,baseline,--clients 4 --rounds 1 --mode baseline --u 2 --l-ratio 1 --sd-ratio 0 --ttl-ratio 5 --fencing off --pause-ratio 4.5 --keep-going,1,none,9.0,32,2,ladder,"violations=19008, execs=1944 blocked=48984"
lease-031,lease,lease_timed,unfenced E PAUSE=9 keep-going C=5 R=1,timed,--clients 5 --rounds 1 --mode timed --u 2 --l-ratio 1 --sd-ratio 0 --ttl-ratio 5 --fencing off --pause-ratio 4.5 --keep-going --parallel shared,8,shared,280.0,32,2,ladder,hold: execs=3840 blocked=702016 (2.7x fewer explored)
lease-032,lease,lease_timed,unfenced E PAUSE=9 keep-going C=5 R=1,baseline,--clients 5 --rounds 1 --mode baseline --u 2 --l-ratio 1 --sd-ratio 0 --ttl-ratio 5 --fencing off --pause-ratio 4.5 --keep-going --parallel shared,8,shared,150.0,32,2,ladder,"violations=943680, execs=29160 blocked=1852696 (REVIEW measured 105.6 s)"
lease-033,lease,lease_timed,unfenced E PAUSE=9 keep-going C=6 R=1,timed,--clients 6 --rounds 1 --mode timed --u 2 --l-ratio 1 --sd-ratio 0 --ttl-ratio 5 --fencing off --pause-ratio 4.5 --keep-going --parallel shared,8,shared,11000.0,32,2,ladder,"hold: execs=46080 (=6!*2^6), ~2.5e7 explored"
lease-034,lease,lease_timed,unfenced E PAUSE=9 keep-going C=6 R=1,baseline,--clients 6 --rounds 1 --mode baseline --u 2 --l-ratio 1 --sd-ratio 0 --ttl-ratio 5 --fencing off --pause-ratio 4.5 --keep-going --parallel shared,8,shared,4500.0,32,2,ladder,"violations ~5.3e7, execs=524880, ~8.7e7 explored"
lease-035,lease,lease_timed,fenced E PAUSE=10 C=4 R=1,timed,--clients 4 --rounds 1 --mode timed --u 2 --l-ratio 1 --sd-ratio 0 --ttl-ratio 5 --fencing on --pause-ratio 5,1,none,21.0,32,2,ladder,"hold: execs=672 blocked=27708, stale=7418"
lease-036,lease,lease_timed,fenced E PAUSE=10 C=4 R=1,baseline,--clients 4 --rounds 1 --mode baseline --u 2 --l-ratio 1 --sd-ratio 0 --ttl-ratio 5 --fencing on --pause-ratio 5,1,none,26.0,32,2,ladder,hold: execs=22680 blocked=138840
lease-037,lease,lease_timed,fenced E PAUSE=10 C=5 R=1,timed,--clients 5 --rounds 1 --mode timed --u 2 --l-ratio 1 --sd-ratio 0 --ttl-ratio 5 --fencing on --pause-ratio 5 --parallel shared,8,shared,380.0,32,2,ladder,"hold: execs=6912 blocked=833152 (15.5x fewer explored), stale=244931"
lease-038,lease,lease_timed,fenced E PAUSE=10 C=5 R=1,baseline,--clients 5 --rounds 1 --mode baseline --u 2 --l-ratio 1 --sd-ratio 0 --ttl-ratio 5 --fencing on --pause-ratio 5 --parallel shared,8,shared,480.0,32,2,ladder,hold: execs=1247400 blocked=11769496
lease-039,lease,lease_timed,fenced E PAUSE=10 C=6 R=1,timed,--clients 6 --rounds 1 --mode timed --u 2 --l-ratio 1 --sd-ratio 0 --ttl-ratio 5 --fencing on --pause-ratio 5 --parallel shared,8,shared,21000.0,32,2,ladder,hold: ~3e7 explored
lease-040,lease,lease_timed,fenced E PAUSE=10 C=6 R=1,baseline,--clients 6 --rounds 1 --mode baseline --u 2 --l-ratio 1 --sd-ratio 0 --ttl-ratio 5 --fencing on --pause-ratio 5 --parallel shared,8,shared,65000.0,32,2,ladder,"hold: execs=97297200, ~1.5e9 explored (~50x timed); count-identical to fenced A C6 baseline, first to drop if share is tight"
lease-041,lease,lease_timed,boundary A PAUSE=4=bnd keep-going C=5 R=1,timed,--clients 5 --rounds 1 --mode timed --u 2 --l-ratio 0 --sd-ratio 0.5 --ttl-ratio 5 --fencing off --pause-ratio 2 --keep-going --parallel shared,8,shared,300.0,32,2,boundary,"genuine FIRE: violations=63158, execs=29160 blocked=1650157 (exit 0; count exact iff timeline_impossible=0, not printed; certified by the no-keep-going FIRE)"
lease-042,lease,lease_timed,boundary A PAUSE=4=bnd keep-going C=5 R=1,baseline,--clients 5 --rounds 1 --mode baseline --u 2 --l-ratio 0 --sd-ratio 0.5 --ttl-ratio 5 --fencing off --pause-ratio 2 --keep-going --parallel shared,8,shared,150.0,32,2,boundary,violations=943680
lease-043,lease,lease_timed,boundary B(U2 L2 sd1 TTL10) PAUSE=7=bnd-1 keep-going C=5 R=1,timed,--clients 5 --rounds 1 --mode timed --u 2 --l-ratio 1 --sd-ratio 0.5 --ttl-ratio 5 --fencing off --pause-ratio 3.5 --keep-going --parallel shared,8,shared,280.0,32,2,boundary,"hold: violations=0, execs=19440 blocked=1356981"
lease-044,lease,lease_timed,boundary B(U2 L2 sd1 TTL10) PAUSE=7=bnd-1 keep-going C=5 R=1,baseline,--clients 5 --rounds 1 --mode baseline --u 2 --l-ratio 1 --sd-ratio 0.5 --ttl-ratio 5 --fencing off --pause-ratio 3.5 --keep-going --parallel shared,8,shared,150.0,32,2,boundary,violations=943680
lease-045,lease,lease_timed,boundary B PAUSE=8=bnd keep-going C=5 R=1,timed,--clients 5 --rounds 1 --mode timed --u 2 --l-ratio 1 --sd-ratio 0.5 --ttl-ratio 5 --fencing off --pause-ratio 4 --keep-going --parallel shared,8,shared,320.0,32,2,boundary,"genuine FIRE: violations=55048, execs=19440 blocked=1398741 (count exact iff timeline_impossible=0)"
lease-046,lease,lease_timed,boundary B PAUSE=8=bnd keep-going C=5 R=1,baseline,--clients 5 --rounds 1 --mode baseline --u 2 --l-ratio 1 --sd-ratio 0.5 --ttl-ratio 5 --fencing off --pause-ratio 4 --keep-going --parallel shared,8,shared,150.0,32,2,boundary,violations=943680
lease-047,lease,lease_timed,boundary C(U2 L0 sd0 TTL10) PAUSE=5=bnd-1 keep-going C=5 R=1,timed,--clients 5 --rounds 1 --mode timed --u 2 --l-ratio 0 --sd-ratio 0 --ttl-ratio 5 --fencing off --pause-ratio 2.5 --keep-going --parallel shared,8,shared,280.0,32,2,boundary,"hold: violations=0, execs=5760 blocked=840133"
lease-048,lease,lease_timed,boundary C(U2 L0 sd0 TTL10) PAUSE=5=bnd-1 keep-going C=5 R=1,baseline,--clients 5 --rounds 1 --mode baseline --u 2 --l-ratio 0 --sd-ratio 0 --ttl-ratio 5 --fencing off --pause-ratio 2.5 --keep-going --parallel shared,8,shared,150.0,32,2,boundary,violations=943680
lease-049,lease,lease_timed,boundary C PAUSE=6=bnd keep-going C=5 R=1,timed,--clients 5 --rounds 1 --mode timed --u 2 --l-ratio 0 --sd-ratio 0 --ttl-ratio 5 --fencing off --pause-ratio 3 --keep-going --parallel shared,8,shared,250.0,32,2,boundary,"genuine FIRE: violations=50058, execs=5760 blocked=874549 (count exact iff timeline_impossible=0)"
lease-050,lease,lease_timed,boundary C PAUSE=6=bnd keep-going C=5 R=1,baseline,--clients 5 --rounds 1 --mode baseline --u 2 --l-ratio 0 --sd-ratio 0 --ttl-ratio 5 --fencing off --pause-ratio 3 --keep-going --parallel shared,8,shared,150.0,32,2,boundary,violations=943680
lease-051,lease,lease_timed,boundary D(U1 L0 sd1 TTL6) PAUSE=1=bnd-1 keep-going C=5 R=1,timed,--clients 5 --rounds 1 --mode timed --u 1 --l-ratio 0 --sd-ratio 1 --ttl-ratio 6 --fencing off --pause-ratio 1 --keep-going --parallel shared,8,shared,420.0,32,2,boundary,"hold: violations=0, execs=29160 blocked=1601917"
lease-052,lease,lease_timed,boundary D(U1 L0 sd1 TTL6) PAUSE=1=bnd-1 keep-going C=5 R=1,baseline,--clients 5 --rounds 1 --mode baseline --u 1 --l-ratio 0 --sd-ratio 1 --ttl-ratio 6 --fencing off --pause-ratio 1 --keep-going --parallel shared,8,shared,150.0,32,2,boundary,"violations=943680, execs=29160 blocked=1852696 (REVIEW measured 104.9 s)"
lease-053,lease,lease_timed,boundary D PAUSE=2=bnd keep-going C=5 R=1,timed,--clients 5 --rounds 1 --mode timed --u 1 --l-ratio 0 --sd-ratio 1 --ttl-ratio 6 --fencing off --pause-ratio 2 --keep-going --parallel shared,8,shared,300.0,32,2,boundary,"genuine FIRE: violations=63158, execs=29160 blocked=1650157 (count exact iff timeline_impossible=0)"
lease-054,lease,lease_timed,boundary D PAUSE=2=bnd keep-going C=5 R=1,baseline,--clients 5 --rounds 1 --mode baseline --u 1 --l-ratio 0 --sd-ratio 1 --ttl-ratio 6 --fencing off --pause-ratio 2 --keep-going --parallel shared,8,shared,150.0,32,2,boundary,violations=943680
lease-055,lease,lease_timed,boundary E PAUSE=10=bnd keep-going C=5 R=1,timed,--clients 5 --rounds 1 --mode timed --u 2 --l-ratio 1 --sd-ratio 0 --ttl-ratio 5 --fencing off --pause-ratio 5 --keep-going --parallel shared,8,shared,240.0,32,2,boundary,"genuine FIRE: violations=43100, execs=3840 blocked=708136 (count exact iff timeline_impossible=0)"
lease-056,lease,lease_timed,boundary E PAUSE=10=bnd keep-going C=5 R=1,baseline,--clients 5 --rounds 1 --mode baseline --u 2 --l-ratio 1 --sd-ratio 0 --ttl-ratio 5 --fencing off --pause-ratio 5 --keep-going --parallel shared,8,shared,150.0,32,2,boundary,violations=943680
lease-057,lease,lease_timed,boundary A PAUSE=4=bnd first-FIRE (no keep-going) C=6 R=1,timed,--clients 6 --rounds 1 --mode timed --u 2 --l-ratio 0 --sd-ratio 0.5 --ttl-ratio 5 --fencing off --pause-ratio 2,1,none,5.0,32,2,boundary,FIRE ec=101 certified timed counterexample (1.8 s measured)
lease-058,lease,lease_timed,boundary A PAUSE=4=bnd first-FIRE (no keep-going) C=6 R=1,baseline,--clients 6 --rounds 1 --mode baseline --u 2 --l-ratio 0 --sd-ratio 0.5 --ttl-ratio 5 --fencing off --pause-ratio 2,1,none,2.0,32,2,boundary,FIRE ec=101 (<1 s)
lease-059,lease,lease_timed,boundary A PAUSE=3=bnd-1 no keep-going (hold vs first FIRE) C=4 R=1,timed,--clients 4 --rounds 1 --mode timed --u 2 --l-ratio 0 --sd-ratio 0.5 --ttl-ratio 5 --fencing off --pause-ratio 1.5,1,none,20.0,32,2,boundary,hold ec=0 execs=1944 blocked=46313
lease-060,lease,lease_timed,boundary A PAUSE=3=bnd-1 no keep-going (hold vs first FIRE) C=4 R=1,baseline,--clients 4 --rounds 1 --mode baseline --u 2 --l-ratio 0 --sd-ratio 0.5 --ttl-ratio 5 --fencing off --pause-ratio 1.5,1,none,1.0,32,2,boundary,FIRE ec=101 (<1 s)
lease-061,lease,lease_timed,boundary A PAUSE=4=bnd keep-going C=6 R=1,timed,--clients 6 --rounds 1 --mode timed --u 2 --l-ratio 0 --sd-ratio 0.5 --ttl-ratio 5 --fencing off --pause-ratio 2 --keep-going --parallel shared,8,shared,14500.0,32,2,boundary,"genuine FIRE counted: violations>0 (C5: 63158), execs=524880"
lease-062,lease,lease_timed,boundary A PAUSE=4=bnd keep-going C=6 R=1,baseline,--clients 6 --rounds 1 --mode baseline --u 2 --l-ratio 0 --sd-ratio 0.5 --ttl-ratio 5 --fencing off --pause-ratio 2 --keep-going --parallel shared,8,shared,4500.0,32,2,boundary,violations ~5.3e7 (count-identical to the C6 headline baseline)
lease-063,lease,lease_timed,unfenced A PAUSE=3 keep-going CEILING C=7 R=1,timed,--clients 7 --rounds 1 --mode timed --u 2 --l-ratio 0 --sd-ratio 0.5 --ttl-ratio 5 --fencing off --pause-ratio 1.5 --keep-going --parallel shared,8,shared,880000.0,32,3,ceiling,"DNF expected (pred ~245 h: execs=11022480=7!*3^7, ~3.7e9 explored)"
lease-064,lease,lease_timed,unfenced A PAUSE=3 keep-going CEILING C=7 R=1,baseline,--clients 7 --rounds 1 --mode baseline --u 2 --l-ratio 0 --sd-ratio 0.5 --ttl-ratio 5 --fencing off --pause-ratio 1.5 --keep-going --parallel shared,8,shared,370000.0,32,3,ceiling,"DNF expected (pred ~100 h: ~4.9e9 explored; progress = number of task-N lines, ~0.6 per explored; log must be filtered or on /local)"
swim-001,swim,swim_timed,L0 N=3 R=6 Ws=6,timed,--mode timed --nodes 3 --rounds 6 --u 2 --sd-ratio 0.5 --w-probe-ratio 1 --l-ratio 0 --w-suspect-ratio 3.0 --keep-going,1,none,481.0,32.0,1,headline,"hold: violations=0, exit 0"
swim-002,swim,swim_timed,L0 N=3 R=6 Ws=6,baseline,--mode baseline --nodes 3 --rounds 6 --u 2 --sd-ratio 0.5 --w-probe-ratio 1 --l-ratio 0 --w-suspect-ratio 3.0 --keep-going,1,none,84.0,32.0,1,headline,"FIRE: violations>0 (false positives), exit 0 (keep-going)"
swim-003,swim,swim_timed,L0 N=4 R=3 Ws=6,timed,--mode timed --nodes 4 --rounds 3 --u 2 --sd-ratio 0.5 --w-probe-ratio 1 --l-ratio 0 --w-suspect-ratio 3.0 --keep-going,1,none,417.0,32.0,1,headline,"hold: violations=0, exit 0"
swim-004,swim,swim_timed,L0 N=4 R=3 Ws=6,baseline,--mode baseline --nodes 4 --rounds 3 --u 2 --sd-ratio 0.5 --w-probe-ratio 1 --l-ratio 0 --w-suspect-ratio 3.0 --keep-going,1,none,79.0,32.0,1,headline,"FIRE: violations>0 (false positives), exit 0 (keep-going)"
swim-005,swim,swim_timed,L0 N=5 R=2 Ws=6,timed,--mode timed --nodes 5 --rounds 2 --u 2 --sd-ratio 0.5 --w-probe-ratio 1 --l-ratio 0 --w-suspect-ratio 3.0 --keep-going,1,none,1409.0,32.0,1,headline,"hold: violations=0, exit 0"
swim-006,swim,swim_timed,L0 N=5 R=2 Ws=6,baseline,--mode baseline --nodes 5 --rounds 2 --u 2 --sd-ratio 0.5 --w-probe-ratio 1 --l-ratio 0 --w-suspect-ratio 3.0 --keep-going,1,none,226.0,32.0,1,headline,"FIRE: violations>0 (false positives), exit 0 (keep-going)"
swim-007,swim,swim_timed,L0 N=6 R=1 Ws=6,timed,--mode timed --nodes 6 --rounds 1 --u 2 --sd-ratio 0.5 --w-probe-ratio 1 --l-ratio 0 --w-suspect-ratio 3.0 --keep-going,1,none,271.0,32.0,1,headline,"hold: violations=0, exit 0"
swim-008,swim,swim_timed,L0 N=6 R=1 Ws=6,baseline,--mode baseline --nodes 6 --rounds 1 --u 2 --sd-ratio 0.5 --w-probe-ratio 1 --l-ratio 0 --w-suspect-ratio 3.0 --keep-going,1,none,42.0,32.0,1,headline,"FIRE: violations>0 (false positives), exit 0 (keep-going)"
swim-009,swim,swim_timed,L0 N=3 R=9 Ws=6,timed,--mode timed --nodes 3 --rounds 9 --u 2 --sd-ratio 0.5 --w-probe-ratio 1 --l-ratio 0 --w-suspect-ratio 3.0 --keep-going --parallel shared,8,shared,15683.0,32.0,1,headline,"hold: violations=0, exit 0"
swim-010,swim,swim_timed,L0 N=3 R=9 Ws=6,baseline,--mode baseline --nodes 3 --rounds 9 --u 2 --sd-ratio 0.5 --w-probe-ratio 1 --l-ratio 0 --w-suspect-ratio 3.0 --keep-going --parallel shared,8,shared,2587.0,32.0,1,headline,"FIRE: violations>0 (false positives), exit 0 (keep-going); measured 1522 s, 24.9M violations"
swim-011,swim,swim_timed,L0 N=7 R=1 Ws=6,timed,--mode timed --nodes 7 --rounds 1 --u 2 --sd-ratio 0.5 --w-probe-ratio 1 --l-ratio 0 --w-suspect-ratio 3.0 --keep-going,1,none,5500.0,32.0,1,headline,"hold: violations=0, exit 0 (REVIEW: pred 5039 -> 5500, E about 5.4M)"
swim-012,swim,swim_timed,L0 N=7 R=1 Ws=6,baseline,--mode baseline --nodes 7 --rounds 1 --u 2 --sd-ratio 0.5 --w-probe-ratio 1 --l-ratio 0 --w-suspect-ratio 3.0 --keep-going,1,none,628.0,32.0,1,headline,"FIRE: violations>0 (false positives), exit 0 (keep-going)"
swim-013,swim,swim_timed,L0 N=4 R=4 Ws=6,timed,--mode timed --nodes 4 --rounds 4 --u 2 --sd-ratio 0.5 --w-probe-ratio 1 --l-ratio 0 --w-suspect-ratio 3.0 --keep-going,1,none,9432.0,32.0,1,headline,"hold: violations=0, exit 0 (REVIEW: promoted from prio 2, biggest comfortable N=4 cell)"
swim-014,swim,swim_timed,L0 N=4 R=4 Ws=6,baseline,--mode baseline --nodes 4 --rounds 4 --u 2 --sd-ratio 0.5 --w-probe-ratio 1 --l-ratio 0 --w-suspect-ratio 3.0 --keep-going,1,none,1437.0,32.0,1,headline,"FIRE: violations>0 (false positives), exit 0 (keep-going); measured 1164 s, 4861275 violations (REVIEW: promoted from prio 2)"
swim-015,swim,swim_timed,L0 N=3 R=6 Ws=5,timed,--mode timed --nodes 3 --rounds 6 --u 2 --sd-ratio 0.5 --w-probe-ratio 1 --l-ratio 0 --w-suspect-ratio 2.5 --keep-going,1,none,650.0,32.0,1,boundary,"FIRE: certified timed violations>0 (measured 183479), exit 0 under --keep-going"
swim-016,swim,swim_timed,L0 N=3 R=6 Ws=5 no-kg,timed,--mode timed --nodes 3 --rounds 6 --u 2 --sd-ratio 0.5 --w-probe-ratio 1 --l-ratio 0 --w-suspect-ratio 2.5,1,none,5.0,32.0,1,boundary,FIRE: exit 101 (certified counterexample) in < 1 s
swim-017,swim,swim_timed,L0 N=3 R=6 Ws=6 no-kg,timed,--mode timed --nodes 3 --rounds 6 --u 2 --sd-ratio 0.5 --w-probe-ratio 1 --l-ratio 0 --w-suspect-ratio 3.0,1,none,481.0,32.0,1,boundary,hold: exit 0
swim-018,swim,swim_timed,L0 N=3 R=6 Ws=6 no-kg,baseline,--mode baseline --nodes 3 --rounds 6 --u 2 --sd-ratio 0.5 --w-probe-ratio 1 --l-ratio 0 --w-suspect-ratio 3.0,1,none,5.0,32.0,1,boundary,FIRE: exit 101 in < 1 s
swim-019,swim,swim_timed,L1 N=3 R=6 Ws=5,timed,--mode timed --nodes 3 --rounds 6 --u 2 --sd-ratio 0.5 --w-probe-ratio 1 --l-ratio 0.5 --w-suspect-ratio 2.5 --keep-going,1,none,358.0,32.0,1,boundary,"FIRE: certified timed violations>0 (measured 31248), exit 0 under --keep-going"
swim-020,swim,swim_timed,L1 N=3 R=6 Ws=5 no-kg,timed,--mode timed --nodes 3 --rounds 6 --u 2 --sd-ratio 0.5 --w-probe-ratio 1 --l-ratio 0.5 --w-suspect-ratio 2.5,1,none,5.0,32.0,1,boundary,FIRE: exit 101 in < 1 s
swim-021,swim,swim_timed,L0 N=3 R=6 Ws=5,baseline,--mode baseline --nodes 3 --rounds 6 --u 2 --sd-ratio 0.5 --w-probe-ratio 1 --l-ratio 0 --w-suspect-ratio 2.5 --keep-going,1,none,84.0,32.0,1,boundary,"FIRE: violations>0, exit 0 (keep-going); same counts as Ws=6 baseline"
swim-022,swim,swim_timed,L0 N=3 R=6 Ws=5 no-kg,baseline,--mode baseline --nodes 3 --rounds 6 --u 2 --sd-ratio 0.5 --w-probe-ratio 1 --l-ratio 0 --w-suspect-ratio 2.5,1,none,5.0,32.0,1,boundary,FIRE: exit 101 in < 1 s
swim-023,swim,swim_timed,L1 N=3 R=6 Ws=5,baseline,--mode baseline --nodes 3 --rounds 6 --u 2 --sd-ratio 0.5 --w-probe-ratio 1 --l-ratio 0.5 --w-suspect-ratio 2.5 --keep-going,1,none,84.0,32.0,1,boundary,"FIRE: violations>0, exit 0 (keep-going); same counts as Ws=6 baseline"
swim-024,swim,swim_timed,L1 N=3 R=6 Ws=5 no-kg,baseline,--mode baseline --nodes 3 --rounds 6 --u 2 --sd-ratio 0.5 --w-probe-ratio 1 --l-ratio 0.5 --w-suspect-ratio 2.5,1,none,5.0,32.0,1,boundary,FIRE: exit 101 in < 1 s
swim-025,swim,swim_timed,L0 N=8 R=1 Ws=6,timed,--mode timed --nodes 8 --rounds 1 --u 2 --sd-ratio 0.5 --w-probe-ratio 1 --l-ratio 0 --w-suspect-ratio 3.0 --keep-going,1,none,118800.0,32.0,2,ladder,"hold (violations=0) if it finishes; pred 31-34 h single core (E about 104M), starts at t=0, may DNF"
swim-026,swim,swim_timed,L0 N=3 R=10 Ws=6,timed,--mode timed --nodes 3 --rounds 10 --u 2 --sd-ratio 0.5 --w-probe-ratio 1 --l-ratio 0 --w-suspect-ratio 3.0 --keep-going --parallel shared,8,shared,85540.0,32.0,2,ladder,"hold: violations=0, exit 0"
swim-027,swim,swim_timed,L0 N=4 R=5 Ws=6,timed,--mode timed --nodes 4 --rounds 5 --u 2 --sd-ratio 0.5 --w-probe-ratio 1 --l-ratio 0 --w-suspect-ratio 3.0 --keep-going --parallel shared,8,shared,130000.0,32.0,2,ladder,"hold: violations=0, exit 0 (REVIEW: pred 109786 -> 130000, E about 162M at 1.7x; tightest cell, may DNF)"
swim-028,swim,swim_timed,L1 N=4 R=5 Ws=6,timed,--mode timed --nodes 4 --rounds 5 --u 2 --sd-ratio 0.5 --w-probe-ratio 1 --l-ratio 0.5 --w-suspect-ratio 3.0 --keep-going --parallel shared,8,shared,65000.0,32.0,2,ladder,"hold: violations=0, exit 0 (REVIEW: pred 55346 -> 65000)"
swim-029,swim,swim_timed,L0 N=5 R=3 Ws=6,timed,--mode timed --nodes 5 --rounds 3 --u 2 --sd-ratio 0.5 --w-probe-ratio 1 --l-ratio 0 --w-suspect-ratio 3.0 --keep-going --parallel shared,8,shared,105000.0,32.0,2,ladder,"hold: violations=0, exit 0 (REVIEW: was single core 87000; E about 114M gives 137000 s single, so shared 8 at an assumed 1.3x; 38 h if shared never ramps)"
swim-030,swim,swim_timed,L0 N=6 R=2 Ws=6,timed,--mode timed --nodes 6 --rounds 2 --u 2 --sd-ratio 0.5 --w-probe-ratio 1 --l-ratio 0 --w-suspect-ratio 3.0 --keep-going --parallel shared,8,shared,75000.0,32.0,2,ladder,"hold: violations=0, exit 0 (REVIEW: was single core 70484; E 74-115M gives about 110000 s single, so shared 8 at 1.5x, early sample 3.9-5.6 busy workers)"
swim-031,swim,swim_timed,L1 N=3 R=10 Ws=6,timed,--mode timed --nodes 3 --rounds 10 --u 2 --sd-ratio 0.5 --w-probe-ratio 1 --l-ratio 0.5 --w-suspect-ratio 3.0 --keep-going --parallel shared,8,shared,58543.0,32.0,2,ladder,"hold: violations=0, exit 0"
swim-032,swim,swim_timed,L1 N=8 R=1 Ws=6,timed,--mode timed --nodes 8 --rounds 1 --u 2 --sd-ratio 0.5 --w-probe-ratio 1 --l-ratio 0.5 --w-suspect-ratio 3.0 --keep-going,1,none,38418.0,32.0,2,ladder,"hold: violations=0, exit 0"
swim-033,swim,swim_timed,L1 N=5 R=3 Ws=6,timed,--mode timed --nodes 5 --rounds 3 --u 2 --sd-ratio 0.5 --w-probe-ratio 1 --l-ratio 0.5 --w-suspect-ratio 3.0 --keep-going,1,none,58500.0,32.0,2,ladder,"hold: violations=0, exit 0 (REVIEW: pred 38590 -> 58500, E about 52M)"
swim-034,swim,swim_timed,L1 N=6 R=2 Ws=6,timed,--mode timed --nodes 6 --rounds 2 --u 2 --sd-ratio 0.5 --w-probe-ratio 1 --l-ratio 0.5 --w-suspect-ratio 3.0 --keep-going,1,none,60000.0,32.0,2,ladder,"hold: violations=0, exit 0 (REVIEW: pred 28555 -> 60000, E about 45M)"
swim-035,swim,swim_timed,L0 N=4 R=5 Ws=6,baseline,--mode baseline --nodes 4 --rounds 5 --u 2 --sd-ratio 0.5 --w-probe-ratio 1 --l-ratio 0 --w-suspect-ratio 3.0 --keep-going --parallel shared,8,shared,18171.0,32.0,2,ladder,"FIRE: violations>0 (false positives), exit 0 (keep-going)"
swim-036,swim,swim_timed,L0 N=3 R=10 Ws=6,baseline,--mode baseline --nodes 3 --rounds 10 --u 2 --sd-ratio 0.5 --w-probe-ratio 1 --l-ratio 0 --w-suspect-ratio 3.0 --keep-going --parallel shared,8,shared,14125.0,32.0,2,ladder,"FIRE: violations>0 (false positives), exit 0 (keep-going)"
swim-037,swim,swim_timed,L0 N=5 R=3 Ws=6,baseline,--mode baseline --nodes 5 --rounds 3 --u 2 --sd-ratio 0.5 --w-probe-ratio 1 --l-ratio 0 --w-suspect-ratio 3.0 --keep-going --parallel shared,8,shared,15000.0,32.0,2,ladder,"FIRE: violations>0 (false positives), exit 0 (keep-going) (REVIEW: shared 8 to match its timed pair; E about 124M, 21000 s single, 1.4-1.7 busy workers measured)"
swim-038,swim,swim_timed,L0 N=8 R=1 Ws=6,baseline,--mode baseline --nodes 8 --rounds 1 --u 2 --sd-ratio 0.5 --w-probe-ratio 1 --l-ratio 0 --w-suspect-ratio 3.0 --keep-going,1,none,14404.0,32.0,2,ladder,"FIRE: violations>0 (false positives), exit 0 (keep-going)"
swim-039,swim,swim_timed,L0 N=6 R=2 Ws=6,baseline,--mode baseline --nodes 6 --rounds 2 --u 2 --sd-ratio 0.5 --w-probe-ratio 1 --l-ratio 0 --w-suspect-ratio 3.0 --keep-going --parallel shared,8,shared,15000.0,32.0,2,ladder,"FIRE: violations>0 (false positives), exit 0 (keep-going) (REVIEW: shared 8 to match its timed pair; E 87-100M, 17500 s single, 1.17 busy workers measured)"
swim-040,swim,swim_timed,L1 N=3 R=9 Ws=6,timed,--mode timed --nodes 3 --rounds 9 --u 2 --sd-ratio 0.5 --w-probe-ratio 1 --l-ratio 0.5 --w-suspect-ratio 3.0 --keep-going --parallel shared,8,shared,10921.0,32.0,2,ladder,"hold: violations=0, exit 0"
swim-041,swim,swim_timed,L1 N=4 R=4 Ws=6,timed,--mode timed --nodes 4 --rounds 4 --u 2 --sd-ratio 0.5 --w-probe-ratio 1 --l-ratio 0.5 --w-suspect-ratio 3.0 --keep-going,1,none,5183.0,32.0,2,ladder,"hold: violations=0, exit 0"
swim-042,swim,swim_timed,L0 N=3 R=7 Ws=6,timed,--mode timed --nodes 3 --rounds 7 --u 2 --sd-ratio 0.5 --w-probe-ratio 1 --l-ratio 0 --w-suspect-ratio 3.0 --keep-going --parallel shared,8,shared,450.0,32.0,2,ladder,"hold: violations=0, exit 0"
swim-043,swim,swim_timed,L0 N=3 R=7 Ws=6,baseline,--mode baseline --nodes 3 --rounds 7 --u 2 --sd-ratio 0.5 --w-probe-ratio 1 --l-ratio 0 --w-suspect-ratio 3.0 --keep-going --parallel shared,8,shared,124.0,32.0,2,ladder,"FIRE: violations>0 (false positives), exit 0 (keep-going)"
swim-044,swim,swim_timed,L0 N=3 R=8 Ws=6,timed,--mode timed --nodes 3 --rounds 8 --u 2 --sd-ratio 0.5 --w-probe-ratio 1 --l-ratio 0 --w-suspect-ratio 3.0 --keep-going --parallel shared,8,shared,2912.0,32.0,2,ladder,"hold: violations=0, exit 0"
swim-045,swim,swim_timed,L0 N=3 R=8 Ws=6,baseline,--mode baseline --nodes 3 --rounds 8 --u 2 --sd-ratio 0.5 --w-probe-ratio 1 --l-ratio 0 --w-suspect-ratio 3.0 --keep-going --parallel shared,8,shared,489.0,32.0,2,ladder,"FIRE: violations>0 (false positives), exit 0 (keep-going)"
swim-046,swim,swim_timed,L0 N=3 R=8 Ws=5,timed,--mode timed --nodes 3 --rounds 8 --u 2 --sd-ratio 0.5 --w-probe-ratio 1 --l-ratio 0 --w-suspect-ratio 2.5 --keep-going --parallel shared,8,shared,4077.0,32.0,2,boundary,"FIRE: certified timed violations>0, exit 0 under --keep-going"
swim-047,swim,swim_timed,L0 N=5 R=2 Ws=5,timed,--mode timed --nodes 5 --rounds 2 --u 2 --sd-ratio 0.5 --w-probe-ratio 1 --l-ratio 0 --w-suspect-ratio 2.5 --keep-going,1,none,1896.0,32.0,2,boundary,"FIRE: certified timed violations>0 (measured 956653), exit 0 under --keep-going"
swim-048,swim,swim_timed,L0 N=3 R=8 Ws=5,baseline,--mode baseline --nodes 3 --rounds 8 --u 2 --sd-ratio 0.5 --w-probe-ratio 1 --l-ratio 0 --w-suspect-ratio 2.5 --keep-going --parallel shared,8,shared,489.0,32.0,2,boundary,"FIRE: violations>0, exit 0 (keep-going); same counts as Ws=6 baseline"
swim-049,swim,swim_timed,L0 N=5 R=2 Ws=5,baseline,--mode baseline --nodes 5 --rounds 2 --u 2 --sd-ratio 0.5 --w-probe-ratio 1 --l-ratio 0 --w-suspect-ratio 2.5 --keep-going,1,none,226.0,32.0,2,boundary,"FIRE: violations>0, exit 0 (keep-going); same counts as Ws=6 baseline"
swim-050,swim,swim_timed,L1 N=3 R=6 Ws=6,timed,--mode timed --nodes 3 --rounds 6 --u 2 --sd-ratio 0.5 --w-probe-ratio 1 --l-ratio 0.5 --w-suspect-ratio 3.0 --keep-going,1,none,260.0,32.0,2,ladder,"hold: violations=0, exit 0"
swim-051,swim,swim_timed,L1 N=4 R=3 Ws=6,timed,--mode timed --nodes 4 --rounds 3 --u 2 --sd-ratio 0.5 --w-probe-ratio 1 --l-ratio 0.5 --w-suspect-ratio 3.0 --keep-going,1,none,290.0,32.0,2,ladder,"hold: violations=0, exit 0"
swim-052,swim,swim_timed,L1 N=5 R=2 Ws=6,timed,--mode timed --nodes 5 --rounds 2 --u 2 --sd-ratio 0.5 --w-probe-ratio 1 --l-ratio 0.5 --w-suspect-ratio 3.0 --keep-going,1,none,678.0,32.0,2,ladder,"hold: violations=0, exit 0"
swim-053,swim,swim_timed,L1 N=6 R=1 Ws=6,timed,--mode timed --nodes 6 --rounds 1 --u 2 --sd-ratio 0.5 --w-probe-ratio 1 --l-ratio 0.5 --w-suspect-ratio 3.0 --keep-going,1,none,169.0,32.0,2,ladder,"hold: violations=0, exit 0"
swim-054,swim,swim_timed,L1 N=7 R=1 Ws=6,timed,--mode timed --nodes 7 --rounds 1 --u 2 --sd-ratio 0.5 --w-probe-ratio 1 --l-ratio 0.5 --w-suspect-ratio 3.0 --keep-going,1,none,2206.0,32.0,2,ladder,"hold: violations=0, exit 0"
swim-055,swim,swim_timed,L0 N=3 R=1 Ws=6,timed,--mode timed --nodes 3 --rounds 1 --u 2 --sd-ratio 0.5 --w-probe-ratio 1 --l-ratio 0 --w-suspect-ratio 3.0 --keep-going,1,none,5.0,32.0,2,ladder,"hold: violations=0, exit 0"
swim-056,swim,swim_timed,L0 N=3 R=1 Ws=6,baseline,--mode baseline --nodes 3 --rounds 1 --u 2 --sd-ratio 0.5 --w-probe-ratio 1 --l-ratio 0 --w-suspect-ratio 3.0 --keep-going,1,none,5.0,32.0,2,ladder,"FIRE: violations>0 (false positives), exit 0 (keep-going)"
swim-057,swim,swim_timed,L0 N=3 R=2 Ws=6,timed,--mode timed --nodes 3 --rounds 2 --u 2 --sd-ratio 0.5 --w-probe-ratio 1 --l-ratio 0 --w-suspect-ratio 3.0 --keep-going,1,none,5.0,32.0,2,ladder,"hold: violations=0, exit 0"
swim-058,swim,swim_timed,L0 N=3 R=2 Ws=6,baseline,--mode baseline --nodes 3 --rounds 2 --u 2 --sd-ratio 0.5 --w-probe-ratio 1 --l-ratio 0 --w-suspect-ratio 3.0 --keep-going,1,none,5.0,32.0,2,ladder,"FIRE: violations>0 (false positives), exit 0 (keep-going)"
swim-059,swim,swim_timed,L0 N=3 R=3 Ws=6,timed,--mode timed --nodes 3 --rounds 3 --u 2 --sd-ratio 0.5 --w-probe-ratio 1 --l-ratio 0 --w-suspect-ratio 3.0 --keep-going,1,none,5.0,32.0,2,ladder,"hold: violations=0, exit 0"
swim-060,swim,swim_timed,L0 N=3 R=3 Ws=6,baseline,--mode baseline --nodes 3 --rounds 3 --u 2 --sd-ratio 0.5 --w-probe-ratio 1 --l-ratio 0 --w-suspect-ratio 3.0 --keep-going,1,none,5.0,32.0,2,ladder,"FIRE: violations>0 (false positives), exit 0 (keep-going)"
swim-061,swim,swim_timed,L0 N=3 R=4 Ws=6,timed,--mode timed --nodes 3 --rounds 4 --u 2 --sd-ratio 0.5 --w-probe-ratio 1 --l-ratio 0 --w-suspect-ratio 3.0 --keep-going,1,none,13.0,32.0,2,ladder,"hold: violations=0, exit 0"
swim-062,swim,swim_timed,L0 N=3 R=4 Ws=6,baseline,--mode baseline --nodes 3 --rounds 4 --u 2 --sd-ratio 0.5 --w-probe-ratio 1 --l-ratio 0 --w-suspect-ratio 3.0 --keep-going,1,none,5.0,32.0,2,ladder,"FIRE: violations>0 (false positives), exit 0 (keep-going)"
swim-063,swim,swim_timed,L0 N=3 R=5 Ws=6,timed,--mode timed --nodes 3 --rounds 5 --u 2 --sd-ratio 0.5 --w-probe-ratio 1 --l-ratio 0 --w-suspect-ratio 3.0 --keep-going,1,none,85.0,32.0,2,ladder,"hold: violations=0, exit 0"
swim-064,swim,swim_timed,L0 N=3 R=5 Ws=6,baseline,--mode baseline --nodes 3 --rounds 5 --u 2 --sd-ratio 0.5 --w-probe-ratio 1 --l-ratio 0 --w-suspect-ratio 3.0 --keep-going,1,none,17.0,32.0,2,ladder,"FIRE: violations>0 (false positives), exit 0 (keep-going)"
swim-065,swim,swim_timed,L0 N=4 R=1 Ws=6,timed,--mode timed --nodes 4 --rounds 1 --u 2 --sd-ratio 0.5 --w-probe-ratio 1 --l-ratio 0 --w-suspect-ratio 3.0 --keep-going,1,none,5.0,32.0,2,ladder,"hold: violations=0, exit 0"
swim-066,swim,swim_timed,L0 N=4 R=1 Ws=6,baseline,--mode baseline --nodes 4 --rounds 1 --u 2 --sd-ratio 0.5 --w-probe-ratio 1 --l-ratio 0 --w-suspect-ratio 3.0 --keep-going,1,none,5.0,32.0,2,ladder,"FIRE: violations>0 (false positives), exit 0 (keep-going)"
swim-067,swim,swim_timed,L0 N=4 R=2 Ws=6,timed,--mode timed --nodes 4 --rounds 2 --u 2 --sd-ratio 0.5 --w-probe-ratio 1 --l-ratio 0 --w-suspect-ratio 3.0 --keep-going,1,none,19.0,32.0,2,ladder,"hold: violations=0, exit 0"
swim-068,swim,swim_timed,L0 N=4 R=2 Ws=6,baseline,--mode baseline --nodes 4 --rounds 2 --u 2 --sd-ratio 0.5 --w-probe-ratio 1 --l-ratio 0 --w-suspect-ratio 3.0 --keep-going,1,none,5.0,32.0,2,ladder,"FIRE: violations>0 (false positives), exit 0 (keep-going)"
swim-069,swim,swim_timed,L0 N=5 R=1 Ws=6,timed,--mode timed --nodes 5 --rounds 1 --u 2 --sd-ratio 0.5 --w-probe-ratio 1 --l-ratio 0 --w-suspect-ratio 3.0 --keep-going,1,none,9.0,32.0,2,ladder,"hold: violations=0, exit 0"
swim-070,swim,swim_timed,L0 N=5 R=1 Ws=6,baseline,--mode baseline --nodes 5 --rounds 1 --u 2 --sd-ratio 0.5 --w-probe-ratio 1 --l-ratio 0 --w-suspect-ratio 3.0 --keep-going,1,none,5.0,32.0,2,ladder,"FIRE: violations>0 (false positives), exit 0 (keep-going)"
swim-071,swim,swim_timed,L1 N=4 R=5 Ws=6,baseline,--mode baseline --nodes 4 --rounds 5 --u 2 --sd-ratio 0.5 --w-probe-ratio 1 --l-ratio 0.5 --w-suspect-ratio 3.0 --keep-going --parallel shared,8,shared,18171.0,32.0,3,ladder,"FIRE: violations>0, exit 0 (keep-going); identical to L0 baseline, skippable"
swim-072,swim,swim_timed,L1 N=8 R=1 Ws=6,baseline,--mode baseline --nodes 8 --rounds 1 --u 2 --sd-ratio 0.5 --w-probe-ratio 1 --l-ratio 0.5 --w-suspect-ratio 3.0 --keep-going,1,none,14404.0,32.0,3,ladder,"FIRE: violations>0, exit 0 (keep-going); identical to L0 baseline, skippable"
swim-073,swim,swim_timed,L1 N=5 R=3 Ws=6,baseline,--mode baseline --nodes 5 --rounds 3 --u 2 --sd-ratio 0.5 --w-probe-ratio 1 --l-ratio 0.5 --w-suspect-ratio 3.0 --keep-going,1,none,21000.0,32.0,3,ladder,"FIRE: violations>0, exit 0 (keep-going); identical to L0 baseline, skippable (REVIEW: pred 14386 -> 21000)"
swim-074,swim,swim_timed,L1 N=6 R=2 Ws=6,baseline,--mode baseline --nodes 6 --rounds 2 --u 2 --sd-ratio 0.5 --w-probe-ratio 1 --l-ratio 0.5 --w-suspect-ratio 3.0 --keep-going,1,none,17500.0,32.0,3,ladder,"FIRE: violations>0, exit 0 (keep-going); identical to L0 baseline, skippable (REVIEW: pred 10773 -> 17500)"
swim-075,swim,swim_timed,L1 N=4 R=4 Ws=6,baseline,--mode baseline --nodes 4 --rounds 4 --u 2 --sd-ratio 0.5 --w-probe-ratio 1 --l-ratio 0.5 --w-suspect-ratio 3.0 --keep-going,1,none,1437.0,32.0,3,ladder,"FIRE: violations>0, exit 0 (keep-going); identical to L0 baseline"
swim-076,swim,swim_timed,L1 N=3 R=6 Ws=6,baseline,--mode baseline --nodes 3 --rounds 6 --u 2 --sd-ratio 0.5 --w-probe-ratio 1 --l-ratio 0.5 --w-suspect-ratio 3.0 --keep-going,1,none,84.0,32.0,3,ladder,"FIRE: violations>0, exit 0 (keep-going); identical to L0 baseline"
swim-077,swim,swim_timed,L1 N=4 R=3 Ws=6,baseline,--mode baseline --nodes 4 --rounds 3 --u 2 --sd-ratio 0.5 --w-probe-ratio 1 --l-ratio 0.5 --w-suspect-ratio 3.0 --keep-going,1,none,79.0,32.0,3,ladder,"FIRE: violations>0, exit 0 (keep-going); identical to L0 baseline"
swim-078,swim,swim_timed,L1 N=5 R=2 Ws=6,baseline,--mode baseline --nodes 5 --rounds 2 --u 2 --sd-ratio 0.5 --w-probe-ratio 1 --l-ratio 0.5 --w-suspect-ratio 3.0 --keep-going,1,none,226.0,32.0,3,ladder,"FIRE: violations>0, exit 0 (keep-going); identical to L0 baseline"
swim-079,swim,swim_timed,L1 N=6 R=1 Ws=6,baseline,--mode baseline --nodes 6 --rounds 1 --u 2 --sd-ratio 0.5 --w-probe-ratio 1 --l-ratio 0.5 --w-suspect-ratio 3.0 --keep-going,1,none,42.0,32.0,3,ladder,"FIRE: violations>0, exit 0 (keep-going); identical to L0 baseline"
swim-080,swim,swim_timed,L1 N=7 R=1 Ws=6,baseline,--mode baseline --nodes 7 --rounds 1 --u 2 --sd-ratio 0.5 --w-probe-ratio 1 --l-ratio 0.5 --w-suspect-ratio 3.0 --keep-going,1,none,628.0,32.0,3,ladder,"FIRE: violations>0, exit 0 (keep-going); identical to L0 baseline"
swim-081,swim,swim_timed,L1 N=3 R=9 Ws=6,baseline,--mode baseline --nodes 3 --rounds 9 --u 2 --sd-ratio 0.5 --w-probe-ratio 1 --l-ratio 0.5 --w-suspect-ratio 3.0 --keep-going --parallel shared,8,shared,2587.0,32.0,3,ladder,"FIRE: violations>0, exit 0 (keep-going); identical to L0 baseline"
swim-082,swim,swim_timed,L1 N=3 R=10 Ws=6,baseline,--mode baseline --nodes 3 --rounds 10 --u 2 --sd-ratio 0.5 --w-probe-ratio 1 --l-ratio 0.5 --w-suspect-ratio 3.0 --keep-going --parallel shared,8,shared,14125.0,32.0,3,ladder,"FIRE: violations>0, exit 0 (keep-going); identical to L0 baseline, skippable"
swim-083,swim,swim_timed,L0 N=3 R=6 Ws=6 rep2,timed,--mode timed --nodes 3 --rounds 6 --u 2 --sd-ratio 0.5 --w-probe-ratio 1 --l-ratio 0 --w-suspect-ratio 3.0 --keep-going,1,none,481.0,32.0,3,headline,"hold: violations=0, exit 0 (timing replicate)"
swim-084,swim,swim_timed,L0 N=3 R=6 Ws=6 rep2,baseline,--mode baseline --nodes 3 --rounds 6 --u 2 --sd-ratio 0.5 --w-probe-ratio 1 --l-ratio 0 --w-suspect-ratio 3.0 --keep-going,1,none,84.0,32.0,3,headline,"FIRE: violations>0, exit 0 (keep-going) (timing replicate)"
swim-085,swim,swim_timed,L0 N=4 R=3 Ws=6 rep2,timed,--mode timed --nodes 4 --rounds 3 --u 2 --sd-ratio 0.5 --w-probe-ratio 1 --l-ratio 0 --w-suspect-ratio 3.0 --keep-going,1,none,417.0,32.0,3,headline,"hold: violations=0, exit 0 (timing replicate)"
swim-086,swim,swim_timed,L0 N=4 R=3 Ws=6 rep2,baseline,--mode baseline --nodes 4 --rounds 3 --u 2 --sd-ratio 0.5 --w-probe-ratio 1 --l-ratio 0 --w-suspect-ratio 3.0 --keep-going,1,none,79.0,32.0,3,headline,"FIRE: violations>0, exit 0 (keep-going) (timing replicate)"
swim-087,swim,swim_timed,L0 N=5 R=2 Ws=6 rep2,timed,--mode timed --nodes 5 --rounds 2 --u 2 --sd-ratio 0.5 --w-probe-ratio 1 --l-ratio 0 --w-suspect-ratio 3.0 --keep-going,1,none,1409.0,32.0,3,headline,"hold: violations=0, exit 0 (timing replicate)"
swim-088,swim,swim_timed,L0 N=5 R=2 Ws=6 rep2,baseline,--mode baseline --nodes 5 --rounds 2 --u 2 --sd-ratio 0.5 --w-probe-ratio 1 --l-ratio 0 --w-suspect-ratio 3.0 --keep-going,1,none,226.0,32.0,3,headline,"FIRE: violations>0, exit 0 (keep-going) (timing replicate)"
swim-089,swim,swim_timed,L0 N=6 R=1 Ws=6 rep2,timed,--mode timed --nodes 6 --rounds 1 --u 2 --sd-ratio 0.5 --w-probe-ratio 1 --l-ratio 0 --w-suspect-ratio 3.0 --keep-going,1,none,271.0,32.0,3,headline,"hold: violations=0, exit 0 (timing replicate)"
swim-090,swim,swim_timed,L0 N=6 R=1 Ws=6 rep2,baseline,--mode baseline --nodes 6 --rounds 1 --u 2 --sd-ratio 0.5 --w-probe-ratio 1 --l-ratio 0 --w-suspect-ratio 3.0 --keep-going,1,none,42.0,32.0,3,headline,"FIRE: violations>0, exit 0 (keep-going) (timing replicate)"
swim-091,swim,swim_timed,L0 N=7 R=1 Ws=6 rep2,timed,--mode timed --nodes 7 --rounds 1 --u 2 --sd-ratio 0.5 --w-probe-ratio 1 --l-ratio 0 --w-suspect-ratio 3.0 --keep-going,1,none,5500.0,32.0,3,headline,"hold: violations=0, exit 0 (timing replicate) (REVIEW: pred 5039 -> 5500)"
swim-092,swim,swim_timed,L0 N=7 R=1 Ws=6 rep2,baseline,--mode baseline --nodes 7 --rounds 1 --u 2 --sd-ratio 0.5 --w-probe-ratio 1 --l-ratio 0 --w-suspect-ratio 3.0 --keep-going,1,none,628.0,32.0,3,headline,"FIRE: violations>0, exit 0 (keep-going) (timing replicate)"
swim-093,swim,swim_timed,L0 N=9 R=1 Ws=6,timed,--mode timed --nodes 9 --rounds 1 --u 2 --sd-ratio 0.5 --w-probe-ratio 1 --l-ratio 0 --w-suspect-ratio 3.0 --keep-going,1,none,4521854.0,32.0,3,ceiling,DNF at deadline (pred >500 h single core; shared/partitioned keep ~1.05 workers busy at R=1); hold if it finishes
swim-094,swim,swim_timed,L0 N=9 R=1 Ws=6,baseline,--mode baseline --nodes 9 --rounds 1 --u 2 --sd-ratio 0.5 --w-probe-ratio 1 --l-ratio 0 --w-suspect-ratio 3.0 --keep-going,1,none,353200.0,32.0,3,ceiling,"DNF at deadline (pred 53-97 h single core); FIRE with violations>0 if it finishes (REVIEW: about 4 GB of task-N output by the deadline, see issues 7)"
sensor-001,sensor,sensor_network_timed,"T3 row2 (Dr=4, paper success) danger S=2 R=1 kg",timed,--mode timed --table3-row 2 --readings danger --keep-going,1,none,20.0,32,1,headline,"exit 0 HOLD: execs=24 blocked=61659 impossible=0 dead=0 (15.9 s, 16.3 s)"
sensor-002,sensor,sensor_network_timed,"T3 row2 (Dr=4, paper success) danger S=2 R=1 kg",baseline,--mode baseline --table3-row 2 --readings danger --keep-going,1,none,420.0,32,1,headline,exit 0 SPURIOUS: dead=1552320 execs=197015 blocked=3943803 (333 s)
sensor-003,sensor,sensor_network_timed,"T3 row1 (Dr=3, paper failed) danger S=2 R=1 kg (boundary vs row 2)",timed,--mode timed --table3-row 1 --readings danger --keep-going,1,none,20.0,32,1,boundary,exit 0 genuine FIRE counted: dead=128 execs=32 blocked=61771 (16.0 s)
sensor-004,sensor,sensor_network_timed,"T3 row1 (Dr=3, paper failed) danger S=2 R=1 kg (boundary vs row 2)",baseline,--mode baseline --table3-row 1 --readings danger --keep-going,1,none,420.0,32,1,boundary,"exit 0 dead=1552320, byte-identical to the row-2 baseline (332 s)"
sensor-005,sensor,sensor_network_timed,"published model, P=6 (4 readings/sensor), S=2 R=1 danger, both properties, kg",timed,--mode timed --period-ratio 6 --keep-going,1,none,18.0,32,1,headline,exit 0 HOLD: execs=16 blocked=49913 sf=0 dead=0 (13.9 s)
sensor-006,sensor,sensor_network_timed,"published model, P=6 (4 readings/sensor), S=2 R=1 danger, both properties, kg",baseline,--mode baseline --period-ratio 6 --keep-going,1,none,700.0,32,1,headline,"exit 0 SPURIOUS: sf=1493360 dead=1330560 execs=673750 blocked=5050590 (609 s, 482 s)"
sensor-007,sensor,sensor_network_timed,"published timers P=10 C=15, sensor property, S=2 R=3 kg",timed,--mode timed --readings safe --property sensor --rounds 3 --keep-going,1,none,140.0,32,1,headline,"exit 0 HOLD: execs=64 blocked=527845 sf=0 (106 s, 121 s)"
sensor-008,sensor,sensor_network_timed,"published timers P=10 C=15, sensor property, S=2 R=3 kg",baseline,--mode baseline --readings safe --property sensor --rounds 3 --keep-going,1,none,560.0,32,1,headline,exit 0 SPURIOUS: sf=3363360 execs=420420 blocked=5974522 (479 s)
sensor-009,sensor,sensor_network_timed,"published model, P=5 (5 readings/sensor), S=2 R=1 danger, both properties, kg, p8",timed,--mode timed --period-ratio 5 --keep-going --parallel partitioned,8,partitioned,45.0,32,1,headline,"exit 0 HOLD: execs=32 blocked=321329 (32.7 s p8, 32.5 s p4, 84 s seq; 22.6 s p8 idle)"
sensor-010,sensor,sensor_network_timed,"published model, P=5 (5 readings/sensor), S=2 R=1 danger, both properties, kg, p8",baseline,--mode baseline --period-ratio 5 --keep-going --parallel partitioned,8,partitioned,850.0,32,1,headline,exit 0 SPURIOUS: sf=12193272 dead=12108096 execs=6109740 blocked=51928090 (687 s p8)
sensor-011,sensor,sensor_network_timed,"T3 row2 Listing 6 verbatim (random readings), S=2 R=1 kg, p8",timed,--mode timed --table3-row 2 --keep-going --parallel partitioned,8,partitioned,270.0,32,1,headline,exit 0 HOLD (paper: success): execs=2560 blocked=4995904 dead=0 (229 s p8)
sensor-012,sensor,sensor_network_timed,"T3 row2 Listing 6 verbatim (random readings), S=2 R=1 kg, p8",baseline,--mode baseline --table3-row 2 --keep-going --parallel partitioned,8,partitioned,11000.0,32,1,headline,exit 0 SPURIOUS dead>0; not measured (>1200 s p4); pred ~330M explored at 32-39k/s p8
sensor-013,sensor,sensor_network_timed,"death law boundary, absolute P=6 C=15 Ds=Dr=5 OBST=1, L=U=2 (hold side: Ds > 2U)",timed,--mode timed --keep-going --u 2 --period-ratio 3 --check-ratio 7.5 --ack-deadline-ratio 2.5 --rescue-deadline-ratio 2.5 --obstacle-ratio 0.5,1,none,30.0,32,1,boundary,exit 0 HOLD: execs=48 blocked=75433 dead=0 (23.5 s)
sensor-014,sensor,sensor_network_timed,"death law boundary, absolute P=6 C=15 Ds=Dr=5 OBST=1, L=U=2 (hold side: Ds > 2U)",baseline,--mode baseline --keep-going --u 2 --period-ratio 3 --check-ratio 7.5 --ack-deadline-ratio 2.5 --rescue-deadline-ratio 2.5 --obstacle-ratio 0.5,1,none,700.0,32,1,boundary,"exit 0 SPURIOUS, same program as the P=6 baseline (verified at U=3 by rev check): execs=673750 blocked=5050590 sf=1493360 dead=1330560"
sensor-015,sensor,sensor_network_timed,"death law boundary, same absolute timers, L=U=3 (FIRE side: Ds <= 2U, Dr <= 2U+OBST)",timed,--mode timed --keep-going --u 3 --period-ratio 2 --check-ratio 5 --ack-deadline-ratio 1.6666667 --rescue-deadline-ratio 1.6666667 --obstacle-ratio 0.3333333,1,none,55.0,32,1,boundary,exit 0 genuine FIRE counted: execs=288 blocked=118737 dead=1152 (44.3 s)
sensor-016,sensor,sensor_network_timed,"death law boundary, same absolute timers, L=U=3 (FIRE side: Ds <= 2U, Dr <= 2U+OBST)",baseline,--mode baseline --keep-going --u 3 --period-ratio 2 --check-ratio 5 --ack-deadline-ratio 1.6666667 --rescue-deadline-ratio 1.6666667 --obstacle-ratio 0.3333333,1,none,700.0,32,1,boundary,"exit 0 SPURIOUS, same program as the P=6 baseline (verified by rev_sensor_deathU3_b_p16): execs=673750 blocked=5050590 sf=1493360 dead=1330560"
sensor-017,sensor,sensor_network_timed,"death law boundary FIRE side, no keep-going (certification)",timed,--mode timed --u 3 --period-ratio 2 --check-ratio 5 --ack-deadline-ratio 1.6666667 --rescue-deadline-ratio 1.6666667 --obstacle-ratio 0.3333333,1,none,15.0,32,1,boundary,exit 101 certified witness timeline (9.8 s)
sensor-018,sensor,sensor_network_timed,"death law boundary FIRE side, no keep-going (certification)",baseline,--mode baseline --u 3 --period-ratio 2 --check-ratio 5 --ack-deadline-ratio 1.6666667 --rescue-deadline-ratio 1.6666667 --obstacle-ratio 0.3333333,1,none,10.0,32,1,boundary,exit 101 (instant)
sensor-019,sensor,sensor_network_timed,"sensor law boundary, absolute P=10 C=15 R=3 L=0 U=4 (hold side)",timed,--mode timed --readings safe --property sensor --rounds 3 --keep-going --l-ratio 0 --u 4 --period-ratio 2.5 --check-ratio 3.75,1,none,160.0,32,1,boundary,exit 0 HOLD: execs=192 blocked=624055 sf=0 (133 s)
sensor-020,sensor,sensor_network_timed,"sensor law boundary, absolute P=10 C=15 R=3 L=0 U=4 (hold side)",baseline,--mode baseline --readings safe --property sensor --rounds 3 --keep-going --l-ratio 0 --u 4 --period-ratio 2.5 --check-ratio 3.75,1,none,560.0,32,1,boundary,"exit 0 SPURIOUS, same program as the R=3 sensor baseline (verified at U=5 by rev check): execs=420420 blocked=5974522 sf=3363360"
sensor-021,sensor,sensor_network_timed,"sensor law boundary, same absolute timers, L=0 U=5 (FIRE side)",timed,--mode timed --readings safe --property sensor --rounds 3 --keep-going --l-ratio 0 --u 5 --period-ratio 2 --check-ratio 3,1,none,290.0,32,1,boundary,exit 0 genuine FIRE counted: execs=1728 blocked=929487 sf=3456 (247 s)
sensor-022,sensor,sensor_network_timed,"sensor law boundary, same absolute timers, L=0 U=5 (FIRE side)",baseline,--mode baseline --readings safe --property sensor --rounds 3 --keep-going --l-ratio 0 --u 5 --period-ratio 2 --check-ratio 3,1,none,560.0,32,1,boundary,"exit 0, same program as the R=3 sensor baseline (verified by rev_sensor_sensU5_b_p15): execs=420420 blocked=5974522 sf=3363360"
sensor-023,sensor,sensor_network_timed,"sensor law boundary FIRE side, no keep-going (certification)",timed,--mode timed --readings safe --property sensor --rounds 3 --l-ratio 0 --u 5 --period-ratio 2 --check-ratio 3,1,none,25.0,32,1,boundary,exit 101 certified witness timeline (18.7 s)
sensor-024,sensor,sensor_network_timed,"sensor law boundary FIRE side, no keep-going (certification)",baseline,--mode baseline --readings safe --property sensor --rounds 3 --l-ratio 0 --u 5 --period-ratio 2 --check-ratio 3,1,none,10.0,32,1,boundary,exit 101 (instant)
sensor-025,sensor,sensor_network_timed,"T3 row1 Listing 6 verbatim R=1, no keep-going",timed,--mode timed --table3-row 1,1,none,260.0,32,1,boundary,"exit 101 certified FIRE (163 s, 193 s; seed dependent)"
sensor-026,sensor,sensor_network_timed,"T3 row1 Listing 6 verbatim R=1, no keep-going",baseline,--mode baseline --table3-row 1,1,none,20.0,32,1,boundary,exit 101 FIRE (7.9 s)
sensor-027,sensor,sensor_network_timed,"T3 row3 Dr=5 Listing 6 verbatim R=2, no keep-going",timed,--mode timed --table3-row 3-5 --rounds 2,1,none,90.0,32,1,boundary,"exit 101 certified FIRE (60.7 s, 48.6 s)"
sensor-028,sensor,sensor_network_timed,"T3 row3 Dr=5 Listing 6 verbatim R=2, no keep-going",baseline,--mode baseline --table3-row 3-5 --rounds 2,1,none,50.0,32,1,boundary,exit 101 FIRE (33.5 s)
sensor-029,sensor,sensor_network_timed,T3 row1 R=1 exact: timed random-relevant kg vs baseline random (args differ in --readings),timed,--mode timed --table3-row 1 --rounds 1 --readings random-relevant --keep-going,1,none,110.0,32,1,boundary,exit 0 FIRE counted: dead=768 execs=208 blocked=247772 (88 s)
sensor-030,sensor,sensor_network_timed,T3 row1 R=1 exact: timed random-relevant kg vs baseline random (args differ in --readings),baseline,--mode baseline --table3-row 1 --rounds 1,1,none,20.0,32,1,boundary,exit 101 FIRE (7.9 s)
sensor-031,sensor,sensor_network_timed,T3 row2 R=1 exact: timed random-relevant kg vs baseline random (args differ in --readings),timed,--mode timed --table3-row 2 --rounds 1 --readings random-relevant --keep-going,1,none,80.0,32,1,boundary,exit 0 HOLD: dead=0 execs=160 blocked=247100 (64 s)
sensor-032,sensor,sensor_network_timed,T3 row2 R=1 exact: timed random-relevant kg vs baseline random (args differ in --readings),baseline,--mode baseline --table3-row 2 --rounds 1,1,none,20.0,32,1,boundary,exit 101 SPURIOUS FIRE (4.8 s)
sensor-033,sensor,sensor_network_timed,T3 row3-5 R=2 exact: timed random-relevant kg vs baseline random (args differ in --readings),timed,--mode timed --table3-row 3-5 --rounds 2 --readings random-relevant --keep-going,1,none,175.0,32,1,boundary,exit 0 FIRE counted: dead=1280 execs=432 blocked=320390 (147 s)
sensor-034,sensor,sensor_network_timed,T3 row3-5 R=2 exact: timed random-relevant kg vs baseline random (args differ in --readings),baseline,--mode baseline --table3-row 3-5 --rounds 2,1,none,50.0,32,1,boundary,exit 101 FIRE (33.5 s)
sensor-035,sensor,sensor_network_timed,T3 row3-6 R=2 exact: timed random-relevant kg vs baseline random (args differ in --readings),timed,--mode timed --table3-row 3-6 --rounds 2 --readings random-relevant --keep-going,1,none,155.0,32,1,boundary,exit 0 HOLD (bounded R=2): dead=0 execs=352 blocked=319270 (130 s)
sensor-036,sensor,sensor_network_timed,T3 row3-6 R=2 exact: timed random-relevant kg vs baseline random (args differ in --readings),baseline,--mode baseline --table3-row 3-6 --rounds 2,1,none,50.0,32,1,boundary,exit 101 SPURIOUS FIRE (same program as 3-5)
sensor-037,sensor,sensor_network_timed,T3 row3-7 R=2 exact: timed random-relevant kg vs baseline random (args differ in --readings),timed,--mode timed --table3-row 3-7 --rounds 2 --readings random-relevant --keep-going,1,none,155.0,32,1,boundary,exit 0 HOLD (bounded R=2): dead=0 execs=352 blocked=319270 (127 s)
sensor-038,sensor,sensor_network_timed,T3 row3-7 R=2 exact: timed random-relevant kg vs baseline random (args differ in --readings),baseline,--mode baseline --table3-row 3-7 --rounds 2,1,none,50.0,32,1,boundary,exit 101 SPURIOUS FIRE (same program as 3-5)
sensor-039,sensor,sensor_network_timed,"T3 row3-6 R=4 FIRE via the header's reduced model (1 sensor, sound for FIRE), no keep-going",timed,--mode timed --table3-row 3-6 --rounds 4 --sensors 1 --sensor0-period-ratio 50 --readings danger,1,none,10.0,32,1,boundary,exit 101 certified FIRE (0.5-0.6 s)
sensor-040,sensor,sensor_network_timed,"T3 row3-6 R=4 FIRE via the header's reduced model (1 sensor, sound for FIRE), no keep-going",baseline,--mode baseline --table3-row 3-6 --rounds 4 --sensors 1 --sensor0-period-ratio 50 --readings danger,1,none,10.0,32,1,boundary,exit 101 FIRE (instant)
sensor-041,sensor,sensor_network_timed,"T3 row3-7 R=4 FIRE via the header's reduced model (1 sensor, sound for FIRE), no keep-going",timed,--mode timed --table3-row 3-7 --rounds 4 --sensors 1 --sensor0-period-ratio 50 --readings danger,1,none,10.0,32,1,boundary,exit 101 certified FIRE (0.5-0.6 s)
sensor-042,sensor,sensor_network_timed,"T3 row3-7 R=4 FIRE via the header's reduced model (1 sensor, sound for FIRE), no keep-going",baseline,--mode baseline --table3-row 3-7 --rounds 4 --sensors 1 --sensor0-period-ratio 50 --readings danger,1,none,10.0,32,1,boundary,exit 101 FIRE (instant)
sensor-043,sensor,sensor_network_timed,"T3 row1 Listing 6 verbatim (random) S=2 R=1 kg, p8",timed,--mode timed --table3-row 1 --keep-going --parallel partitioned,8,partitioned,260.0,32,2,ladder,exit 0 FIRE counted: execs=3328 blocked=5006656 dead=12288 (219 s p8)
sensor-044,sensor,sensor_network_timed,"T3 row1 Listing 6 verbatim (random) S=2 R=1 kg, p8",baseline,--mode baseline --table3-row 1 --keep-going --parallel partitioned,8,partitioned,11000.0,32,2,ladder,"exit 0, same program as the row-2 random baseline (dead>0); a repeat of it, droppable if lanes are short"
sensor-045,sensor,sensor_network_timed,"published timers, sensor property, S=2 R=4 kg, p8",timed,--mode timed --readings safe --property sensor --rounds 4 --keep-going --parallel partitioned,8,partitioned,1250.0,32,2,ladder,"exit 0 HOLD: execs=256 blocked=21143141 sf=0 (1040 s p8, 472 s p15, >1200 s p4)"
sensor-046,sensor,sensor_network_timed,"published timers, sensor property, S=2 R=4 kg, p8",baseline,--mode baseline --readings safe --property sensor --rounds 4 --keep-going --parallel partitioned,8,partitioned,14000.0,32,2,ladder,exit 0 SPURIOUS sf>0; pred 0.64-1.07B explored at ~66k/s p8 (9.7-16k s)
sensor-047,sensor,sensor_network_timed,"T3 row4 (paper success) danger S=2 R=1 kg, p8",timed,--mode timed --table3-row 4 --readings danger --keep-going --parallel partitioned,8,partitioned,190.0,32,2,ladder,exit 0 HOLD: execs=576 blocked=2316593 dead=0 (161 s p8)
sensor-048,sensor,sensor_network_timed,"T3 row4 (paper success) danger S=2 R=1 kg, p8",baseline,--mode baseline --table3-row 4 --readings danger --keep-going --parallel partitioned,8,partitioned,15000.0,32,2,ladder,"exit 0 SPURIOUS dead>0 (no-kg finds one in 17.7 s); pred 0.25-1B explored, 7-29k s p8; may DNF"
sensor-049,sensor,sensor_network_timed,"published model, 1 sensor, R=2 danger both, kg, p8",timed,--mode timed --sensors 1 --rounds 2 --keep-going --parallel partitioned,8,partitioned,25.0,32,2,ladder,exit 0 HOLD: execs=1 blocked=109334 (31.8 s seq)
sensor-050,sensor,sensor_network_timed,"published model, 1 sensor, R=2 danger both, kg, p8",baseline,--mode baseline --sensors 1 --rounds 2 --keep-going --parallel partitioned,8,partitioned,260.0,32,2,ladder,exit 0 SPURIOUS: execs=1130976 blocked=12216961 sf=2336448 dead=4176248 (220 s p8)
sensor-051,sensor,sensor_network_timed,"published model, P=3 (7 readings/sensor), S=2 R=1 danger, both properties, kg, p8 (REVIEW: top of PUB ladder)",timed,--mode timed --period-ratio 3 --keep-going --parallel partitioned,8,partitioned,600.0,32,2,ladder,exit 0 HOLD: execs=128 blocked=4022465 sf=0 dead=0 (580 s p4; p4 = p8 at P=5)
sensor-052,sensor,sensor_network_timed,"published model, P=3 (7 readings/sensor), S=2 R=1 danger, both properties, kg, p8 (REVIEW: top of PUB ladder)",baseline,--mode baseline --period-ratio 3 --keep-going --parallel partitioned,8,partitioned,100000.0,32,2,ladder,exit 0 SPURIOUS sf>0 dead>0; pred 4.2-8.4B explored (x10-12 per reading from 58.0M at P=5) at ~65k/s p8 = 65-130k s; may DNF; needs the log filter (issues REVIEW 0)
sensor-053,sensor,sensor_network_timed,"T3 row4 R=1 exact: timed random-relevant kg, p8",timed,--mode timed --table3-row 4 --readings random-relevant --keep-going --parallel partitioned,8,partitioned,1800.0,32,2,ladder,exit 0 HOLD (paper: success): execs=7680 blocked=18744960 dead=0 (601 s p16; >1200 s p8)
sensor-054,sensor,sensor_network_timed,"T3 row4 R=1: baseline random (random-relevant refused), no keep-going, p8",baseline,--mode baseline --table3-row 4 --parallel partitioned,8,partitioned,6000.0,32,2,ladder,exit 101 SPURIOUS FIRE; not found in 900 s seq nor 1200 s p4 (drop-first order); may DNF
sensor-055,sensor,sensor_network_timed,"T3 row2 R=2 exact: timed random-relevant kg, p8",timed,--mode timed --table3-row 2 --rounds 2 --readings random-relevant --keep-going --parallel partitioned,8,partitioned,30000.0,32,2,ladder,"exit 0 HOLD (bounded R=2); >1200 s seq and >1200 s p16; pred 12-60k s p8, may DNF"
sensor-056,sensor,sensor_network_timed,"T3 row2 R=2: baseline random, no keep-going",baseline,--mode baseline --table3-row 2 --rounds 2,1,none,3600.0,32,2,ladder,"exit 101 SPURIOUS FIRE; REVIEW: not found within 120 s (rev_sensor_r2R2_b_nokg), unlike the danger variant (0.6 s); time to first FIRE unknown under drop-first order, may DNF"
sensor-057,sensor,sensor_network_timed,"T3 row3-6 R=3 exact HOLD bound: timed random-relevant kg, p8",timed,--mode timed --table3-row 3-6 --rounds 3 --readings random-relevant --keep-going --parallel partitioned,8,partitioned,15000.0,32,2,ladder,"exit 0 HOLD at R=3 (paper's failure needs R=4); danger variant >1200 s p8; pred 5-20k s, may DNF"
sensor-058,sensor,sensor_network_timed,"T3 row3-6 R=3: baseline random, no keep-going",baseline,--mode baseline --table3-row 3-6 --rounds 3,1,none,500.0,32,2,ladder,exit 101 SPURIOUS FIRE (429 s)
sensor-059,sensor,sensor_network_timed,"T3 row3-7 R=3 exact HOLD bound: timed random-relevant kg, p8",timed,--mode timed --table3-row 3-7 --rounds 3 --readings random-relevant --keep-going --parallel partitioned,8,partitioned,15000.0,32,2,ladder,"exit 0 HOLD at R=3 (paper's failure needs R=4); danger variant >1200 s p8; pred 5-20k s, may DNF"
sensor-060,sensor,sensor_network_timed,"T3 row3-7 R=3: baseline random, no keep-going",baseline,--mode baseline --table3-row 3-7 --rounds 3,1,none,500.0,32,2,ladder,exit 101 SPURIOUS FIRE (same program as 3-6: 429 s)
sensor-061,sensor,sensor_network_timed,"T3 row2 danger S=2 R=2 kg, p8",timed,--mode timed --table3-row 2 --readings danger --rounds 2 --keep-going --parallel partitioned,8,partitioned,15000.0,32,2,ladder,"exit 0 HOLD; >1200 s at p8, p11 and p16 (>37M explored); pred 3-15k s p8 (S=1 analogue grew x472 R1->R2), may DNF"
sensor-062,sensor,sensor_network_timed,"published timers, sensor property, S=2 R=5 kg, p8 (top of timed ladder)",timed,--mode timed --readings safe --property sensor --rounds 5 --keep-going --parallel partitioned,8,partitioned,15000.0,32,2,ladder,exit 0 HOLD; pred 250-420M explored at 20-25k/s p8 (10-21k s)
sensor-063,sensor,sensor_network_timed,"published timers, sensor property, S=2 R=5 kg, p8 (baseline ceiling)",baseline,--mode baseline --readings safe --property sensor --rounds 5 --keep-going --parallel partitioned,8,partitioned,350000.0,32,3,ceiling,"DNF at deadline (pred 17-32B explored, 250-480k s at p8); a kill prints no counters; needs the log filter (issues REVIEW 0)"
sensor-064,sensor,sensor_network_timed,"T3 row2 danger S=2 R=2 kg, p8 (baseline ceiling)",baseline,--mode baseline --table3-row 2 --readings danger --rounds 2 --keep-going --parallel partitioned,8,partitioned,1000000.0,32,3,ceiling,DNF at deadline (S=1 analogue already >600 s vs 1.1 s at R=1); no-kg false FIRE in 0.6 s; needs the log filter (issues REVIEW 0)
brp-001,brp,brp_timed,"A MAX=3 n=2 F=1 all w1 (headline, both >=10 s)",timed,--mode timed --n 2 --max 3 --td 1 --t1 3 --tr 21 --sync 21 --k 2 --files 1 --property all --keep-going,1,none,15.0,150.0,1,headline,"HOLDS (proof), impossible=0; execs=1106 blocked=30834 explored=31940 (measured 12.1 s, 12.6 s)"
brp-002,brp,brp_timed,"A MAX=3 n=2 F=1 all w1 (headline, both >=10 s)",baseline,--mode baseline --n 2 --max 3 --td 1 --t1 3 --tr 21 --sync 21 --k 2 --files 1 --property all --keep-going,1,none,1500.0,150.0,1,headline,"VIOLATED = spurious alarms (untimed counts do not depend on TR/SYNC/TD/T1/k), exit 0 with --keep-going; execs=280035 blocked=29663155 explored=29943190 judged=3091301 p2_runs=2382524 p4_runs=2122438 client_runs=1504"
brp-003,brp,brp_timed,"A MAX=4 n=2 F=1 all w1 (headline, both >=1 min)",timed,--mode timed --n 2 --max 4 --td 1 --t1 3 --tr 27 --sync 27 --k 2 --files 1 --property all --keep-going,1,none,90.0,150.0,1,headline,"HOLDS (proof), impossible=0; execs=5154 blocked=144610 explored=149764 (measured 76 s)"
brp-004,brp,brp_timed,"A MAX=4 n=2 F=1 all w1 (headline, both >=1 min)",baseline,--mode baseline --n 2 --max 4 --td 1 --t1 3 --tr 27 --sync 27 --k 2 --files 1 --property all --keep-going,1,none,45000.0,150.0,1,headline,"VIOLATED = spurious alarms (untimed counts do not depend on TR/SYNC/TD/T1/k), exit 0 with --keep-going; explored about 8.4e8-9.0e8 predicted, band 35000-60000 s; log about 2 GB (one 24-byte line per failing run)"
brp-005,brp,brp_timed,"C1 F=2 MAX=1 TR=9 SYNC=7 p2 w1 (exact SYNC edge, hold; both >=1 min)",timed,--mode timed --n 2 --max 1 --td 1 --t1 3 --tr 9 --sync 7 --k 2 --files 2 --property p2 --keep-going,1,none,110.0,150.0,1,headline,"HOLDS (proof), impossible=0; execs=3855 blocked=199735 explored=203590 restart_after_fail_runs=1260 (measured 94 s)"
brp-006,brp,brp_timed,"C1 F=2 MAX=1 TR=9 SYNC=7 p2 w1 (exact SYNC edge, hold; both >=1 min)",baseline,--mode baseline --n 2 --max 1 --td 1 --t1 3 --tr 9 --sync 7 --k 2 --files 2 --property p2 --keep-going,1,none,2600.0,150.0,1,headline,VIOLATED = spurious (2) alarms; execs=1115751 blocked=41928428 explored=43044179 judged=2994579 p2_runs=1878828
brp-007,brp,brp_timed,A MAX=8 n=2 F=1 all w6 (biggest comfortable timed),timed,--mode timed --n 2 --max 8 --td 1 --t1 3 --tr 51 --sync 51 --k 2 --files 1 --property all --keep-going --workers 6,6,"--workers 6 (shared queue); measured: timed C1 w6 12.8 s vs 93.8 s w1 (7.3x), MAX4 w7 12.0 s vs 76 s (6.3x), MAX5 w4 3.75x, MAX6 w7 364 s on 2434 CPU-s",12000.0,150.0,1,headline,"HOLDS (proof), impossible=0; explored about 5.8e7 predicted (x4.35 over MAX=7), about 1.15 ms CPU per ending; band 9000-16000 s"
brp-008,brp,brp_timed,"C1 F=2 MAX=1 TR=9 SYNC=7 p2 w6 (parallel pair, both >=10 s)",timed,--mode timed --n 2 --max 1 --td 1 --t1 3 --tr 9 --sync 7 --k 2 --files 2 --property p2 --keep-going --workers 6,6,"--workers 6 (shared queue); measured: timed C1 w6 12.8 s vs 93.8 s w1 (7.3x), MAX4 w7 12.0 s vs 76 s (6.3x), MAX5 w4 3.75x, MAX6 w7 364 s on 2434 CPU-s",15.0,150.0,2,ladder,"HOLDS (proof), impossible=0; explored=203590 (measured 12.8 s on 6 workers)"
brp-009,brp,brp_timed,"C1 F=2 MAX=1 TR=9 SYNC=7 p2 w6 (parallel pair, both >=10 s)",baseline,--mode baseline --n 2 --max 1 --td 1 --t1 3 --tr 9 --sync 7 --k 2 --files 2 --property p2 --keep-going --workers 6,6,"--workers 6 (shared queue); measured: baseline C1 w6 627 s vs about 2,150-2,600 s w1, MAX3 w7 339 s vs about 1,450 s (4.3x), w5 3.46x, w4 2.77x",700.0,150.0,2,ladder,VIOLATED = spurious (2) alarms; explored=43044179 (measured 627 s on 6 workers); log about 150 MB of panic lines
brp-010,brp,brp_timed,A MAX=1 n=2 F=1 all w1,timed,--mode timed --n 2 --max 1 --td 1 --t1 3 --tr 9 --sync 9 --k 2 --files 1 --property all --keep-going,1,none,1.0,150.0,2,ladder,"HOLDS (proof), impossible=0; explored=1180"
brp-011,brp,brp_timed,A MAX=1 n=2 F=1 all w1,baseline,--mode baseline --n 2 --max 1 --td 1 --t1 3 --tr 9 --sync 9 --k 2 --files 1 --property all --keep-going,1,none,2.0,150.0,2,ladder,"VIOLATED = spurious alarms (untimed counts do not depend on TR/SYNC/TD/T1/k), exit 0 with --keep-going; explored=23002 judged=2301"
brp-012,brp,brp_timed,A MAX=2 n=2 F=1 all w1,timed,--mode timed --n 2 --max 2 --td 1 --t1 3 --tr 15 --sync 15 --k 2 --files 1 --property all --keep-going,1,none,3.0,150.0,2,ladder,"HOLDS (proof), impossible=0; explored=6460"
brp-013,brp,brp_timed,A MAX=2 n=2 F=1 all w1,baseline,--mode baseline --n 2 --max 2 --td 1 --t1 3 --tr 15 --sync 15 --k 2 --files 1 --property all --keep-going,1,none,50.0,150.0,2,ladder,"VIOLATED = spurious alarms (untimed counts do not depend on TR/SYNC/TD/T1/k), exit 0 with --keep-going; explored=899318 judged=91491"
brp-014,brp,brp_timed,A MAX=5 n=2 F=1 all w1,timed,--mode timed --n 2 --max 5 --td 1 --t1 3 --tr 33 --sync 33 --k 2 --files 1 --property all --keep-going,1,none,600.0,150.0,2,ladder,"HOLDS (proof), impossible=0; explored=681252 (measured 544 s); baseline twin = the A MAX=5 w1 ceiling"
brp-015,brp,brp_timed,A MAX=6 n=2 F=1 all w1 (timed only),timed,--mode timed --n 2 --max 6 --td 1 --t1 3 --tr 39 --sync 39 --k 2 --files 1 --property all --keep-going,1,none,2700.0,150.0,2,ladder,"HOLDS (proof), impossible=0; explored=3040420 (2434 CPU-s on 7 workers)"
brp-016,brp,brp_timed,A MAX=3 n=2 F=1 all w6,timed,--mode timed --n 2 --max 3 --td 1 --t1 3 --tr 21 --sync 21 --k 2 --files 1 --property all --keep-going --workers 6,6,"--workers 6 (shared queue); measured: timed C1 w6 12.8 s vs 93.8 s w1 (7.3x), MAX4 w7 12.0 s vs 76 s (6.3x), MAX5 w4 3.75x, MAX6 w7 364 s on 2434 CPU-s",5.0,150.0,2,ladder,"HOLDS (proof), impossible=0; explored=31940"
brp-017,brp,brp_timed,A MAX=3 n=2 F=1 all w6,baseline,--mode baseline --n 2 --max 3 --td 1 --t1 3 --tr 21 --sync 21 --k 2 --files 1 --property all --keep-going --workers 6,6,"--workers 6 (shared queue); measured: baseline C1 w6 627 s vs about 2,150-2,600 s w1, MAX3 w7 339 s vs about 1,450 s (4.3x), w5 3.46x, w4 2.77x",400.0,150.0,2,ladder,"VIOLATED = spurious alarms (untimed counts do not depend on TR/SYNC/TD/T1/k), exit 0 with --keep-going; explored=29943190 (339 s measured on 7 workers); log about 170 MB of panic lines"
brp-018,brp,brp_timed,A MAX=4 n=2 F=1 all w6 (timed only),timed,--mode timed --n 2 --max 4 --td 1 --t1 3 --tr 27 --sync 27 --k 2 --files 1 --property all --keep-going --workers 6,6,"--workers 6 (shared queue); measured: timed C1 w6 12.8 s vs 93.8 s w1 (7.3x), MAX4 w7 12.0 s vs 76 s (6.3x), MAX5 w4 3.75x, MAX6 w7 364 s on 2434 CPU-s",15.0,150.0,2,ladder,"HOLDS (proof), impossible=0; explored=149764 (measured 12.0 s on 7 workers)"
brp-019,brp,brp_timed,A MAX=5 n=2 F=1 all w6 (timed only),timed,--mode timed --n 2 --max 5 --td 1 --t1 3 --tr 33 --sync 33 --k 2 --files 1 --property all --keep-going --workers 6,6,"--workers 6 (shared queue); measured: timed C1 w6 12.8 s vs 93.8 s w1 (7.3x), MAX4 w7 12.0 s vs 76 s (6.3x), MAX5 w4 3.75x, MAX6 w7 364 s on 2434 CPU-s",80.0,150.0,2,ladder,"HOLDS (proof), impossible=0; explored=681252 (62.8 s on 7 workers, 403 CPU-s)"
brp-020,brp,brp_timed,A MAX=6 n=2 F=1 all w6 (timed only),timed,--mode timed --n 2 --max 6 --td 1 --t1 3 --tr 39 --sync 39 --k 2 --files 1 --property all --keep-going --workers 6,6,"--workers 6 (shared queue); measured: timed C1 w6 12.8 s vs 93.8 s w1 (7.3x), MAX4 w7 12.0 s vs 76 s (6.3x), MAX5 w4 3.75x, MAX6 w7 364 s on 2434 CPU-s",450.0,150.0,2,ladder,"HOLDS (proof), impossible=0; explored=3040420 (364 s on 7 workers)"
brp-021,brp,brp_timed,A MAX=7 n=2 F=1 all w6 (timed only),timed,--mode timed --n 2 --max 7 --td 1 --t1 3 --tr 45 --sync 45 --k 2 --files 1 --property all --keep-going --workers 6,6,"--workers 6 (shared queue); measured: timed C1 w6 12.8 s vs 93.8 s w1 (7.3x), MAX4 w7 12.0 s vs 76 s (6.3x), MAX5 w4 3.75x, MAX6 w7 364 s on 2434 CPU-s",2300.0,150.0,2,ladder,"HOLDS (proof), impossible=0; execs=457986 blocked=12935458 explored=13393444 (1155 s on 12 workers, 12732 CPU-s)"
brp-022,brp,brp_timed,A MAX=9 n=2 F=1 all w6 (top of the timed ladder),timed,--mode timed --n 2 --max 9 --td 1 --t1 3 --tr 57 --sync 57 --k 2 --files 1 --property all --keep-going --workers 6,6,"--workers 6 (shared queue); measured: timed C1 w6 12.8 s vs 93.8 s w1 (7.3x), MAX4 w7 12.0 s vs 76 s (6.3x), MAX5 w4 3.75x, MAX6 w7 364 s on 2434 CPU-s",60000.0,150.0,2,ladder,"HOLDS (proof), impossible=0; explored about 2.5e8 predicted, about 1.35 ms CPU per ending; band 42000-90000 s"
brp-023,brp,brp_timed,B3 boundary MAX=3 TR=20 SYNC=20 F=1 all w1,timed,--mode timed --n 2 --max 3 --td 1 --t1 3 --tr 20 --sync 20 --k 2 --files 1 --property all --keep-going,1,none,21.0,150.0,2,boundary,"VIOLATED, true (2) TR side: p2_tr_side=64, explored=33636; exit 0 with --keep-going, engine-certified (impossible=0)"
brp-024,brp,brp_timed,B3 boundary MAX=3 TR=20 SYNC=20 F=1 all w1,baseline,--mode baseline --n 2 --max 3 --td 1 --t1 3 --tr 20 --sync 20 --k 2 --files 1 --property all --keep-going,1,none,1500.0,150.0,2,boundary,"VIOLATED = spurious alarms (untimed counts do not depend on TR/SYNC/TD/T1/k), exit 0 with --keep-going; identical to the A MAX=3 baseline (explored=29943190)"
brp-025,brp,brp_timed,B3 boundary MAX=3 TR=21 SYNC=19 F=1 all w1,timed,--mode timed --n 2 --max 3 --td 1 --t1 3 --tr 21 --sync 19 --k 2 --files 1 --property all --keep-going,1,none,18.0,150.0,2,boundary,"VIOLATED, true (4) at the tie: p4_runs=16, explored=32096; exit 0 with --keep-going, engine-certified (impossible=0)"
brp-026,brp,brp_timed,B3 boundary MAX=3 TR=21 SYNC=19 F=1 all w1,baseline,--mode baseline --n 2 --max 3 --td 1 --t1 3 --tr 21 --sync 19 --k 2 --files 1 --property all --keep-going,1,none,1500.0,150.0,2,boundary,"VIOLATED = spurious alarms (untimed counts do not depend on TR/SYNC/TD/T1/k), exit 0 with --keep-going; identical to the A MAX=3 baseline (explored=29943190)"
brp-027,brp,brp_timed,B3 boundary MAX=3 TR=21 SYNC=20 F=1 all w1,timed,--mode timed --n 2 --max 3 --td 1 --t1 3 --tr 21 --sync 20 --k 2 --files 1 --property all --keep-going,1,none,18.0,150.0,2,boundary,"HOLDS (edge of (4)): explored=31940; exit 0 with --keep-going, engine-certified (impossible=0)"
brp-028,brp,brp_timed,B3 boundary MAX=3 TR=21 SYNC=20 F=1 all w1,baseline,--mode baseline --n 2 --max 3 --td 1 --t1 3 --tr 21 --sync 20 --k 2 --files 1 --property all --keep-going,1,none,1500.0,150.0,2,boundary,"VIOLATED = spurious alarms (untimed counts do not depend on TR/SYNC/TD/T1/k), exit 0 with --keep-going; identical to the A MAX=3 baseline (explored=29943190)"
brp-029,brp,brp_timed,B4 boundary MAX=4 TR=26 SYNC=26 F=1 all w1 (timed only),timed,--mode timed --n 2 --max 4 --td 1 --t1 3 --tr 26 --sync 26 --k 2 --files 1 --property all --keep-going,1,none,111.0,150.0,2,boundary,"VIOLATED, true (2) TR side: p2_tr_side=256, explored=156548; baseline twin = A MAX=4 w1 baseline (time-independent counts)"
brp-030,brp,brp_timed,B4 boundary MAX=4 TR=27 SYNC=25 F=1 all w1 (timed only),timed,--mode timed --n 2 --max 4 --td 1 --t1 3 --tr 27 --sync 25 --k 2 --files 1 --property all --keep-going,1,none,100.0,150.0,2,boundary,"VIOLATED, true (4) at the tie: p4_runs=32, explored=150080; baseline twin = A MAX=4 w1 baseline (time-independent counts)"
brp-031,brp,brp_timed,B4 boundary MAX=4 TR=27 SYNC=26 F=1 all w1 (timed only),timed,--mode timed --n 2 --max 4 --td 1 --t1 3 --tr 27 --sync 26 --k 2 --files 1 --property all --keep-going,1,none,106.0,150.0,2,boundary,HOLDS (edge of (4)): explored=149764; baseline twin = A MAX=4 w1 baseline (time-independent counts)
brp-032,brp,brp_timed,"C1 F=2 MAX=1 TR=9 SYNC=6 p2 w1 (SYNC edge, fire)",timed,--mode timed --n 2 --max 1 --td 1 --t1 3 --tr 9 --sync 6 --k 2 --files 2 --property p2 --keep-going,1,none,110.0,150.0,2,boundary,"VIOLATED, true (2) SYNC side: p2_sync_side=7, explored=209118 (measured 100 s)"
brp-033,brp,brp_timed,"C1 F=2 MAX=1 TR=9 SYNC=6 p2 w1 (SYNC edge, fire)",baseline,--mode baseline --n 2 --max 1 --td 1 --t1 3 --tr 9 --sync 6 --k 2 --files 2 --property p2 --keep-going,1,none,2600.0,150.0,2,boundary,VIOLATED spurious; identical counts to the SYNC=7 baseline (explored=43044179)
brp-034,brp,brp_timed,"C2 DKRT cell F=2 MAX=2 TR=15 SYNC=13 p2 w1 (exact SYNC edge, hold)",timed,--mode timed --n 2 --max 2 --td 1 --t1 3 --tr 15 --sync 13 --k 2 --files 2 --property p2 --keep-going,1,none,5600.0,150.0,2,boundary,"HOLDS: execs=152475 blocked=7589451 explored=7741926 restart_after_fail_runs=36386 (691 s on 8 workers, 5515 CPU-s); baseline twin = C2 ceiling"
brp-035,brp,brp_timed,"C2 DKRT cell F=2 MAX=2 TR=15 SYNC=12 p2 w1 (SYNC edge, fire; timed only)",timed,--mode timed --n 2 --max 2 --td 1 --t1 3 --tr 15 --sync 12 --k 2 --files 2 --property p2 --keep-going,1,none,5300.0,150.0,2,boundary,"VIOLATED, true (2) SYNC side: p2_sync_side=19, explored=7808550 (643 s on 8 workers, 5135 CPU-s)"
brp-036,brp,brp_timed,D n=3 MAX=1 TR=9 F=1 all w1,timed,--mode timed --n 3 --max 1 --td 1 --t1 3 --tr 9 --sync 9 --k 2 --files 1 --property all --keep-going,1,none,6.0,150.0,2,ladder,"HOLDS (proof), impossible=0; explored=11748"
brp-037,brp,brp_timed,D n=3 MAX=1 TR=9 F=1 all w1,baseline,--mode baseline --n 3 --max 1 --td 1 --t1 3 --tr 9 --sync 9 --k 2 --files 1 --property all --keep-going,1,none,65.0,150.0,2,ladder,"VIOLATED = spurious alarms (untimed counts do not depend on TR/SYNC/TD/T1/k), exit 0 with --keep-going; explored=911810 (measured 57.6 s)"
brp-038,brp,brp_timed,D n=4 MAX=1 TR=9 F=1 all w1,timed,--mode timed --n 4 --max 1 --td 1 --t1 3 --tr 9 --sync 9 --k 2 --files 1 --property all --keep-going,1,none,65.0,150.0,2,ladder,"HOLDS (proof), impossible=0; explored=141910 (measured 55.6 s)"
brp-039,brp,brp_timed,D n=4 MAX=1 TR=9 F=1 all w1,baseline,--mode baseline --n 4 --max 1 --td 1 --t1 3 --tr 9 --sync 9 --k 2 --files 1 --property all --keep-going,1,none,2400.0,150.0,2,ladder,"VIOLATED = spurious alarms (untimed counts do not depend on TR/SYNC/TD/T1/k), exit 0 with --keep-going; explored=41176626 (770 s on 4 workers, 2977 CPU-s)"
brp-040,brp,brp_timed,D n=5 MAX=1 TR=9 F=1 all w6 (timed only),timed,--mode timed --n 5 --max 1 --td 1 --t1 3 --tr 9 --sync 9 --k 2 --files 1 --property all --keep-going --workers 6,6,"--workers 6 (shared queue); measured: timed C1 w6 12.8 s vs 93.8 s w1 (7.3x), MAX4 w7 12.0 s vs 76 s (6.3x), MAX5 w4 3.75x, MAX6 w7 364 s on 2434 CPU-s",220.0,150.0,2,ladder,"HOLDS (proof), impossible=0; explored=1807750 (154 s on 8 workers, 1226 CPU-s)"
brp-041,brp,brp_timed,"E n=3 MAX=2 TR=15 F=1 all w1 (n x MAX compound, both >=1 min)",timed,--mode timed --n 3 --max 2 --td 1 --t1 3 --tr 15 --sync 15 --k 2 --files 1 --property all --keep-going,1,none,75.0,150.0,2,ladder,"HOLDS (proof), impossible=0; execs=2876 blocked=155656 explored=158532 (measured 63.8 s)"
brp-042,brp,brp_timed,"E n=3 MAX=2 TR=15 F=1 all w1 (n x MAX compound, both >=1 min)",baseline,--mode baseline --n 3 --max 2 --td 1 --t1 3 --tr 15 --sync 15 --k 2 --files 1 --property all --keep-going,1,none,6000.0,150.0,2,ladder,"VIOLATED = spurious alarms (untimed counts do not depend on TR/SYNC/TD/T1/k), exit 0 with --keep-going; NOT measured to completion: over 600 s on 1 core and over 1200 s on 4 workers (so over about 3300 s single); predicted about 9e7 explored, band 3300-12000 s"
brp-043,brp,brp_timed,C2 DKRT cell F=2 MAX=2 TR=15 SYNC=13 p2 w1 (ceiling),baseline,--mode baseline --n 2 --max 2 --td 1 --t1 3 --tr 15 --sync 13 --k 2 --files 2 --property p2 --keep-going,1,none,3000000.0,150.0,3,ceiling,DNF expected (about 6e10 endings predicted); elapsed time is the untimed lower bound against timed about 1.5 h on 1 core; log about 2 GB by the deadline
brp-044,brp,brp_timed,A MAX=5 n=2 F=1 all w1 (ceiling),baseline,--mode baseline --n 2 --max 5 --td 1 --t1 3 --tr 33 --sync 33 --k 2 --files 1 --property all --keep-going,1,none,1250000.0,150.0,3,ceiling,"DNF expected (about 2.5e10 endings predicted, about 1.25e6 s on 1 core); pairs with timed A MAX=5 w1 (544 s); log about 3-4 GB by the deadline"
par-001,par,par_timed,K=8 R=1 To=9 errs (biggest paired size),baseline,--mode baseline --dk 3 --dl 3 --dr 1 --to 9 --messages 8 --retries 1 --keep-going --parallel shared,4,shared,111500.0,32,1,headline,"spurious violations p1_fails>0 (explored ~3.4e9, extrapolated 28-35 h; DNF possible)"
par-002,par,par_timed,K=8 R=1 To=9 errs (biggest paired size),timed,--mode timed --dk 3 --dl 3 --dr 1 --to 9 --messages 8 --retries 1 --keep-going --parallel shared,4,shared,910.0,32,1,headline,"hold p1_fails=0, execs=1953121 blocked=1953131 impossible=0 (measured 908 s)"
par-003,par,par_timed,K=5 R=1 To=9 errs (smallest both >=10 s),timed,--mode timed --dk 3 --dl 3 --dr 1 --to 9 --messages 5 --retries 1 --keep-going,1,none,20.0,32,1,headline,"hold, execs=15621 blocked=15631 impossible=0 (measured 19 s)"
par-004,par,par_timed,K=5 R=1 To=9 errs (smallest both >=10 s),baseline,--mode baseline --dk 3 --dl 3 --dr 1 --to 9 --messages 5 --retries 1 --keep-going,1,none,125.0,32,1,headline,"spurious p1_fails=13364, execs=730641 blocked=744015 (measured 109-130 s)"
par-005,par,par_timed,"K=6 R=1 To=9 errs (both >=1 min, single core)",timed,--mode timed --dk 3 --dl 3 --dr 1 --to 9 --messages 6 --retries 1 --keep-going,1,none,115.0,32,1,headline,"hold, execs=78121 blocked=78131 impossible=0 (measured 114 s)"
par-006,par,par_timed,"K=6 R=1 To=9 errs (both >=1 min, single core)",baseline,--mode baseline --dk 3 --dl 3 --dr 1 --to 9 --messages 6 --retries 1 --keep-going,1,none,1900.0,32,1,headline,"spurious p1_fails=234684, execs=9414551 blocked=9649245 (1c >1200 s measured; REVIEW pred from K5 1c x15.5: 1700-2050 s)"
par-007,par,par_timed,K=10 R=1 To=9 errs 4c (biggest timed comfortably; baseline ~1e4 h),timed,--mode timed --dk 3 --dl 3 --dr 1 --to 9 --messages 10 --retries 1 --keep-going --parallel shared,4,shared,35000.0,32,1,headline,"hold, execs=48828121 blocked=48828131 impossible=0 (extrapolated 9-11 h)"
par-008,par,par_timed,K=6 R=1 To=9 errs 4c,timed,--mode timed --dk 3 --dl 3 --dr 1 --to 9 --messages 6 --retries 1 --keep-going --parallel shared,4,shared,21.0,32,2,ladder,"hold, execs=78121 blocked=78131 (measured 21 s)"
par-009,par,par_timed,K=6 R=1 To=9 errs 4c,baseline,--mode baseline --dk 3 --dl 3 --dr 1 --to 9 --messages 6 --retries 1 --keep-going --parallel shared,4,shared,400.0,32,2,ladder,spurious p1_fails=234684 (measured 400 s)
par-010,par,par_timed,K=7 R=1 To=9 errs 4c,timed,--mode timed --dk 3 --dl 3 --dr 1 --to 9 --messages 7 --retries 1 --keep-going --parallel shared,4,shared,153.0,32,2,ladder,"hold, execs=390621 blocked=390631 (measured 153 s)"
par-011,par,par_timed,K=7 R=1 To=9 errs 4c,baseline,--mode baseline --dk 3 --dl 3 --dr 1 --to 9 --messages 7 --retries 1 --keep-going --parallel shared,4,shared,6600.0,32,2,ladder,"spurious violations, explored ~2.5e8 (extrapolated x16.5 from K6)"
par-012,par,par_timed,K=9 R=1 To=9 errs 4c (timed only; baseline ~450 h),timed,--mode timed --dk 3 --dl 3 --dr 1 --to 9 --messages 9 --retries 1 --keep-going --parallel shared,4,shared,5700.0,32,2,ladder,"hold, execs=9765621 blocked=9765631 (extrapolated)"
par-013,par,par_timed,K=4 R=2 To=9 errs 4c (retry dimension),timed,--mode timed --dk 3 --dl 3 --dr 1 --to 9 --messages 4 --retries 2 --keep-going --parallel shared,4,shared,208.0,32,2,ladder,"hold, execs=816817 blocked=816835 (measured 208 s)"
par-014,par,par_timed,no-errs K=8 R=1 To=9 4c,timed,--mode timed --dk 3 --dl 3 --dr 1 --to 9 --messages 8 --retries 1 --keep-going --no-errs --parallel shared,4,shared,8.0,32,2,ladder,"hold, execs=19681 blocked=19691 (REVIEW measured 7.8 s on 4c)"
par-015,par,par_timed,no-errs K=8 R=1 To=9 4c,baseline,--mode baseline --dk 3 --dl 3 --dr 1 --to 9 --messages 8 --retries 1 --keep-going --no-errs --parallel shared,4,shared,1190.0,32,2,ladder,"spurious p1_fails=1227080, execs=21318413 blocked=22545503 (measured 1189 s)"
par-016,par,par_timed,no-errs K=9 R=1 To=9 4c,timed,--mode timed --dk 3 --dl 3 --dr 1 --to 9 --messages 9 --retries 1 --keep-going --no-errs --parallel shared,4,shared,29.0,32,2,ladder,"hold, execs=59047 blocked=59057 (measured 29 s)"
par-017,par,par_timed,no-errs K=9 R=1 To=9 4c,baseline,--mode baseline --dk 3 --dl 3 --dr 1 --to 9 --messages 9 --retries 1 --keep-going --no-errs --parallel shared,4,shared,12500.0,32,2,ladder,"spurious violations, explored ~3.5e8 (extrapolated)"
par-018,par,par_timed,no-errs K=10 R=1 To=9 4c,timed,--mode timed --dk 3 --dl 3 --dr 1 --to 9 --messages 10 --retries 1 --keep-going --no-errs --parallel shared,4,shared,105.0,32,2,ladder,"hold, execs=177145 blocked=177155 (measured 105 s)"
par-019,par,par_timed,no-errs K=12 R=1 To=9 4c (timed only),timed,--mode timed --dk 3 --dl 3 --dr 1 --to 9 --messages 12 --retries 1 --keep-going --no-errs --parallel shared,4,shared,1460.0,32,2,ladder,"hold, execs=1594321 blocked=1594331 (8c measured 730 s)"
par-020,par,par_timed,no-errs K=14 R=1 To=9 4c (timed only),timed,--mode timed --dk 3 --dl 3 --dr 1 --to 9 --messages 14 --retries 1 --keep-going --no-errs --parallel shared,4,shared,21000.0,32,2,ladder,"hold, execs=14348905 blocked=14348915 (extrapolated 5-7 h)"
par-021,par,par_timed,"boundary K=5 (3,3,1) To=7 tie",timed,--mode timed --dk 3 --dl 3 --dr 1 --to 7 --messages 5 --retries 1 --keep-going,1,none,245.0,32,2,boundary,"FIRE (real), p1_fails=880, explored ~4.4e5"
par-022,par,par_timed,"boundary K=5 (3,3,1) To=7 tie",baseline,--mode baseline --dk 3 --dl 3 --dr 1 --to 7 --messages 5 --retries 1 --keep-going,1,none,125.0,32,2,boundary,violations p1_fails=13364 (baseline is To-independent)
par-023,par,par_timed,"boundary K=5 (3,3,1) To=8 first safe",timed,--mode timed --dk 3 --dl 3 --dr 1 --to 8 --messages 5 --retries 1 --keep-going,1,none,16.0,32,2,boundary,"hold, execs=15621 blocked=15631"
par-024,par,par_timed,"boundary K=5 (3,3,1) To=8 first safe",baseline,--mode baseline --dk 3 --dl 3 --dr 1 --to 8 --messages 5 --retries 1 --keep-going,1,none,125.0,32,2,boundary,spurious p1_fails=13364
par-025,par,par_timed,"boundary K=5 (30,30,10) To=70 tie",timed,--mode timed --dk 30 --dl 30 --dr 10 --to 70 --messages 5 --retries 1 --keep-going,1,none,235.0,32,2,boundary,"FIRE (real), p1_fails=880, explored ~4.4e5"
par-026,par,par_timed,"boundary K=5 (30,30,10) To=70 tie",baseline,--mode baseline --dk 30 --dl 30 --dr 10 --to 70 --messages 5 --retries 1 --keep-going,1,none,125.0,32,2,boundary,violations p1_fails=13364 (baseline is To-independent)
par-027,par,par_timed,"boundary K=5 (30,30,10) To=71 first safe",timed,--mode timed --dk 30 --dl 30 --dr 10 --to 71 --messages 5 --retries 1 --keep-going,1,none,16.0,32,2,boundary,"hold, execs=15621 blocked=15631"
par-028,par,par_timed,"boundary K=5 (30,30,10) To=71 first safe",baseline,--mode baseline --dk 30 --dl 30 --dr 10 --to 71 --messages 5 --retries 1 --keep-going,1,none,125.0,32,2,boundary,spurious p1_fails=13364
par-029,par,par_timed,"boundary K=5 (3,3,3) To=9 tie",timed,--mode timed --dk 3 --dl 3 --dr 3 --to 9 --messages 5 --retries 1 --keep-going,1,none,214.0,32,2,boundary,"FIRE (real), p1_fails=880, explored ~4.4e5"
par-030,par,par_timed,"boundary K=5 (3,3,3) To=9 tie",baseline,--mode baseline --dk 3 --dl 3 --dr 3 --to 9 --messages 5 --retries 1 --keep-going,1,none,125.0,32,2,boundary,violations p1_fails=13364 (baseline is To-independent)
par-031,par,par_timed,"boundary K=5 (3,3,3) To=10 first safe",timed,--mode timed --dk 3 --dl 3 --dr 3 --to 10 --messages 5 --retries 1 --keep-going,1,none,16.0,32,2,boundary,"hold, execs=15621 blocked=15631"
par-032,par,par_timed,"boundary K=5 (3,3,3) To=10 first safe",baseline,--mode baseline --dk 3 --dl 3 --dr 3 --to 10 --messages 5 --retries 1 --keep-going,1,none,125.0,32,2,boundary,spurious p1_fails=13364
par-033,par,par_timed,"boundary K=5 (2,5,1) To=8 tie",timed,--mode timed --dk 2 --dl 5 --dr 1 --to 8 --messages 5 --retries 1 --keep-going,1,none,217.0,32,2,boundary,"FIRE (real), p1_fails=880, explored ~4.4e5"
par-034,par,par_timed,"boundary K=5 (2,5,1) To=8 tie",baseline,--mode baseline --dk 2 --dl 5 --dr 1 --to 8 --messages 5 --retries 1 --keep-going,1,none,125.0,32,2,boundary,violations p1_fails=13364 (baseline is To-independent; REVIEW verified on 4c)
par-035,par,par_timed,"boundary K=5 (2,5,1) To=9 first safe",timed,--mode timed --dk 2 --dl 5 --dr 1 --to 9 --messages 5 --retries 1 --keep-going,1,none,16.0,32,2,boundary,"hold, execs=15621 blocked=15631"
par-036,par,par_timed,"boundary K=5 (2,5,1) To=9 first safe",baseline,--mode baseline --dk 2 --dl 5 --dr 1 --to 9 --messages 5 --retries 1 --keep-going,1,none,125.0,32,2,boundary,spurious p1_fails=13364
par-037,par,par_timed,"boundary K=6 (3,3,1) To=7 tie 4c",timed,--mode timed --dk 3 --dl 3 --dr 1 --to 7 --messages 6 --retries 1 --keep-going --parallel shared,4,shared,602.0,32,2,boundary,"FIRE (real), p1_fails=8080, execs=1986670 blocked=1994760 (measured 602 s)"
par-038,par,par_timed,"boundary K=6 (3,3,1) To=7 tie 4c",baseline,--mode baseline --dk 3 --dl 3 --dr 1 --to 7 --messages 6 --retries 1 --keep-going --parallel shared,4,shared,400.0,32,2,boundary,violations p1_fails=234684
par-039,par,par_timed,"boundary K=6 (3,3,1) To=8 first safe 4c",timed,--mode timed --dk 3 --dl 3 --dr 1 --to 8 --messages 6 --retries 1 --keep-going --parallel shared,4,shared,22.0,32,2,boundary,"hold, execs=78121 blocked=78131 (measured 21.5 s)"
par-040,par,par_timed,"boundary K=6 (3,3,1) To=8 first safe 4c",baseline,--mode baseline --dk 3 --dl 3 --dr 1 --to 8 --messages 6 --retries 1 --keep-going --parallel shared,4,shared,400.0,32,2,boundary,spurious p1_fails=234684
par-041,par,par_timed,K=4 R=2 To=9 errs 4c (retry dimension),baseline,--mode baseline --dk 3 --dl 3 --dr 1 --to 9 --messages 4 --retries 2 --keep-going --parallel shared,4,shared,16000.0,32,3,ceiling,"spurious violations; >1200 s on 8c measured, explored >7e7; pred 1-6 h, uncertain"
par-042,par,par_timed,no-errs K=10 R=1 To=9 4c,baseline,--mode baseline --dk 3 --dl 3 --dr 1 --to 9 --messages 10 --retries 1 --keep-going --no-errs --parallel shared,4,shared,134000.0,32,3,ceiling,"spurious violations; pred ~37 h, DNF likely (timed side 105 s)"
abp-001,abp,alternating_bit_timed,abp K=5 R=2 W=3 (U=1),timed,--mode timed --variant abp --messages 5 --retries 2 --w-ratio 3,1,none,60.0,32.0,1,headline,hold; execs=56022 blocked=56040 stale=0 (measured 47-52 s)
abp-002,abp,alternating_bit_timed,abp K=5 R=2 W=3 (U=1),baseline,--mode baseline --variant abp --messages 5 --retries 2 --w-ratio 3,1,none,30000.0,32.0,1,headline,"hold; execs ~1.89e8 (x42 per K: 2543,107388,4503679), blocked ~ execs"
abp-003,abp,alternating_bit_timed,par K=5 R=2 W=3 (U=1) keep-going,timed,--mode timed --variant par --messages 5 --retries 2 --w-ratio 3 --keep-going,1,none,60.0,32.0,1,headline,"hold: p1_fails=0 p2_fails=0, no VIOLATION line; execs=56022 blocked=56040 (measured 47.6 s)"
abp-004,abp,alternating_bit_timed,par K=5 R=2 W=3 (U=1) keep-going,baseline,--mode baseline --variant par --messages 5 --retries 2 --w-ratio 3 --keep-going,1,none,8500.0,32.0,1,headline,"spurious FIRE counted (exit 0 + VIOLATION line): p1_fails>0, p2_fails>0 (K=4: 14334/68913); execs ~4.4e7 (x31 per K). Also the baseline side of every par K=5 R=2 timing cell (baseline ignores W, U, L, dR)"
abp-005,abp,alternating_bit_timed,abp K=2 R=5 W=3 (U=1),timed,--mode timed --variant abp --messages 2 --retries 5 --w-ratio 3,1,none,15.0,32.0,1,headline,hold; execs=12034 blocked=12164 (measured 13.5 s)
abp-006,abp,alternating_bit_timed,abp K=2 R=5 W=3 (U=1),baseline,--mode baseline --variant abp --messages 2 --retries 5 --w-ratio 3,1,none,3600.0,32.0,1,headline,"hold; execs ~2.37e7 (x21 per R); >2600 s seq (8-core partitioned run killed at 1200 s, R-shape parallel speedup only ~2.2x)"
abp-007,abp,alternating_bit_timed,abp K=8 R=2 W=3 (U=1),timed,--mode timed --variant abp --messages 8 --retries 2 --w-ratio 3,1,none,34000.0,32.0,1,headline,hold; execs ~19216000 = (10/3)*7^8; biggest timed K cell (baseline side = K=6 ceiling DNF)
abp-008,abp,alternating_bit_timed,abp K=3 R=2 W=3,timed,--mode timed --variant abp --messages 3 --retries 2 --w-ratio 3,1,none,2.0,32.0,2,ladder,hold; execs=1142 blocked=1160
abp-009,abp,alternating_bit_timed,abp K=3 R=2 W=3,baseline,--mode baseline --variant abp --messages 3 --retries 2 --w-ratio 3,1,none,10.0,32.0,2,ladder,hold; execs=107388 blocked=107406
abp-010,abp,alternating_bit_timed,abp K=4 R=2 W=3,timed,--mode timed --variant abp --messages 4 --retries 2 --w-ratio 3,1,none,6.0,32.0,2,ladder,hold; execs=8002 blocked=8020
abp-011,abp,alternating_bit_timed,abp K=4 R=2 W=3,baseline,--mode baseline --variant abp --messages 4 --retries 2 --w-ratio 3,1,none,530.0,32.0,2,ladder,hold; execs=4503679 blocked=4503697
abp-012,abp,alternating_bit_timed,abp K=6 R=2 W=3,timed,--mode timed --variant abp --messages 6 --retries 2 --w-ratio 3,1,none,450.0,32.0,2,ladder,hold; execs=392162 blocked=392180 (baseline side = ceiling job)
abp-013,abp,alternating_bit_timed,abp K=7 R=2 W=3,timed,--mode timed --variant abp --messages 7 --retries 2 --w-ratio 3,1,none,3900.0,32.0,2,ladder,"hold; execs=2745142 blocked=2745160 (measured 1107 s on 4-core partitioned, cpu 4426 s)"
abp-014,abp,alternating_bit_timed,abp K=2 R=4 W=3,timed,--mode timed --variant abp --messages 2 --retries 4 --w-ratio 3,1,none,3.0,32.0,2,ladder,hold; execs=2946 blocked=3012
abp-015,abp,alternating_bit_timed,abp K=2 R=4 W=3,baseline,--mode baseline --variant abp --messages 2 --retries 4 --w-ratio 3,1,none,120.0,32.0,2,ladder,hold; execs=1124640 blocked=1124706
abp-016,abp,alternating_bit_timed,abp K=2 R=6 W=3,timed,--mode timed --variant abp --messages 2 --retries 6 --w-ratio 3,1,none,70.0,32.0,2,ladder,hold; execs=48642 blocked=48900 (measured 50.8 and 68.8 s)
abp-017,abp,alternating_bit_timed,abp K=2 R=6 W=3,baseline,--mode baseline --variant abp --messages 2 --retries 6 --w-ratio 3,1,none,80000.0,32.0,2,ladder,"hold; execs ~4.97e8 (x21 per R); pred 22 h, range 15-30 h; may DNF if per-exec cost grows faster"
abp-018,abp,alternating_bit_timed,abp K=2 R=7 W=3,timed,--mode timed --variant abp --messages 2 --retries 7 --w-ratio 3,1,none,340.0,32.0,2,ladder,hold; execs=195586 blocked=196100 (baseline side = ceiling job)
abp-019,abp,alternating_bit_timed,abp K=2 R=8 W=3,timed,--mode timed --variant abp --messages 2 --retries 8 --w-ratio 3,1,none,1500.0,32.0,2,ladder,"hold; execs=784386 blocked=785412 (measured 327 s on 8-core partitioned, cpu 1304 s; REVIEW: sequential 1,350-1,600 s from the per-exec trend)"
abp-020,abp,alternating_bit_timed,abp K=2 R=9 W=3,timed,--mode timed --variant abp --messages 2 --retries 9 --w-ratio 3,1,none,7000.0,32.0,2,ladder,hold; execs ~3141635 = (3+1/511)*1023^2
abp-021,abp,alternating_bit_timed,abp K=2 R=10 W=3,timed,--mode timed --variant abp --messages 2 --retries 10 --w-ratio 3,1,none,33000.0,32.0,2,ladder,hold; execs ~12574725 = (3+1/1023)*2047^2; biggest timed R cell
abp-022,abp,alternating_bit_timed,par K=4 R=2 W=3 keep-going,timed,--mode timed --variant par --messages 4 --retries 2 --w-ratio 3 --keep-going,1,none,6.0,32.0,2,ladder,hold p1=p2=0; execs=8002 blocked=8020
abp-023,abp,alternating_bit_timed,par K=4 R=2 W=3 keep-going,baseline,--mode baseline --variant par --messages 4 --retries 2 --w-ratio 3 --keep-going,1,none,190.0,32.0,2,ladder,FIRE counted: p1_fails=14334 p2_fails=68913; execs=1383138 blocked=1397490
abp-024,abp,alternating_bit_timed,abp premature K=4 R=2 W=2 (=edge),timed,--mode timed --variant abp --messages 4 --retries 2 --w-ratio 2,1,none,245.0,32.0,2,boundary,"hold, stale>0 (604703), no premature WARNING; execs=263236 blocked=263254"
abp-025,abp,alternating_bit_timed,abp premature K=4 R=2 W=2 (=edge),baseline,--mode baseline --variant abp --messages 4 --retries 2 --w-ratio 2,1,none,530.0,32.0,2,boundary,hold; execs=4503679 (baseline ignores W)
abp-026,abp,alternating_bit_timed,abp premature K=4 R=2 W=1,timed,--mode timed --variant abp --messages 4 --retries 2 --w-ratio 1,1,none,3000.0,32.0,2,boundary,"hold, stale>0 (14321967); execs=3216945 blocked=3216963 (0.71x baseline execs but ~5x baseline wall)"
abp-027,abp,alternating_bit_timed,abp premature K=4 R=2 W=1,baseline,--mode baseline --variant abp --messages 4 --retries 2 --w-ratio 1,1,none,530.0,32.0,2,boundary,hold; execs=4503679 (baseline ignores W)
abp-028,abp,alternating_bit_timed,abp premature K=5 R=2 W=2 (=edge),timed,--mode timed --variant abp --messages 5 --retries 2 --w-ratio 2,1,none,6000.0,32.0,2,boundary,"hold, stale>0; execs ~4.96e6 (x18.84 per K: 742,13972,263236)"
abp-029,abp,alternating_bit_timed,abp premature K=5 R=2 W=2 (=edge),baseline,--mode baseline --variant abp --messages 5 --retries 2 --w-ratio 2,1,none,30000.0,32.0,2,boundary,hold; bit-identical counts to the K=5 W=3 baseline headline (baseline ignores W); REVIEW: kept as the timed-hold comparison pair and as a replicate of the 8 h headline baseline (noise up to 35%)
abp-030,abp,alternating_bit_timed,"par edge U=1 K=5 R=2 W=2 (tie, FIRE side)",timed,--mode timed --variant par --messages 5 --retries 2 --w-ratio 2 --keep-going,1,none,1800.0,32.0,2,boundary,"FIRE counted: p1_fails=32288 p2_fails=65676; execs=1676326 blocked=1708632. REVIEW: timed-FIRE side, no own baseline job; its baseline is the par K=5 R=2 W=3 headline baseline (identical counts)"
abp-031,abp,alternating_bit_timed,par DT-Spin row K=5 R=2 W=7 (FIRE side),timed,--mode timed --variant par --messages 5 --retries 2 --u 3 --l-ratio 1 --proc-ratio 0.333 --w-ratio 2.3333333 --keep-going,1,none,470.0,32.0,2,boundary,"FIRE counted: p1_fails=2548 p2_fails=4914; execs=366294 blocked=368860 (L=U=3 dR=1, edge 2U+dR=7); baseline side = DT W=8 baseline job (identical for every W)"
abp-032,abp,alternating_bit_timed,par DT-Spin row K=5 R=2 W=8 (hold side),timed,--mode timed --variant par --messages 5 --retries 2 --u 3 --l-ratio 1 --proc-ratio 0.333 --w-ratio 2.6666667 --keep-going,1,none,50.0,32.0,2,boundary,hold p1=p2=0; execs=39215 blocked=39233
abp-033,abp,alternating_bit_timed,par DT-Spin row K=5 R=2 W=8 (hold side),baseline,--mode baseline --variant par --messages 5 --retries 2 --u 3 --l-ratio 1 --proc-ratio 0.333 --w-ratio 2.6666667 --keep-going,1,none,8500.0,32.0,2,boundary,"spurious FIRE counted; bit-identical to the par K=5 U=1 W=3 baseline (baseline ignores U, L, dR, W: verified at K=3 by rev_abp_bpar_K3R2_dt_W8_kg); REVIEW: kept as the DT-Spin precision pair and as a replicate"
abp-034,abp,alternating_bit_timed,"par DT-Spin row K=5 R=2 W=3 (lower edge, FIRE)",timed,--mode timed --variant par --messages 5 --retries 2 --u 3 --l-ratio 1 --proc-ratio 0.333 --w-ratio 1 --keep-going,1,none,250.0,32.0,2,boundary,FIRE counted: p1_fails=19258 p2_fails=18472; execs=174476 blocked=197464 (2L+dR=7 <= (R+1)W=9); baseline side = DT W=8 baseline job
abp-035,abp,alternating_bit_timed,par DT-Spin row K=5 R=2 W=2 (below lower edge),timed,--mode timed --variant par --messages 5 --retries 2 --u 3 --l-ratio 1 --proc-ratio 0.333 --w-ratio 0.6666667 --keep-going,1,none,1.0,32.0,2,boundary,"no completion: end_checks=0 WARNING, execs=27 blocked=45 ((R+1)W=6 < 7)"
abp-036,abp,alternating_bit_timed,abp K=6 R=2 W=3,baseline,--mode baseline --variant abp --messages 6 --retries 2 --w-ratio 3,1,none,1250000.0,32.0,3,ceiling,"DNF expected (pred ~350 h, execs ~7.9e9; starts about 15.5 h into the campaign, so DNF after about 25 h); timed side 446 s"
abp-037,abp,alternating_bit_timed,abp K=2 R=7 W=3,baseline,--mode baseline --variant abp --messages 2 --retries 7 --w-ratio 3,1,none,1700000.0,32.0,3,ceiling,"DNF expected (pred ~470 h, execs ~1.0e10; starts about 15.5 h into the campaign, so DNF after about 25 h); timed side 337 s"
ct-001,ct,chandra_toueg_timed,"D2 P4 to=13 H=22 kg (smallest both >=1 min, sequential)",timed,--mode timed --delta 2 --phi 4 --to 13 --horizon 22 --keep-going,1,none,1900.0,32.0,1,headline,HOLDS violations=0 W*=12 (W*+1=13=TLC thr); execs=18999 blocked=2717493; timeline_impossible=0; ec=0
ct-002,ct,chandra_toueg_timed,"D2 P4 to=13 H=22 kg (smallest both >=1 min, sequential)",baseline,--mode baseline --delta 2 --phi 4 --to 13 --horizon 22 --keep-going,1,none,130.0,32.0,1,headline,"VIOLATED spurious: violations=1413 of execs=72918, blocked=1180443; ec=0"
ct-003,ct,chandra_toueg_timed,D2 P4 to=13 H=25 kg w7 (TLC diameter),timed,--mode timed --delta 2 --phi 4 --to 13 --horizon 25 --keep-going --workers 7,7,shared --workers 7,1600.0,32.0,1,headline,HOLDS violations=0 W*=12 (bounded hold = TLC unbounded hold); execs=58533 blocked=10552083; timeline_impossible=0
ct-004,ct,chandra_toueg_timed,D2 P4 to=13 H=25 kg w7 (TLC diameter),baseline,--mode baseline --delta 2 --phi 4 --to 13 --horizon 25 --keep-going --workers 7,7,shared --workers 7,100.0,32.0,1,headline,"VIOLATED spurious: violations=8442 of execs=277121, blocked=4721000 (REVIEW: measured 80.6 s at w7, counts identical to sequential)"
ct-005,ct,chandra_toueg_timed,D2 P4 to=13 H=31 kg w7 (largest timed that finishes),timed,--mode timed --delta 2 --phi 4 --to 13 --horizon 31 --keep-going --workers 7,7,shared --workers 7,40000.0,32.0,1,headline,"HOLDS violations=0 W*=12; execs about 0.56M, explored about 1.5e8; timeline_impossible=0"
ct-006,ct,chandra_toueg_timed,D2 P4 to=13 H=31 kg w7 (largest timed that finishes),baseline,--mode baseline --delta 2 --phi 4 --to 13 --horizon 31 --keep-going --workers 7,7,shared --workers 7,2200.0,32.0,1,headline,"VIOLATED spurious: violations=224861 of execs=4056219, blocked=75168794 (counts measured at w12, 1071 s); about 550 MB of generator panic noise on stderr"
ct-007,ct,chandra_toueg_timed,D2 P4 to=13 H=16 kg,timed,--mode timed --delta 2 --phi 4 --to 13 --horizon 16 --keep-going,1,none,90.0,32.0,2,ladder,HOLDS W*=12; execs=1978 blocked=168313
ct-008,ct,chandra_toueg_timed,D2 P4 to=13 H=16 kg,baseline,--mode baseline --delta 2 --phi 4 --to 13 --horizon 16 --keep-going,1,none,8.0,32.0,2,ladder,"VIOLATED spurious: violations=14 of execs=5138, blocked=72534"
ct-009,ct,chandra_toueg_timed,D2 P4 to=13 H=19 kg,timed,--mode timed --delta 2 --phi 4 --to 13 --horizon 19 --keep-going,1,none,400.0,32.0,2,ladder,HOLDS W*=12; execs=6151 blocked=688413
ct-010,ct,chandra_toueg_timed,D2 P4 to=13 H=19 kg,baseline,--mode baseline --delta 2 --phi 4 --to 13 --horizon 19 --keep-going,1,none,30.0,32.0,2,ladder,"VIOLATED spurious: violations=190 of execs=19294, blocked=293918"
ct-011,ct,chandra_toueg_timed,D2 P4 to=13 H=28 kg w7,timed,--mode timed --delta 2 --phi 4 --to 13 --horizon 28 --keep-going --workers 7,7,shared --workers 7,8000.0,32.0,2,ladder,"HOLDS W*=12; execs about 0.18M, explored about 4e7"
ct-012,ct,chandra_toueg_timed,D2 P4 to=13 H=28 kg w7,baseline,--mode baseline --delta 2 --phi 4 --to 13 --horizon 28 --keep-going --workers 7,7,shared --workers 7,500.0,32.0,2,ladder,"VIOLATED spurious: violations=45064 of execs=1058134, blocked=18845188 (counts measured at w8, 359 s)"
ct-013,ct,chandra_toueg_timed,D2 P4 to=13 H=34 kg w7,baseline,--mode baseline --delta 2 --phi 4 --to 13 --horizon 34 --keep-going --workers 7,7,shared --workers 7,10000.0,32.0,2,ladder,"VIOLATED spurious: violations about 1.1M of execs about 15.5M, explored about 3.2e8; about 2.2 GB of generator panic noise on stderr (see issues)"
ct-014,ct,chandra_toueg_timed,"rounds (TKW explicit-time model, untimed) D2 P4 to=13 H=16",baseline,--mode rounds --delta 2 --phi 4 --to 13 --horizon 16 --keep-going,1,none,230.0,32.0,2,ladder,"HOLDS W*=12; execs=27445895 blocked=0 (timed explores 170,291 at H=16)"
ct-015,ct,chandra_toueg_timed,"rounds (TKW explicit-time model, untimed) D2 P4 to=13 H=19",baseline,--mode rounds --delta 2 --phi 4 --to 13 --horizon 19 --keep-going,1,none,7000.0,32.0,2,ladder,"HOLDS W*=12; execs about 7.4e8 (timed explores 694,564 at H=19)"
ct-016,ct,chandra_toueg_timed,boundary D2 P4 H=25 to=12 (thr-1) no-kg,timed,--mode timed --delta 2 --phi 4 --to 12 --horizon 25,1,none,25.0,32.0,2,boundary,FIRE ec=101 certified timed counterexample
ct-017,ct,chandra_toueg_timed,boundary D2 P4 H=25 to=12 (thr-1) no-kg,baseline,--mode baseline --delta 2 --phi 4 --to 12 --horizon 25,1,none,2.0,32.0,2,boundary,FIRE ec=101
ct-018,ct,chandra_toueg_timed,boundary D1 P4 H=26 (R_diam) to=13 (thr) kg w7,timed,--mode timed --delta 1 --phi 4 --to 13 --horizon 26 --keep-going --workers 7,7,shared --workers 7,1600.0,32.0,2,boundary,HOLDS W*=12 (W*+1=13=TLC thr); execs=70647 blocked=12559125
ct-019,ct,chandra_toueg_timed,boundary D1 P4 H=26 (R_diam) to=13 (thr) kg w7,baseline,--mode baseline --delta 1 --phi 4 --to 13 --horizon 26 --keep-going --workers 7,7,shared --workers 7,130.0,32.0,2,boundary,"VIOLATED spurious: violations=14520 of execs=369499, blocked=6257367"
ct-020,ct,chandra_toueg_timed,boundary D1 P4 H=26 to=12 (thr-1) no-kg,timed,--mode timed --delta 1 --phi 4 --to 12 --horizon 26,1,none,35.0,32.0,2,boundary,FIRE ec=101 certified
ct-021,ct,chandra_toueg_timed,boundary D1 P4 H=26 to=12 (thr-1) no-kg,baseline,--mode baseline --delta 1 --phi 4 --to 12 --horizon 26,1,none,2.0,32.0,2,boundary,FIRE ec=101
ct-022,ct,chandra_toueg_timed,boundary D3 P4 H=24 (R_diam) to=15 (thr) kg w7,timed,--mode timed --delta 3 --phi 4 --to 15 --horizon 24 --keep-going --workers 7,7,shared --workers 7,1400.0,32.0,2,boundary,HOLDS W*=14 (W*+1=15=TLC thr); execs=49772 blocked=9817843
ct-023,ct,chandra_toueg_timed,boundary D3 P4 H=24 (R_diam) to=15 (thr) kg w7,baseline,--mode baseline --delta 3 --phi 4 --to 15 --horizon 24 --keep-going --workers 7,7,shared --workers 7,90.0,32.0,2,boundary,"VIOLATED spurious: violations=4377 of execs=228501, blocked=4176364 (REVIEW: measured 70.3 s at w7)"
ct-024,ct,chandra_toueg_timed,boundary D3 P4 H=24 to=14 (thr-1) no-kg,timed,--mode timed --delta 3 --phi 4 --to 14 --horizon 24,1,none,170.0,32.0,2,boundary,FIRE ec=101 certified
ct-025,ct,chandra_toueg_timed,boundary D3 P4 H=24 to=14 (thr-1) no-kg,baseline,--mode baseline --delta 3 --phi 4 --to 14 --horizon 24,1,none,2.0,32.0,2,boundary,FIRE ec=101
ct-026,ct,chandra_toueg_timed,boundary D2 P3 H=19 (R_diam) to=10 (thr) kg,timed,--mode timed --delta 2 --phi 3 --to 10 --horizon 19 --keep-going,1,none,380.0,32.0,2,boundary,HOLDS W*=9 (W*+1=10=TLC thr); execs=5610 blocked=610479
ct-027,ct,chandra_toueg_timed,boundary D2 P3 H=19 (R_diam) to=10 (thr) kg,baseline,--mode baseline --delta 2 --phi 3 --to 10 --horizon 19 --keep-going,1,none,40.0,32.0,2,boundary,"VIOLATED spurious: violations=1026 of execs=19294, blocked=293918"
ct-028,ct,chandra_toueg_timed,boundary D2 P3 H=19 to=9 (thr-1) no-kg,timed,--mode timed --delta 2 --phi 3 --to 9 --horizon 19,1,none,2.0,32.0,2,boundary,FIRE ec=101 certified
ct-029,ct,chandra_toueg_timed,boundary D2 P3 H=19 to=9 (thr-1) no-kg,baseline,--mode baseline --delta 2 --phi 3 --to 9 --horizon 19,1,none,2.0,32.0,2,boundary,FIRE ec=101
ct-030,ct,chandra_toueg_timed,boundary D2 P2 H=14 (R_diam) to=7 (thr) kg,timed,--mode timed --delta 2 --phi 2 --to 7 --horizon 14 --keep-going,1,none,15.0,32.0,2,boundary,HOLDS W*=6 (W*+1=7=TLC thr); execs=555 blocked=36070
ct-031,ct,chandra_toueg_timed,boundary D2 P2 H=14 (R_diam) to=7 (thr) kg,baseline,--mode baseline --delta 2 --phi 2 --to 7 --horizon 14 --keep-going,1,none,3.0,32.0,2,boundary,"VIOLATED spurious: violations=205 of execs=1839, blocked=23273"
ct-032,ct,chandra_toueg_timed,boundary D2 P2 H=14 to=6 (thr-1) no-kg,timed,--mode timed --delta 2 --phi 2 --to 6 --horizon 14,1,none,2.0,32.0,2,boundary,FIRE ec=101 certified
ct-033,ct,chandra_toueg_timed,boundary D2 P2 H=14 to=6 (thr-1) no-kg,baseline,--mode baseline --delta 2 --phi 2 --to 6 --horizon 14,1,none,2.0,32.0,2,boundary,FIRE ec=101
ct-034,ct,chandra_toueg_timed,control crashed-sender D2 P4 to=13 H=25 no-kg,timed,--mode timed --delta 2 --phi 4 --to 13 --horizon 25 --control crashed-sender,1,none,2.0,32.0,2,boundary,FIRE ec=101 certified (sanity: property can fail)
ct-035,ct,chandra_toueg_timed,control crashed-sender D2 P4 to=13 H=25 no-kg,baseline,--mode baseline --delta 2 --phi 4 --to 13 --horizon 25 --control crashed-sender,1,none,2.0,32.0,2,boundary,FIRE ec=101
ct-036,ct,chandra_toueg_timed,D2 P4 to=13 H=34 kg w7 (ceiling),timed,--mode timed --delta 2 --phi 4 --to 13 --horizon 34 --keep-going --workers 7,7,shared --workers 7,200000.0,32.0,3,ceiling,"DNF expected (predicted about 55 h at w7; starts about 18 h into the campaign, killed after about 23 h); if it finishes: HOLDS W*=12"
nrp-001,nrp,nrp_failure_detector_timed,selftest nrp no-failure R=4 kg,timed,--mode timed --variant nrp --fault none --rounds 4 --keep-going,1,none,35.0,32,1,headline,"hold: violations=0 execs=1 blocked=51806 (measured 24.6 s; 20.0 s without kg in rev_nrp_A, same counts); vacuity WARNING expected (no failure, backup never decides)"
nrp-002,nrp,nrp_failure_detector_timed,selftest nrp no-failure R=4 kg,baseline,--mode baseline --variant nrp --fault none --rounds 4 --keep-going,1,none,330.0,32,1,headline,violations=34707 spurious dual primaries (execs=31436 blocked=2519989 completed=66143; measured 282 s); exit 0 because of --keep-going
nrp-003,nrp,nrp_failure_detector_timed,selftest nrp no-failure R=5 kg,timed,--mode timed --variant nrp --fault none --rounds 5 --keep-going,1,none,100.0,32,1,headline,REVIEW: promoted to headline (both sides about 1 min or more). hold violations=0 execs=1 blocked=146066 (measured 87.5 s)
nrp-004,nrp,nrp_failure_detector_timed,selftest nrp no-failure R=5 kg,baseline,--mode baseline --variant nrp --fault none --rounds 5 --keep-going,1,none,2500.0,32,1,headline,REVIEW: promoted to headline. violations>0 spurious (exit 0); pred 1.5k s (power law R^7.5) to 2.2k s (x7.6/round); >1200 s measured
nrp-005,nrp,nrp_failure_detector_timed,case8 published leasing (attacker only) R=3 kg,timed,--mode timed --variant leasing --fault none --attack-from-ratio 0 --rounds 3 --keep-going,1,none,50.0,32,1,headline,hold: violations=0 execs=1 blocked=90564 (measured 35.9 s); lease-vacuous WARNING (lease_chances 0) expected at R=3; efficiency-only cell
nrp-006,nrp,nrp_failure_detector_timed,case8 published leasing (attacker only) R=3 kg,baseline,--mode baseline --variant leasing --fault none --attack-from-ratio 0 --rounds 3 --keep-going,1,none,1000.0,32,1,headline,hold: violations=0 execs=320909 blocked=9461836 (measured 855 s); lease-vacuous WARNING
nrp-007,nrp,nrp_failure_detector_timed,"case7 switch failure, DCN2 phase 11, R=4 kg",timed,--mode timed --variant nrp --fault switch --rounds 4 --phase-ratio 11 --keep-going,1,none,480.0,32,1,headline,hold: violations=0 execs=2 blocked=595483 stepdowns=completed=2 (measured 331 s)
nrp-008,nrp,nrp_failure_detector_timed,"case7 switch failure, DCN2 phase 11, R=4 kg",baseline,--mode baseline --variant nrp --fault switch --rounds 4 --phase-ratio 11 --keep-going,1,none,15000.0,32,1,headline,"violations>0 spurious, exit 0 (untimed ignores the phase, confirmed by rev_nrp_B; R=3 had 134139 of 271857); REVIEW pred range 6.5k s (power law) to 17k s (x25)"
nrp-009,nrp,nrp_failure_detector_timed,case8 published leasing R=5 (first non-vacuous size) no-kg,timed,--mode timed --variant leasing --fault none --attack-from-ratio 0 --rounds 5,1,none,4500.0,32,1,headline,"hold, lease non-vacuous (lease_chances=completed), violations=0; pred x8-15/round from R4 352 s"
nrp-010,nrp,nrp_failure_detector_timed,case8 published leasing R=5 (first non-vacuous size) no-kg,baseline,--mode baseline --variant leasing --fault none --attack-from-ratio 0 --rounds 5,1,none,5.0,32,1,headline,FIRE exit 101 (spurious dual primary; measured 1.6 s)
nrp-011,nrp,nrp_failure_detector_timed,case8 published leasing R=6 no-kg (biggest timed),timed,--mode timed --variant leasing --fault none --attack-from-ratio 0 --rounds 6,1,none,40000.0,32,1,headline,"hold, violations=0; pred 26k-80k s (x8-15/round from R5)"
nrp-012,nrp,nrp_failure_detector_timed,case8 published leasing R=6 no-kg (biggest timed),baseline,--mode baseline --variant leasing --fault none --attack-from-ratio 0 --rounds 6,1,none,15.0,32,1,headline,FIRE exit 101 (spurious dual primary; measured 6.1 s)
nrp-013,nrp,nrp_failure_detector_timed,lease-not-enough boundary (header cell M=2 cut 50 R=5) phase 1,timed,--mode timed --variant leasing --fault link --attack-from-ratio 0 --fail-a-ratio 50 --rounds 5 --phase-ratio 1,1,none,65000.0,32,2,boundary,hold violations=0 (header: promotions 2 after the step-down); pred 35k-110k s; REVIEW: start early (see issue 15)
nrp-014,nrp,nrp_failure_detector_timed,lease-not-enough boundary (header cell M=2 cut 50 R=5) phase 1,baseline,--mode baseline --variant leasing --fault link --attack-from-ratio 0 --fail-a-ratio 50 --rounds 5 --phase-ratio 1,1,none,2.0,32,2,boundary,FIRE exit 101 spurious (measured 0.35 s)
nrp-015,nrp,nrp_failure_detector_timed,lease-not-enough boundary (header cell M=2 cut 50 R=5) phase -3,timed,--mode timed --variant leasing --fault link --attack-from-ratio 0 --fail-a-ratio 50 --rounds 5 --phase-ratio -3,1,none,65000.0,32,2,boundary,"hold violations=0 (header: stepdowns=completed, lease_chances 2); pred 35k-110k s; REVIEW: start early (see issue 15)"
nrp-016,nrp,nrp_failure_detector_timed,lease-not-enough boundary (header cell M=2 cut 50 R=5) phase -3,baseline,--mode baseline --variant leasing --fault link --attack-from-ratio 0 --fail-a-ratio 50 --rounds 5 --phase-ratio -3,1,none,2.0,32,2,boundary,FIRE exit 101 spurious (measured 0.3 s)
nrp-017,nrp,nrp_failure_detector_timed,lease-not-enough boundary (translated M=1 cut 30 R=4) phase 1,timed,--mode timed --variant leasing --fault link --attack-from-ratio 0 --max-missed 1 --fail-a-ratio 30 --rounds 4 --phase-ratio 1,1,none,28000.0,32,2,boundary,"hold violations=0, promotion at 71 after the step-down at 70, stepdowns=completed; pred 12k-36k s (hand-derived, re-derived by REVIEW, not in header)"
nrp-018,nrp,nrp_failure_detector_timed,lease-not-enough boundary (translated M=1 cut 30 R=4) phase 1,baseline,--mode baseline --variant leasing --fault link --attack-from-ratio 0 --max-missed 1 --fail-a-ratio 30 --rounds 4 --phase-ratio 1,1,none,2.0,32,2,boundary,FIRE exit 101 spurious (measured 0.34 s)
nrp-019,nrp,nrp_failure_detector_timed,lease-not-enough boundary (translated M=1 cut 30 R=4) phase -3,timed,--mode timed --variant leasing --fault link --attack-from-ratio 0 --max-missed 1 --fail-a-ratio 30 --rounds 4 --phase-ratio -3,1,none,28000.0,32,2,boundary,"hold violations=0, stepdowns=completed, lease_chances=completed (DCN1's ping at 24 resets the lease at 43); pred 12k-36k s (hand-derived, re-derived by REVIEW, not in header)"
nrp-020,nrp,nrp_failure_detector_timed,lease-not-enough boundary (translated M=1 cut 30 R=4) phase -3,baseline,--mode baseline --variant leasing --fault link --attack-from-ratio 0 --max-missed 1 --fail-a-ratio 30 --rounds 4 --phase-ratio -3,1,none,2.0,32,2,boundary,FIRE exit 101 spurious (measured 0.29 s)
nrp-021,nrp,nrp_failure_detector_timed,selftest R=10 no-kg,timed,--mode timed --variant nrp --fault none --rounds 10,1,none,27000.0,32,2,ladder,"hold violations=0 (pred 22k-25k s, x3.0-3.1/round)"
nrp-022,nrp,nrp_failure_detector_timed,selftest R=10 no-kg,baseline,--mode baseline --variant nrp --fault none --rounds 10,1,none,2.0,32,2,ladder,FIRE exit 101 spurious (measured 0.04 s)
nrp-023,nrp,nrp_failure_detector_timed,case7 phase 11 R=8 no-kg,timed,--mode timed --variant nrp --fault switch --rounds 8 --phase-ratio 11,1,none,22000.0,32,2,ladder,"hold violations=0 (pred 20000 s, x3/round)"
nrp-024,nrp,nrp_failure_detector_timed,case7 phase 11 R=8 no-kg,baseline,--mode baseline --variant nrp --fault switch --rounds 8 --phase-ratio 11,1,none,2.0,32,2,ladder,FIRE exit 101 spurious (measured 0.02 s)
nrp-025,nrp,nrp_failure_detector_timed,selftest R=6 kg,timed,--mode timed --variant nrp --fault none --rounds 6 --keep-going,1,none,300.0,32,2,ladder,hold violations=0 execs=1 blocked=379722 (measured 271 s)
nrp-026,nrp,nrp_failure_detector_timed,selftest R=6 kg,baseline,--mode baseline --variant nrp --fault none --rounds 6 --keep-going,1,none,10000.0,32,2,ladder,REVIEW pred 18000 -> 10000: violations>0 spurious (exit 0); pred 5.9k s (power law R^7.5) to 16k s (x7.6/round)
nrp-027,nrp,nrp_failure_detector_timed,lease-not-enough boundary (header cell M=2 cut 50 R=5) phase 0,timed,--mode timed --variant leasing --fault link --attack-from-ratio 0 --fail-a-ratio 50 --rounds 5 --phase-ratio 0,1,none,7000.0,32,2,boundary,"FIRE exit 101 certified (tie at 90); first FIRE >1200 s measured, pred a few % of the full space"
nrp-028,nrp,nrp_failure_detector_timed,lease-not-enough boundary (header cell M=2 cut 50 R=5) phase 0,baseline,--mode baseline --variant leasing --fault link --attack-from-ratio 0 --fail-a-ratio 50 --rounds 5 --phase-ratio 0,1,none,2.0,32,2,boundary,"FIRE exit 101 (untimed, measured 0.3 s)"
nrp-029,nrp,nrp_failure_detector_timed,lease-not-enough boundary (header cell M=2 cut 50 R=5) phase -2,timed,--mode timed --variant leasing --fault link --attack-from-ratio 0 --fail-a-ratio 50 --rounds 5 --phase-ratio -2,1,none,7000.0,32,2,boundary,FIRE exit 101 certified (header: strict dual window); first FIRE >1200 s measured
nrp-030,nrp,nrp_failure_detector_timed,lease-not-enough boundary (header cell M=2 cut 50 R=5) phase -2,baseline,--mode baseline --variant leasing --fault link --attack-from-ratio 0 --fail-a-ratio 50 --rounds 5 --phase-ratio -2,1,none,2.0,32,2,boundary,"FIRE exit 101 (untimed, instant)"
nrp-031,nrp,nrp_failure_detector_timed,lease-not-enough boundary (translated M=1 cut 30 R=4) phase -2,timed,--mode timed --variant leasing --fault link --attack-from-ratio 0 --max-missed 1 --fail-a-ratio 30 --rounds 4 --phase-ratio -2,1,none,3500.0,32,2,boundary,"FIRE exit 101 (strict window [70,72)); first FIRE >1200 s measured"
nrp-032,nrp,nrp_failure_detector_timed,lease-not-enough boundary (translated M=1 cut 30 R=4) phase -2,baseline,--mode baseline --variant leasing --fault link --attack-from-ratio 0 --max-missed 1 --fail-a-ratio 30 --rounds 4 --phase-ratio -2,1,none,2.0,32,2,boundary,"FIRE exit 101 (untimed, instant)"
nrp-033,nrp,nrp_failure_detector_timed,MARS Table 1 case 7 noopt R=4,timed,--mode timed --variant noopt --fault switch --rounds 4,1,none,3500.0,32,2,ladder,"hold violations=0 (doc: 2 executions, takeover_pings 2, stepdowns 2); pred 1600-3500 s (>1200 s measured)"
nrp-034,nrp,nrp_failure_detector_timed,MARS Table 1 case 7 noopt R=4,baseline,--mode baseline --variant noopt --fault switch --rounds 4,1,none,25.0,32,2,ladder,FIRE exit 101 spurious (measured 17.4 s)
nrp-035,nrp,nrp_failure_detector_timed,selftest R=8 no-kg,timed,--mode timed --variant nrp --fault none --rounds 8,1,none,2800.0,32,2,ladder,hold violations=0 (pred x3.0-3.1/round from R7 823 s)
nrp-036,nrp,nrp_failure_detector_timed,selftest R=8 no-kg,baseline,--mode baseline --variant nrp --fault none --rounds 8,1,none,2.0,32,2,ladder,FIRE exit 101 spurious (measured 0.03 s in rev_nrp_D)
nrp-037,nrp,nrp_failure_detector_timed,case7 phase 11 R=6 no-kg,timed,--mode timed --variant nrp --fault switch --rounds 6 --phase-ratio 11,1,none,2600.0,32,2,ladder,hold violations=0 (pred x2.7-3/round from R5 812 s)
nrp-038,nrp,nrp_failure_detector_timed,case7 phase 11 R=6 no-kg,baseline,--mode baseline --variant nrp --fault switch --rounds 6 --phase-ratio 11,1,none,2.0,32,2,ladder,FIRE exit 101 spurious (instant)
nrp-039,nrp,nrp_failure_detector_timed,lease-not-enough boundary (translated M=1 cut 30 R=4) phase -1,timed,--mode timed --variant leasing --fault link --attack-from-ratio 0 --max-missed 1 --fail-a-ratio 30 --rounds 4 --phase-ratio -1,1,none,1000.0,32,2,boundary,"FIRE exit 101 certified, window [70,71) (measured 771 s to first FIRE)"
nrp-040,nrp,nrp_failure_detector_timed,lease-not-enough boundary (translated M=1 cut 30 R=4) phase -1,baseline,--mode baseline --variant leasing --fault link --attack-from-ratio 0 --max-missed 1 --fail-a-ratio 30 --rounds 4 --phase-ratio -1,1,none,2.0,32,2,boundary,"FIRE exit 101 (untimed, instant)"
nrp-041,nrp,nrp_failure_detector_timed,lease-not-enough boundary (translated M=1 cut 30 R=4) phase 0,timed,--mode timed --variant leasing --fault link --attack-from-ratio 0 --max-missed 1 --fail-a-ratio 30 --rounds 4 --phase-ratio 0,1,none,900.0,32,2,boundary,"FIRE exit 101 certified, tie at 70 (measured 690 s to first FIRE; witness: both role changes read @70)"
nrp-042,nrp,nrp_failure_detector_timed,lease-not-enough boundary (translated M=1 cut 30 R=4) phase 0,baseline,--mode baseline --variant leasing --fault link --attack-from-ratio 0 --max-missed 1 --fail-a-ratio 30 --rounds 4 --phase-ratio 0,1,none,2.0,32,2,boundary,"FIRE exit 101 (untimed, instant)"
nrp-043,nrp,nrp_failure_detector_timed,case7 phase 11 R=5 no-kg,timed,--mode timed --variant nrp --fault switch --rounds 5 --phase-ratio 11,1,none,900.0,32,2,ladder,"hold violations=0 execs=2 blocked=1604057 (measured 812 s with kg; no-kg costs the same, rev_nrp_A)"
nrp-044,nrp,nrp_failure_detector_timed,case7 phase 11 R=5 no-kg,baseline,--mode baseline --variant nrp --fault switch --rounds 5 --phase-ratio 11,1,none,2.0,32,2,ladder,FIRE exit 101 spurious (instant)
nrp-045,nrp,nrp_failure_detector_timed,selftest R=7 kg (baseline = ceiling),timed,--mode timed --variant nrp --fault none --rounds 7 --keep-going,1,none,900.0,32,2,ladder,hold violations=0 execs=1 blocked=938938 (measured 823 s)
nrp-046,nrp,nrp_failure_detector_timed,separation hb-off tA=11 sep=41 R=5,timed,--mode timed --variant nrp --fault switch --rounds 5 --fail-a-ratio 11 --sep-ratio 41,1,none,700.0,32,2,boundary,hold violations=0 stepdowns=completed=2 (measured 606 s)
nrp-047,nrp,nrp_failure_detector_timed,separation hb-off tA=11 sep=41 R=5,baseline,--mode baseline --variant nrp --fault switch --rounds 5 --fail-a-ratio 11 --sep-ratio 41,1,none,2.0,32,2,boundary,FIRE exit 101 spurious (measured 0.02 s)
nrp-048,nrp,nrp_failure_detector_timed,case7 boundary U=1 L=1 phase 13 R=4,timed,--mode timed --variant nrp --fault switch --rounds 4 --phase-ratio 13,1,none,480.0,32,2,boundary,hold violations=0 stepdowns=completed (kg 412 s)
nrp-049,nrp,nrp_failure_detector_timed,case7 boundary U=1 L=1 phase 13 R=4,baseline,--mode baseline --variant nrp --fault switch --rounds 4 --phase-ratio 13,1,none,2.0,32,2,boundary,"FIRE exit 101 spurious (untimed, instant)"
nrp-050,nrp,nrp_failure_detector_timed,case8 R=4 kg (baseline = ceiling),timed,--mode timed --variant leasing --fault none --attack-from-ratio 0 --rounds 4 --keep-going,1,none,400.0,32,2,ladder,hold violations=0 execs=1 blocked=714689 (measured 352 s); lease-vacuous WARNING
nrp-051,nrp,nrp_failure_detector_timed,separation hb-on tA=1 sep=11 R=4,timed,--mode timed --variant nrp --fault switch --rounds 4 --hb-on-nrp-change on --fail-a-ratio 1 --sep-ratio 11,1,none,400.0,32,2,boundary,hold violations=0 stepdowns=completed=2 (measured 319 s)
nrp-052,nrp,nrp_failure_detector_timed,separation hb-on tA=1 sep=11 R=4,baseline,--mode baseline --variant nrp --fault switch --rounds 4 --hb-on-nrp-change on --fail-a-ratio 1 --sep-ratio 11,1,none,2.0,32,2,boundary,FIRE exit 101 spurious (instant)
nrp-053,nrp,nrp_failure_detector_timed,case7 boundary U=2 L=1 phase 10.5 R=4,timed,--mode timed --variant nrp --fault switch --rounds 4 --u 2 --l-ratio 0.5 --phase-ratio 10.5,1,none,300.0,32,2,boundary,hold violations=0 (measured 246 s)
nrp-054,nrp,nrp_failure_detector_timed,case7 boundary U=2 L=1 phase 10.5 R=4,baseline,--mode baseline --variant nrp --fault switch --rounds 4 --u 2 --l-ratio 0.5 --phase-ratio 10.5,1,none,2.0,32,2,boundary,"FIRE exit 101 spurious (untimed, instant)"
nrp-055,nrp,nrp_failure_detector_timed,case7 boundary U=2 L=1 phase 11.5 R=4,timed,--mode timed --variant nrp --fault switch --rounds 4 --u 2 --l-ratio 0.5 --phase-ratio 11.5,1,none,300.0,32,2,boundary,hold violations=0 (kg 239 s)
nrp-056,nrp,nrp_failure_detector_timed,case7 boundary U=2 L=1 phase 11.5 R=4,baseline,--mode baseline --variant nrp --fault switch --rounds 4 --u 2 --l-ratio 0.5 --phase-ratio 11.5,1,none,2.0,32,2,boundary,FIRE exit 101 spurious (measured 0.02 s)
nrp-057,nrp,nrp_failure_detector_timed,separation hb-off tA=31 sep=-21 R=4,timed,--mode timed --variant nrp --fault switch --rounds 4 --fail-a-ratio 31 --sep-ratio -21,1,none,200.0,32,2,boundary,hold violations=0 stepdowns=completed=2 (measured 141 s)
nrp-058,nrp,nrp_failure_detector_timed,separation hb-off tA=31 sep=-21 R=4,baseline,--mode baseline --variant nrp --fault switch --rounds 4 --fail-a-ratio 31 --sep-ratio -21,1,none,2.0,32,2,boundary,FIRE exit 101 spurious (instant)
nrp-059,nrp,nrp_failure_detector_timed,separation hb-off tA=11 sep=40 R=5,timed,--mode timed --variant nrp --fault switch --rounds 5 --fail-a-ratio 11 --sep-ratio 40,1,none,150.0,32,2,boundary,FIRE exit 101 certified (measured 73 s)
nrp-060,nrp,nrp_failure_detector_timed,separation hb-off tA=11 sep=40 R=5,baseline,--mode baseline --variant nrp --fault switch --rounds 5 --fail-a-ratio 11 --sep-ratio 40,1,none,2.0,32,2,boundary,FIRE exit 101 (instant)
nrp-061,nrp,nrp_failure_detector_timed,separation hb-off tA=31 sep=-20 R=4,timed,--mode timed --variant nrp --fault switch --rounds 4 --fail-a-ratio 31 --sep-ratio -20,1,none,40.0,32,2,boundary,FIRE exit 101 certified (measured 17 s)
nrp-062,nrp,nrp_failure_detector_timed,separation hb-off tA=31 sep=-20 R=4,baseline,--mode baseline --variant nrp --fault switch --rounds 4 --fail-a-ratio 31 --sep-ratio -20,1,none,2.0,32,2,boundary,FIRE exit 101 (instant)
nrp-063,nrp,nrp_failure_detector_timed,case7 boundary U=1 L=1 phase 10 R=4,timed,--mode timed --variant nrp --fault switch --rounds 4 --phase-ratio 10,1,none,10.0,32,2,boundary,"FIRE exit 101 certified (measured 1.7 s no-kg; kg: violations=2, 281 s)"
nrp-064,nrp,nrp_failure_detector_timed,case7 boundary U=1 L=1 phase 10 R=4,baseline,--mode baseline --variant nrp --fault switch --rounds 4 --phase-ratio 10,1,none,2.0,32,2,boundary,"FIRE exit 101 (untimed, instant)"
nrp-065,nrp,nrp_failure_detector_timed,case7 boundary U=1 L=1 phase 14 R=4,timed,--mode timed --variant nrp --fault switch --rounds 4 --phase-ratio 14,1,none,10.0,32,2,boundary,"FIRE exit 101 certified (measured 2.0 s no-kg, reproduced by rev_nrp_C; kg: violations=2, 387 s)"
nrp-066,nrp,nrp_failure_detector_timed,case7 boundary U=1 L=1 phase 14 R=4,baseline,--mode baseline --variant nrp --fault switch --rounds 4 --phase-ratio 14,1,none,2.0,32,2,boundary,"FIRE exit 101 (untimed, instant)"
nrp-067,nrp,nrp_failure_detector_timed,case7 boundary U=2 L=1 phase 10 R=4,timed,--mode timed --variant nrp --fault switch --rounds 4 --u 2 --l-ratio 0.5 --phase-ratio 10,1,none,10.0,32,2,boundary,"FIRE exit 101 certified (measured 1.7 s no-kg; kg: violations=2, 237 s)"
nrp-068,nrp,nrp_failure_detector_timed,case7 boundary U=2 L=1 phase 10 R=4,baseline,--mode baseline --variant nrp --fault switch --rounds 4 --u 2 --l-ratio 0.5 --phase-ratio 10,1,none,2.0,32,2,boundary,"FIRE exit 101 (untimed, instant)"
nrp-069,nrp,nrp_failure_detector_timed,case7 boundary U=2 L=1 phase 12 R=4,timed,--mode timed --variant nrp --fault switch --rounds 4 --u 2 --l-ratio 0.5 --phase-ratio 12,1,none,10.0,32,2,boundary,"FIRE exit 101 certified (measured 2.0 s no-kg; kg: violations=2, 383 s)"
nrp-070,nrp,nrp_failure_detector_timed,case7 boundary U=2 L=1 phase 12 R=4,baseline,--mode baseline --variant nrp --fault switch --rounds 4 --u 2 --l-ratio 0.5 --phase-ratio 12,1,none,2.0,32,2,boundary,"FIRE exit 101 (untimed, instant)"
nrp-071,nrp,nrp_failure_detector_timed,case7 boundary U=1 L=0 phase 11 R=4 (edge moves with L),timed,--mode timed --variant nrp --fault switch --rounds 4 --l-ratio 0 --phase-ratio 11,1,none,10.0,32,2,boundary,"FIRE exit 101 certified (measured 2.0 s no-kg; kg: violations=4 of 44 completed, 488 s)"
nrp-072,nrp,nrp_failure_detector_timed,case7 boundary U=1 L=0 phase 11 R=4 (edge moves with L),baseline,--mode baseline --variant nrp --fault switch --rounds 4 --l-ratio 0 --phase-ratio 11,1,none,2.0,32,2,boundary,"FIRE exit 101 (untimed, instant)"
nrp-073,nrp,nrp_failure_detector_timed,separation hb-on tA=1 sep=10 R=4,timed,--mode timed --variant nrp --fault switch --rounds 4 --hb-on-nrp-change on --fail-a-ratio 1 --sep-ratio 10,1,none,10.0,32,2,boundary,FIRE exit 101 certified (measured 0.4 s)
nrp-074,nrp,nrp_failure_detector_timed,separation hb-on tA=1 sep=10 R=4,baseline,--mode baseline --variant nrp --fault switch --rounds 4 --hb-on-nrp-change on --fail-a-ratio 1 --sep-ratio 10,1,none,2.0,32,2,boundary,FIRE exit 101 (instant)
nrp-075,nrp,nrp_failure_detector_timed,selftest R=7 kg (baseline = ceiling),baseline,--mode baseline --variant nrp --fault none --rounds 7 --keep-going,1,none,40000.0,32,3,ceiling,"REVIEW pred 130000 -> 40000: ceiling probe, pred 19k s (power law R^7.5) to 125k s (x7.6/round); may finish even after a late start; violations>0 spurious (exit 0) if it finishes, otherwise DNF reads as baseline > elapsed vs timed 823 s"
nrp-076,nrp,nrp_failure_detector_timed,case8 R=4 kg (baseline = ceiling),baseline,--mode baseline --variant leasing --fault none --attack-from-ratio 0 --rounds 4 --keep-going,1,none,300000.0,32,3,ceiling,"REVIEW pred 90000 -> 300000: ceiling probe, explored grew x23.6 then x142 per round (R1->R3), so >= 121k s even at constant x142; DNF expected (baseline > elapsed vs timed 352 s); hold (lease-vacuous) if it finishes"
nisshi-001,nisshi,nisshi_txn_timed,T=2 R=3 L=1 U=5 W=1 B=0,timed,--mode timed --txns 2 --retries 3 --l 1 --u 5 --w 1 --backoff 0 --keep-going,1,none,40.0,32,1,headline,"hold: ec=0, violations=0; measured execs/blocked=312/39614"
nisshi-002,nisshi,nisshi_txn_timed,T=2 R=3 L=1 U=5 W=1 B=0,baseline,--mode baseline --txns 2 --retries 3 --l 1 --u 5 --w 1 --backoff 0 --keep-going,1,none,75.0,32,1,headline,"ec=0, spurious violations>0; measured execs=7539 blocked=322118 stray=2112 dirty=3272 (3272 distinct violating endings; 8.3x timed coverage)"
nisshi-003,nisshi,nisshi_txn_timed,T=2 R=5 L=1 U=5 W=1 B=0 shared4,timed,--mode timed --txns 2 --retries 5 --l 1 --u 5 --w 1 --backoff 0 --keep-going --parallel shared,4,shared,4800.0,32,1,headline,"hold: ec=0, violations=0; predicted coverage ~11.5M (linear law), not measured"
nisshi-004,nisshi,nisshi_txn_timed,T=2 R=5 L=1 U=5 W=1 B=0 shared4,baseline,--mode baseline --txns 2 --retries 5 --l 1 --u 5 --w 1 --backoff 0 --keep-going --parallel shared,4,shared,36000.0,32,1,headline,"ec=0, spurious violations>0; predicted coverage ~0.9G (x56 per retry), not measured; plausible range 30000-45000 s"
nisshi-005,nisshi,nisshi_txn_timed,T=2 R=1 L=1 U=5 W=1 B=0,timed,--mode timed --txns 2 --retries 1 --l 1 --u 5 --w 1 --backoff 0 --keep-going,1,none,1.0,32,2,ladder,"hold: ec=0, violations=0; measured execs/blocked=6/198"
nisshi-006,nisshi,nisshi_txn_timed,T=2 R=1 L=1 U=5 W=1 B=0,baseline,--mode baseline --txns 2 --retries 1 --l 1 --u 5 --w 1 --backoff 0 --keep-going,1,none,1.0,32,2,ladder,"ec=0, spurious violations>0; measured execs=19 blocked=318 stray=4 dirty=6"
nisshi-007,nisshi,nisshi_txn_timed,T=2 R=2 L=1 U=5 W=1 B=0,timed,--mode timed --txns 2 --retries 2 --l 1 --u 5 --w 1 --backoff 0 --keep-going,1,none,3.0,32,2,ladder,"hold: ec=0, violations=0; measured execs/blocked=44/2609"
nisshi-008,nisshi,nisshi_txn_timed,T=2 R=2 L=1 U=5 W=1 B=0,baseline,--mode baseline --txns 2 --retries 2 --l 1 --u 5 --w 1 --backoff 0 --keep-going,1,none,3.0,32,2,ladder,"ec=0, spurious violations>0; measured execs=355 blocked=8518 stray=102 dirty=152"
nisshi-009,nisshi,nisshi_txn_timed,T=2 R=4 L=1 U=5 W=1 B=0 shared4,timed,--mode timed --txns 2 --retries 4 --l 1 --u 5 --w 1 --backoff 0 --keep-going --parallel shared,4,shared,190.0,32,2,ladder,"hold: ec=0, violations=0; measured execs/blocked=2224/663807"
nisshi-010,nisshi,nisshi_txn_timed,T=2 R=4 L=1 U=5 W=1 B=0 shared4,baseline,--mode baseline --txns 2 --retries 4 --l 1 --u 5 --w 1 --backoff 0 --keep-going --parallel shared,4,shared,610.0,32,2,ladder,"ec=0, spurious violations>0; measured execs=184723 blocked=15196486 stray=46344 dirty=75632"
nisshi-011,nisshi,nisshi_txn_timed,T=16 R=1 L=1 U=5 W=1 B=0,timed,--mode timed --txns 16 --retries 1 --l 1 --u 5 --w 1 --backoff 0 --keep-going,1,none,4.0,32,2,ladder,"hold: ec=0, violations=0; measured execs/blocked=6/1332"
nisshi-012,nisshi,nisshi_txn_timed,T=16 R=1 L=1 U=5 W=1 B=0,baseline,--mode baseline --txns 16 --retries 1 --l 1 --u 5 --w 1 --backoff 0 --keep-going,1,none,8.0,32,2,ladder,"ec=0, spurious violations>0; measured execs=369 blocked=23754 stray=480 dirty=720"
nisshi-013,nisshi,nisshi_txn_timed,T=64 R=1 L=1 U=5 W=1 B=0,timed,--mode timed --txns 64 --retries 1 --l 1 --u 5 --w 1 --backoff 0 --keep-going,1,none,135.0,32,2,ladder,"hold: ec=0, violations=0; measured execs/blocked=6/5220"
nisshi-014,nisshi,nisshi_txn_timed,T=64 R=1 L=1 U=5 W=1 B=0,baseline,--mode baseline --txns 64 --retries 1 --l 1 --u 5 --w 1 --backoff 0 --keep-going,1,none,1280.0,32,2,ladder,"ec=0, spurious violations>0; measured execs=4545 blocked=958218 stray=8064 dirty=12096"
nisshi-015,nisshi,nisshi_txn_timed,T=8 R=2 L=1 U=5 W=1 B=0,timed,--mode timed --txns 8 --retries 2 --l 1 --u 5 --w 1 --backoff 0 --keep-going,1,none,10.0,32,2,ladder,"hold: ec=0, violations=0; measured execs/blocked=44/7415"
nisshi-016,nisshi,nisshi_txn_timed,T=8 R=2 L=1 U=5 W=1 B=0,baseline,--mode baseline --txns 8 --retries 2 --l 1 --u 5 --w 1 --backoff 0 --keep-going,1,none,85.0,32,2,ladder,"ec=0, spurious violations>0; measured execs=9569 blocked=357482 stray=9912 dirty=15288"
nisshi-017,nisshi,nisshi_txn_timed,T=16 R=2 L=1 U=5 W=1 B=0 shared4,timed,--mode timed --txns 16 --retries 2 --l 1 --u 5 --w 1 --backoff 0 --keep-going --parallel shared,4,shared,20.0,32,2,ladder,"hold: ec=0, violations=0; measured execs/blocked=44/13823 (review: 13.3 s with shared on 4 cores)"
nisshi-018,nisshi,nisshi_txn_timed,T=16 R=2 L=1 U=5 W=1 B=0 shared4,baseline,--mode baseline --txns 16 --retries 2 --l 1 --u 5 --w 1 --backoff 0 --keep-going --parallel shared,4,shared,420.0,32,2,ladder,"ec=0, spurious violations>0; measured execs=79105 blocked=4170242 stray=109680 dirty=168880"
nisshi-019,nisshi,nisshi_txn_timed,T=32 R=2 L=1 U=5 W=1 B=0 shared4,timed,--mode timed --txns 32 --retries 2 --l 1 --u 5 --w 1 --backoff 0 --keep-going --parallel shared,4,shared,80.0,32,2,ladder,"hold: ec=0, violations=0; measured execs/blocked=44/26639"
nisshi-020,nisshi,nisshi_txn_timed,T=32 R=2 L=1 U=5 W=1 B=0 shared4,baseline,--mode baseline --txns 32 --retries 2 --l 1 --u 5 --w 1 --backoff 0 --keep-going --parallel shared,4,shared,12000.0,32,2,ladder,"ec=0, spurious violations>0; baseline not measured, predicted from a T-doubling wall factor of ~29-35 (range 8000-16000 s)"
nisshi-021,nisshi,nisshi_txn_timed,T=4 R=3 L=1 U=5 W=1 B=0,timed,--mode timed --txns 4 --retries 3 --l 1 --u 5 --w 1 --backoff 0 --keep-going,1,none,100.0,32,2,ladder,"hold: ec=0, violations=0; measured execs/blocked=312/55328"
nisshi-022,nisshi,nisshi_txn_timed,T=4 R=3 L=1 U=5 W=1 B=0,baseline,--mode baseline --txns 4 --retries 3 --l 1 --u 5 --w 1 --backoff 0 --keep-going,1,none,620.0,32,2,ladder,"ec=0, spurious violations>0; measured execs=53713 blocked=2471316 stray=33408 dirty=52930"
nisshi-023,nisshi,nisshi_txn_timed,T=8 R=3 L=1 U=5 W=1 B=0 shared4,timed,--mode timed --txns 8 --retries 3 --l 1 --u 5 --w 1 --backoff 0 --keep-going --parallel shared,4,shared,55.0,32,2,ladder,"hold: ec=0, violations=0; measured execs/blocked=312/86756"
nisshi-024,nisshi,nisshi_txn_timed,T=8 R=3 L=1 U=5 W=1 B=0 shared4,baseline,--mode baseline --txns 8 --retries 3 --l 1 --u 5 --w 1 --backoff 0 --keep-going --parallel shared,4,shared,2300.0,32,2,ladder,"ec=0, spurious violations>0; measured execs=642673 blocked=33136942 stray=641088 dirty=1023148 (388x timed coverage)"
nisshi-025,nisshi,nisshi_txn_timed,T=16 R=3 L=1 U=5 W=1 B=0 shared4,timed,--mode timed --txns 16 --retries 3 --l 1 --u 5 --w 1 --backoff 0 --keep-going --parallel shared,4,shared,185.0,32,2,ladder,"hold: ec=0, violations=0; measured execs/blocked=312/149612"
nisshi-026,nisshi,nisshi_txn_timed,T=4 R=4 L=1 U=5 W=1 B=0 shared4,timed,--mode timed --txns 4 --retries 4 --l 1 --u 5 --w 1 --backoff 0 --keep-going --parallel shared,4,shared,320.0,32,2,ladder,"hold: ec=0, violations=0; measured execs/blocked=2224/818049"
nisshi-027,nisshi,nisshi_txn_timed,T=4 R=4 L=1 U=5 W=1 B=0 shared4,baseline,--mode baseline --txns 4 --retries 4 --l 1 --u 5 --w 1 --backoff 0 --keep-going --parallel shared,4,shared,7000.0,32,2,ladder,"ec=0, spurious violations>0; baseline not measured, predicted T2R4 x ~11-13 (range 5000-10000 s)"
nisshi-028,nisshi,nisshi_txn_timed,T=8 R=4 L=1 U=5 W=1 B=0 shared4,timed,--mode timed --txns 8 --retries 4 --l 1 --u 5 --w 1 --backoff 0 --keep-going --parallel shared,4,shared,800.0,32,2,ladder,"hold: ec=0, violations=0; measured execs/blocked=2224/1126533 (768 s partitioned on 4 cores; shared predicted 570-750 s). REVIEW: added; its baseline is the prio-3 ceiling"
nisshi-029,nisshi,nisshi_txn_timed,T=2 R=3 L=1 U=6 W=1 B=0,timed,--mode timed --txns 2 --retries 3 --l 1 --u 6 --w 1 --backoff 0 --keep-going,1,none,32.0,32,2,boundary,timed dirty only: dirty=178 stray=0 (dirty edge U>=W+B+5L=6)
nisshi-030,nisshi,nisshi_txn_timed,T=2 R=3 L=1 U=6 W=1 B=0,baseline,--mode baseline --txns 2 --retries 3 --l 1 --u 6 --w 1 --backoff 0 --keep-going,1,none,75.0,32,2,boundary,"ec=0, spurious violations>0; repeat of T2R3 comparison baseline (7539/322118, stray 2112 dirty 3272)"
nisshi-031,nisshi,nisshi_txn_timed,T=2 R=3 L=1 U=7 W=1 B=0,timed,--mode timed --txns 2 --retries 3 --l 1 --u 7 --w 1 --backoff 0 --keep-going,1,none,50.0,32,2,boundary,timed dirty only: dirty=214 stray=0
nisshi-032,nisshi,nisshi_txn_timed,T=2 R=3 L=1 U=7 W=1 B=0,baseline,--mode baseline --txns 2 --retries 3 --l 1 --u 7 --w 1 --backoff 0 --keep-going,1,none,75.0,32,2,boundary,"ec=0, spurious violations>0; repeat of T2R3 comparison baseline (7539/322118, stray 2112 dirty 3272)"
nisshi-033,nisshi,nisshi_txn_timed,T=2 R=3 L=1 U=8 W=1 B=0,timed,--mode timed --txns 2 --retries 3 --l 1 --u 8 --w 1 --backoff 0 --keep-going,1,none,52.0,32,2,boundary,timed stray+dirty: stray=532 dirty=798 (stray edge U>=W+B+7L=8)
nisshi-034,nisshi,nisshi_txn_timed,T=2 R=3 L=1 U=8 W=1 B=0,baseline,--mode baseline --txns 2 --retries 3 --l 1 --u 8 --w 1 --backoff 0 --keep-going,1,none,75.0,32,2,boundary,"ec=0, spurious violations>0; repeat of T2R3 comparison baseline (7539/322118, stray 2112 dirty 3272)"
nisshi-035,nisshi,nisshi_txn_timed,T=2 R=3 L=1 U=7 W=1 B=2,timed,--mode timed --txns 2 --retries 3 --l 1 --u 7 --w 1 --backoff 2 --keep-going,1,none,33.0,32,2,boundary,"hold: ec=0, violations=0 (dirty edge 8)"
nisshi-036,nisshi,nisshi_txn_timed,T=2 R=3 L=1 U=7 W=1 B=2,baseline,--mode baseline --txns 2 --retries 3 --l 1 --u 7 --w 1 --backoff 2 --keep-going,1,none,75.0,32,2,boundary,"ec=0, spurious violations>0; repeat of T2R3 comparison baseline (7539/322118, stray 2112 dirty 3272)"
nisshi-037,nisshi,nisshi_txn_timed,T=2 R=3 L=1 U=8 W=1 B=2,timed,--mode timed --txns 2 --retries 3 --l 1 --u 8 --w 1 --backoff 2 --keep-going,1,none,32.0,32,2,boundary,timed dirty only: dirty=106 stray=0
nisshi-038,nisshi,nisshi_txn_timed,T=2 R=3 L=1 U=8 W=1 B=2,baseline,--mode baseline --txns 2 --retries 3 --l 1 --u 8 --w 1 --backoff 2 --keep-going,1,none,75.0,32,2,boundary,"ec=0, spurious violations>0; repeat of T2R3 comparison baseline (7539/322118, stray 2112 dirty 3272)"
nisshi-039,nisshi,nisshi_txn_timed,T=2 R=3 L=1 U=9 W=1 B=2,timed,--mode timed --txns 2 --retries 3 --l 1 --u 9 --w 1 --backoff 2 --keep-going,1,none,36.0,32,2,boundary,timed dirty only: dirty=178 stray=0
nisshi-040,nisshi,nisshi_txn_timed,T=2 R=3 L=1 U=9 W=1 B=2,baseline,--mode baseline --txns 2 --retries 3 --l 1 --u 9 --w 1 --backoff 2 --keep-going,1,none,75.0,32,2,boundary,"ec=0, spurious violations>0; repeat of T2R3 comparison baseline (7539/322118, stray 2112 dirty 3272)"
nisshi-041,nisshi,nisshi_txn_timed,T=2 R=3 L=1 U=10 W=1 B=2,timed,--mode timed --txns 2 --retries 3 --l 1 --u 10 --w 1 --backoff 2 --keep-going,1,none,38.0,32,2,boundary,timed stray+dirty: stray=356 dirty=534 (stray edge 10)
nisshi-042,nisshi,nisshi_txn_timed,T=2 R=3 L=1 U=10 W=1 B=2,baseline,--mode baseline --txns 2 --retries 3 --l 1 --u 10 --w 1 --backoff 2 --keep-going,1,none,75.0,32,2,boundary,"ec=0, spurious violations>0; repeat of T2R3 comparison baseline (7539/322118, stray 2112 dirty 3272)"
nisshi-043,nisshi,nisshi_txn_timed,T=2 R=3 L=2 U=10 W=1 B=0,timed,--mode timed --txns 2 --retries 3 --l 2 --u 10 --w 1 --backoff 0 --keep-going,1,none,34.0,32,2,boundary,"hold: ec=0, violations=0 (dirty edge 11)"
nisshi-044,nisshi,nisshi_txn_timed,T=2 R=3 L=2 U=10 W=1 B=0,baseline,--mode baseline --txns 2 --retries 3 --l 2 --u 10 --w 1 --backoff 0 --keep-going,1,none,75.0,32,2,boundary,"ec=0, spurious violations>0; repeat of T2R3 comparison baseline (7539/322118, stray 2112 dirty 3272)"
nisshi-045,nisshi,nisshi_txn_timed,T=2 R=3 L=2 U=11 W=1 B=0,timed,--mode timed --txns 2 --retries 3 --l 2 --u 11 --w 1 --backoff 0 --keep-going,1,none,40.0,32,2,boundary,timed dirty only: dirty=178 stray=0
nisshi-046,nisshi,nisshi_txn_timed,T=2 R=3 L=2 U=11 W=1 B=0,baseline,--mode baseline --txns 2 --retries 3 --l 2 --u 11 --w 1 --backoff 0 --keep-going,1,none,75.0,32,2,boundary,"ec=0, spurious violations>0; repeat of T2R3 comparison baseline (7539/322118, stray 2112 dirty 3272)"
nisshi-047,nisshi,nisshi_txn_timed,T=2 R=3 L=2 U=14 W=1 B=0,timed,--mode timed --txns 2 --retries 3 --l 2 --u 14 --w 1 --backoff 0 --keep-going,1,none,62.0,32,2,boundary,timed dirty only: dirty=266 stray=0
nisshi-048,nisshi,nisshi_txn_timed,T=2 R=3 L=2 U=14 W=1 B=0,baseline,--mode baseline --txns 2 --retries 3 --l 2 --u 14 --w 1 --backoff 0 --keep-going,1,none,75.0,32,2,boundary,"ec=0, spurious violations>0; repeat of T2R3 comparison baseline (7539/322118, stray 2112 dirty 3272)"
nisshi-049,nisshi,nisshi_txn_timed,T=2 R=3 L=2 U=15 W=1 B=0,timed,--mode timed --txns 2 --retries 3 --l 2 --u 15 --w 1 --backoff 0 --keep-going,1,none,62.0,32,2,boundary,timed stray+dirty: stray=532 dirty=798 (stray edge 15)
nisshi-050,nisshi,nisshi_txn_timed,T=2 R=3 L=2 U=15 W=1 B=0,baseline,--mode baseline --txns 2 --retries 3 --l 2 --u 15 --w 1 --backoff 0 --keep-going,1,none,75.0,32,2,boundary,"ec=0, spurious violations>0; repeat of T2R3 comparison baseline (7539/322118, stray 2112 dirty 3272)"
nisshi-051,nisshi,nisshi_txn_timed,T=2 R=3 L=1 U=9 W=5 B=0,timed,--mode timed --txns 2 --retries 3 --l 1 --u 9 --w 5 --backoff 0 --keep-going,1,none,76.0,32,2,boundary,"hold: ec=0, violations=0 (dirty edge 10); measured execs/blocked=713/93716"
nisshi-052,nisshi,nisshi_txn_timed,T=2 R=3 L=1 U=9 W=5 B=0,baseline,--mode baseline --txns 2 --retries 3 --l 1 --u 9 --w 5 --backoff 0 --keep-going,1,none,75.0,32,2,boundary,"ec=0, spurious violations>0; repeat of T2R3 comparison baseline (7539/322118, stray 2112 dirty 3272; review-verified identical at W=5)"
nisshi-053,nisshi,nisshi_txn_timed,T=2 R=3 L=1 U=10 W=5 B=0,timed,--mode timed --txns 2 --retries 3 --l 1 --u 10 --w 5 --backoff 0 --keep-going,1,none,90.0,32,2,boundary,timed dirty only: dirty=122 stray=0
nisshi-054,nisshi,nisshi_txn_timed,T=2 R=3 L=1 U=10 W=5 B=0,baseline,--mode baseline --txns 2 --retries 3 --l 1 --u 10 --w 5 --backoff 0 --keep-going,1,none,75.0,32,2,boundary,"ec=0, spurious violations>0; repeat of T2R3 comparison baseline (7539/322118, stray 2112 dirty 3272)"
nisshi-055,nisshi,nisshi_txn_timed,T=2 R=3 L=1 U=11 W=5 B=0,timed,--mode timed --txns 2 --retries 3 --l 1 --u 11 --w 5 --backoff 0 --keep-going,1,none,92.0,32,2,boundary,timed dirty only: dirty=122 stray=0
nisshi-056,nisshi,nisshi_txn_timed,T=2 R=3 L=1 U=11 W=5 B=0,baseline,--mode baseline --txns 2 --retries 3 --l 1 --u 11 --w 5 --backoff 0 --keep-going,1,none,75.0,32,2,boundary,"ec=0, spurious violations>0; repeat of T2R3 comparison baseline (7539/322118, stray 2112 dirty 3272)"
nisshi-057,nisshi,nisshi_txn_timed,T=2 R=3 L=1 U=12 W=5 B=0,timed,--mode timed --txns 2 --retries 3 --l 1 --u 12 --w 5 --backoff 0 --keep-going,1,none,91.0,32,2,boundary,timed stray+dirty: stray=292 dirty=414 (stray edge 12)
nisshi-058,nisshi,nisshi_txn_timed,T=2 R=3 L=1 U=12 W=5 B=0,baseline,--mode baseline --txns 2 --retries 3 --l 1 --u 12 --w 5 --backoff 0 --keep-going,1,none,75.0,32,2,boundary,"ec=0, spurious violations>0; repeat of T2R3 comparison baseline (7539/322118, stray 2112 dirty 3272)"
nisshi-059,nisshi,nisshi_txn_timed,T=2 R=4 L=1 U=6 W=1 B=0 shared4,timed,--mode timed --txns 2 --retries 4 --l 1 --u 6 --w 1 --backoff 0 --keep-going --parallel shared,4,shared,195.0,32,2,boundary,"timed dirty only: measured execs=2224 blocked=671781 dirty=1746 stray=0, ec=0 with --keep-going"
nisshi-060,nisshi,nisshi_txn_timed,T=2 R=4 L=1 U=6 W=1 B=0 shared4,baseline,--mode baseline --txns 2 --retries 4 --l 1 --u 6 --w 1 --backoff 0 --keep-going --parallel shared,4,shared,610.0,32,2,boundary,"ec=0, spurious violations>0; repeat of T2R4 comparison baseline (184723/15196486)"
nisshi-061,nisshi,nisshi_txn_timed,T=2 R=4 L=1 U=7 W=1 B=0 shared4,timed,--mode timed --txns 2 --retries 4 --l 1 --u 7 --w 1 --backoff 0 --keep-going --parallel shared,4,shared,230.0,32,2,boundary,"timed dirty only: measured execs=3472 blocked=899459 dirty=2206 stray=0, ec=0 with --keep-going"
nisshi-062,nisshi,nisshi_txn_timed,T=2 R=4 L=1 U=7 W=1 B=0 shared4,baseline,--mode baseline --txns 2 --retries 4 --l 1 --u 7 --w 1 --backoff 0 --keep-going --parallel shared,4,shared,610.0,32,2,boundary,"ec=0, spurious violations>0; repeat of T2R4 comparison baseline (184723/15196486)"
nisshi-063,nisshi,nisshi_txn_timed,T=2 R=4 L=1 U=8 W=1 B=0 shared4,timed,--mode timed --txns 2 --retries 4 --l 1 --u 8 --w 1 --backoff 0 --keep-going --parallel shared,4,shared,370.0,32,2,boundary,"timed stray+dirty: measured execs=6544 blocked=1438139 stray=6860 dirty=10290, ec=0 with --keep-going"
nisshi-064,nisshi,nisshi_txn_timed,T=2 R=4 L=1 U=8 W=1 B=0 shared4,baseline,--mode baseline --txns 2 --retries 4 --l 1 --u 8 --w 1 --backoff 0 --keep-going --parallel shared,4,shared,610.0,32,2,boundary,"ec=0, spurious violations>0; repeat of T2R4 comparison baseline (184723/15196486)"
nisshi-065,nisshi,nisshi_txn_timed,"T=2 R=4 L=1 U=9 W=5 B=0 (hold, larger W) shared4",timed,--mode timed --txns 2 --retries 4 --l 1 --u 9 --w 5 --backoff 0 --keep-going --parallel shared,4,shared,430.0,32,2,boundary,"hold: ec=0, violations=0; measured execs=4441 blocked=1651830 (356 s with shared on 4 cores)"
nisshi-066,nisshi,nisshi_txn_timed,"T=2 R=4 L=1 U=9 W=5 B=0 (hold, larger W) shared4",baseline,--mode baseline --txns 2 --retries 4 --l 1 --u 9 --w 5 --backoff 0 --keep-going --parallel shared,4,shared,610.0,32,2,boundary,"ec=0, spurious violations>0; identical to T2R4 comparison baseline"
nisshi-067,nisshi,nisshi_txn_timed,T=2 R=3 L=1 U=8 W=1 B=0 fix=epoch-bump,timed,--mode timed --txns 2 --retries 3 --l 1 --u 8 --w 1 --backoff 0 --fix epoch-bump --keep-going,1,none,76.0,32,2,boundary,hold with fix: violations=0; measured execs=952 blocked=84642
nisshi-068,nisshi,nisshi_txn_timed,T=2 R=3 L=1 U=8 W=1 B=0 fix=epoch-bump,baseline,--mode baseline --txns 2 --retries 3 --l 1 --u 8 --w 1 --backoff 0 --fix epoch-bump --keep-going,1,none,90.0,32,2,boundary,hold with fix on the untimed side too: violations=0; measured execs=12875 blocked=525858
nisshi-069,nisshi,nisshi_txn_timed,T=2 R=4 L=1 U=8 W=1 B=0 fix=epoch-bump shared4,timed,--mode timed --txns 2 --retries 4 --l 1 --u 8 --w 1 --backoff 0 --fix epoch-bump --keep-going --parallel shared,4,shared,470.0,32,2,boundary,hold with fix: violations=0; measured execs=9744 blocked=1891129
nisshi-070,nisshi,nisshi_txn_timed,T=2 R=4 L=1 U=8 W=1 B=0 fix=epoch-bump shared4,baseline,--mode baseline --txns 2 --retries 4 --l 1 --u 8 --w 1 --backoff 0 --fix epoch-bump --keep-going --parallel shared,4,shared,1150.0,32,2,boundary,hold with fix on the untimed side too: violations=0; measured execs=364955 blocked=29088610 (961 s with shared on 4 cores)
nisshi-071,nisshi,nisshi_txn_timed,T=2 R=3 L=1 U=5 W=1 B=0 no-keep-going,timed,--mode timed --txns 2 --retries 3 --l 1 --u 5 --w 1 --backoff 0,1,none,35.0,32,2,boundary,"hold ec=0 (full exploration, execs=312 blocked=39614)"
nisshi-072,nisshi,nisshi_txn_timed,T=2 R=3 L=1 U=5 W=1 B=0 no-keep-going,baseline,--mode baseline --txns 2 --retries 3 --l 1 --u 5 --w 1 --backoff 0,1,none,2.0,32,2,boundary,SPURIOUS FIRE ec=101 in ~0.05 s
nisshi-073,nisshi,nisshi_txn_timed,T=2 R=3 L=1 U=6 W=1 B=0 no-keep-going,timed,--mode timed --txns 2 --retries 3 --l 1 --u 6 --w 1 --backoff 0,1,none,2.0,32,2,boundary,"FIRE ec=101 'certified timed counterexample' (measured <1.1 s), dirty"
nisshi-074,nisshi,nisshi_txn_timed,T=2 R=3 L=1 U=6 W=1 B=0 no-keep-going,baseline,--mode baseline --txns 2 --retries 3 --l 1 --u 6 --w 1 --backoff 0,1,none,2.0,32,2,boundary,FIRE ec=101 (measured <0.2 s)
nisshi-075,nisshi,nisshi_txn_timed,T=2 R=3 L=1 U=8 W=1 B=0 no-keep-going,timed,--mode timed --txns 2 --retries 3 --l 1 --u 8 --w 1 --backoff 0,1,none,2.0,32,2,boundary,"FIRE ec=101 'certified timed counterexample' (measured <1.1 s), stray"
nisshi-076,nisshi,nisshi_txn_timed,T=2 R=3 L=1 U=8 W=1 B=0 no-keep-going,baseline,--mode baseline --txns 2 --retries 3 --l 1 --u 8 --w 1 --backoff 0,1,none,2.0,32,2,boundary,FIRE ec=101 (measured <0.2 s)
nisshi-077,nisshi,nisshi_txn_timed,T=2 R=3 L=1 U=8 W=1 B=2 no-keep-going,timed,--mode timed --txns 2 --retries 3 --l 1 --u 8 --w 1 --backoff 2,1,none,2.0,32,2,boundary,"FIRE ec=101 'certified timed counterexample' (measured <1.1 s), dirty edge B=2"
nisshi-078,nisshi,nisshi_txn_timed,T=2 R=3 L=1 U=8 W=1 B=2 no-keep-going,baseline,--mode baseline --txns 2 --retries 3 --l 1 --u 8 --w 1 --backoff 2,1,none,2.0,32,2,boundary,FIRE ec=101 (measured <0.2 s)
nisshi-079,nisshi,nisshi_txn_timed,T=2 R=3 L=1 U=10 W=1 B=2 no-keep-going,timed,--mode timed --txns 2 --retries 3 --l 1 --u 10 --w 1 --backoff 2,1,none,2.0,32,2,boundary,"FIRE ec=101 'certified timed counterexample' (measured <1.1 s), stray edge B=2"
nisshi-080,nisshi,nisshi_txn_timed,T=2 R=3 L=1 U=10 W=1 B=2 no-keep-going,baseline,--mode baseline --txns 2 --retries 3 --l 1 --u 10 --w 1 --backoff 2,1,none,2.0,32,2,boundary,FIRE ec=101 (measured <0.2 s)
nisshi-081,nisshi,nisshi_txn_timed,T=2 R=4 L=1 U=5 W=1 B=0 no-keep-going,timed,--mode timed --txns 2 --retries 4 --l 1 --u 5 --w 1 --backoff 0,1,none,870.0,32,2,boundary,"hold ec=0 (full serial exploration, ~723 s)"
nisshi-082,nisshi,nisshi_txn_timed,T=2 R=4 L=1 U=5 W=1 B=0 no-keep-going,baseline,--mode baseline --txns 2 --retries 4 --l 1 --u 5 --w 1 --backoff 0,1,none,2.0,32,2,boundary,SPURIOUS FIRE ec=101 in ~0.1 s
nisshi-083,nisshi,nisshi_txn_timed,T=2 R=4 L=1 U=8 W=1 B=0 no-keep-going,timed,--mode timed --txns 2 --retries 4 --l 1 --u 8 --w 1 --backoff 0,1,none,3.0,32,2,boundary,FIRE ec=101 'certified timed counterexample' (measured <1.1 s)
nisshi-084,nisshi,nisshi_txn_timed,T=2 R=4 L=1 U=8 W=1 B=0 no-keep-going,baseline,--mode baseline --txns 2 --retries 4 --l 1 --u 8 --w 1 --backoff 0,1,none,2.0,32,2,boundary,FIRE ec=101 (measured <0.2 s)
nisshi-085,nisshi,nisshi_txn_timed,T=2 R=5 L=1 U=8 W=1 B=0 no-keep-going,timed,--mode timed --txns 2 --retries 5 --l 1 --u 8 --w 1 --backoff 0,1,none,5.0,32,2,boundary,FIRE ec=101 'certified timed counterexample' (measured <1.1 s)
nisshi-086,nisshi,nisshi_txn_timed,T=2 R=5 L=1 U=8 W=1 B=0 no-keep-going,baseline,--mode baseline --txns 2 --retries 5 --l 1 --u 8 --w 1 --backoff 0,1,none,2.0,32,2,boundary,FIRE ec=101 (measured <0.2 s)
nisshi-087,nisshi,nisshi_txn_timed,T=32 R=2 L=1 U=8 W=1 B=0 no-keep-going,timed,--mode timed --txns 32 --retries 2 --l 1 --u 8 --w 1 --backoff 0,1,none,15.0,32,2,boundary,FIRE ec=101 certified (measured 11.6 s)
nisshi-088,nisshi,nisshi_txn_timed,T=32 R=2 L=1 U=8 W=1 B=0 no-keep-going,baseline,--mode baseline --txns 32 --retries 2 --l 1 --u 8 --w 1 --backoff 0,1,none,3.0,32,2,boundary,FIRE ec=101 (measured 0.7 s)
nisshi-089,nisshi,nisshi_txn_timed,T=16 R=3 L=1 U=5 W=1 B=0 shared4,baseline,--mode baseline --txns 16 --retries 3 --l 1 --u 5 --w 1 --backoff 0 --keep-going --parallel shared,4,shared,48000.0,32,2,ladder,"ec=0, spurious violations>0; not measured, predicted 44000-52000 s (T-doubling wall factor 23-27 from T8R3); timed side ~152 s, so ~250-300x. REVIEW: moved from prio-3 ceiling to prio 2 (listed last) so the DNF ceiling cannot starve it; may DNF near the deadline if predictions overrun by more than ~20%"
nisshi-090,nisshi,nisshi_txn_timed,T=8 R=4 L=1 U=5 W=1 B=0 shared4,baseline,--mode baseline --txns 8 --retries 4 --l 1 --u 5 --w 1 --backoff 0 --keep-going --parallel shared,4,shared,200000.0,32,3,ceiling,"DNF expected (predicted 130000-290000 s = T8R3 baseline 1920 s x 67-150 per retry); runs the ~8 h left after prio 1+2; timed side (prio 2) holds in ~10-13 min, so the DNF bounds the ratio at >35x. REVIEW: replaces the T4R5 baseline ceiling"
stp-001,stp,spanning_tree_timed,"link-up R=14 Fd=43 (tight hold, bound 42)",timed,--mode timed --scenario link-up --keep-going --rounds 14 --forward-delay-ratio 43,1,none,39000.0,32,1,headline,"hold exit 0, violations=0, execs=(3^R-1)/2=2391484, blocked~40786312, news_heard>0, settled_backup>0"
stp-002,stp,spanning_tree_timed,"link-up R=14 Fd=43 (tight hold, bound 42)",baseline,--mode baseline --scenario link-up --keep-going --rounds 14 --forward-delay-ratio 43,1,none,4700.0,32,1,headline,"exit 0, spurious violations=2(3^R-1)=9565936, execs=3(3^R-1)/2=7174452, blocked~40786312 (same as timed)"
stp-003,stp,spanning_tree_timed,"lost-hellos R=14 MA=3 Fd=26 (tight hold, bound MA+Fd<=28)",timed,--mode timed --scenario lost-hellos --keep-going --rounds 14 --forward-delay-ratio 26,1,none,66000.0,32,1,headline,"hold exit 0, violations=0, execs ~18.6M, reverted>0"
stp-004,stp,spanning_tree_timed,"lost-hellos R=14 MA=3 Fd=26 (tight hold, bound MA+Fd<=28)",baseline,--mode baseline --scenario lost-hellos --keep-going --rounds 14 --forward-delay-ratio 26,1,none,12500.0,32,1,headline,"exit 0, spurious violations ~30M, execs ~48M"
stp-005,stp,spanning_tree_timed,"link-up R=10 Fd=35 (tight hold, bound 34)",timed,--mode timed --scenario link-up --keep-going --rounds 10 --forward-delay-ratio 35,1,none,300.0,32,1,headline,"hold exit 0, violations=0, execs=(3^R-1)/2=29524, blocked=510112, news_heard>0, settled_backup>0"
stp-006,stp,spanning_tree_timed,"link-up R=10 Fd=35 (tight hold, bound 34)",baseline,--mode baseline --scenario link-up --keep-going --rounds 10 --forward-delay-ratio 35,1,none,60.0,32,1,headline,"exit 0, spurious violations=2(3^R-1)=118096, execs=3(3^R-1)/2=88572, blocked=510112 (same as timed)"
stp-007,stp,spanning_tree_timed,"lost-hellos R=10 MA=3 Fd=18 (tight hold, bound MA+Fd<=20)",timed,--mode timed --scenario lost-hellos --keep-going --rounds 10 --forward-delay-ratio 18,1,none,490.0,32,1,headline,"hold exit 0, violations=0, execs 202374, blocked 601906, reverted>0"
stp-008,stp,spanning_tree_timed,"lost-hellos R=10 MA=3 Fd=18 (tight hold, bound MA+Fd<=20)",baseline,--mode baseline --scenario lost-hellos --keep-going --rounds 10 --forward-delay-ratio 18,1,none,90.0,32,1,headline,"exit 0, spurious violations 250959, execs 423185"
stp-009,stp,spanning_tree_timed,"link-up R=15 Fd=45 (tight hold, bound 44)",timed,--mode timed --scenario link-up --keep-going --rounds 15 --forward-delay-ratio 45,1,none,133000.0,32,2,ladder,"hold exit 0, violations=0, execs=(3^R-1)/2=7174453, blocked~122227857, news_heard>0, settled_backup>0 ; may DNF (pred 30-37 h; simulated start 1.6 h, end 38.5 h of 41.5 h), keep FIRST in prio 2"
stp-010,stp,spanning_tree_timed,"link-up R=15 Fd=45 (tight hold, bound 44)",baseline,--mode baseline --scenario link-up --keep-going --rounds 15 --forward-delay-ratio 45,1,none,14800.0,32,2,ladder,"exit 0, spurious violations=2(3^R-1)=28697812, execs=3(3^R-1)/2=21523359, blocked~122227857 (same as timed)"
stp-011,stp,spanning_tree_timed,"lost-hellos L=U=1 R=15 MA=3 Fd=26 (tight hold, bound MA+Fd<=28)",timed,--mode timed --scenario lost-hellos --keep-going --rounds 15 --l-ratio 1 --forward-delay-ratio 26,1,none,51000.0,32,2,ladder,"hold exit 0, violations=0, execs=3^R=14348907, reverted>0"
stp-012,stp,spanning_tree_timed,"lost-hellos L=U=1 R=15 MA=3 Fd=26 (tight hold, bound MA+Fd<=28)",baseline,--mode baseline --scenario lost-hellos --keep-going --rounds 15 --l-ratio 1 --forward-delay-ratio 26,1,none,44000.0,32,2,ladder,"exit 0, spurious violations ~100M, execs ~155M (identical to the L=0 baseline: untimed ignores L, MA, Fd)"
stp-013,stp,spanning_tree_timed,"lost-hellos L=U=1 R=14 MA=3 Fd=24 (tight hold, bound MA+Fd<=26) [REVIEW: added]",timed,--mode timed --scenario lost-hellos --keep-going --rounds 14 --l-ratio 1 --forward-delay-ratio 24,1,none,15500.0,32,2,ladder,"hold exit 0, violations=0, execs=3^R=4782969, reverted>0"
stp-014,stp,spanning_tree_timed,"lost-hellos L=U=1 R=14 MA=3 Fd=24 (tight hold, bound MA+Fd<=26) [REVIEW: added]",baseline,--mode baseline --scenario lost-hellos --keep-going --rounds 14 --l-ratio 1 --forward-delay-ratio 24,1,none,12500.0,32,2,ladder,"exit 0, spurious violations ~30M, execs ~48M (identical to the prio-1 lh R14 baseline: untimed ignores L, MA, Fd)"
stp-015,stp,spanning_tree_timed,"lost-hellos R=13 MA=3 Fd=24 (tight hold, bound MA+Fd<=26)",timed,--mode timed --scenario lost-hellos --keep-going --rounds 13 --forward-delay-ratio 24,1,none,19500.0,32,2,ladder,"hold exit 0, violations=0, execs ~6.0M, reverted>0"
stp-016,stp,spanning_tree_timed,"lost-hellos R=13 MA=3 Fd=24 (tight hold, bound MA+Fd<=26)",baseline,--mode baseline --scenario lost-hellos --keep-going --rounds 13 --forward-delay-ratio 24,1,none,3600.0,32,2,ladder,"exit 0, spurious violations ~9.2M, execs ~14.7M"
stp-017,stp,spanning_tree_timed,"link-up R=13 Fd=41 (tight hold, bound 40)",timed,--mode timed --scenario link-up --keep-going --rounds 13 --forward-delay-ratio 41,1,none,11500.0,32,2,ladder,"hold exit 0, violations=0, execs=(3^R-1)/2=797161, blocked~13617285, news_heard>0, settled_backup>0"
stp-018,stp,spanning_tree_timed,"link-up R=13 Fd=41 (tight hold, bound 40)",baseline,--mode baseline --scenario link-up --keep-going --rounds 13 --forward-delay-ratio 41,1,none,1500.0,32,2,ladder,"exit 0, spurious violations=2(3^R-1)=3188644, execs=3(3^R-1)/2=2391483, blocked~13617285 (same as timed)"
stp-019,stp,spanning_tree_timed,"lost-hellos L=U=1 R=13 MA=3 Fd=22 (tight hold, bound MA+Fd<=24)",timed,--mode timed --scenario lost-hellos --keep-going --rounds 13 --l-ratio 1 --forward-delay-ratio 22,1,none,4700.0,32,2,ladder,"hold exit 0, violations=0, execs=3^R=1594323, reverted>0"
stp-020,stp,spanning_tree_timed,"lost-hellos L=U=1 R=13 MA=3 Fd=22 (tight hold, bound MA+Fd<=24)",baseline,--mode baseline --scenario lost-hellos --keep-going --rounds 13 --l-ratio 1 --forward-delay-ratio 22,1,none,3600.0,32,2,ladder,"exit 0, spurious violations ~9.2M, execs ~14.7M (identical to the L=0 baseline: untimed ignores L, MA, Fd)"
stp-021,stp,spanning_tree_timed,"lost-hellos R=12 MA=3 Fd=22 (tight hold, bound MA+Fd<=24)",timed,--mode timed --scenario lost-hellos --keep-going --rounds 12 --forward-delay-ratio 22,1,none,5700.0,32,2,ladder,"hold exit 0, violations=0, execs ~1.94M, reverted>0"
stp-022,stp,spanning_tree_timed,"lost-hellos R=12 MA=3 Fd=22 (tight hold, bound MA+Fd<=24)",baseline,--mode baseline --scenario lost-hellos --keep-going --rounds 12 --forward-delay-ratio 22,1,none,1050.0,32,2,ladder,"exit 0, spurious violations 2790066, execs 4517249"
stp-023,stp,spanning_tree_timed,"link-up R=12 Fd=39 (tight hold, bound 38)",timed,--mode timed --scenario link-up --keep-going --rounds 12 --forward-delay-ratio 39,1,none,3400.0,32,2,ladder,"hold exit 0, violations=0, execs=(3^R-1)/2=265720, blocked=4550020, news_heard>0, settled_backup>0"
stp-024,stp,spanning_tree_timed,"link-up R=12 Fd=39 (tight hold, bound 38)",baseline,--mode baseline --scenario link-up --keep-going --rounds 12 --forward-delay-ratio 39,1,none,480.0,32,2,ladder,"exit 0, spurious violations=2(3^R-1)=1062880, execs=3(3^R-1)/2=797160, blocked=4550020 (same as timed)"
stp-025,stp,spanning_tree_timed,"lost-hellos L=U=1 R=12 MA=3 Fd=20 (tight hold, bound MA+Fd<=22)",timed,--mode timed --scenario lost-hellos --keep-going --rounds 12 --l-ratio 1 --forward-delay-ratio 20,1,none,1450.0,32,2,ladder,"hold exit 0, violations=0, execs=3^R=531441, reverted>0"
stp-026,stp,spanning_tree_timed,"lost-hellos L=U=1 R=12 MA=3 Fd=20 (tight hold, bound MA+Fd<=22)",baseline,--mode baseline --scenario lost-hellos --keep-going --rounds 12 --l-ratio 1 --forward-delay-ratio 20,1,none,1050.0,32,2,ladder,"exit 0, spurious violations 2790066, execs 4517249 (identical to the L=0 baseline: untimed ignores L, MA, Fd)"
stp-027,stp,spanning_tree_timed,"lost-hellos R=11 MA=3 Fd=20 (tight hold, bound MA+Fd<=22)",timed,--mode timed --scenario lost-hellos --keep-going --rounds 11 --forward-delay-ratio 20,1,none,1700.0,32,2,ladder,"hold exit 0, violations=0, execs ~626k, reverted>0"
stp-028,stp,spanning_tree_timed,"lost-hellos R=11 MA=3 Fd=20 (tight hold, bound MA+Fd<=22)",baseline,--mode baseline --scenario lost-hellos --keep-going --rounds 11 --forward-delay-ratio 20,1,none,290.0,32,2,ladder,"exit 0, spurious violations 841449, execs 1387652"
stp-029,stp,spanning_tree_timed,"link-up R=11 Fd=37 (tight hold, bound 36)",timed,--mode timed --scenario link-up --keep-going --rounds 11 --forward-delay-ratio 37,1,none,1000.0,32,2,ladder,"hold exit 0, violations=0, execs=(3^R-1)/2=88573, blocked=1522137, news_heard>0, settled_backup>0"
stp-030,stp,spanning_tree_timed,"link-up R=11 Fd=37 (tight hold, bound 36)",baseline,--mode baseline --scenario link-up --keep-going --rounds 11 --forward-delay-ratio 37,1,none,160.0,32,2,ladder,"exit 0, spurious violations=2(3^R-1)=354292, execs=3(3^R-1)/2=265719, blocked=1522137 (same as timed)"
stp-031,stp,spanning_tree_timed,"lost-hellos L=U=1 R=10 MA=3 Fd=16 (tight hold, bound MA+Fd<=18)",timed,--mode timed --scenario lost-hellos --keep-going --rounds 10 --l-ratio 1 --forward-delay-ratio 16,1,none,140.0,32,2,ladder,"hold exit 0, violations=0, execs=3^R=59049, blocked 299345, reverted>0"
stp-032,stp,spanning_tree_timed,"lost-hellos L=U=1 R=10 MA=3 Fd=16 (tight hold, bound MA+Fd<=18)",baseline,--mode baseline --scenario lost-hellos --keep-going --rounds 10 --l-ratio 1 --forward-delay-ratio 16,1,none,90.0,32,2,ladder,"exit 0, spurious violations 250959, execs 423185 (identical to the L=0 baseline: untimed ignores L, MA, Fd)"
stp-033,stp,spanning_tree_timed,"link-up R=12 Fd=38 (FIRE edge, bound 38)",timed,--mode timed --scenario link-up --keep-going --rounds 12 --forward-delay-ratio 38,1,none,3400.0,32,2,boundary,"FIRE: violations=2 (loop_in_pre_backup), execs=265721, exit 0 under keep-going"
stp-034,stp,spanning_tree_timed,"link-up R=12 Fd=38 (FIRE edge, bound 38)",baseline,--mode baseline --scenario link-up --keep-going --rounds 12 --forward-delay-ratio 38,1,none,480.0,32,2,boundary,"exit 0, violations=1062880 (same as hold cell)"
stp-035,stp,spanning_tree_timed,"lost-hellos R=12 MA=3 Fd=21 (FIRE edge, bound 24)",timed,--mode timed --scenario lost-hellos --keep-going --rounds 12 --forward-delay-ratio 21,1,none,5700.0,32,2,boundary,"FIRE: violations=3 (loop_reopened), exit 0 under keep-going"
stp-036,stp,spanning_tree_timed,"lost-hellos R=12 MA=3 Fd=21 (FIRE edge, bound 24)",baseline,--mode baseline --scenario lost-hellos --keep-going --rounds 12 --forward-delay-ratio 21,1,none,1050.0,32,2,boundary,"exit 0, violations=2790066"
stp-037,stp,spanning_tree_timed,"link-up R=10 Fd=34 (FIRE edge, bound 34)",timed,--mode timed --scenario link-up --keep-going --rounds 10 --forward-delay-ratio 34,1,none,300.0,32,2,boundary,"FIRE: violations=2, execs=29525, blocked=510113"
stp-038,stp,spanning_tree_timed,"link-up R=10 Fd=34 (FIRE edge, bound 34)",baseline,--mode baseline --scenario link-up --keep-going --rounds 10 --forward-delay-ratio 34,1,none,60.0,32,2,boundary,"exit 0, violations=118096"
stp-039,stp,spanning_tree_timed,"lost-hellos R=10 MA=3 Fd=17 (FIRE edge, bound 20)",timed,--mode timed --scenario lost-hellos --keep-going --rounds 10 --forward-delay-ratio 17,1,none,490.0,32,2,boundary,"FIRE: violations=3, execs=202376"
stp-040,stp,spanning_tree_timed,"lost-hellos R=10 MA=3 Fd=17 (FIRE edge, bound 20)",baseline,--mode baseline --scenario lost-hellos --keep-going --rounds 10 --forward-delay-ratio 17,1,none,90.0,32,2,boundary,"exit 0, violations=250959"
stp-041,stp,spanning_tree_timed,"link-up R=10 sd=1 Fd=36 (FIRE edge, bound 36)",timed,--mode timed --scenario link-up --keep-going --rounds 10 --sd-ratio 1 --forward-delay-ratio 36,1,none,300.0,32,2,boundary,FIRE: violations=2
stp-042,stp,spanning_tree_timed,"link-up R=10 sd=1 Fd=36 (FIRE edge, bound 36)",baseline,--mode baseline --scenario link-up --keep-going --rounds 10 --sd-ratio 1 --forward-delay-ratio 36,1,none,60.0,32,2,boundary,"exit 0, violations=118096"
stp-043,stp,spanning_tree_timed,link-up R=10 sd=1 Fd=37 (hold edge),timed,--mode timed --scenario link-up --keep-going --rounds 10 --sd-ratio 1 --forward-delay-ratio 37,1,none,300.0,32,2,boundary,"hold: violations=0, execs=29524"
stp-044,stp,spanning_tree_timed,link-up R=10 sd=1 Fd=37 (hold edge),baseline,--mode baseline --scenario link-up --keep-going --rounds 10 --sd-ratio 1 --forward-delay-ratio 37,1,none,60.0,32,2,boundary,"exit 0, violations=118096"
stp-045,stp,spanning_tree_timed,"lost-hellos R=10 sd=1 MA=3 Fd=18 (FIRE edge, bound 21 = (R-1)H+2U+sd)",timed,--mode timed --scenario lost-hellos --keep-going --rounds 10 --sd-ratio 1 --forward-delay-ratio 18,1,none,560.0,32,2,boundary,"FIRE: violations=3, execs=254904"
stp-046,stp,spanning_tree_timed,"lost-hellos R=10 sd=1 MA=3 Fd=18 (FIRE edge, bound 21 = (R-1)H+2U+sd)",baseline,--mode baseline --scenario lost-hellos --keep-going --rounds 10 --sd-ratio 1 --forward-delay-ratio 18,1,none,90.0,32,2,boundary,"exit 0, violations=250959"
stp-047,stp,spanning_tree_timed,lost-hellos R=10 sd=1 MA=3 Fd=19 (hold edge),timed,--mode timed --scenario lost-hellos --keep-going --rounds 10 --sd-ratio 1 --forward-delay-ratio 19,1,none,560.0,32,2,boundary,"hold: violations=0, execs=254902"
stp-048,stp,spanning_tree_timed,lost-hellos R=10 sd=1 MA=3 Fd=19 (hold edge),baseline,--mode baseline --scenario lost-hellos --keep-going --rounds 10 --sd-ratio 1 --forward-delay-ratio 19,1,none,90.0,32,2,boundary,"exit 0, violations=250959"
stp-049,stp,spanning_tree_timed,"lost-hellos L=U=1 R=10 MA=3 Fd=15 (FIRE edge, bound 18)",timed,--mode timed --scenario lost-hellos --keep-going --rounds 10 --l-ratio 1 --forward-delay-ratio 15,1,none,140.0,32,2,boundary,"FIRE: violations=3, execs=59051 (measured 119 s)"
stp-050,stp,spanning_tree_timed,"lost-hellos L=U=1 R=10 MA=3 Fd=15 (FIRE edge, bound 18)",baseline,--mode baseline --scenario lost-hellos --keep-going --rounds 10 --l-ratio 1 --forward-delay-ratio 15,1,none,90.0,32,2,boundary,"exit 0, violations=250959"
stp-051,stp,spanning_tree_timed,link-up R=10 Fd=34 no keep-going (certified witness),timed,--mode timed --scenario link-up --rounds 10 --forward-delay-ratio 34,1,none,200.0,32,2,boundary,"exit 101, certified timed counterexample (measured 196 s)"
stp-052,stp,spanning_tree_timed,link-up R=10 Fd=34 no keep-going (certified witness),baseline,--mode baseline --scenario link-up --rounds 10 --forward-delay-ratio 34,1,none,1.0,32,2,boundary,exit 101 in 0.02 s (first spurious violation)
stp-053,stp,spanning_tree_timed,lost-hellos R=10 MA=3 Fd=17 no keep-going (certified witness),timed,--mode timed --scenario lost-hellos --rounds 10 --forward-delay-ratio 17,1,none,220.0,32,2,boundary,"exit 101, certified timed counterexample (measured 216 s)"
stp-054,stp,spanning_tree_timed,lost-hellos R=10 MA=3 Fd=17 no keep-going (certified witness),baseline,--mode baseline --scenario lost-hellos --rounds 10 --forward-delay-ratio 17,1,none,1.0,32,2,boundary,exit 101 in 0.02 s
opt-001,opt,retail_saga_timed,"v2 C=2 N=2 R=5 S=20 U=1 D=7 (hold side, biggest)",timed,--mode timed --variant v2 --rounds 5 --stock 20 --u 1 --deadline-ratio 7 --keep-going,1,none,26000.0,32,1,headline,"hold, late=0, no task lines (about 2.5e7 explored)"
opt-002,opt,yarn_scheduler_timed,"K=2 QS=3 DD=8 U=0 H=10 (hold side, biggest two-sided)",baseline,--mode baseline --ams 2 --queue-size 3 --deadline 8 --u 0 --horizon 10 --keep-going,1,none,20000.0,32,1,headline,"exit 0 with VIOLATIONS line, spurious violations > 0 (about 1.94e8 explored), 19,700-20,400 s"
opt-003,opt,retail_saga_timed,"v2 C=2 N=2 R=5 S=20 U=1 D=7 (hold side, biggest)",baseline,--mode baseline --variant v2 --rounds 5 --stock 20 --u 1 --deadline-ratio 7 --keep-going,1,none,4700.0,32,1,headline,late about 7e6 spurious (task lines slightly fewer); log about 50 MB
opt-004,opt,yarn_scheduler_timed,K=2 QS=3 DD=8 U=0 H=8 (hold side),baseline,--mode baseline --ams 2 --queue-size 3 --deadline 8 --u 0 --horizon 8 --keep-going,1,none,900.0,32,1,headline,"exit 0 with VIOLATIONS line, 6850 spurious violating execs (execs=774400 blocked=6983805)"
opt-005,opt,yarn_scheduler_timed,"K=2 QS=3 DD=8 U=0 H=10 (hold side, biggest two-sided)",timed,--mode timed --ams 2 --queue-size 3 --deadline 8 --u 0 --horizon 10 --keep-going,1,none,90.0,32,1,headline,"hold, violations=0 (execs=1262 blocked=141835)"
opt-006,opt,yarn_scheduler_timed,K=1 QS=2 DD=8 U=0 H=12 (hold side),timed,--mode timed --ams 1 --deadline 8 --u 0 --horizon 12 --keep-going,1,none,80.0,32,1,headline,"hold, violations=0 (execs=28 blocked=32555); timed slower than baseline here"
opt-007,opt,retail_saga_timed,v2 C=2 N=2 R=3 S=20 U=1 D=7 (hold side),timed,--mode timed --variant v2 --rounds 3 --stock 20 --u 1 --deadline-ratio 7 --keep-going,1,none,56.0,32,1,headline,"hold, late=0 (execs=4480 blocked=118672)"
opt-008,opt,yarn_scheduler_timed,K=2 QS=3 DD=8 U=0 H=8 (hold side),timed,--mode timed --ams 2 --queue-size 3 --deadline 8 --u 0 --horizon 8 --keep-going,1,none,18.0,32,1,headline,"hold, violations=0, execs=326 blocked=28119"
opt-009,opt,retail_saga_timed,v2 C=2 N=2 R=3 S=20 U=1 D=7 (hold side),baseline,--mode baseline --variant v2 --rounds 3 --stock 20 --u 1 --deadline-ratio 7 --keep-going,1,none,17.0,32,1,headline,"VIOLATIONS: late=34424 spurious, 32224 violating executions (execs=4480 blocked=130692)"
opt-010,opt,yarn_scheduler_timed,K=1 QS=2 DD=8 U=0 H=12 (hold side),baseline,--mode baseline --ams 1 --deadline 8 --u 0 --horizon 12 --keep-going,1,none,16.0,32,1,headline,violations=1150 spurious (execs=2946 blocked=110593)
opt-011,opt,yarn_scheduler_timed,K=2 QS=3 DD=8 U=0 H=16 (timed-only ladder top),timed,--mode timed --ams 2 --queue-size 3 --deadline 8 --u 0 --horizon 16 --keep-going,1,none,46500.0,32,2,ladder,"hold, violations=0 (about 1.6e7 explored); may need up to 2x (DNF acceptable as ladder top)"
opt-012,opt,yarn_scheduler_timed,K=2 QS=3 DD=8 U=0 H=14 (timed-only),timed,--mode timed --ams 2 --queue-size 3 --deadline 8 --u 0 --horizon 14 --keep-going,1,none,5700.0,32,2,ladder,"hold, violations=0 (about 3.3e6 explored)"
opt-013,opt,retail_saga_timed,v2 C=3 N=3 R=2 S=20 U=1 D=7 (paper's 3 customers),timed,--mode timed --variant v2 --order-services 3 --customers 3 --rounds 2 --stock 20 --u 1 --deadline-ratio 7 --keep-going,1,none,4800.0,32,2,ladder,"hold, late=0 (measured > 1200 s; predicted 3,500-5,800 s)"
opt-014,opt,retail_saga_timed,v2 C=3 N=3 R=2 S=20 U=1 D=7 (paper's 3 customers),baseline,--mode baseline --variant v2 --order-services 3 --customers 3 --rounds 2 --stock 20 --u 1 --deadline-ratio 7 --keep-going,1,none,1160.0,32,2,ladder,late=1956936 spurious (execs=107520 blocked=5422840)
opt-015,opt,retail_saga_timed,v2 C=2 N=2 R=4 S=20 U=1 D=7,timed,--mode timed --variant v2 --rounds 4 --stock 20 --u 1 --deadline-ratio 7 --keep-going,1,none,1180.0,32,2,ladder,"hold, late=0 (execs=64512 blocked=1674800)"
opt-016,opt,retail_saga_timed,v2 C=2 N=2 R=4 S=20 U=1 D=7,baseline,--mode baseline --variant v2 --rounds 4 --stock 20 --u 1 --deadline-ratio 7 --keep-going,1,none,270.0,32,2,ladder,late=489560 spurious (execs=64512 blocked=1854436)
opt-017,opt,yarn_scheduler_timed,K=2 QS=3 DD=7 U=0 H=8 (boundary FIRE side),baseline,--mode baseline --ams 2 --queue-size 3 --deadline 7 --u 0 --horizon 8 --keep-going,1,none,900.0,32,2,boundary,"FIRE (exit 0, VIOLATIONS line); same untimed tree as DD=8: execs+violations = 781250 and blocked + 2*violations = 6997505 exactly, violations > 6850 expected"
opt-018,opt,yarn_scheduler_timed,K=2 QS=3 DD=8 U=0 H=12,timed,--mode timed --ams 2 --queue-size 3 --deadline 8 --u 0 --horizon 12 --keep-going,1,none,700.0,32,2,ladder,"hold, violations=0 (execs=4798 blocked=681251)"
opt-019,opt,yarn_scheduler_timed,K=3 QS=4 DD=8 U=0 H=7,timed,--mode timed --ams 3 --queue-size 4 --deadline 8 --u 0 --horizon 7 --keep-going,1,none,510.0,32,2,ladder,"hold, violations=0 (execs=13608 blocked=708476)"
opt-020,opt,yarn_scheduler_timed,K=1 QS=2 DD=12 L=0 U=1 H=12 (transit),timed,--mode timed --ams 1 --deadline 12 --u 1 --horizon 12 --keep-going,1,none,85.0,32,2,ladder,"hold, violations=0 (execs=144 blocked=49292)"
opt-021,opt,yarn_scheduler_timed,K=1 QS=2 DD=12 L=0 U=1 H=12 (transit),baseline,--mode baseline --ams 1 --deadline 12 --u 1 --horizon 12 --keep-going,1,none,12.0,32,2,ladder,violations=62 spurious (execs=4034 blocked=110593)
opt-022,opt,retail_saga_timed,v2 C=2 N=2 R=3 S=20 U=1 D=6 (boundary FIRE side),timed,--mode timed --variant v2 --rounds 3 --stock 20 --u 1 --deadline-ratio 6 --keep-going,1,none,81.0,32,2,boundary,"genuine FIRE: late=37368, 35168 certified violating executions (task lines)"
opt-023,opt,retail_saga_timed,v2 C=2 N=2 R=3 S=20 U=1 D=6 (boundary FIRE side),baseline,--mode baseline --variant v2 --rounds 3 --stock 20 --u 1 --deadline-ratio 6 --keep-going,1,none,25.0,32,2,boundary,"FIRE: late=34424, 32224 task lines (same program as D=7 untimed)"
opt-024,opt,yarn_scheduler_timed,K=1 QS=2 DD=7 U=0 H=12 (boundary FIRE side),timed,--mode timed --ams 1 --deadline 7 --u 0 --horizon 12 --keep-going,1,none,75.0,32,2,boundary,genuine FIRE: violations=16 (16 certified task lines)
opt-025,opt,yarn_scheduler_timed,K=1 QS=2 DD=7 U=0 H=12 (boundary FIRE side),baseline,--mode baseline --ams 1 --deadline 7 --u 0 --horizon 12 --keep-going,1,none,10.0,32,2,boundary,FIRE: violations=2028 (execs=2068 blocked=110593)
opt-026,opt,yarn_scheduler_timed,K=1 QS=2 DD=11 L=0 U=1 H=12 (U=1 boundary FIRE side),timed,--mode timed --ams 1 --deadline 11 --u 1 --horizon 12 --keep-going,1,none,51.0,32,2,boundary,"genuine FIRE: violations=4 (execs=141 blocked=49300, 4 certified task lines)"
opt-027,opt,yarn_scheduler_timed,K=1 QS=2 DD=11 L=0 U=1 H=12 (U=1 boundary FIRE side),baseline,--mode baseline --ams 1 --deadline 11 --u 1 --horizon 12 --keep-going,1,none,9.0,32,2,boundary,FIRE: violations=142 (execs=3954 blocked=110593)
opt-028,opt,yarn_scheduler_timed,K=2 QS=3 DD=7 U=0 H=8 (boundary FIRE side),timed,--mode timed --ams 2 --queue-size 3 --deadline 7 --u 0 --horizon 8 --keep-going,1,none,20.0,32,2,boundary,"genuine FIRE: violations=28 (execs=278 blocked=28197, 28 certified task lines)"
opt-029,opt,retail_saga_timed,v1 C=2 N=2 R=2 S=20 U=1 D=9,timed,--mode timed --variant v1 --rounds 2 --stock 20 --u 1 --deadline-ratio 9 --keep-going,1,none,45.0,32,2,ladder,"hold, late=0 (execs=4032 blocked=99840)"
opt-030,opt,retail_saga_timed,v1 C=2 N=2 R=2 S=20 U=1 D=9,baseline,--mode baseline --variant v1 --rounds 2 --stock 20 --u 1 --deadline-ratio 9 --keep-going,1,none,22.0,32,2,ladder,late=24440 spurious (execs=4032 blocked=104164)
opt-031,opt,retail_saga_timed,"v2 C=3 N=3 R=1 S=20 U=1 D=7 (paper's 3 customers, hold side)",timed,--mode timed --variant v2 --order-services 3 --customers 3 --rounds 1 --stock 20 --u 1 --deadline-ratio 7 --keep-going,1,none,24.0,32,2,ladder,"hold, late=0 (execs=720 blocked=47904)"
opt-032,opt,retail_saga_timed,"v2 C=3 N=3 R=1 S=20 U=1 D=7 (paper's 3 customers, hold side)",baseline,--mode baseline --variant v2 --order-services 3 --customers 3 --rounds 1 --stock 20 --u 1 --deadline-ratio 7 --keep-going,1,none,9.0,32,2,ladder,late=13560 spurious (execs=720 blocked=43936)
opt-033,opt,retail_saga_timed,v2 C=3 N=3 R=1 S=20 U=1 D=6 (boundary FIRE side),timed,--mode timed --variant v2 --order-services 3 --customers 3 --rounds 1 --stock 20 --u 1 --deadline-ratio 6 --keep-going,1,none,18.0,32,2,boundary,"genuine FIRE: late=17608, 16008 certified task lines (execs=720 blocked=63912)"
opt-034,opt,retail_saga_timed,v2 C=3 N=3 R=1 S=20 U=1 D=6 (boundary FIRE side),baseline,--mode baseline --variant v2 --order-services 3 --customers 3 --rounds 1 --stock 20 --u 1 --deadline-ratio 6 --keep-going,1,none,9.0,32,2,boundary,FIRE: late=13560 (same untimed program as D=7: execs=720 blocked=43936)
opt-035,opt,yarn_scheduler_timed,K=2 QS=3 DD=8 U=0 H=12,baseline,--mode baseline --ams 2 --queue-size 3 --deadline 8 --u 0 --horizon 12 --keep-going,1,none,436000.0,32,3,ceiling,DNF at deadline (predicted about 5 days) vs timed 696 s; also the untimed cost of any DD/L/U at K=2 H=12
opt-036,opt,yarn_scheduler_timed,K=3 QS=4 DD=8 U=0 H=7,baseline,--mode baseline --ams 3 --queue-size 4 --deadline 8 --u 0 --horizon 7 --keep-going,1,none,2800000.0,32,3,ceiling,DNF at deadline (predicted about 32 days) vs timed 502 s
legacy-001,legacy,comm_closed_leader_election,N=3 B=1 regime D (l=u=20 sd=0 w=200) shared x4,timed,--mode timed --nodes 3 --ballots 1 --u 20 --w 200 --l 20 --sd 0 --parallel shared,4,shared,180.0,32,1,headline,hold; execs=2767665 blocked=21991 elected=176880 (measured 149 s)
legacy-002,legacy,comm_closed_leader_election,N=3 B=1 regime D (l=u=20 sd=0 w=200) shared x4,baseline,--mode baseline --nodes 3 --ballots 1 --u 20 --w 200 --l 20 --sd 0 --parallel shared,4,shared,320.0,32,1,headline,hold; execs=23351969 blocked=87271 elected=1626624 (measured 242-271 s)
legacy-003,legacy,comm_closed_leader_election,N=3 B=1 regime D (l=u=20 sd=0 w=200) 1 core,timed,--mode timed --nodes 3 --ballots 1 --u 20 --w 200 --l 20 --sd 0 --parallel shared,1,shared (pool of 1 = sequential; example has no 'none'),520.0,32,2,ladder,hold; execs=2767665 blocked=21991 elected=176880 (measured 452 s)
legacy-004,legacy,comm_closed_leader_election,N=3 B=1 regime D (l=u=20 sd=0 w=200) 1 core,baseline,--mode baseline --nodes 3 --ballots 1 --u 20 --w 200 --l 20 --sd 0 --parallel shared,1,shared (pool of 1 = sequential; example has no 'none'),720.0,32,2,ladder,hold; execs=23351969 blocked=87271 elected=1626624 (measured 617 s)
legacy-005,legacy,comm_closed_leader_election,N=3 B=1 regime A (l=18 u=20 sd=2 w=200) shared x4,timed,--mode timed --nodes 3 --ballots 1 --u 20 --w 200 --l 18 --sd 2 --parallel shared,4,shared,530.0,32,2,ladder,hold; execs=9044433 blocked=40423 elected=244848 (measured 473 s)
legacy-006,legacy,comm_closed_leader_election,N=3 B=1 regime A (l=18 u=20 sd=2 w=200) shared x4,baseline,--mode baseline --nodes 3 --ballots 1 --u 20 --w 200 --l 18 --sd 2 --parallel shared,4,shared,320.0,32,2,ladder,hold; execs=23351969 blocked=87271 elected=1626624 (measured 271 s)
legacy-007,legacy,three_pc_timed,N=2 R=2 U=20 W/U=3 sd/U=0.25,timed,--mode timed --participants 2 --rounds 2 --u 20 --w-ratio 3 --sd-ratio 0.25,1,none,35.0,32,1,headline,hold (atomicity monitor ok); execs=39702 blocked=39703 (measured 26.1 s)
legacy-008,legacy,three_pc_timed,N=2 R=2 U=20 W/U=3 sd/U=0.25,baseline,--mode baseline --participants 2 --rounds 2 --u 20 --w-ratio 3 --sd-ratio 0.25,1,none,700.0,32,1,headline,hold; execs=2229108 blocked=2229109 (measured 580 s)
legacy-009,legacy,three_pc_timed,N=4 R=1 U=20 W/U=3 sd/U=0.25 (biggest N),timed,--mode timed --participants 4 --rounds 1 --u 20 --w-ratio 3 --sd-ratio 0.25,1,none,3000.0,32,1,headline,"hold; execs=2464368 blocked=2464369 (measured with partitioned x4 in 827 s; sequential predicted about 2,000-2,800 s)"
legacy-010,legacy,three_pc_timed,N=4 R=1 U=20 W/U=3 sd/U=0.25 (biggest N),baseline,--mode baseline --participants 4 --rounds 1 --u 20 --w-ratio 3 --sd-ratio 0.25,1,none,6000.0,32,1,headline,"hold; about 17.6M execs, blocked = execs+1 (predicted; 30.0M coverage reached in 1200 s on 8 partitioned cores)"
legacy-011,legacy,three_pc_timed,N=3 R=1 U=20 W/U=3 sd/U=0.25,timed,--mode timed --participants 3 --rounds 1 --u 20 --w-ratio 3 --sd-ratio 0.25,1,none,16.0,32,2,ladder,hold; execs=23592 blocked=23593 (measured 12.6 s)
legacy-012,legacy,three_pc_timed,N=3 R=1 U=20 W/U=3 sd/U=0.25,baseline,--mode baseline --participants 3 --rounds 1 --u 20 --w-ratio 3 --sd-ratio 0.25,1,none,17.0,32,2,ladder,hold; execs=114082 blocked=114083 (measured 13.5 s)
legacy-013,legacy,three_pc_timed,N=2 R=3 U=20 W/U=3 sd/U=0.25 (biggest R),timed,--mode timed --participants 2 --rounds 3 --u 20 --w-ratio 3 --sd-ratio 0.25,1,none,8000.0,32,2,ladder,hold; about 4M execs (about 8M coverage) predicted from the rounds law; 2.07k/s measured on 1 core
legacy-014,legacy,three_pc_timed,N=2 R=3 U=20 W/U=3 sd/U=0.25 (biggest R),baseline,--mode baseline --participants 2 --rounds 3 --u 20 --w-ratio 3 --sd-ratio 0.25,1,none,1100000.0,32,3,ceiling,"DNF at the deadline (predicted about 7.7e9 coverage, about 1.1e6 s); records elapsed time only (no progress output)"
legacy-015,legacy,two_pc_timed,N=6 delta=5,timed,--mode timed --participants 6 --delta 5,1,none,25.0,32,1,headline,hold; execs=64 (=2^N) blocked=79722 (measured 19.1 s)
legacy-016,legacy,two_pc_timed,N=6 delta=5,baseline,--mode baseline --participants 6 --delta 5,1,none,380.0,32,1,headline,hold; execs=46080 (=2^N*N!) blocked=3063286 (measured 320 s)
legacy-017,legacy,two_pc_timed,N=7 delta=5 (biggest N),timed,--mode timed --participants 7 --delta 5,1,none,330.0,32,1,headline,hold; execs=128 (=2^N) blocked=545914 (measured 281 s)
legacy-018,legacy,two_pc_timed,N=7 delta=5 (biggest N),baseline,--mode baseline --participants 7 --delta 5,1,none,10000.0,32,1,headline,"hold; execs=645120 (=2^N*N!), blocked about 84M (predicted about 8,500-8,900 s; 12.0M coverage at 1200 s)"
legacy-019,legacy,raft_leader_election,"N=3 delta=2 (rounds is a no-op; reference only, below 10 s)",timed,--mode timed --nodes 3 --rounds 1 --delta 2,1,none,10.0,32,2,ladder,hold (Election Safety); execs=2712 blocked=38503 (measured 7.6 s)
legacy-020,legacy,raft_leader_election,"N=3 delta=2 (rounds is a no-op; reference only, below 10 s)",baseline,--mode baseline --nodes 3 --rounds 1 --delta 2,1,none,2.0,32,2,ladder,hold (Election Safety); execs=2232 blocked=10364 (measured 0.59 s)
lease-065,lease,lease_timed,C=2 R=3 unfenced (rounds ladder),timed,--clients 2 --rounds 3 --mode timed --u 2 --l-ratio 0 --sd-ratio 0.5 --ttl-ratio 5 --fencing off --pause-ratio 1.5 --keep-going,1,none,60.0,32.0,2,ladder,hold (violations=0)
lease-066,lease,lease_timed,C=2 R=3 unfenced (rounds ladder),baseline,--clients 2 --rounds 3 --mode baseline --u 2 --l-ratio 0 --sd-ratio 0.5 --ttl-ratio 5 --fencing off --pause-ratio 1.5 --keep-going,1,none,60.0,32.0,2,ladder,spurious violations > 0
lease-067,lease,lease_timed,C=2 R=3 fenced (rounds ladder),timed,--clients 2 --rounds 3 --mode timed --u 2 --l-ratio 0 --sd-ratio 0.5 --ttl-ratio 5 --fencing on --pause-ratio 2 --keep-going,1,none,60.0,32.0,2,ladder,hold
lease-068,lease,lease_timed,C=2 R=3 fenced (rounds ladder),baseline,--clients 2 --rounds 3 --mode baseline --u 2 --l-ratio 0 --sd-ratio 0.5 --ttl-ratio 5 --fencing on --pause-ratio 2 --keep-going,1,none,60.0,32.0,2,ladder,hold
lease-069,lease,lease_timed,C=2 R=4 unfenced (rounds ladder),timed,--clients 2 --rounds 4 --mode timed --u 2 --l-ratio 0 --sd-ratio 0.5 --ttl-ratio 5 --fencing off --pause-ratio 1.5 --keep-going --parallel shared,8,shared,1800.0,32.0,2,ladder,hold (violations=0)
lease-070,lease,lease_timed,C=2 R=4 unfenced (rounds ladder),baseline,--clients 2 --rounds 4 --mode baseline --u 2 --l-ratio 0 --sd-ratio 0.5 --ttl-ratio 5 --fencing off --pause-ratio 1.5 --keep-going --parallel shared,8,shared,1800.0,32.0,2,ladder,spurious violations > 0
lease-071,lease,lease_timed,C=2 R=4 fenced (rounds ladder),timed,--clients 2 --rounds 4 --mode timed --u 2 --l-ratio 0 --sd-ratio 0.5 --ttl-ratio 5 --fencing on --pause-ratio 2 --keep-going --parallel shared,8,shared,1800.0,32.0,2,ladder,hold
lease-072,lease,lease_timed,C=2 R=4 fenced (rounds ladder),baseline,--clients 2 --rounds 4 --mode baseline --u 2 --l-ratio 0 --sd-ratio 0.5 --ttl-ratio 5 --fencing on --pause-ratio 2 --keep-going --parallel shared,8,shared,1800.0,32.0,2,ladder,hold
lease-073,lease,lease_timed,C=2 R=5 unfenced (rounds ladder),timed,--clients 2 --rounds 5 --mode timed --u 2 --l-ratio 0 --sd-ratio 0.5 --ttl-ratio 5 --fencing off --pause-ratio 1.5 --keep-going --parallel shared,8,shared,18000.0,32.0,2,ladder,hold (violations=0)
lease-074,lease,lease_timed,C=2 R=5 unfenced (rounds ladder),baseline,--clients 2 --rounds 5 --mode baseline --u 2 --l-ratio 0 --sd-ratio 0.5 --ttl-ratio 5 --fencing off --pause-ratio 1.5 --keep-going --parallel shared,8,shared,18000.0,32.0,2,ladder,spurious violations > 0
lease-075,lease,lease_timed,C=2 R=5 fenced (rounds ladder),timed,--clients 2 --rounds 5 --mode timed --u 2 --l-ratio 0 --sd-ratio 0.5 --ttl-ratio 5 --fencing on --pause-ratio 2 --keep-going --parallel shared,8,shared,18000.0,32.0,2,ladder,hold
lease-076,lease,lease_timed,C=2 R=5 fenced (rounds ladder),baseline,--clients 2 --rounds 5 --mode baseline --u 2 --l-ratio 0 --sd-ratio 0.5 --ttl-ratio 5 --fencing on --pause-ratio 2 --keep-going --parallel shared,8,shared,18000.0,32.0,2,ladder,hold
lease-077,lease,lease_timed,C=3 R=2 unfenced (rounds ladder),timed,--clients 3 --rounds 2 --mode timed --u 2 --l-ratio 0 --sd-ratio 0.5 --ttl-ratio 5 --fencing off --pause-ratio 1.5 --keep-going --parallel shared,8,shared,600.0,32.0,2,ladder,hold (violations=0)
lease-078,lease,lease_timed,C=3 R=2 unfenced (rounds ladder),baseline,--clients 3 --rounds 2 --mode baseline --u 2 --l-ratio 0 --sd-ratio 0.5 --ttl-ratio 5 --fencing off --pause-ratio 1.5 --keep-going --parallel shared,8,shared,600.0,32.0,2,ladder,spurious violations > 0
lease-079,lease,lease_timed,C=3 R=2 fenced (rounds ladder),timed,--clients 3 --rounds 2 --mode timed --u 2 --l-ratio 0 --sd-ratio 0.5 --ttl-ratio 5 --fencing on --pause-ratio 2 --keep-going --parallel shared,8,shared,600.0,32.0,2,ladder,hold
lease-080,lease,lease_timed,C=3 R=2 fenced (rounds ladder),baseline,--clients 3 --rounds 2 --mode baseline --u 2 --l-ratio 0 --sd-ratio 0.5 --ttl-ratio 5 --fencing on --pause-ratio 2 --keep-going --parallel shared,8,shared,600.0,32.0,2,ladder,hold
lease-081,lease,lease_timed,C=2 R=6 unfenced (rounds ladder),timed,--clients 2 --rounds 6 --mode timed --u 2 --l-ratio 0 --sd-ratio 0.5 --ttl-ratio 5 --fencing off --pause-ratio 1.5 --keep-going --parallel shared,8,shared,500000.0,32.0,3,ceiling,hold (violations=0)
lease-082,lease,lease_timed,C=2 R=6 unfenced (rounds ladder),baseline,--clients 2 --rounds 6 --mode baseline --u 2 --l-ratio 0 --sd-ratio 0.5 --ttl-ratio 5 --fencing off --pause-ratio 1.5 --keep-going --parallel shared,8,shared,500000.0,32.0,3,ceiling,spurious violations > 0
lease-083,lease,lease_timed,C=2 R=6 fenced (rounds ladder),timed,--clients 2 --rounds 6 --mode timed --u 2 --l-ratio 0 --sd-ratio 0.5 --ttl-ratio 5 --fencing on --pause-ratio 2 --keep-going --parallel shared,8,shared,500000.0,32.0,3,ceiling,hold
lease-084,lease,lease_timed,C=2 R=6 fenced (rounds ladder),baseline,--clients 2 --rounds 6 --mode baseline --u 2 --l-ratio 0 --sd-ratio 0.5 --ttl-ratio 5 --fencing on --pause-ratio 2 --keep-going --parallel shared,8,shared,500000.0,32.0,3,ceiling,hold
lease-085,lease,lease_timed,C=3 R=3 unfenced (rounds ladder),timed,--clients 3 --rounds 3 --mode timed --u 2 --l-ratio 0 --sd-ratio 0.5 --ttl-ratio 5 --fencing off --pause-ratio 1.5 --keep-going --parallel shared,8,shared,500000.0,32.0,3,ceiling,hold (violations=0)
lease-086,lease,lease_timed,C=3 R=3 unfenced (rounds ladder),baseline,--clients 3 --rounds 3 --mode baseline --u 2 --l-ratio 0 --sd-ratio 0.5 --ttl-ratio 5 --fencing off --pause-ratio 1.5 --keep-going --parallel shared,8,shared,500000.0,32.0,3,ceiling,spurious violations > 0
lease-087,lease,lease_timed,C=3 R=3 fenced (rounds ladder),timed,--clients 3 --rounds 3 --mode timed --u 2 --l-ratio 0 --sd-ratio 0.5 --ttl-ratio 5 --fencing on --pause-ratio 2 --keep-going --parallel shared,8,shared,500000.0,32.0,3,ceiling,hold
lease-088,lease,lease_timed,C=3 R=3 fenced (rounds ladder),baseline,--clients 3 --rounds 3 --mode baseline --u 2 --l-ratio 0 --sd-ratio 0.5 --ttl-ratio 5 --fencing on --pause-ratio 2 --keep-going --parallel shared,8,shared,500000.0,32.0,3,ceiling,hold
lease-089,lease,lease_timed,C=4 R=2 unfenced (rounds ladder),timed,--clients 4 --rounds 2 --mode timed --u 2 --l-ratio 0 --sd-ratio 0.5 --ttl-ratio 5 --fencing off --pause-ratio 1.5 --keep-going --parallel shared,8,shared,500000.0,32.0,3,ceiling,hold (violations=0)
lease-090,lease,lease_timed,C=4 R=2 unfenced (rounds ladder),baseline,--clients 4 --rounds 2 --mode baseline --u 2 --l-ratio 0 --sd-ratio 0.5 --ttl-ratio 5 --fencing off --pause-ratio 1.5 --keep-going --parallel shared,8,shared,500000.0,32.0,3,ceiling,spurious violations > 0
