id,group,example,cell,side,purpose,prio,expected,status,exit_code,execs,blocked,timeline_impossible,pruned,violations,progress,summary,wall_s,cpu_s,rss_mb,cpus,parallel,pred_s,mem_gb,started,finished,cores,log,args
swim-016,swim,swim_timed,L0 N=3 R=6 Ws=5 no-kg,timed,boundary,1,FIRE: exit 101 (certified counterexample) in < 1 s,finished (assertion failed: FIRE),101,,,,,,,thread 'main' (2365830) panicked at traceforge/src/must.rs:1728:13:,0.0,0.0,2,1,none,5.0,32.0,2026-09-30 13:44:27,2026-09-30 13:44:28,117,/local/sramezani/v8logs/swim-016.log,--mode timed --nodes 3 --rounds 6 --u 2 --sd-ratio 0.5 --w-probe-ratio 1 --l-ratio 0 --w-suspect-ratio 2.5
swim-018,swim,swim_timed,L0 N=3 R=6 Ws=6 no-kg,baseline,boundary,1,FIRE: exit 101 in < 1 s,finished (assertion failed: FIRE),101,,,,,,,thread 'main' (2365835) panicked at traceforge/src/lib.rs:2423:21:,0.0,0.0,2,1,none,5.0,32.0,2026-09-30 13:44:27,2026-09-30 13:44:28,118,/local/sramezani/v8logs/swim-018.log,--mode baseline --nodes 3 --rounds 6 --u 2 --sd-ratio 0.5 --w-probe-ratio 1 --l-ratio 0 --w-suspect-ratio 3.0
swim-020,swim,swim_timed,L1 N=3 R=6 Ws=5 no-kg,timed,boundary,1,FIRE: exit 101 in < 1 s,finished (assertion failed: FIRE),101,,,,,,,thread 'main' (2365840) panicked at traceforge/src/must.rs:1728:13:,0.0,0.0,2,1,none,5.0,32.0,2026-09-30 13:44:27,2026-09-30 13:44:28,119,/local/sramezani/v8logs/swim-020.log,--mode timed --nodes 3 --rounds 6 --u 2 --sd-ratio 0.5 --w-probe-ratio 1 --l-ratio 0.5 --w-suspect-ratio 2.5
swim-022,swim,swim_timed,L0 N=3 R=6 Ws=5 no-kg,baseline,boundary,1,FIRE: exit 101 in < 1 s,finished (assertion failed: FIRE),101,,,,,,,thread 'main' (2365845) panicked at traceforge/src/lib.rs:2423:21:,0.0,0.0,2,1,none,5.0,32.0,2026-09-30 13:44:27,2026-09-30 13:44:28,120,/local/sramezani/v8logs/swim-022.log,--mode baseline --nodes 3 --rounds 6 --u 2 --sd-ratio 0.5 --w-probe-ratio 1 --l-ratio 0 --w-suspect-ratio 2.5
swim-024,swim,swim_timed,L1 N=3 R=6 Ws=5 no-kg,baseline,boundary,1,FIRE: exit 101 in < 1 s,finished (assertion failed: FIRE),101,,,,,,,thread 'main' (2365850) panicked at traceforge/src/lib.rs:2423:21:,0.0,0.0,2,1,none,5.0,32.0,2026-09-30 13:44:27,2026-09-30 13:44:28,121,/local/sramezani/v8logs/swim-024.log,--mode baseline --nodes 3 --rounds 6 --u 2 --sd-ratio 0.5 --w-probe-ratio 1 --l-ratio 0.5 --w-suspect-ratio 2.5
abp-005,abp,alternating_bit_timed,abp K=2 R=5 W=3 (U=1),timed,headline,1,hold; execs=12034 blocked=12164 (measured 13.5 s),finished,0,12034,12164,0,17679,,,TFSTATS execs=12034 blocked=12164 timeline_impossible=0 pruned=17679 | timed     variant=abp K=2 R=5  L=0 U=1 sd=0 W=3 dR=0 (2U+2sd+dR=2)  execs=12034   blocked=12164  delivered=82628  dups=158431 timeouts=350745 stale=0      confused=0      completed=13797  gave_up=16415  end_checks=5922   p1_fails=0    p2_fails=0    time=13.401624604s,13.4,13.4,2,1,none,15.0,32.0,2026-09-30 13:44:27,2026-09-30 13:44:41,206,/local/sramezani/v8logs/abp-005.log,--mode timed --variant abp --messages 2 --retries 5 --w-ratio 3
brp-001,brp,brp_timed,"A MAX=3 n=2 F=1 all w1 (headline, both >=10 s)",timed,headline,1,"HOLDS (proof), impossible=0; execs=1106 blocked=30834 explored=31940 (measured 12.1 s, 12.6 s)",finished,0,1106,30834,0,12920,,,TFSTATS execs=1106 blocked=30834 timeline_impossible=0 pruned=12920 | timed    model=Dkrt n=2 MAX=3 TD=1 T1=3 TR=21 SYNC=21 k=2 F=1 DC=22 prop=All  execs=1106 blocked=30834 impossible=0 explored=31940 judged=1106 p2_runs=0 p2_tr_side=0 p2_sync_side=0 p4_runs=0 client_runs=0 failed_file_runs=801 timeout_runs=1105 restart_after_fail_runs=0 first_safe_after_timeout_runs=0 probe_nontrivial_runs=800 confused_ack_runs=0 verdict=HOLDS time=17.024960859s | NOTE: no frame reached the receiver after it timed out. With one file that is exactly what (2) needs (compare the adjacent FIRE cell); with more files it means (2) was barely tested.,17.0,17.0,2,1,none,15.0,150.0,2026-09-30 13:44:27,2026-09-30 13:44:44,195,/local/sramezani/v8logs/brp-001.log,--mode timed --n 2 --max 3 --td 1 --t1 3 --tr 21 --sync 21 --k 2 --files 1 --property all --keep-going
swim-008,swim,swim_timed,L0 N=6 R=1 Ws=6,baseline,headline,1,"FIRE: violations>0 (false positives), exit 0 (keep-going)",finished,0,626,251028,0,0,117369,"200000 explored (626 execs, 199374 blocked)",TFSTATS execs=626 blocked=251028 timeline_impossible=0 pruned=0 | baseline   N=6 R=1  L=0 U=2 Wp=2 Ws=6 sd=1  execs=626    blocked=251028 acks=512    suspects=223330 refuted=320760 dead=117369 violations=117369 time=39.627163831s,39.6,38.5,2,1,none,42.0,32.0,2026-09-30 13:44:27,2026-09-30 13:45:07,116,/local/sramezani/v8logs/swim-008.log,--mode baseline --nodes 6 --rounds 1 --u 2 --sd-ratio 0.5 --w-probe-ratio 1 --l-ratio 0 --w-suspect-ratio 3.0 --keep-going
abp-001,abp,alternating_bit_timed,abp K=5 R=2 W=3 (U=1),timed,headline,1,hold; execs=56022 blocked=56040 stale=0 (measured 47-52 s),finished,0,56022,56040,0,75630,,"100000 explored (50002 execs, 49998 blocked)",TFSTATS execs=56022 blocked=56040 timeline_impossible=0 pruned=75630 | timed     variant=abp K=5 R=2  L=0 U=1 sd=0 W=3 dR=0 (2U+2sd+dR=2)  execs=56022   blocked=56040  delivered=903514 dups=615528 timeouts=1363135 stale=0      confused=0      completed=55223  gave_up=84847  end_checks=24010  p1_fails=0    p2_fails=0    time=70.670901017s,70.7,70.7,2,1,none,60.0,32.0,2026-09-30 13:44:27,2026-09-30 13:45:38,204,/local/sramezani/v8logs/abp-001.log,--mode timed --variant abp --messages 5 --retries 2 --w-ratio 3
abp-003,abp,alternating_bit_timed,par K=5 R=2 W=3 (U=1) keep-going,timed,headline,1,"hold: p1_fails=0 p2_fails=0, no VIOLATION line; execs=56022 blocked=56040 (measured 47.6 s)",finished,0,56022,56040,0,75630,,"100000 explored (50002 execs, 49998 blocked)",TFSTATS execs=56022 blocked=56040 timeline_impossible=0 pruned=75630 | timed     variant=par K=5 R=2  L=0 U=1 sd=0 W=3 dR=0 (2U+2sd+dR=2)  execs=56022   blocked=56040  delivered=903514 dups=615528 timeouts=1363135 stale=0      confused=0      completed=55223  gave_up=84847  end_checks=24010  p1_fails=0    p2_fails=0    time=70.958499986s,71.0,71.0,2,1,none,60.0,32.0,2026-09-30 13:44:27,2026-09-30 13:45:38,205,/local/sramezani/v8logs/abp-003.log,--mode timed --variant par --messages 5 --retries 2 --w-ratio 3 --keep-going
swim-004,swim,swim_timed,L0 N=4 R=3 Ws=6,baseline,headline,1,"FIRE: violations>0 (false positives), exit 0 (keep-going)",finished,0,11864,457986,0,0,233859,"400000 explored (11864 execs, 388136 blocked)",TFSTATS execs=11864 blocked=457986 timeline_impossible=0 pruned=0 | baseline   N=4 R=3  L=0 U=2 Wp=2 Ws=6 sd=1  execs=11864  blocked=457986 acks=62286  suspects=1193016 refuted=1374090 dead=233859 violations=233859 time=75.50439167s,75.5,73.0,2,1,none,79.0,32.0,2026-09-30 13:44:27,2026-09-30 13:45:43,115,/local/sramezani/v8logs/swim-004.log,--mode baseline --nodes 4 --rounds 3 --u 2 --sd-ratio 0.5 --w-probe-ratio 1 --l-ratio 0 --w-suspect-ratio 3.0 --keep-going
swim-002,swim,swim_timed,L0 N=3 R=6 Ws=6,baseline,headline,1,"FIRE: violations>0 (false positives), exit 0 (keep-going)",finished,0,27154,462762,0,0,173313,"400000 explored (27154 execs, 372846 blocked)",TFSTATS execs=27154 blocked=462762 timeline_impossible=0 pruned=0 | baseline   N=3 R=6  L=0 U=2 Wp=2 Ws=6 sd=1  execs=27154  blocked=462762 acks=496182 suspects=2153796 refuted=2237610 dead=173313 violations=173313 time=77.19553923s,77.2,75.4,2,1,none,84.0,32.0,2026-09-30 13:44:27,2026-09-30 13:45:44,112,/local/sramezani/v8logs/swim-002.log,--mode baseline --nodes 3 --rounds 6 --u 2 --sd-ratio 0.5 --w-probe-ratio 1 --l-ratio 0 --w-suspect-ratio 3.0 --keep-going
swim-021,swim,swim_timed,L0 N=3 R=6 Ws=5,baseline,boundary,1,"FIRE: violations>0, exit 0 (keep-going); same counts as Ws=6 baseline",finished,0,27154,462762,0,0,173313,"400000 explored (27154 execs, 372846 blocked)",TFSTATS execs=27154 blocked=462762 timeline_impossible=0 pruned=0 | baseline   N=3 R=6  L=0 U=2 Wp=2 Ws=5 sd=1  execs=27154  blocked=462762 acks=496182 suspects=2153796 refuted=2237610 dead=173313 violations=173313 time=76.858804668s,76.9,75.1,2,1,none,84.0,32.0,2026-09-30 13:44:27,2026-09-30 13:45:44,113,/local/sramezani/v8logs/swim-021.log,--mode baseline --nodes 3 --rounds 6 --u 2 --sd-ratio 0.5 --w-probe-ratio 1 --l-ratio 0 --w-suspect-ratio 2.5 --keep-going
swim-023,swim,swim_timed,L1 N=3 R=6 Ws=5,baseline,boundary,1,"FIRE: violations>0, exit 0 (keep-going); same counts as Ws=6 baseline",finished,0,27154,462762,0,0,173313,"400000 explored (27154 execs, 372846 blocked)",TFSTATS execs=27154 blocked=462762 timeline_impossible=0 pruned=0 | baseline   N=3 R=6  L=1 U=2 Wp=2 Ws=5 sd=1  execs=27154  blocked=462762 acks=496182 suspects=2153796 refuted=2237610 dead=173313 violations=173313 time=84.139843017s,84.1,82.1,2,1,none,84.0,32.0,2026-09-30 13:44:27,2026-09-30 13:45:52,114,/local/sramezani/v8logs/swim-023.log,--mode baseline --nodes 3 --rounds 6 --u 2 --sd-ratio 0.5 --w-probe-ratio 1 --l-ratio 0.5 --w-suspect-ratio 2.5 --keep-going
brp-003,brp,brp_timed,"A MAX=4 n=2 F=1 all w1 (headline, both >=1 min)",timed,headline,1,"HOLDS (proof), impossible=0; execs=5154 blocked=144610 explored=149764 (measured 76 s)",finished,0,5154,144610,0,69112,,"100000 explored (3560 execs, 96440 blocked)",TFSTATS execs=5154 blocked=144610 timeline_impossible=0 pruned=69112 | timed    model=Dkrt n=2 MAX=4 TD=1 T1=3 TR=27 SYNC=27 k=2 F=1 DC=28 prop=All  execs=5154 blocked=144610 impossible=0 explored=149764 judged=5154 p2_runs=0 p2_tr_side=0 p2_sync_side=0 p4_runs=0 client_runs=0 failed_file_runs=3809 timeout_runs=5153 restart_after_fail_runs=0 first_safe_after_timeout_runs=0 probe_nontrivial_runs=3808 confused_ack_runs=0 verdict=HOLDS time=104.6232621s | NOTE: no frame reached the receiver after it timed out. With one file that is exactly what (2) needs (compare the adjacent FIRE cell); with more files it means (2) was barely tested.,104.6,104.6,2,1,none,90.0,150.0,2026-09-30 13:44:27,2026-09-30 13:46:13,194,/local/sramezani/v8logs/brp-003.log,--mode timed --n 2 --max 4 --td 1 --t1 3 --tr 27 --sync 27 --k 2 --files 1 --property all --keep-going
brp-005,brp,brp_timed,"C1 F=2 MAX=1 TR=9 SYNC=7 p2 w1 (exact SYNC edge, hold; both >=1 min)",timed,headline,1,"HOLDS (proof), impossible=0; execs=3855 blocked=199735 explored=203590 restart_after_fail_runs=1260 (measured 94 s)",finished,0,3855,199735,0,43269,,"200000 explored (3771 execs, 196229 blocked)",TFSTATS execs=3855 blocked=199735 timeline_impossible=0 pruned=43269 | timed    model=Dkrt n=2 MAX=1 TD=1 T1=3 TR=9 SYNC=7 k=2 F=2 DC=10 prop=P2  execs=3855 blocked=199735 impossible=0 explored=203590 judged=3855 p2_runs=0 p2_tr_side=0 p2_sync_side=0 p4_runs=0 client_runs=53 failed_file_runs=2871 timeout_runs=3854 restart_after_fail_runs=1260 first_safe_after_timeout_runs=1719 probe_nontrivial_runs=0 confused_ack_runs=0 verdict=HOLDS time=113.29332225s,113.3,113.3,2,1,none,110.0,150.0,2026-09-30 13:44:27,2026-09-30 13:46:21,193,/local/sramezani/v8logs/brp-005.log,--mode timed --n 2 --max 1 --td 1 --t1 3 --tr 9 --sync 7 --k 2 --files 2 --property p2 --keep-going
lease-002,lease,lease_timed,unfenced A(U2 L0 sd1 TTL10) PAUSE=3 keep-going C=5 R=1,baseline,headline,1,"spurious FIRE counted: violations=943680, execs=29160 blocked=1852696 (exit 0 under --keep-going)",finished,0,29160,1852696,0,0,943680,"200000 explored (4229 execs, 195771 blocked)",TFSTATS execs=29160 blocked=1852696 timeline_impossible=0 pruned=0 | baseline   C=5 R=1 fencing=off  L=0 U=2 TTL=10 PAUSE=3 sd=1  execs=29160  blocked=1852696 grants=9384000 expired=8019120 released=1364880 applied=6403200 stale=0      violations=943680 time=129.889497724s,129.9,500.0,10,8,shared,150.0,32.0,2026-09-30 13:44:27,2026-09-30 13:46:38,"60,61,62,63,64,65,66,67",/local/sramezani/v8logs/lease-002.log,--clients 5 --rounds 1 --mode baseline --u 2 --l-ratio 0 --sd-ratio 0.5 --ttl-ratio 5 --fencing off --pause-ratio 1.5 --keep-going --parallel shared
legacy-017,legacy,two_pc_timed,N=7 delta=5 (biggest N),timed,headline,1,hold; execs=128 (=2^N) blocked=545914 (measured 281 s),finished,0,128,545914,0,80044,,"500000 explored (128 execs, 499872 blocked)",TFSTATS execs=128 blocked=545914 timeline_impossible=0 pruned=80044 | timed      participants=7  execs=128      blocked=545914 commit=128    abort=16256  time=187.092201632s,187.1,187.1,2,1,none,330.0,32.0,2026-09-30 13:44:27,2026-09-30 13:47:35,253,/local/sramezani/v8logs/legacy-017.log,--mode timed --participants 7 --delta 5
swim-006,swim,swim_timed,L0 N=5 R=2 Ws=6,baseline,headline,1,"FIRE: violations>0 (false positives), exit 0 (keep-going)",finished,0,12418,1342956,0,0,780003,"1300000 explored (12418 execs, 1287582 blocked)",TFSTATS execs=12418 blocked=1342956 timeline_impossible=0 pruned=0 | baseline   N=5 R=2  L=0 U=2 Wp=2 Ws=6 sd=1  execs=12418  blocked=1342956 acks=28150  suspects=2422460 refuted=3114558 dead=780003 violations=780003 time=199.179011514s,199.2,194.5,2,1,none,226.0,32.0,2026-09-30 13:44:27,2026-09-30 13:47:47,111,/local/sramezani/v8logs/swim-006.log,--mode baseline --nodes 5 --rounds 2 --u 2 --sd-ratio 0.5 --w-probe-ratio 1 --l-ratio 0 --w-suspect-ratio 3.0 --keep-going
swim-007,swim,swim_timed,L0 N=6 R=1 Ws=6,timed,headline,1,"hold: violations=0, exit 0",finished,0,82,309817,0,0,0,"300000 explored (82 execs, 299918 blocked)",TFSTATS execs=82 blocked=309817 timeline_impossible=0 pruned=0 | timed      N=6 R=1  L=0 U=2 Wp=2 Ws=6 sd=1  execs=82     blocked=309817 acks=1250   suspects=267459 refuted=445670 dead=0      violations=0      time=220.930460748s,220.9,220.9,2,1,none,271.0,32.0,2026-09-30 13:44:27,2026-09-30 13:48:08,110,/local/sramezani/v8logs/swim-007.log,--mode timed --nodes 6 --rounds 1 --u 2 --sd-ratio 0.5 --w-probe-ratio 1 --l-ratio 0 --w-suspect-ratio 3.0 --keep-going
sensor-021,sensor,sensor_network_timed,"sensor law boundary, same absolute timers, L=0 U=5 (FIRE side)",timed,boundary,1,exit 0 genuine FIRE counted: execs=1728 blocked=929487 sf=3456 (247 s),finished,0,1728,929487,0,20017,,"900000 explored (1728 execs, 898272 blocked)",TFSTATS execs=1728 blocked=929487 timeline_impossible=0 pruned=20017 | timed     S=2 R=3 readings=safe property=sensor timers=self cut=on  L=0 U=5 sd=0 P=10 C=15 Ds=25 Dr=25 OBST=5  execs=1728   blocked=929487 impossible=0      checks_ok=38016 late_reports=20736 sensor_failures=3456 missions=0 acked=0 rescues=0 reached=0 dead=0 time=242.007008311s,242.0,242.0,2,1,none,290.0,32.0,2026-09-30 13:44:27,2026-09-30 13:48:29,180,/local/sramezani/v8logs/sensor-021.log,--mode timed --readings safe --property sensor --rounds 3 --keep-going --l-ratio 0 --u 5 --period-ratio 2 --check-ratio 3
lease-001,lease,lease_timed,unfenced A(U2 L0 sd1 TTL10) PAUSE=3 keep-going C=5 R=1,timed,headline,1,"hold: violations=0, execs=29160 blocked=1601917 (exit 0)",finished,0,29160,1601917,0,29836,0,"400000 explored (800 execs, 399200 blocked)",TFSTATS execs=29160 blocked=1601917 timeline_impossible=0 pruned=29836 | timed      C=5 R=1 fencing=off  L=0 U=2 TTL=10 PAUSE=3 sd=1  execs=29160  blocked=1601917 grants=8220380 expired=6957294 released=1263086 applied=4990951 stale=0      violations=0      time=246.538355245s,246.5,1118.9,14,8,shared,260.0,32.0,2026-09-30 13:44:27,2026-09-30 13:48:34,"52,53,54,55,56,57,58,59",/local/sramezani/v8logs/lease-001.log,--clients 5 --rounds 1 --mode timed --u 2 --l-ratio 0 --sd-ratio 0.5 --ttl-ratio 5 --fencing off --pause-ratio 1.5 --keep-going --parallel shared
legacy-016,legacy,two_pc_timed,N=6 delta=5,baseline,headline,1,hold; execs=46080 (=2^N*N!) blocked=3063286 (measured 320 s),finished,0,46080,3063286,0,0,,"3100000 explored (46080 execs, 3053920 blocked)",TFSTATS execs=46080 blocked=3063286 timeline_impossible=0 pruned=0 | baseline   participants=6  execs=46080    blocked=3063286 commit=46080  abort=2903040 time=250.679754647s,250.7,250.7,2,1,none,380.0,32.0,2026-09-30 13:44:27,2026-09-30 13:48:38,252,/local/sramezani/v8logs/legacy-016.log,--mode baseline --participants 6 --delta 5
swim-063,swim,swim_timed,L0 N=3 R=5 Ws=6,timed,ladder,2,"hold: violations=0, exit 0",finished,0,1024,86863,0,0,0,,TFSTATS execs=1024 blocked=86863 timeline_impossible=0 pruned=0 | timed      N=3 R=5  L=0 U=2 Wp=2 Ws=6 sd=1  execs=1024   blocked=86863  acks=72375  suspects=312666 refuted=331323 dead=0      violations=0      time=68.695663299s,68.7,68.7,2,1,none,85.0,32.0,2026-09-30 13:48:08,2026-09-30 13:49:17,110,/local/sramezani/v8logs/swim-063.log,--mode timed --nodes 3 --rounds 5 --u 2 --sd-ratio 0.5 --w-probe-ratio 1 --l-ratio 0 --w-suspect-ratio 3.0 --keep-going
swim-067,swim,swim_timed,L0 N=4 R=2 Ws=6,timed,ladder,2,"hold: violations=0, exit 0",finished,0,100,24249,0,0,0,,TFSTATS execs=100 blocked=24249 timeline_impossible=0 pruned=0 | timed      N=4 R=2  L=0 U=2 Wp=2 Ws=6 sd=1  execs=100    blocked=24249  acks=1997   suspects=38304  refuted=46753  dead=0      violations=0      time=15.058677837s,15.1,15.1,2,1,none,19.0,32.0,2026-09-30 13:49:17,2026-09-30 13:49:33,110,/local/sramezani/v8logs/swim-067.log,--mode timed --nodes 4 --rounds 2 --u 2 --sd-ratio 0.5 --w-probe-ratio 1 --l-ratio 0 --w-suspect-ratio 3.0 --keep-going
swim-049,swim,swim_timed,L0 N=5 R=2 Ws=5,baseline,boundary,2,"FIRE: violations>0, exit 0 (keep-going); same counts as Ws=6 baseline",finished,0,12418,1342956,0,0,780003,"1300000 explored (12418 execs, 1287582 blocked)",TFSTATS execs=12418 blocked=1342956 timeline_impossible=0 pruned=0 | baseline   N=5 R=2  L=0 U=2 Wp=2 Ws=5 sd=1  execs=12418  blocked=1342956 acks=28150  suspects=2422460 refuted=3114558 dead=780003 violations=780003 time=235.861604557s,235.9,227.7,2,1,none,226.0,32.0,2026-09-30 13:45:52,2026-09-30 13:49:48,114,/local/sramezani/v8logs/swim-049.log,--mode baseline --nodes 5 --rounds 2 --u 2 --sd-ratio 0.5 --w-probe-ratio 1 --l-ratio 0 --w-suspect-ratio 2.5 --keep-going
swim-064,swim,swim_timed,L0 N=3 R=5 Ws=6,baseline,ladder,2,"FIRE: violations>0 (false positives), exit 0 (keep-going)",finished,0,5226,90304,0,0,31999,,TFSTATS execs=5226 blocked=90304 timeline_impossible=0 pruned=0 | baseline   N=3 R=5  L=0 U=2 Wp=2 Ws=6 sd=1  execs=5226   blocked=90304  acks=77608  suspects=343766 refuted=355686 dead=31999  violations=31999  time=14.250688647s,14.2,14.1,2,1,none,17.0,32.0,2026-09-30 13:49:33,2026-09-30 13:49:48,110,/local/sramezani/v8logs/swim-064.log,--mode baseline --nodes 3 --rounds 5 --u 2 --sd-ratio 0.5 --w-probe-ratio 1 --l-ratio 0 --w-suspect-ratio 3.0 --keep-going
swim-051,swim,swim_timed,L1 N=4 R=3 Ws=6,timed,ladder,2,"hold: violations=0, exit 0",finished,0,1000,269264,0,5550,0,"200000 explored (1000 execs, 199000 blocked)",TFSTATS execs=1000 blocked=269264 timeline_impossible=0 pruned=5550 | timed      N=4 R=3  L=1 U=2 Wp=2 Ws=6 sd=1  execs=1000   blocked=269264 acks=41442  suspects=684386 refuted=807824 dead=0      violations=0      time=249.563871237s,249.6,249.5,2,1,none,290.0,32.0,2026-09-30 13:45:45,2026-09-30 13:49:54,112,/local/sramezani/v8logs/swim-051.log,--mode timed --nodes 4 --rounds 3 --u 2 --sd-ratio 0.5 --w-probe-ratio 1 --l-ratio 0.5 --w-suspect-ratio 3.0 --keep-going
swim-055,swim,swim_timed,L0 N=3 R=1 Ws=6,timed,ladder,2,"hold: violations=0, exit 0",finished,0,4,143,0,0,0,,TFSTATS execs=4 blocked=143 timeline_impossible=0 pruned=0 | timed      N=3 R=1  L=0 U=2 Wp=2 Ws=6 sd=1  execs=4      blocked=143    acks=10     suspects=51     refuted=51     dead=0      violations=0      time=36.476243ms,0.0,0.0,2,1,none,5.0,32.0,2026-09-30 13:49:54,2026-09-30 13:49:55,112,/local/sramezani/v8logs/swim-055.log,--mode timed --nodes 3 --rounds 1 --u 2 --sd-ratio 0.5 --w-probe-ratio 1 --l-ratio 0 --w-suspect-ratio 3.0 --keep-going
swim-056,swim,swim_timed,L0 N=3 R=1 Ws=6,baseline,ladder,2,"FIRE: violations>0 (false positives), exit 0 (keep-going)",finished,0,6,124,0,0,19,,TFSTATS execs=6 blocked=124 timeline_impossible=0 pruned=0 | baseline   N=3 R=1  L=0 U=2 Wp=2 Ws=6 sd=1  execs=6      blocked=124    acks=8      suspects=58     refuted=46     dead=19     violations=19     time=13.351965ms,0.0,0.0,2,1,none,5.0,32.0,2026-09-30 13:49:55,2026-09-30 13:49:56,112,/local/sramezani/v8logs/swim-056.log,--mode baseline --nodes 3 --rounds 1 --u 2 --sd-ratio 0.5 --w-probe-ratio 1 --l-ratio 0 --w-suspect-ratio 3.0 --keep-going
swim-057,swim,swim_timed,L0 N=3 R=2 Ws=6,timed,ladder,2,"hold: violations=0, exit 0",finished,0,16,637,0,0,0,,TFSTATS execs=16 blocked=637 timeline_impossible=0 pruned=0 | timed      N=3 R=2  L=0 U=2 Wp=2 Ws=6 sd=1  execs=16     blocked=637    acks=153    suspects=732    refuted=759    dead=0      violations=0      time=252.770152ms,0.2,0.2,2,1,none,5.0,32.0,2026-09-30 13:49:56,2026-09-30 13:49:57,112,/local/sramezani/v8logs/swim-057.log,--mode timed --nodes 3 --rounds 2 --u 2 --sd-ratio 0.5 --w-probe-ratio 1 --l-ratio 0 --w-suspect-ratio 3.0 --keep-going
swim-058,swim,swim_timed,L0 N=3 R=2 Ws=6,baseline,ladder,2,"FIRE: violations>0 (false positives), exit 0 (keep-going)",finished,0,34,642,0,0,153,,TFSTATS execs=34 blocked=642 timeline_impossible=0 pruned=0 | baseline   N=3 R=2  L=0 U=2 Wp=2 Ws=6 sd=1  execs=34     blocked=642    acks=154    suspects=812    refuted=778    dead=153    violations=153    time=76.656851ms,0.1,0.1,2,1,none,5.0,32.0,2026-09-30 13:49:57,2026-09-30 13:49:58,112,/local/sramezani/v8logs/swim-058.log,--mode baseline --nodes 3 --rounds 2 --u 2 --sd-ratio 0.5 --w-probe-ratio 1 --l-ratio 0 --w-suspect-ratio 3.0 --keep-going
swim-061,swim,swim_timed,L0 N=3 R=4 Ws=6,timed,ladder,2,"hold: violations=0, exit 0",finished,0,256,16817,0,0,0,,TFSTATS execs=256 blocked=16817 timeline_impossible=0 pruned=0 | timed      N=3 R=4  L=0 U=2 Wp=2 Ws=6 sd=1  execs=256    blocked=16817  acks=10663  suspects=47064  refuted=49815  dead=0      violations=0      time=10.973562282s,11.0,11.0,2,1,none,13.0,32.0,2026-09-30 13:49:48,2026-09-30 13:49:59,110,/local/sramezani/v8logs/swim-061.log,--mode timed --nodes 3 --rounds 4 --u 2 --sd-ratio 0.5 --w-probe-ratio 1 --l-ratio 0 --w-suspect-ratio 3.0 --keep-going
swim-069,swim,swim_timed,L0 N=5 R=1 Ws=6,timed,ladder,2,"hold: violations=0, exit 0",finished,0,28,19571,0,0,0,,TFSTATS execs=28 blocked=19571 timeline_impossible=0 pruned=0 | timed      N=5 R=1  L=0 U=2 Wp=2 Ws=6 sd=1  execs=28     blocked=19571  acks=250    suspects=14511  refuted=21917  dead=0      violations=0      time=11.995574106s,12.0,12.0,2,1,none,9.0,32.0,2026-09-30 13:49:48,2026-09-30 13:50:00,114,/local/sramezani/v8logs/swim-069.log,--mode timed --nodes 5 --rounds 1 --u 2 --sd-ratio 0.5 --w-probe-ratio 1 --l-ratio 0 --w-suspect-ratio 3.0 --keep-going
swim-059,swim,swim_timed,L0 N=3 R=3 Ws=6,timed,ladder,2,"hold: violations=0, exit 0",finished,0,64,3243,0,0,0,,TFSTATS execs=64 blocked=3243 timeline_impossible=0 pruned=0 | timed      N=3 R=3  L=0 U=2 Wp=2 Ws=6 sd=1  execs=64     blocked=3243   acks=1413   suspects=6438   refuted=6779   dead=0      violations=0      time=1.689028844s,1.7,1.7,2,1,none,5.0,32.0,2026-09-30 13:49:58,2026-09-30 13:50:00,112,/local/sramezani/v8logs/swim-059.log,--mode timed --nodes 3 --rounds 3 --u 2 --sd-ratio 0.5 --w-probe-ratio 1 --l-ratio 0 --w-suspect-ratio 3.0 --keep-going
swim-060,swim,swim_timed,L0 N=3 R=3 Ws=6,baseline,ladder,2,"FIRE: violations>0 (false positives), exit 0 (keep-going)",finished,0,186,3364,0,0,979,,TFSTATS execs=186 blocked=3364 timeline_impossible=0 pruned=0 | baseline   N=3 R=3  L=0 U=2 Wp=2 Ws=6 sd=1  execs=186    blocked=3364   acks=1482   suspects=7098   refuted=7142   dead=979    violations=979    time=452.743775ms,0.5,0.4,2,1,none,5.0,32.0,2026-09-30 13:49:59,2026-09-30 13:50:00,110,/local/sramezani/v8logs/swim-060.log,--mode baseline --nodes 3 --rounds 3 --u 2 --sd-ratio 0.5 --w-probe-ratio 1 --l-ratio 0 --w-suspect-ratio 3.0 --keep-going
swim-065,swim,swim_timed,L0 N=4 R=1 Ws=6,timed,ladder,2,"hold: violations=0, exit 0",finished,0,10,1465,0,0,0,,TFSTATS execs=10 blocked=1465 timeline_impossible=0 pruned=0 | timed      N=4 R=1  L=0 U=2 Wp=2 Ws=6 sd=1  execs=10     blocked=1465   acks=50     suspects=819    refuted=1076   dead=0      violations=0      time=591.440158ms,0.6,0.6,2,1,none,5.0,32.0,2026-09-30 13:50:00,2026-09-30 13:50:01,112,/local/sramezani/v8logs/swim-065.log,--mode timed --nodes 4 --rounds 1 --u 2 --sd-ratio 0.5 --w-probe-ratio 1 --l-ratio 0 --w-suspect-ratio 3.0 --keep-going
swim-066,swim,swim_timed,L0 N=4 R=1 Ws=6,baseline,ladder,2,"FIRE: violations>0 (false positives), exit 0 (keep-going)",finished,0,26,1260,0,0,333,,TFSTATS execs=26 blocked=1260 timeline_impossible=0 pruned=0 | baseline   N=4 R=1  L=0 U=2 Wp=2 Ws=6 sd=1  execs=26     blocked=1260   acks=32     suspects=826    refuted=900    dead=333    violations=333    time=172.110615ms,0.2,0.2,2,1,none,5.0,32.0,2026-09-30 13:50:00,2026-09-30 13:50:01,114,/local/sramezani/v8logs/swim-066.log,--mode baseline --nodes 4 --rounds 1 --u 2 --sd-ratio 0.5 --w-probe-ratio 1 --l-ratio 0 --w-suspect-ratio 3.0 --keep-going
swim-053,swim,swim_timed,L1 N=6 R=1 Ws=6,timed,ladder,2,"hold: violations=0, exit 0",finished,0,82,153806,0,390,0,"100000 explored (82 execs, 99918 blocked)",TFSTATS execs=82 blocked=153806 timeline_impossible=0 pruned=390 | timed      N=6 R=1  L=1 U=2 Wp=2 Ws=6 sd=1  execs=82     blocked=153806 acks=512    suspects=135424 refuted=206848 dead=0      violations=0      time=135.718063619s,135.7,135.7,2,1,none,169.0,32.0,2026-09-30 13:47:47,2026-09-30 13:50:03,111,/local/sramezani/v8logs/swim-053.log,--mode timed --nodes 6 --rounds 1 --u 2 --sd-ratio 0.5 --w-probe-ratio 1 --l-ratio 0.5 --w-suspect-ratio 3.0 --keep-going
swim-062,swim,swim_timed,L0 N=3 R=4 Ws=6,baseline,ladder,2,"FIRE: violations>0 (false positives), exit 0 (keep-going)",finished,0,994,17502,0,0,5733,,TFSTATS execs=994 blocked=17502 timeline_impossible=0 pruned=0 | baseline   N=3 R=4  L=0 U=2 Wp=2 Ws=6 sd=1  execs=994    blocked=17502  acks=11348  suspects=51784  refuted=53114  dead=5733   violations=5733   time=2.570257566s,2.6,2.5,2,1,none,5.0,32.0,2026-09-30 13:50:00,2026-09-30 13:50:03,110,/local/sramezani/v8logs/swim-062.log,--mode baseline --nodes 3 --rounds 4 --u 2 --sd-ratio 0.5 --w-probe-ratio 1 --l-ratio 0 --w-suspect-ratio 3.0 --keep-going
swim-070,swim,swim_timed,L0 N=5 R=1 Ws=6,baseline,ladder,2,"FIRE: violations>0 (false positives), exit 0 (keep-going)",finished,0,126,16504,0,0,6075,,TFSTATS execs=126 blocked=16504 timeline_impossible=0 pruned=0 | baseline   N=5 R=1  L=0 U=2 Wp=2 Ws=6 sd=1  execs=126    blocked=16504  acks=128    suspects=13186  refuted=17010  dead=6075   violations=6075   time=2.621970128s,2.6,2.5,2,1,none,5.0,32.0,2026-09-30 13:50:01,2026-09-30 13:50:04,114,/local/sramezani/v8logs/swim-070.log,--mode baseline --nodes 5 --rounds 1 --u 2 --sd-ratio 0.5 --w-probe-ratio 1 --l-ratio 0 --w-suspect-ratio 3.0 --keep-going
swim-003,swim,swim_timed,L0 N=4 R=3 Ws=6,timed,headline,1,"hold: violations=0, exit 0",finished,0,1000,452141,0,0,0,"400000 explored (1000 execs, 399000 blocked)",TFSTATS execs=1000 blocked=452141 timeline_impossible=0 pruned=0 | timed      N=4 R=3  L=0 U=2 Wp=2 Ws=6 sd=1  execs=1000   blocked=452141 acks=62361  suspects=1144044 refuted=1368189 dead=0      violations=0      time=337.640956382s,337.6,337.6,2,1,none,417.0,32.0,2026-09-30 13:44:27,2026-09-30 13:50:05,108,/local/sramezani/v8logs/swim-003.log,--mode timed --nodes 4 --rounds 3 --u 2 --sd-ratio 0.5 --w-probe-ratio 1 --l-ratio 0 --w-suspect-ratio 3.0 --keep-going
swim-068,swim,swim_timed,L0 N=4 R=2 Ws=6,baseline,ladder,2,"FIRE: violations>0 (false positives), exit 0 (keep-going)",finished,0,580,24154,0,0,10047,,TFSTATS execs=580 blocked=24154 timeline_impossible=0 pruned=0 | baseline   N=4 R=2  L=0 U=2 Wp=2 Ws=6 sd=1  execs=580    blocked=24154  acks=1894   suspects=39452  refuted=45186  dead=10047  violations=10047  time=3.506471413s,3.5,3.4,2,1,none,5.0,32.0,2026-09-30 13:50:01,2026-09-30 13:50:05,112,/local/sramezani/v8logs/swim-068.log,--mode baseline --nodes 4 --rounds 2 --u 2 --sd-ratio 0.5 --w-probe-ratio 1 --l-ratio 0 --w-suspect-ratio 3.0 --keep-going
swim-019,swim,swim_timed,L1 N=3 R=6 Ws=5,timed,boundary,1,"FIRE: certified timed violations>0 (measured 31248), exit 0 under --keep-going",finished,0,4096,355284,0,6826,31248,"300000 explored (4096 execs, 295904 blocked)",TFSTATS execs=4096 blocked=355284 timeline_impossible=0 pruned=6826 | timed      N=3 R=6  L=1 U=2 Wp=2 Ws=5 sd=1  execs=4096   blocked=355284 acks=380966 suspects=1592314 refuted=1647262 dead=31248  violations=31248  time=345.479639972s,345.5,345.1,2,1,none,358.0,32.0,2026-09-30 13:44:27,2026-09-30 13:50:13,109,/local/sramezani/v8logs/swim-019.log,--mode timed --nodes 3 --rounds 6 --u 2 --sd-ratio 0.5 --w-probe-ratio 1 --l-ratio 0.5 --w-suspect-ratio 2.5 --keep-going
lease-005,lease,lease_timed,fenced A PAUSE=4 C=5 R=1,timed,headline,1,"hold: execs=42792 blocked=1877293 (1.92e6 explored), stale=342547",finished,0,42792,1877293,0,83262,0,"200000 explored (5943 execs, 194057 blocked)",TFSTATS execs=42792 blocked=1877293 timeline_impossible=0 pruned=83262 | timed      C=5 R=1 fencing=on  L=0 U=2 TTL=10 PAUSE=4 sd=1  execs=42792  blocked=1877293 grants=9932034 expired=8380962 released=1546602 applied=5957228 stale=342547 violations=0      time=430.799581774s,430.8,1620.8,10,8,shared,320.0,32.0,2026-09-30 13:44:27,2026-09-30 13:51:39,"44,45,46,47,48,49,50,51",/local/sramezani/v8logs/lease-005.log,--clients 5 --rounds 1 --mode timed --u 2 --l-ratio 0 --sd-ratio 0.5 --ttl-ratio 5 --fencing on --pause-ratio 2 --parallel shared
swim-050,swim,swim_timed,L1 N=3 R=6 Ws=6,timed,ladder,2,"hold: violations=0, exit 0",finished,0,4096,324036,0,6826,0,"300000 explored (4096 execs, 295904 blocked)",TFSTATS execs=4096 blocked=324036 timeline_impossible=0 pruned=6826 | timed      N=3 R=6  L=1 U=2 Wp=2 Ws=6 sd=1  execs=4096   blocked=324036 acks=351278 suspects=1442314 refuted=1516981 dead=0      violations=0      time=353.340555145s,353.3,353.3,2,1,none,260.0,32.0,2026-09-30 13:45:45,2026-09-30 13:51:39,113,/local/sramezani/v8logs/swim-050.log,--mode timed --nodes 3 --rounds 6 --u 2 --sd-ratio 0.5 --w-probe-ratio 1 --l-ratio 0.5 --w-suspect-ratio 3.0 --keep-going
swim-001,swim,swim_timed,L0 N=3 R=6 Ws=6,timed,headline,1,"hold: violations=0, exit 0",finished,0,4096,445797,0,0,0,"400000 explored (4096 execs, 395904 blocked)",TFSTATS execs=4096 blocked=445797 timeline_impossible=0 pruned=0 | timed      N=3 R=6  L=0 U=2 Wp=2 Ws=6 sd=1  execs=4096   blocked=445797 acks=460533 suspects=1959516 refuted=2075111 dead=0      violations=0      time=438.671079925s,438.7,438.7,2,1,none,481.0,32.0,2026-09-30 13:44:27,2026-09-30 13:51:47,106,/local/sramezani/v8logs/swim-001.log,--mode timed --nodes 3 --rounds 6 --u 2 --sd-ratio 0.5 --w-probe-ratio 1 --l-ratio 0 --w-suspect-ratio 3.0 --keep-going
swim-017,swim,swim_timed,L0 N=3 R=6 Ws=6 no-kg,timed,boundary,1,hold: exit 0,finished,0,4096,445797,0,0,0,"400000 explored (4096 execs, 395904 blocked)",TFSTATS execs=4096 blocked=445797 timeline_impossible=0 pruned=0 | timed      N=3 R=6  L=0 U=2 Wp=2 Ws=6 sd=1  execs=4096   blocked=445797 acks=460533 suspects=1959516 refuted=2075111 dead=0      violations=0      time=439.113916578s,439.1,439.1,2,1,none,481.0,32.0,2026-09-30 13:44:27,2026-09-30 13:51:47,107,/local/sramezani/v8logs/swim-017.log,--mode timed --nodes 3 --rounds 6 --u 2 --sd-ratio 0.5 --w-probe-ratio 1 --l-ratio 0 --w-suspect-ratio 3.0
legacy-002,legacy,comm_closed_leader_election,N=3 B=1 regime D (l=u=20 sd=0 w=200) shared x4,baseline,headline,1,hold; execs=23351969 blocked=87271 elected=1626624 (measured 242-271 s),finished,0,23351969,87271,0,0,,"5500000 explored (5490551 execs, 9449 blocked)",TFSTATS execs=23351969 blocked=87271 timeline_impossible=0 pruned=0 | baseline   nodes=3 ballots=1 w=200 (untimed)  execs=23351969 blocked=87271 elected=1626624 time=262.473317681s,262.5,900.4,4,4,shared,320.0,32.0,2026-09-30 13:48:38,2026-09-30 13:53:01,"252,253,254,255",/local/sramezani/v8logs/legacy-002.log,--mode baseline --nodes 3 --ballots 1 --u 20 --w 200 --l 20 --sd 0 --parallel shared
sensor-002,sensor,sensor_network_timed,"T3 row2 (Dr=4, paper success) danger S=2 R=1 kg",baseline,headline,1,exit 0 SPURIOUS: dead=1552320 execs=197015 blocked=3943803 (333 s),finished,0,197015,3943803,0,0,,"4100000 explored (197015 execs, 3902985 blocked)",TFSTATS execs=197015 blocked=3943803 timeline_impossible=0 pruned=0 | baseline  S=2 R=1 readings=danger property=rescue timers=separate cut=on  L=1 U=1 sd=0 P=2/3 C=4 Ds=2 Dr=4 OBST=1  execs=197015 blocked=3943803 impossible=0      checks_ok=4433280 late_reports=6685760 sensor_failures=1871200 missions=3151680 acked=47040 rescues=3104640 reached=1552320 dead=1552320 time=516.465228398s,516.5,511.5,2,1,none,420.0,32.0,2026-09-30 13:44:27,2026-09-30 13:53:04,178,/local/sramezani/v8logs/sensor-002.log,--mode baseline --table3-row 2 --readings danger --keep-going
sensor-004,sensor,sensor_network_timed,"T3 row1 (Dr=3, paper failed) danger S=2 R=1 kg (boundary vs row 2)",baseline,boundary,1,"exit 0 dead=1552320, byte-identical to the row-2 baseline (332 s)",finished,0,197015,3943803,0,0,,"4100000 explored (197015 execs, 3902985 blocked)",TFSTATS execs=197015 blocked=3943803 timeline_impossible=0 pruned=0 | baseline  S=2 R=1 readings=danger property=rescue timers=separate cut=on  L=1 U=1 sd=0 P=2/3 C=4 Ds=2 Dr=3 OBST=1  execs=197015 blocked=3943803 impossible=0      checks_ok=4433280 late_reports=6685760 sensor_failures=1871200 missions=3151680 acked=47040 rescues=3104640 reached=1552320 dead=1552320 time=530.284112905s,530.3,525.3,2,1,none,420.0,32.0,2026-09-30 13:44:27,2026-09-30 13:53:18,179,/local/sramezani/v8logs/sensor-004.log,--mode baseline --table3-row 1 --readings danger --keep-going
lease-006,lease,lease_timed,fenced A PAUSE=4 C=5 R=1,baseline,headline,1,"hold: execs=1247400 blocked=11769496 (1.30e7 explored, 6.8x timed), stale=26282880",finished,0,1247400,11769496,0,0,0,"1500000 explored (166130 execs, 1333870 blocked)",TFSTATS execs=1247400 blocked=11769496 timeline_impossible=0 pruned=0 | baseline   C=5 R=1 fencing=on  L=0 U=2 TTL=10 PAUSE=4 sd=1  execs=1247400 blocked=11769496 grants=65059200 expired=57373920 released=7685280 applied=30741120 stale=26282880 violations=0      time=562.311556642s,562.3,2597.7,16,8,shared,500.0,32.0,2026-09-30 13:44:27,2026-09-30 13:53:50,"36,37,38,39,40,41,42,43",/local/sramezani/v8logs/lease-006.log,--clients 5 --rounds 1 --mode baseline --u 2 --l-ratio 0 --sd-ratio 0.5 --ttl-ratio 5 --fencing on --pause-ratio 2 --parallel shared
lease-074,lease,lease_timed,C=2 R=5 unfenced (rounds ladder),baseline,ladder,2,spurious violations > 0,finished,0,1889568,9447840,0,0,1111508,"1400000 explored (233998 execs, 1166002 blocked)",TFSTATS execs=1889568 blocked=9447840 timeline_impossible=0 pruned=0 | baseline   C=2 R=5 fencing=off  L=0 U=2 TTL=10 PAUSE=3 sd=1  execs=1889568 blocked=9447840 grants=107149624 expired=75150460 released=31999164 applied=100628776 stale=0      violations=1111508 time=322.217910052s,322.2,2501.6,28,8,shared,18000.0,32.0,2026-09-30 13:48:34,2026-09-30 13:53:58,"52,53,54,55,56,57,58,59",/local/sramezani/v8logs/lease-074.log,--clients 2 --rounds 5 --mode baseline --u 2 --l-ratio 0 --sd-ratio 0.5 --ttl-ratio 5 --fencing off --pause-ratio 1.5 --keep-going --parallel shared
swim-015,swim,swim_timed,L0 N=3 R=6 Ws=5,timed,boundary,1,"FIRE: certified timed violations>0 (measured 183479), exit 0 under --keep-going",finished,0,27154,594689,0,0,183479,"600000 explored (27154 execs, 572846 blocked)",TFSTATS execs=27154 blocked=594689 timeline_impossible=0 pruned=0 | timed      N=3 R=6  L=0 U=2 Wp=2 Ws=5 sd=1  execs=27154  blocked=594689 acks=622215 suspects=2744976 refuted=2865878 dead=183479 violations=183479 time=609.890551552s,609.9,607.2,2,1,none,650.0,32.0,2026-09-30 13:44:27,2026-09-30 13:54:37,104,/local/sramezani/v8logs/swim-015.log,--mode timed --nodes 3 --rounds 6 --u 2 --sd-ratio 0.5 --w-probe-ratio 1 --l-ratio 0 --w-suspect-ratio 2.5 --keep-going
sensor-016,sensor,sensor_network_timed,"death law boundary, same absolute timers, L=U=3 (FIRE side: Ds <= 2U, Dr <= 2U+OBST)",baseline,boundary,1,"exit 0 SPURIOUS, same program as the P=6 baseline (verified by rev_sensor_deathU3_b_p16): execs=673750 blocked=5050590 sf=1493360 dead=1330560",finished,0,673750,5050590,0,0,,"5700000 explored (673750 execs, 5026250 blocked)",TFSTATS execs=673750 blocked=5050590 timeline_impossible=0 pruned=0 | baseline  S=2 R=1 readings=danger property=both timers=self cut=on  L=3 U=3 sd=0 P=6 C=15 Ds=5 Dr=5 OBST=1  execs=673750 blocked=5050590 impossible=0      checks_ok=3896640 late_reports=10383120 sensor_failures=1493360 missions=2694720 acked=33600 rescues=2661120 reached=1330560 dead=1330560 time=636.379277238s,636.4,630.8,2,1,none,700.0,32.0,2026-09-30 13:44:27,2026-09-30 13:55:04,174,/local/sramezani/v8logs/sensor-016.log,--mode baseline --keep-going --u 3 --period-ratio 2 --check-ratio 5 --ack-deadline-ratio 1.6666667 --rescue-deadline-ratio 1.6666667 --obstacle-ratio 0.3333333
legacy-008,legacy,three_pc_timed,N=2 R=2 U=20 W/U=3 sd/U=0.25,baseline,headline,1,hold; execs=2229108 blocked=2229109 (measured 580 s),finished,0,2229108,2229109,0,0,,"4400000 explored (2200000 execs, 2200000 blocked)",TFSTATS execs=2229108 blocked=2229109 timeline_impossible=0 pruned=0 | baseline   N=2 R=2  L=0 U=20 W=60 (W/U=3) sd=5  execs=2229108 blocked=2229109 commit=128952 abort=8592408 pcommit=115952 time=645.354515882s,645.4,645.3,4,1,none,700.0,32.0,2026-09-30 13:44:27,2026-09-30 13:55:13,251,/local/sramezani/v8logs/legacy-008.log,--mode baseline --participants 2 --rounds 2 --u 20 --w-ratio 3 --sd-ratio 0.25
sensor-014,sensor,sensor_network_timed,"death law boundary, absolute P=6 C=15 Ds=Dr=5 OBST=1, L=U=2 (hold side: Ds > 2U)",baseline,boundary,1,"exit 0 SPURIOUS, same program as the P=6 baseline (verified at U=3 by rev check): execs=673750 blocked=5050590 sf=1493360 dead=1330560",finished,0,673750,5050590,0,0,,"5700000 explored (673750 execs, 5026250 blocked)",TFSTATS execs=673750 blocked=5050590 timeline_impossible=0 pruned=0 | baseline  S=2 R=1 readings=danger property=both timers=self cut=on  L=2 U=2 sd=0 P=6 C=15 Ds=5 Dr=5 OBST=1  execs=673750 blocked=5050590 impossible=0      checks_ok=3896640 late_reports=10383120 sensor_failures=1493360 missions=2694720 acked=33600 rescues=2661120 reached=1330560 dead=1330560 time=646.001793556s,646.0,639.7,2,1,none,700.0,32.0,2026-09-30 13:44:27,2026-09-30 13:55:14,173,/local/sramezani/v8logs/sensor-014.log,--mode baseline --keep-going --u 2 --period-ratio 3 --check-ratio 7.5 --ack-deadline-ratio 2.5 --rescue-deadline-ratio 2.5 --obstacle-ratio 0.5
sensor-006,sensor,sensor_network_timed,"published model, P=6 (4 readings/sensor), S=2 R=1 danger, both properties, kg",baseline,headline,1,"exit 0 SPURIOUS: sf=1493360 dead=1330560 execs=673750 blocked=5050590 (609 s, 482 s)",finished,0,673750,5050590,0,0,,"5700000 explored (673750 execs, 5026250 blocked)",TFSTATS execs=673750 blocked=5050590 timeline_impossible=0 pruned=0 | baseline  S=2 R=1 readings=danger property=both timers=self cut=on  L=1 U=1 sd=0 P=6 C=15 Ds=5 Dr=5 OBST=1  execs=673750 blocked=5050590 impossible=0      checks_ok=3896640 late_reports=10383120 sensor_failures=1493360 missions=2694720 acked=33600 rescues=2661120 reached=1330560 dead=1330560 time=647.645188505s,647.6,641.2,2,1,none,700.0,32.0,2026-09-30 13:44:27,2026-09-30 13:55:15,172,/local/sramezani/v8logs/sensor-006.log,--mode baseline --period-ratio 6 --keep-going
sensor-025,sensor,sensor_network_timed,"T3 row1 Listing 6 verbatim R=1, no keep-going",timed,boundary,1,"exit 101 certified FIRE (163 s, 193 s; seed dependent)",finished (assertion failed: FIRE),101,,,,,,,thread 'main' (2368672) panicked at traceforge/src/must.rs:1728:13:,5.9,5.9,2,1,none,260.0,32.0,2026-09-30 13:55:15,2026-09-30 13:55:21,172,/local/sramezani/v8logs/sensor-025.log,--mode timed --table3-row 1
legacy-001,legacy,comm_closed_leader_election,N=3 B=1 regime D (l=u=20 sd=0 w=200) shared x4,timed,headline,1,hold; execs=2767665 blocked=21991 elected=176880 (measured 149 s),finished,0,2767665,21991,0,169863,,"700000 explored (700000 execs, 0 blocked)",TFSTATS execs=2767665 blocked=21991 timeline_impossible=0 pruned=169863 | timed      nodes=3 ballots=1 w=200 l=20 u=20 sd=0  execs=2767665 blocked=21991 elected=176880 time=154.316504165s,154.3,609.0,8,4,shared,180.0,32.0,2026-09-30 13:53:01,2026-09-30 13:55:36,"252,253,254,255",/local/sramezani/v8logs/legacy-001.log,--mode timed --nodes 3 --ballots 1 --u 20 --w 200 --l 20 --sd 0 --parallel shared
legacy-007,legacy,three_pc_timed,N=2 R=2 U=20 W/U=3 sd/U=0.25,timed,headline,1,hold (atomicity monitor ok); execs=39702 blocked=39703 (measured 26.1 s),finished,0,39702,39703,0,3077,,,TFSTATS execs=39702 blocked=39703 timeline_impossible=0 pruned=3077 | timed      N=2 R=2  L=0 U=20 W=60 (W/U=3) sd=5  execs=39702  blocked=39703  commit=16668  abort=137787 pcommit=21004  time=30.86721068s,30.9,30.9,2,1,none,35.0,32.0,2026-09-30 13:55:13,2026-09-30 13:55:44,251,/local/sramezani/v8logs/legacy-007.log,--mode timed --participants 2 --rounds 2 --u 20 --w-ratio 3 --sd-ratio 0.25
sensor-008,sensor,sensor_network_timed,"published timers P=10 C=15, sensor property, S=2 R=3 kg",baseline,headline,1,exit 0 SPURIOUS: sf=3363360 execs=420420 blocked=5974522 (479 s),finished,0,420420,5974522,0,0,,"6300000 explored (420420 execs, 5879580 blocked)",TFSTATS execs=420420 blocked=5974522 timeline_impossible=0 pruned=0 | baseline  S=2 R=3 readings=safe property=sensor timers=self cut=on  L=1 U=1 sd=0 P=10 C=15 Ds=5 Dr=5 OBST=1  execs=420420 blocked=5974522 impossible=0      checks_ok=6726720 late_reports=6646640 sensor_failures=3363360 missions=0 acked=0 rescues=0 reached=0 dead=0 time=685.345321734s,685.3,682.3,2,1,none,560.0,32.0,2026-09-30 13:44:27,2026-09-30 13:55:53,175,/local/sramezani/v8logs/sensor-008.log,--mode baseline --readings safe --property sensor --rounds 3 --keep-going
legacy-015,legacy,two_pc_timed,N=6 delta=5,timed,headline,1,hold; execs=64 (=2^N) blocked=79722 (measured 19.1 s),finished,0,64,79722,0,9480,,,TFSTATS execs=64 blocked=79722 timeline_impossible=0 pruned=9480 | timed      participants=6  execs=64       blocked=79722  commit=64     abort=4032   time=23.835659443s,23.8,23.8,2,1,none,25.0,32.0,2026-09-30 13:55:36,2026-09-30 13:56:00,252,/local/sramezani/v8logs/legacy-015.log,--mode timed --participants 6 --delta 5
legacy-012,legacy,three_pc_timed,N=3 R=1 U=20 W/U=3 sd/U=0.25,baseline,ladder,2,hold; execs=114082 blocked=114083 (measured 13.5 s),finished,0,114082,114083,0,0,,"200000 explored (100000 execs, 100000 blocked)",TFSTATS execs=114082 blocked=114083 timeline_impossible=0 pruned=0 | baseline   N=3 R=1  L=0 U=20 W=60 (W/U=3) sd=5  execs=114082 blocked=114083 commit=11664  abort=196340 pcommit=11664  time=17.58130187s,17.6,17.6,2,1,none,17.0,32.0,2026-09-30 13:55:44,2026-09-30 13:56:02,251,/local/sramezani/v8logs/legacy-012.log,--mode baseline --participants 3 --rounds 1 --u 20 --w-ratio 3 --sd-ratio 0.25
sensor-020,sensor,sensor_network_timed,"sensor law boundary, absolute P=10 C=15 R=3 L=0 U=4 (hold side)",baseline,boundary,1,"exit 0 SPURIOUS, same program as the R=3 sensor baseline (verified at U=5 by rev check): execs=420420 blocked=5974522 sf=3363360",finished,0,420420,5974522,0,0,,"6300000 explored (420420 execs, 5879580 blocked)",TFSTATS execs=420420 blocked=5974522 timeline_impossible=0 pruned=0 | baseline  S=2 R=3 readings=safe property=sensor timers=self cut=on  L=0 U=4 sd=0 P=10 C=15 Ds=20 Dr=20 OBST=4  execs=420420 blocked=5974522 impossible=0      checks_ok=6726720 late_reports=7847840 sensor_failures=3363360 missions=0 acked=0 rescues=0 reached=0 dead=0 time=701.227854672s,701.2,696.2,2,1,none,560.0,32.0,2026-09-30 13:44:27,2026-09-30 13:56:09,176,/local/sramezani/v8logs/sensor-020.log,--mode baseline --readings safe --property sensor --rounds 3 --keep-going --l-ratio 0 --u 4 --period-ratio 2.5 --check-ratio 3.75
legacy-019,legacy,raft_leader_election,"N=3 delta=2 (rounds is a no-op; reference only, below 10 s)",timed,ladder,2,hold (Election Safety); execs=2712 blocked=38503 (measured 7.6 s),finished,0,2712,25304,0,567,,,TFSTATS execs=2712 blocked=25304 timeline_impossible=0 pruned=567 | timed      nodes=3 R=1  execs=2712     blocked=25304  time=7.721402131s,7.7,7.7,2,1,none,10.0,32.0,2026-09-30 13:56:02,2026-09-30 13:56:10,251,/local/sramezani/v8logs/legacy-019.log,--mode timed --nodes 3 --rounds 1 --delta 2
legacy-020,legacy,raft_leader_election,"N=3 delta=2 (rounds is a no-op; reference only, below 10 s)",baseline,ladder,2,hold (Election Safety); execs=2232 blocked=10364 (measured 0.59 s),finished,0,2232,10364,0,0,,,TFSTATS execs=2232 blocked=10364 timeline_impossible=0 pruned=0 | baseline   nodes=3 R=1  execs=2232     blocked=10364  time=790.943482ms,0.8,0.8,2,1,none,2.0,32.0,2026-09-30 13:56:10,2026-09-30 13:56:11,251,/local/sramezani/v8logs/legacy-020.log,--mode baseline --nodes 3 --rounds 1 --delta 2
sensor-022,sensor,sensor_network_timed,"sensor law boundary, same absolute timers, L=0 U=5 (FIRE side)",baseline,boundary,1,"exit 0, same program as the R=3 sensor baseline (verified by rev_sensor_sensU5_b_p15): execs=420420 blocked=5974522 sf=3363360",finished,0,420420,5974522,0,0,,"6300000 explored (420420 execs, 5879580 blocked)",TFSTATS execs=420420 blocked=5974522 timeline_impossible=0 pruned=0 | baseline  S=2 R=3 readings=safe property=sensor timers=self cut=on  L=0 U=5 sd=0 P=10 C=15 Ds=25 Dr=25 OBST=5  execs=420420 blocked=5974522 impossible=0      checks_ok=6726720 late_reports=7847840 sensor_failures=3363360 missions=0 acked=0 rescues=0 reached=0 dead=0 time=704.562568049s,704.6,700.2,2,1,none,560.0,32.0,2026-09-30 13:44:27,2026-09-30 13:56:12,177,/local/sramezani/v8logs/sensor-022.log,--mode baseline --readings safe --property sensor --rounds 3 --keep-going --l-ratio 0 --u 5 --period-ratio 2 --check-ratio 3
legacy-011,legacy,three_pc_timed,N=3 R=1 U=20 W/U=3 sd/U=0.25,timed,ladder,2,hold; execs=23592 blocked=23593 (measured 12.6 s),finished,0,23592,23593,0,1533,,,TFSTATS execs=23592 blocked=23593 timeline_impossible=0 pruned=1533 | timed      N=3 R=1  L=0 U=20 W=60 (W/U=3) sd=5  execs=23592  blocked=23593  commit=8712   abort=33960  pcommit=9576   time=16.790739621s,16.8,16.8,2,1,none,16.0,32.0,2026-09-30 13:56:00,2026-09-30 13:56:17,252,/local/sramezani/v8logs/legacy-011.log,--mode timed --participants 3 --rounds 1 --u 20 --w-ratio 3 --sd-ratio 0.25
swim-012,swim,swim_timed,L0 N=7 R=1 Ws=6,baseline,headline,1,"FIRE: violations>0 (false positives), exit 0 (keep-going)",finished,0,3126,4139584,0,0,2355399,"4100000 explored (3126 execs, 4096874 blocked)",TFSTATS execs=3126 blocked=4139584 timeline_impossible=0 pruned=0 | baseline   N=7 R=1  L=0 U=2 Wp=2 Ws=6 sd=1  execs=3126   blocked=4139584 acks=2048   suspects=3898258 refuted=6075486 dead=2355399 violations=2355399 time=837.887486491s,837.9,812.9,2,1,none,628.0,32.0,2026-09-30 13:44:27,2026-09-30 13:58:25,105,/local/sramezani/v8logs/swim-012.log,--mode baseline --nodes 7 --rounds 1 --u 2 --sd-ratio 0.5 --w-probe-ratio 1 --l-ratio 0 --w-suspect-ratio 3.0 --keep-going
sensor-033,sensor,sensor_network_timed,T3 row3-5 R=2 exact: timed random-relevant kg vs baseline random (args differ in --readings),timed,boundary,1,exit 0 FIRE counted: dead=1280 execs=432 blocked=320390 (147 s),finished,0,432,320390,0,32136,,"300000 explored (432 execs, 299568 blocked)",TFSTATS execs=432 blocked=320390 timeline_impossible=0 pruned=32136 | timed     S=2 R=2 readings=random-relevant property=rescue timers=separate cut=on  L=2 U=2 sd=0 P=1 C=1 Ds=4 Dr=5 OBST=1  execs=432    blocked=320390 impossible=0      checks_ok=9216 late_reports=4608 sensor_failures=18432 missions=5120 acked=1280 rescues=3840 reached=2560 dead=1280 time=205.561435278s,205.6,205.5,2,1,none,175.0,32.0,2026-09-30 13:55:21,2026-09-30 13:58:47,172,/local/sramezani/v8logs/sensor-033.log,--mode timed --table3-row 3-5 --rounds 2 --readings random-relevant --keep-going
sensor-019,sensor,sensor_network_timed,"sensor law boundary, absolute P=10 C=15 R=3 L=0 U=4 (hold side)",timed,boundary,1,exit 0 HOLD: execs=192 blocked=624055 sf=0 (133 s),finished,0,192,624055,0,11319,,"600000 explored (192 execs, 599808 blocked)",TFSTATS execs=192 blocked=624055 timeline_impossible=0 pruned=11319 | timed     S=2 R=3 readings=safe property=sensor timers=self cut=on  L=0 U=4 sd=0 P=10 C=15 Ds=20 Dr=20 OBST=4  execs=192    blocked=624055 impossible=0      checks_ok=4608 late_reports=768 sensor_failures=0 missions=0 acked=0 rescues=0 reached=0 dead=0 time=210.720890861s,210.7,210.7,2,1,none,160.0,32.0,2026-09-30 13:55:53,2026-09-30 13:59:24,175,/local/sramezani/v8logs/sensor-019.log,--mode timed --readings safe --property sensor --rounds 3 --keep-going --l-ratio 0 --u 4 --period-ratio 2.5 --check-ratio 3.75
sensor-035,sensor,sensor_network_timed,T3 row3-6 R=2 exact: timed random-relevant kg vs baseline random (args differ in --readings),timed,boundary,1,exit 0 HOLD (bounded R=2): dead=0 execs=352 blocked=319270 (130 s),finished,0,352,319270,0,32136,,"300000 explored (352 execs, 299648 blocked)",TFSTATS execs=352 blocked=319270 timeline_impossible=0 pruned=32136 | timed     S=2 R=2 readings=random-relevant property=rescue timers=separate cut=on  L=2 U=2 sd=0 P=1 C=1 Ds=4 Dr=6 OBST=1  execs=352    blocked=319270 impossible=0      checks_ok=7168 late_reports=4096 sensor_failures=15360 missions=3840 acked=1280 rescues=2560 reached=2560 dead=0 time=200.365297253s,200.4,200.4,2,1,none,155.0,32.0,2026-09-30 13:56:09,2026-09-30 13:59:30,176,/local/sramezani/v8logs/sensor-035.log,--mode timed --table3-row 3-6 --rounds 2 --readings random-relevant --keep-going
sensor-037,sensor,sensor_network_timed,T3 row3-7 R=2 exact: timed random-relevant kg vs baseline random (args differ in --readings),timed,boundary,1,exit 0 HOLD (bounded R=2): dead=0 execs=352 blocked=319270 (127 s),finished,0,352,319270,0,32136,,"300000 explored (352 execs, 299648 blocked)",TFSTATS execs=352 blocked=319270 timeline_impossible=0 pruned=32136 | timed     S=2 R=2 readings=random-relevant property=rescue timers=separate cut=on  L=2 U=2 sd=0 P=1 C=1 Ds=4 Dr=7 OBST=1  execs=352    blocked=319270 impossible=0      checks_ok=7168 late_reports=4096 sensor_failures=15360 missions=3840 acked=1280 rescues=2560 reached=2560 dead=0 time=200.862527322s,200.9,200.8,2,1,none,155.0,32.0,2026-09-30 13:56:12,2026-09-30 13:59:33,177,/local/sramezani/v8logs/sensor-037.log,--mode timed --table3-row 3-7 --rounds 2 --readings random-relevant --keep-going
swim-052,swim,swim_timed,L1 N=5 R=2 Ws=6,timed,ladder,2,"hold: violations=0, exit 0",finished,0,784,721920,0,6146,0,"700000 explored (784 execs, 699216 blocked)",TFSTATS execs=784 blocked=721920 timeline_impossible=0 pruned=6146 | timed      N=5 R=2  L=1 U=2 Wp=2 Ws=6 sd=1  execs=784    blocked=721920 acks=19506  suspects=1285022 refuted=1711628 dead=0      violations=0      time=837.342332223s,837.3,837.3,2,1,none,678.0,32.0,2026-09-30 13:45:43,2026-09-30 13:59:41,115,/local/sramezani/v8logs/swim-052.log,--mode timed --nodes 5 --rounds 2 --u 2 --sd-ratio 0.5 --w-probe-ratio 1 --l-ratio 0.5 --w-suspect-ratio 3.0 --keep-going
sensor-011,sensor,sensor_network_timed,"T3 row2 Listing 6 verbatim (random readings), S=2 R=1 kg, p8",timed,headline,1,exit 0 HOLD (paper: success): execs=2560 blocked=4995904 dead=0 (229 s p8),finished,0,2560,4995904,0,254882,,,TFSTATS execs=2560 blocked=4995904 timeline_impossible=0 pruned=254882 | timed     S=2 R=1 readings=random property=rescue timers=separate cut=on  L=1 U=1 sd=0 P=2/3 C=4 Ds=2 Dr=4 OBST=1  execs=2560   blocked=4995904 impossible=0      checks_ok=81920 late_reports=20480 sensor_failures=0 missions=36864 acked=12288 rescues=24576 reached=24576 dead=0 time=342.178024239s,342.2,2198.8,8,8,partitioned,270.0,32.0,2026-09-30 13:55:14,2026-09-30 14:00:57,"173,174,178,179,180,181,182,183",/local/sramezani/v8logs/sensor-011.log,--mode timed --table3-row 2 --keep-going --parallel partitioned
sensor-027,sensor,sensor_network_timed,"T3 row3 Dr=5 Listing 6 verbatim R=2, no keep-going",timed,boundary,1,"exit 101 certified FIRE (60.7 s, 48.6 s)",finished (assertion failed: FIRE),101,,,,,,"200000 explored (2048 execs, 197952 blocked)",thread 'main' (2369641) panicked at traceforge/src/must.rs:1728:13:,95.3,95.3,2,1,none,90.0,32.0,2026-09-30 13:59:30,2026-09-30 14:01:07,176,/local/sramezani/v8logs/sensor-027.log,--mode timed --table3-row 3-5 --rounds 2
sensor-029,sensor,sensor_network_timed,T3 row1 R=1 exact: timed random-relevant kg vs baseline random (args differ in --readings),timed,boundary,1,exit 0 FIRE counted: dead=768 execs=208 blocked=247772 (88 s),finished,0,208,247772,0,13652,,"200000 explored (162 execs, 199838 blocked)",TFSTATS execs=208 blocked=247772 timeline_impossible=0 pruned=13652 | timed     S=2 R=1 readings=random-relevant property=rescue timers=separate cut=on  L=1 U=1 sd=0 P=2/3 C=4 Ds=2 Dr=3 OBST=1  execs=208    blocked=247772 impossible=0      checks_ok=6656 late_reports=1664 sensor_failures=0 missions=3072 acked=768 rescues=2304 reached=1536 dead=768 time=124.853003485s,124.8,124.8,2,1,none,110.0,32.0,2026-09-30 13:59:24,2026-09-30 14:01:30,175,/local/sramezani/v8logs/sensor-029.log,--mode timed --table3-row 1 --rounds 1 --readings random-relevant --keep-going
sensor-028,sensor,sensor_network_timed,"T3 row3 Dr=5 Listing 6 verbatim R=2, no keep-going",baseline,boundary,1,exit 101 FIRE (33.5 s),finished (assertion failed: FIRE),101,,,,,,"200000 explored (7408 execs, 192592 blocked)",thread 'main' (2369939) panicked at traceforge/src/lib.rs:2423:21:,33.6,33.6,2,1,none,50.0,32.0,2026-09-30 14:00:57,2026-09-30 14:01:31,174,/local/sramezani/v8logs/sensor-028.log,--mode baseline --table3-row 3-5 --rounds 2
sensor-034,sensor,sensor_network_timed,T3 row3-5 R=2 exact: timed random-relevant kg vs baseline random (args differ in --readings),baseline,boundary,1,exit 101 FIRE (33.5 s),finished (assertion failed: FIRE),101,,,,,,"200000 explored (7408 execs, 192592 blocked)",thread 'main' (2369944) panicked at traceforge/src/lib.rs:2423:21:,33.7,33.7,2,1,none,50.0,32.0,2026-09-30 14:00:57,2026-09-30 14:01:31,178,/local/sramezani/v8logs/sensor-034.log,--mode baseline --table3-row 3-5 --rounds 2
sensor-038,sensor,sensor_network_timed,T3 row3-7 R=2 exact: timed random-relevant kg vs baseline random (args differ in --readings),baseline,boundary,1,exit 101 SPURIOUS FIRE (same program as 3-5),finished (assertion failed: FIRE),101,,,,,,"300000 explored (10912 execs, 289088 blocked)",thread 'main' (2369953) panicked at traceforge/src/lib.rs:2423:21:,34.3,34.3,2,1,none,50.0,32.0,2026-09-30 14:00:57,2026-09-30 14:01:32,180,/local/sramezani/v8logs/sensor-038.log,--mode baseline --table3-row 3-7 --rounds 2
sensor-031,sensor,sensor_network_timed,T3 row2 R=1 exact: timed random-relevant kg vs baseline random (args differ in --readings),timed,boundary,1,exit 0 HOLD: dead=0 execs=160 blocked=247100 (64 s),finished,0,160,247100,0,13652,,"200000 explored (124 execs, 199876 blocked)",TFSTATS execs=160 blocked=247100 timeline_impossible=0 pruned=13652 | timed     S=2 R=1 readings=random-relevant property=rescue timers=separate cut=on  L=1 U=1 sd=0 P=2/3 C=4 Ds=2 Dr=4 OBST=1  execs=160    blocked=247100 impossible=0      checks_ok=5120 late_reports=1280 sensor_failures=0 missions=2304 acked=768 rescues=1536 reached=1536 dead=0 time=122.780909674s,122.8,122.8,2,1,none,80.0,32.0,2026-09-30 13:59:33,2026-09-30 14:01:37,177,/local/sramezani/v8logs/sensor-031.log,--mode timed --table3-row 2 --rounds 1 --readings random-relevant --keep-going
sensor-036,sensor,sensor_network_timed,T3 row3-6 R=2 exact: timed random-relevant kg vs baseline random (args differ in --readings),baseline,boundary,1,exit 101 SPURIOUS FIRE (same program as 3-5),finished (assertion failed: FIRE),101,,,,,,"300000 explored (10912 execs, 289088 blocked)",thread 'main' (2369949) panicked at traceforge/src/lib.rs:2423:21:,43.0,43.0,2,1,none,50.0,32.0,2026-09-30 14:00:57,2026-09-30 14:01:40,179,/local/sramezani/v8logs/sensor-036.log,--mode baseline --table3-row 3-6 --rounds 2
sensor-015,sensor,sensor_network_timed,"death law boundary, same absolute timers, L=U=3 (FIRE side: Ds <= 2U, Dr <= 2U+OBST)",timed,boundary,1,exit 0 genuine FIRE counted: execs=288 blocked=118737 dead=1152 (44.3 s),finished,0,288,118737,0,5967,,"100000 explored (288 execs, 99712 blocked)",TFSTATS execs=288 blocked=118737 timeline_impossible=0 pruned=5967 | timed     S=2 R=1 readings=danger property=both timers=self cut=on  L=3 U=3 sd=0 P=6 C=15 Ds=5 Dr=5 OBST=1  execs=288    blocked=118737 impossible=0      checks_ok=2304 late_reports=1152 sensor_failures=0 missions=1152 acked=0 rescues=1152 reached=0 dead=1152 time=54.192659064s,54.2,54.2,2,1,none,55.0,32.0,2026-09-30 14:00:57,2026-09-30 14:01:52,173,/local/sramezani/v8logs/sensor-015.log,--mode timed --keep-going --u 3 --period-ratio 2 --check-ratio 5 --ack-deadline-ratio 1.6666667 --rescue-deadline-ratio 1.6666667 --obstacle-ratio 0.3333333
sensor-007,sensor,sensor_network_timed,"published timers P=10 C=15, sensor property, S=2 R=3 kg",timed,headline,1,"exit 0 HOLD: execs=64 blocked=527845 sf=0 (106 s, 121 s)",finished,0,64,527845,0,11272,,"500000 explored (64 execs, 499936 blocked)",TFSTATS execs=64 blocked=527845 timeline_impossible=0 pruned=11272 | timed     S=2 R=3 readings=safe property=sensor timers=self cut=on  L=1 U=1 sd=0 P=10 C=15 Ds=5 Dr=5 OBST=1  execs=64     blocked=527845 impossible=0      checks_ok=1536 late_reports=0 sensor_failures=0 missions=0 acked=0 rescues=0 reached=0 dead=0 time=189.504453663s,189.5,189.5,2,1,none,140.0,32.0,2026-09-30 13:58:47,2026-09-30 14:01:58,172,/local/sramezani/v8logs/sensor-007.log,--mode timed --readings safe --property sensor --rounds 3 --keep-going
sensor-023,sensor,sensor_network_timed,"sensor law boundary FIRE side, no keep-going (certification)",timed,boundary,1,exit 101 certified witness timeline (18.7 s),finished (assertion failed: FIRE),101,,,,,,,thread 'main' (2370186) panicked at traceforge/src/must.rs:1728:13:,18.9,18.9,2,1,none,25.0,32.0,2026-09-30 14:01:40,2026-09-30 14:01:59,179,/local/sramezani/v8logs/sensor-023.log,--mode timed --readings safe --property sensor --rounds 3 --l-ratio 0 --u 5 --period-ratio 2 --check-ratio 3
sensor-026,sensor,sensor_network_timed,"T3 row1 Listing 6 verbatim R=1, no keep-going",baseline,boundary,1,exit 101 FIRE (7.9 s),finished (assertion failed: FIRE),101,,,,,,,thread 'main' (2370201) panicked at traceforge/src/lib.rs:2423:21:,9.6,9.6,2,1,none,20.0,32.0,2026-09-30 14:01:59,2026-09-30 14:02:09,179,/local/sramezani/v8logs/sensor-026.log,--mode baseline --table3-row 1
sensor-009,sensor,sensor_network_timed,"published model, P=5 (5 readings/sensor), S=2 R=1 danger, both properties, kg, p8",timed,headline,1,"exit 0 HOLD: execs=32 blocked=321329 (32.7 s p8, 32.5 s p4, 84 s seq; 22.6 s p8 idle)",finished,0,32,321329,0,12546,,,TFSTATS execs=32 blocked=321329 timeline_impossible=0 pruned=12546 | timed     S=2 R=1 readings=danger property=both timers=self cut=on  L=1 U=1 sd=0 P=5 C=15 Ds=5 Dr=5 OBST=1  execs=32     blocked=321329 impossible=0      checks_ok=256 late_reports=0 sensor_failures=0 missions=128 acked=128 rescues=0 reached=0 dead=0 time=38.127532851s,38.1,148.6,2,8,partitioned,45.0,32.0,2026-09-30 14:01:32,2026-09-30 14:02:11,"174,175,176,178,180,181,182,183",/local/sramezani/v8logs/sensor-009.log,--mode timed --period-ratio 5 --keep-going --parallel partitioned
sensor-013,sensor,sensor_network_timed,"death law boundary, absolute P=6 C=15 Ds=Dr=5 OBST=1, L=U=2 (hold side: Ds > 2U)",timed,boundary,1,exit 0 HOLD: execs=48 blocked=75433 dead=0 (23.5 s),finished,0,48,75433,0,4152,,,TFSTATS execs=48 blocked=75433 timeline_impossible=0 pruned=4152 | timed     S=2 R=1 readings=danger property=both timers=self cut=on  L=2 U=2 sd=0 P=6 C=15 Ds=5 Dr=5 OBST=1  execs=48     blocked=75433  impossible=0      checks_ok=384 late_reports=0 sensor_failures=0 missions=192 acked=192 rescues=0 reached=0 dead=0 time=34.389238061s,34.4,34.4,2,1,none,30.0,32.0,2026-09-30 14:01:37,2026-09-30 14:02:12,177,/local/sramezani/v8logs/sensor-013.log,--mode timed --keep-going --u 2 --period-ratio 3 --check-ratio 7.5 --ack-deadline-ratio 2.5 --rescue-deadline-ratio 2.5 --obstacle-ratio 0.5
sensor-018,sensor,sensor_network_timed,"death law boundary FIRE side, no keep-going (certification)",baseline,boundary,1,exit 101 (instant),finished (assertion failed: FIRE),101,,,,,,,thread 'main' (2370417) panicked at traceforge/src/lib.rs:2423:21:,0.0,0.0,2,1,none,10.0,32.0,2026-09-30 14:02:11,2026-09-30 14:02:12,178,/local/sramezani/v8logs/sensor-018.log,--mode baseline --u 3 --period-ratio 2 --check-ratio 5 --ack-deadline-ratio 1.6666667 --rescue-deadline-ratio 1.6666667 --obstacle-ratio 0.3333333
sensor-024,sensor,sensor_network_timed,"sensor law boundary FIRE side, no keep-going (certification)",baseline,boundary,1,exit 101 (instant),finished (assertion failed: FIRE),101,,,,,,,thread 'main' (2370422) panicked at traceforge/src/lib.rs:2423:21:,0.0,0.0,2,1,none,10.0,32.0,2026-09-30 14:02:11,2026-09-30 14:02:12,180,/local/sramezani/v8logs/sensor-024.log,--mode baseline --readings safe --property sensor --rounds 3 --l-ratio 0 --u 5 --period-ratio 2 --check-ratio 3
sensor-039,sensor,sensor_network_timed,"T3 row3-6 R=4 FIRE via the header's reduced model (1 sensor, sound for FIRE), no keep-going",timed,boundary,1,exit 101 certified FIRE (0.5-0.6 s),finished (assertion failed: FIRE),101,,,,,,,thread 'main' (2370427) panicked at traceforge/src/must.rs:1728:13:,0.8,0.8,2,1,none,10.0,32.0,2026-09-30 14:02:11,2026-09-30 14:02:12,181,/local/sramezani/v8logs/sensor-039.log,--mode timed --table3-row 3-6 --rounds 4 --sensors 1 --sensor0-period-ratio 50 --readings danger
sensor-040,sensor,sensor_network_timed,"T3 row3-6 R=4 FIRE via the header's reduced model (1 sensor, sound for FIRE), no keep-going",baseline,boundary,1,exit 101 FIRE (instant),finished (assertion failed: FIRE),101,,,,,,,thread 'main' (2370432) panicked at traceforge/src/lib.rs:2423:21:,0.0,0.0,2,1,none,10.0,32.0,2026-09-30 14:02:11,2026-09-30 14:02:12,182,/local/sramezani/v8logs/sensor-040.log,--mode baseline --table3-row 3-6 --rounds 4 --sensors 1 --sensor0-period-ratio 50 --readings danger
sensor-041,sensor,sensor_network_timed,"T3 row3-7 R=4 FIRE via the header's reduced model (1 sensor, sound for FIRE), no keep-going",timed,boundary,1,exit 101 certified FIRE (0.5-0.6 s),finished (assertion failed: FIRE),101,,,,,,,thread 'main' (2370436) panicked at traceforge/src/must.rs:1728:13:,0.8,0.8,2,1,none,10.0,32.0,2026-09-30 14:02:11,2026-09-30 14:02:12,183,/local/sramezani/v8logs/sensor-041.log,--mode timed --table3-row 3-7 --rounds 4 --sensors 1 --sensor0-period-ratio 50 --readings danger
sensor-042,sensor,sensor_network_timed,"T3 row3-7 R=4 FIRE via the header's reduced model (1 sensor, sound for FIRE), no keep-going",baseline,boundary,1,exit 101 FIRE (instant),finished (assertion failed: FIRE),101,,,,,,,thread 'main' (2370443) panicked at traceforge/src/lib.rs:2423:21:,0.0,0.0,2,1,none,10.0,32.0,2026-09-30 14:02:12,2026-09-30 14:02:13,177,/local/sramezani/v8logs/sensor-042.log,--mode baseline --table3-row 3-7 --rounds 4 --sensors 1 --sensor0-period-ratio 50 --readings danger
sensor-030,sensor,sensor_network_timed,T3 row1 R=1 exact: timed random-relevant kg vs baseline random (args differ in --readings),baseline,boundary,1,exit 101 FIRE (7.9 s),finished (assertion failed: FIRE),101,,,,,,,thread 'main' (2370253) panicked at traceforge/src/lib.rs:2423:21:,7.7,7.7,2,1,none,20.0,32.0,2026-09-30 14:02:09,2026-09-30 14:02:17,179,/local/sramezani/v8logs/sensor-030.log,--mode baseline --table3-row 1 --rounds 1
sensor-032,sensor,sensor_network_timed,T3 row2 R=1 exact: timed random-relevant kg vs baseline random (args differ in --readings),baseline,boundary,1,exit 101 SPURIOUS FIRE (4.8 s),finished (assertion failed: FIRE),101,,,,,,,thread 'main' (2370402) panicked at traceforge/src/lib.rs:2423:21:,7.6,7.6,2,1,none,20.0,32.0,2026-09-30 14:02:11,2026-09-30 14:02:19,174,/local/sramezani/v8logs/sensor-032.log,--mode baseline --table3-row 2 --rounds 1
sensor-001,sensor,sensor_network_timed,"T3 row2 (Dr=4, paper success) danger S=2 R=1 kg",timed,headline,1,"exit 0 HOLD: execs=24 blocked=61659 impossible=0 dead=0 (15.9 s, 16.3 s)",finished,0,24,61659,0,3645,,,TFSTATS execs=24 blocked=61659 timeline_impossible=0 pruned=3645 | timed     S=2 R=1 readings=danger property=rescue timers=separate cut=on  L=1 U=1 sd=0 P=2/3 C=4 Ds=2 Dr=4 OBST=1  execs=24     blocked=61659  impossible=0      checks_ok=768 late_reports=192 sensor_failures=0 missions=384 acked=128 rescues=256 reached=256 dead=0 time=29.853147497s,29.9,29.9,2,1,none,20.0,32.0,2026-09-30 14:01:52,2026-09-30 14:02:22,173,/local/sramezani/v8logs/sensor-001.log,--mode timed --table3-row 2 --readings danger --keep-going
sensor-017,sensor,sensor_network_timed,"death law boundary FIRE side, no keep-going (certification)",timed,boundary,1,exit 101 certified witness timeline (9.8 s),finished (assertion failed: FIRE),101,,,,,,,thread 'main' (2370412) panicked at traceforge/src/must.rs:1728:13:,11.4,11.4,2,1,none,15.0,32.0,2026-09-30 14:02:11,2026-09-30 14:02:23,176,/local/sramezani/v8logs/sensor-017.log,--mode timed --u 3 --period-ratio 2 --check-ratio 5 --ack-deadline-ratio 1.6666667 --rescue-deadline-ratio 1.6666667 --obstacle-ratio 0.3333333
sensor-003,sensor,sensor_network_timed,"T3 row1 (Dr=3, paper failed) danger S=2 R=1 kg (boundary vs row 2)",timed,boundary,1,exit 0 genuine FIRE counted: dead=128 execs=32 blocked=61771 (16.0 s),finished,0,32,61771,0,3645,,,TFSTATS execs=32 blocked=61771 timeline_impossible=0 pruned=3645 | timed     S=2 R=1 readings=danger property=rescue timers=separate cut=on  L=1 U=1 sd=0 P=2/3 C=4 Ds=2 Dr=3 OBST=1  execs=32     blocked=61771  impossible=0      checks_ok=1024 late_reports=256 sensor_failures=0 missions=512 acked=128 rescues=384 reached=256 dead=128 time=29.816676018s,29.8,29.8,2,1,none,20.0,32.0,2026-09-30 14:01:58,2026-09-30 14:02:28,172,/local/sramezani/v8logs/sensor-003.log,--mode timed --table3-row 1 --readings danger --keep-going
sensor-005,sensor,sensor_network_timed,"published model, P=6 (4 readings/sensor), S=2 R=1 danger, both properties, kg",timed,headline,1,exit 0 HOLD: execs=16 blocked=49913 sf=0 dead=0 (13.9 s),finished,0,16,49913,0,656,,,TFSTATS execs=16 blocked=49913 timeline_impossible=0 pruned=656 | timed     S=2 R=1 readings=danger property=both timers=self cut=on  L=1 U=1 sd=0 P=6 C=15 Ds=5 Dr=5 OBST=1  execs=16     blocked=49913  impossible=0      checks_ok=128 late_reports=0 sensor_failures=0 missions=64 acked=64 rescues=0 reached=0 dead=0 time=24.8627718s,24.9,24.9,2,1,none,18.0,32.0,2026-09-30 14:02:11,2026-09-30 14:02:36,175,/local/sramezani/v8logs/sensor-005.log,--mode timed --period-ratio 6 --keep-going
sensor-010,sensor,sensor_network_timed,"published model, P=5 (5 readings/sensor), S=2 R=1 danger, both properties, kg, p8",baseline,headline,1,exit 0 SPURIOUS: sf=12193272 dead=12108096 execs=6109740 blocked=51928090 (687 s p8),finished,0,6109740,51928090,0,0,,,TFSTATS execs=6109740 blocked=51928090 timeline_impossible=0 pruned=0 | baseline  S=2 R=1 readings=danger property=both timers=self cut=on  L=1 U=1 sd=0 P=5 C=15 Ds=5 Dr=5 OBST=1  execs=6109740 blocked=51928090 impossible=0      checks_ok=36684648 late_reports=87442056 sensor_failures=12193272 missions=24437952 acked=221760 rescues=24216192 reached=12108096 dead=12108096 time=1178.441096228s,1178.5,8781.5,184,8,partitioned,850.0,32.0,2026-09-30 13:44:27,2026-09-30 14:04:07,"164,165,166,167,168,169,170,171",/local/sramezani/v8logs/sensor-010.log,--mode baseline --period-ratio 5 --keep-going --parallel partitioned
legacy-003,legacy,comm_closed_leader_election,N=3 B=1 regime D (l=u=20 sd=0 w=200) 1 core,timed,ladder,2,hold; execs=2767665 blocked=21991 elected=176880 (measured 452 s),finished,0,2767665,21991,0,169863,,"2700000 explored (2700000 execs, 0 blocked)",TFSTATS execs=2767665 blocked=21991 timeline_impossible=0 pruned=169863 | timed      nodes=3 ballots=1 w=200 l=20 u=20 sd=0  execs=2767665 blocked=21991 elected=176880 time=596.689530732s,596.7,596.7,4,1,shared (pool of 1 = sequential; example has no 'none'),520.0,32.0,2026-09-30 13:55:36,2026-09-30 14:05:33,255,/local/sramezani/v8logs/legacy-003.log,--mode timed --nodes 3 --ballots 1 --u 20 --w 200 --l 20 --sd 0 --parallel shared
swim-080,swim,swim_timed,L1 N=7 R=1 Ws=6,baseline,ladder,3,"FIRE: violations>0, exit 0 (keep-going); identical to L0 baseline",finished,0,3126,4139584,0,0,2355399,"4100000 explored (3126 execs, 4096874 blocked)",TFSTATS execs=3126 blocked=4139584 timeline_impossible=0 pruned=0 | baseline   N=7 R=1  L=1 U=2 Wp=2 Ws=6 sd=1  execs=3126   blocked=4139584 acks=2048   suspects=3898258 refuted=6075486 dead=2355399 violations=2355399 time=827.924577243s,827.9,802.6,2,1,none,628.0,32.0,2026-09-30 13:51:47,2026-09-30 14:05:35,107,/local/sramezani/v8logs/swim-080.log,--mode baseline --nodes 7 --rounds 1 --u 2 --sd-ratio 0.5 --w-probe-ratio 1 --l-ratio 0.5 --w-suspect-ratio 3.0 --keep-going
swim-083,swim,swim_timed,L0 N=3 R=6 Ws=6 rep2,timed,headline,3,"hold: violations=0, exit 0 (timing replicate)",finished,0,4096,445797,0,0,0,"400000 explored (4096 execs, 395904 blocked)",TFSTATS execs=4096 blocked=445797 timeline_impossible=0 pruned=0 | timed      N=3 R=6  L=0 U=2 Wp=2 Ws=6 sd=1  execs=4096   blocked=445797 acks=460533 suspects=1959516 refuted=2075111 dead=0      violations=0      time=446.141337275s,446.1,446.1,2,1,none,481.0,32.0,2026-09-30 13:58:25,2026-09-30 14:05:52,105,/local/sramezani/v8logs/swim-083.log,--mode timed --nodes 3 --rounds 6 --u 2 --sd-ratio 0.5 --w-probe-ratio 1 --l-ratio 0 --w-suspect-ratio 3.0 --keep-going
swim-085,swim,swim_timed,L0 N=4 R=3 Ws=6 rep2,timed,headline,3,"hold: violations=0, exit 0 (timing replicate)",finished,0,1000,452141,0,0,0,"400000 explored (1000 execs, 399000 blocked)",TFSTATS execs=1000 blocked=452141 timeline_impossible=0 pruned=0 | timed      N=4 R=3  L=0 U=2 Wp=2 Ws=6 sd=1  execs=1000   blocked=452141 acks=62361  suspects=1144044 refuted=1368189 dead=0      violations=0      time=395.473609124s,395.5,395.5,2,1,none,417.0,32.0,2026-09-30 13:59:41,2026-09-30 14:06:18,115,/local/sramezani/v8logs/swim-085.log,--mode timed --nodes 4 --rounds 3 --u 2 --sd-ratio 0.5 --w-probe-ratio 1 --l-ratio 0 --w-suspect-ratio 3.0 --keep-going
swim-005,swim,swim_timed,L0 N=5 R=2 Ws=6,timed,headline,1,"hold: violations=0, exit 0",finished,0,784,1413343,0,0,0,"1400000 explored (784 execs, 1399216 blocked)",TFSTATS execs=784 blocked=1413343 timeline_impossible=0 pruned=0 | timed      N=5 R=2  L=0 U=2 Wp=2 Ws=6 sd=1  execs=784    blocked=1413343 acks=31773  suspects=2534028 refuted=3458875 dead=0      violations=0      time=1354.01254s,1354.0,1354.0,2,1,none,1409.0,32.0,2026-09-30 13:44:27,2026-09-30 14:07:01,103,/local/sramezani/v8logs/swim-005.log,--mode timed --nodes 5 --rounds 2 --u 2 --sd-ratio 0.5 --w-probe-ratio 1 --l-ratio 0 --w-suspect-ratio 3.0 --keep-going
swim-092,swim,swim_timed,L0 N=7 R=1 Ws=6 rep2,baseline,headline,3,"FIRE: violations>0, exit 0 (keep-going) (timing replicate)",finished,0,3126,4139584,0,0,2355399,"4100000 explored (3126 execs, 4096874 blocked)",TFSTATS execs=3126 blocked=4139584 timeline_impossible=0 pruned=0 | baseline   N=7 R=1  L=0 U=2 Wp=2 Ws=6 sd=1  execs=3126   blocked=4139584 acks=2048   suspects=3898258 refuted=6075486 dead=2355399 violations=2355399 time=828.953367248s,829.0,803.8,2,1,none,628.0,32.0,2026-09-30 13:54:37,2026-09-30 14:08:26,104,/local/sramezani/v8logs/swim-092.log,--mode baseline --nodes 7 --rounds 1 --u 2 --sd-ratio 0.5 --w-probe-ratio 1 --l-ratio 0 --w-suspect-ratio 3.0 --keep-going
swim-076,swim,swim_timed,L1 N=3 R=6 Ws=6,baseline,ladder,3,"FIRE: violations>0, exit 0 (keep-going); identical to L0 baseline",finished,0,27154,462762,0,0,173313,"400000 explored (27154 execs, 372846 blocked)",TFSTATS execs=27154 blocked=462762 timeline_impossible=0 pruned=0 | baseline   N=3 R=6  L=1 U=2 Wp=2 Ws=6 sd=1  execs=27154  blocked=462762 acks=496182 suspects=2153796 refuted=2237610 dead=173313 violations=173313 time=87.520789159s,87.5,85.4,2,1,none,84.0,32.0,2026-09-30 14:07:01,2026-09-30 14:08:29,103,/local/sramezani/v8logs/swim-076.log,--mode baseline --nodes 3 --rounds 6 --u 2 --sd-ratio 0.5 --w-probe-ratio 1 --l-ratio 0.5 --w-suspect-ratio 3.0 --keep-going
legacy-004,legacy,comm_closed_leader_election,N=3 B=1 regime D (l=u=20 sd=0 w=200) 1 core,baseline,ladder,2,hold; execs=23351969 blocked=87271 elected=1626624 (measured 617 s),finished,0,23351969,87271,0,0,,"23400000 explored (23349909 execs, 50091 blocked)",TFSTATS execs=23351969 blocked=87271 timeline_impossible=0 pruned=0 | baseline   nodes=3 ballots=1 w=200 (untimed)  execs=23351969 blocked=87271 elected=1626624 time=832.758144292s,832.8,832.5,4,1,shared (pool of 1 = sequential; example has no 'none'),720.0,32.0,2026-09-30 13:55:36,2026-09-30 14:09:29,254,/local/sramezani/v8logs/legacy-004.log,--mode baseline --nodes 3 --ballots 1 --u 20 --w 200 --l 20 --sd 0 --parallel shared
swim-014,swim,swim_timed,L0 N=4 R=4 Ws=6,baseline,headline,1,"FIRE: violations>0 (false positives), exit 0 (keep-going); measured 1164 s, 4861275 violations (REVIEW: promoted from prio 2)",finished,0,229840,8440462,0,0,4861275,"8600000 explored (229840 execs, 8370160 blocked)",TFSTATS execs=229840 blocked=8440462 timeline_impossible=0 pruned=0 | baseline   N=4 R=4  L=0 U=2 Wp=2 Ws=6 sd=1  execs=229840 blocked=8440462 acks=1653914 suspects=30170044 refuted=34648626 dead=4861275 violations=4861275 time=1509.467611416s,1509.5,1460.9,2,1,none,1437.0,32.0,2026-09-30 13:44:27,2026-09-30 14:09:36,102,/local/sramezani/v8logs/swim-014.log,--mode baseline --nodes 4 --rounds 4 --u 2 --sd-ratio 0.5 --w-probe-ratio 1 --l-ratio 0 --w-suspect-ratio 3.0 --keep-going
swim-089,swim,swim_timed,L0 N=6 R=1 Ws=6 rep2,timed,headline,3,"hold: violations=0, exit 0 (timing replicate)",finished,0,82,309817,0,0,0,"300000 explored (82 execs, 299918 blocked)",TFSTATS execs=82 blocked=309817 timeline_impossible=0 pruned=0 | timed      N=6 R=1  L=0 U=2 Wp=2 Ws=6 sd=1  execs=82     blocked=309817 acks=1250   suspects=267459 refuted=445670 dead=0      violations=0      time=253.474974205s,253.5,253.5,2,1,none,271.0,32.0,2026-09-30 14:05:35,2026-09-30 14:09:48,107,/local/sramezani/v8logs/swim-089.log,--mode timed --nodes 6 --rounds 1 --u 2 --sd-ratio 0.5 --w-probe-ratio 1 --l-ratio 0 --w-suspect-ratio 3.0 --keep-going
swim-077,swim,swim_timed,L1 N=4 R=3 Ws=6,baseline,ladder,3,"FIRE: violations>0, exit 0 (keep-going); identical to L0 baseline",finished,0,11864,457986,0,0,233859,"400000 explored (11864 execs, 388136 blocked)",TFSTATS execs=11864 blocked=457986 timeline_impossible=0 pruned=0 | baseline   N=4 R=3  L=1 U=2 Wp=2 Ws=6 sd=1  execs=11864  blocked=457986 acks=62286  suspects=1193016 refuted=1374090 dead=233859 violations=233859 time=78.235943201s,78.2,75.7,2,1,none,79.0,32.0,2026-09-30 14:08:29,2026-09-30 14:09:49,103,/local/sramezani/v8logs/swim-077.log,--mode baseline --nodes 4 --rounds 3 --u 2 --sd-ratio 0.5 --w-probe-ratio 1 --l-ratio 0.5 --w-suspect-ratio 3.0 --keep-going
swim-078,swim,swim_timed,L1 N=5 R=2 Ws=6,baseline,ladder,3,"FIRE: violations>0, exit 0 (keep-going); identical to L0 baseline",finished,0,12418,1342956,0,0,780003,"1300000 explored (12418 execs, 1287582 blocked)",TFSTATS execs=12418 blocked=1342956 timeline_impossible=0 pruned=0 | baseline   N=5 R=2  L=1 U=2 Wp=2 Ws=6 sd=1  execs=12418  blocked=1342956 acks=28150  suspects=2422460 refuted=3114558 dead=780003 violations=780003 time=239.543991939s,239.5,231.3,2,1,none,226.0,32.0,2026-09-30 14:05:52,2026-09-30 14:09:52,105,/local/sramezani/v8logs/swim-078.log,--mode baseline --nodes 5 --rounds 2 --u 2 --sd-ratio 0.5 --w-probe-ratio 1 --l-ratio 0.5 --w-suspect-ratio 3.0 --keep-going
swim-084,swim,swim_timed,L0 N=3 R=6 Ws=6 rep2,baseline,headline,3,"FIRE: violations>0, exit 0 (keep-going) (timing replicate)",finished,0,27154,462762,0,0,173313,"400000 explored (27154 execs, 372846 blocked)",TFSTATS execs=27154 blocked=462762 timeline_impossible=0 pruned=0 | baseline   N=3 R=6  L=0 U=2 Wp=2 Ws=6 sd=1  execs=27154  blocked=462762 acks=496182 suspects=2153796 refuted=2237610 dead=173313 violations=173313 time=87.348675961s,87.3,85.3,2,1,none,84.0,32.0,2026-09-30 14:08:26,2026-09-30 14:09:55,104,/local/sramezani/v8logs/swim-084.log,--mode baseline --nodes 3 --rounds 6 --u 2 --sd-ratio 0.5 --w-probe-ratio 1 --l-ratio 0 --w-suspect-ratio 3.0 --keep-going
swim-088,swim,swim_timed,L0 N=5 R=2 Ws=6 rep2,baseline,headline,3,"FIRE: violations>0, exit 0 (keep-going) (timing replicate)",finished,0,12418,1342956,0,0,780003,"1300000 explored (12418 execs, 1287582 blocked)",TFSTATS execs=12418 blocked=1342956 timeline_impossible=0 pruned=0 | baseline   N=5 R=2  L=0 U=2 Wp=2 Ws=6 sd=1  execs=12418  blocked=1342956 acks=28150  suspects=2422460 refuted=3114558 dead=780003 violations=780003 time=239.028620781s,239.0,230.8,2,1,none,226.0,32.0,2026-09-30 14:06:18,2026-09-30 14:10:18,115,/local/sramezani/v8logs/swim-088.log,--mode baseline --nodes 5 --rounds 2 --u 2 --sd-ratio 0.5 --w-probe-ratio 1 --l-ratio 0 --w-suspect-ratio 3.0 --keep-going
swim-090,swim,swim_timed,L0 N=6 R=1 Ws=6 rep2,baseline,headline,3,"FIRE: violations>0, exit 0 (keep-going) (timing replicate)",finished,0,626,251028,0,0,117369,"200000 explored (626 execs, 199374 blocked)",TFSTATS execs=626 blocked=251028 timeline_impossible=0 pruned=0 | baseline   N=6 R=1  L=0 U=2 Wp=2 Ws=6 sd=1  execs=626    blocked=251028 acks=512    suspects=223330 refuted=320760 dead=117369 violations=117369 time=42.059998754s,42.1,41.9,2,1,none,42.0,32.0,2026-09-30 14:09:49,2026-09-30 14:10:32,107,/local/sramezani/v8logs/swim-090.log,--mode baseline --nodes 6 --rounds 1 --u 2 --sd-ratio 0.5 --w-probe-ratio 1 --l-ratio 0 --w-suspect-ratio 3.0 --keep-going
swim-079,swim,swim_timed,L1 N=6 R=1 Ws=6,baseline,ladder,3,"FIRE: violations>0, exit 0 (keep-going); identical to L0 baseline",finished,0,626,251028,0,0,117369,"200000 explored (626 execs, 199374 blocked)",TFSTATS execs=626 blocked=251028 timeline_impossible=0 pruned=0 | baseline   N=6 R=1  L=1 U=2 Wp=2 Ws=6 sd=1  execs=626    blocked=251028 acks=512    suspects=223330 refuted=320760 dead=117369 violations=117369 time=43.880517366s,43.9,42.6,2,1,none,42.0,32.0,2026-09-30 14:09:49,2026-09-30 14:10:33,103,/local/sramezani/v8logs/swim-079.log,--mode baseline --nodes 6 --rounds 1 --u 2 --sd-ratio 0.5 --w-probe-ratio 1 --l-ratio 0.5 --w-suspect-ratio 3.0 --keep-going
sensor-058,sensor,sensor_network_timed,"T3 row3-6 R=3: baseline random, no keep-going",baseline,ladder,2,exit 101 SPURIOUS FIRE (429 s),finished (assertion failed: FIRE),101,,,,,,"4500000 explored (129024 execs, 4370976 blocked)",thread 'main' (2370453) panicked at traceforge/src/lib.rs:2423:21:,511.3,511.3,2,1,none,500.0,32.0,2026-09-30 14:02:12,2026-09-30 14:10:44,180,/local/sramezani/v8logs/sensor-058.log,--mode baseline --table3-row 3-6 --rounds 3
swim-086,swim,swim_timed,L0 N=4 R=3 Ws=6 rep2,baseline,headline,3,"FIRE: violations>0, exit 0 (keep-going) (timing replicate)",finished,0,11864,457986,0,0,233859,"400000 explored (11864 execs, 388136 blocked)",TFSTATS execs=11864 blocked=457986 timeline_impossible=0 pruned=0 | baseline   N=4 R=3  L=0 U=2 Wp=2 Ws=6 sd=1  execs=11864  blocked=457986 acks=62286  suspects=1193016 refuted=1374090 dead=233859 violations=233859 time=72.43777704s,72.4,70.4,2,1,none,79.0,32.0,2026-09-30 14:09:36,2026-09-30 14:10:50,102,/local/sramezani/v8logs/swim-086.log,--mode baseline --nodes 4 --rounds 3 --u 2 --sd-ratio 0.5 --w-probe-ratio 1 --l-ratio 0 --w-suspect-ratio 3.0 --keep-going
opt-004,opt,yarn_scheduler_timed,K=2 QS=3 DD=8 U=0 H=8 (hold side),baseline,headline,1,"exit 0 with VIOLATIONS line, 6850 spurious violating execs (execs=774400 blocked=6983805)",finished,0,774400,6983805,0,0,6850,"7700000 explored (774400 execs, 6925600 blocked)",TFSTATS execs=774400 blocked=6983805 timeline_impossible=0 pruned=0 | baseline  prop=miss K=2 QS=3 DD=8 C=2..2 H=8 L=0 U=0 sd=0  execs=774400 blocked=6983805 finished=3104450 dispatched=36117940 done=36111552 judged=0 preempted=6388 expired=1910 late=0 fifth=0/0 min_queue_left=1 min_dispatch_dline=1 min_report_slack=- tick_skips=552194 violations=6850 time=1590.403914825s,1590.4,1590.3,2,1,none,900.0,32.0,2026-09-30 13:44:27,2026-09-30 14:10:58,247,/local/sramezani/v8logs/opt-004.log,--mode baseline --ams 2 --queue-size 3 --deadline 8 --u 0 --horizon 8 --keep-going
sensor-056,sensor,sensor_network_timed,"T3 row2 R=2: baseline random, no keep-going",baseline,ladder,2,"exit 101 SPURIOUS FIRE; REVIEW: not found within 120 s (rev_sensor_r2R2_b_nokg), unlike the danger variant (0.6 s); time to first FIRE unknown under drop-first order, may DNF",finished (assertion failed: FIRE),101,,,,,,"4000000 explored (107520 execs, 3892480 blocked)",thread 'main' (2370448) panicked at traceforge/src/lib.rs:2423:21:,573.2,573.1,2,1,none,3600.0,32.0,2026-09-30 14:02:12,2026-09-30 14:11:46,178,/local/sramezani/v8logs/sensor-056.log,--mode baseline --table3-row 2 --rounds 2
sensor-060,sensor,sensor_network_timed,"T3 row3-7 R=3: baseline random, no keep-going",baseline,ladder,2,exit 101 SPURIOUS FIRE (same program as 3-6: 429 s),finished (assertion failed: FIRE),101,,,,,,"5800000 explored (167132 execs, 5632868 blocked)",thread 'main' (2370457) panicked at traceforge/src/lib.rs:2423:21:,655.0,654.9,2,1,none,500.0,32.0,2026-09-30 14:02:12,2026-09-30 14:13:08,181,/local/sramezani/v8logs/sensor-060.log,--mode baseline --table3-row 3-7 --rounds 3
opt-005,opt,yarn_scheduler_timed,"K=2 QS=3 DD=8 U=0 H=10 (hold side, biggest two-sided)",timed,headline,1,"hold, violations=0 (execs=1262 blocked=141835)",finished,0,1262,141835,0,5625,0,"100000 explored (1262 execs, 98738 blocked)",TFSTATS execs=1262 blocked=141835 timeline_impossible=0 pruned=5625 | timed     prop=miss K=2 QS=3 DD=8 C=2..2 H=10 L=0 U=0 sd=0  execs=1262 blocked=141835 finished=5048 dispatched=49880 done=49880 judged=25240 preempted=0 expired=0 late=0 fifth=0/0 min_queue_left=2 min_dispatch_dline=2 min_report_slack=0 tick_skips=101134 violations=0 time=140.485709153s,140.5,140.5,2,1,none,90.0,32.0,2026-09-30 14:10:58,2026-09-30 14:13:19,247,/local/sramezani/v8logs/opt-005.log,--mode timed --ams 2 --queue-size 3 --deadline 8 --u 0 --horizon 10 --keep-going
swim-087,swim,swim_timed,L0 N=5 R=2 Ws=6 rep2,timed,headline,3,"hold: violations=0, exit 0 (timing replicate)",finished,0,784,1413343,0,0,0,"1400000 explored (784 execs, 1399216 blocked)",TFSTATS execs=784 blocked=1413343 timeline_impossible=0 pruned=0 | timed      N=5 R=2  L=0 U=2 Wp=2 Ws=6 sd=1  execs=784    blocked=1413343 acks=31773  suspects=2534028 refuted=3458875 dead=0      violations=0      time=1359.046718986s,1359.0,1359.0,2,1,none,1409.0,32.0,2026-09-30 13:51:47,2026-09-30 14:14:26,106,/local/sramezani/v8logs/swim-087.log,--mode timed --nodes 5 --rounds 2 --u 2 --sd-ratio 0.5 --w-probe-ratio 1 --l-ratio 0 --w-suspect-ratio 3.0 --keep-going
opt-006,opt,yarn_scheduler_timed,K=1 QS=2 DD=8 U=0 H=12 (hold side),timed,headline,1,"hold, violations=0 (execs=28 blocked=32555); timed slower than baseline here",finished,0,28,32555,0,138,0,,TFSTATS execs=28 blocked=32555 timeline_impossible=0 pruned=138 | timed     prop=miss K=1 QS=2 DD=8 C=2..2 H=12 L=0 U=0 sd=0  execs=28 blocked=32555 finished=56 dispatched=316 done=316 judged=224 preempted=0 expired=0 late=0 fifth=0/0 min_queue_left=2 min_dispatch_dline=2 min_report_slack=0 tick_skips=31972 violations=0 time=76.441917113s,76.4,76.4,6,1,none,80.0,32.0,2026-09-30 14:13:19,2026-09-30 14:14:36,247,/local/sramezani/v8logs/opt-006.log,--mode timed --ams 1 --deadline 8 --u 0 --horizon 12 --keep-going
swim-047,swim,swim_timed,L0 N=5 R=2 Ws=5,timed,boundary,2,"FIRE: certified timed violations>0 (measured 956653), exit 0 under --keep-going",finished,0,12418,2199445,0,0,956653,"2200000 explored (12418 execs, 2187582 blocked)",TFSTATS execs=12418 blocked=2199445 timeline_impossible=0 pruned=0 | timed      N=5 R=2  L=0 U=2 Wp=2 Ws=5 sd=1  execs=12418  blocked=2199445 acks=41371  suspects=3985360 refuted=5289407 dead=956653 violations=956653 time=1828.556796116s,1828.5,1816.6,2,1,none,1896.0,32.0,2026-09-30 13:45:07,2026-09-30 14:15:36,116,/local/sramezani/v8logs/swim-047.log,--mode timed --nodes 5 --rounds 2 --u 2 --sd-ratio 0.5 --w-probe-ratio 1 --l-ratio 0 --w-suspect-ratio 2.5 --keep-going
opt-007,opt,retail_saga_timed,v2 C=2 N=2 R=3 S=20 U=1 D=7 (hold side),timed,headline,1,"hold, late=0 (execs=4480 blocked=118672)",finished,0,4480,118672,0,20516,,"100000 explored (3664 execs, 96336 blocked)",TFSTATS execs=4480 blocked=118672 timeline_impossible=0 pruned=20516 | timed     variant=v2 N=2 assign=fixed C=2 R=3 S=20 P=1 Q=2  L=0 U=1 sd=0 D=7  execs=4480    blocked=118672  accepted=764096 rejected=0      overlap=495450 race_window=0      contended_reject=0      oversold=0     in_time=635900 late=0     time=90.523005351s,90.5,90.5,2,1,none,56.0,32.0,2026-09-30 14:14:36,2026-09-30 14:16:07,247,/local/sramezani/v8logs/opt-007.log,--mode timed --variant v2 --rounds 3 --stock 20 --u 1 --deadline-ratio 7 --keep-going
opt-008,opt,yarn_scheduler_timed,K=2 QS=3 DD=8 U=0 H=8 (hold side),timed,headline,1,"hold, violations=0, execs=326 blocked=28119",finished,0,326,28119,0,1184,0,,TFSTATS execs=326 blocked=28119 timeline_impossible=0 pruned=1184 | timed     prop=miss K=2 QS=3 DD=8 C=2..2 H=8 L=0 U=0 sd=0  execs=326 blocked=28119 finished=1304 dispatched=10720 done=10720 judged=0 preempted=0 expired=0 late=0 fifth=0/0 min_queue_left=2 min_dispatch_dline=2 min_report_slack=- tick_skips=18040 violations=0 time=20.021838162s,20.0,20.0,2,1,none,18.0,32.0,2026-09-30 14:16:07,2026-09-30 14:16:28,247,/local/sramezani/v8logs/opt-008.log,--mode timed --ams 2 --queue-size 3 --deadline 8 --u 0 --horizon 8 --keep-going
swim-075,swim,swim_timed,L1 N=4 R=4 Ws=6,baseline,ladder,3,"FIRE: violations>0, exit 0 (keep-going); identical to L0 baseline",finished,0,229840,8440462,0,0,4861275,"8600000 explored (229840 execs, 8370160 blocked)",TFSTATS execs=229840 blocked=8440462 timeline_impossible=0 pruned=0 | baseline   N=4 R=4  L=1 U=2 Wp=2 Ws=6 sd=1  execs=229840 blocked=8440462 acks=1653914 suspects=30170044 refuted=34648626 dead=4861275 violations=4861275 time=1502.249549445s,1502.2,1457.3,2,1,none,1437.0,32.0,2026-09-30 13:51:39,2026-09-30 14:16:41,113,/local/sramezani/v8logs/swim-075.log,--mode baseline --nodes 4 --rounds 4 --u 2 --sd-ratio 0.5 --w-probe-ratio 1 --l-ratio 0.5 --w-suspect-ratio 3.0 --keep-going
opt-009,opt,retail_saga_timed,v2 C=2 N=2 R=3 S=20 U=1 D=7 (hold side),baseline,headline,1,"VIOLATIONS: late=34424 spurious, 32224 violating executions (execs=4480 blocked=130692)",finished,0,4480,130692,0,0,,"100000 explored (3340 execs, 96660 blocked)","TFSTATS execs=4480 blocked=130692 timeline_impossible=0 pruned=0 | baseline  variant=v2 N=2 assign=fixed C=2 R=3 S=20 P=1 Q=2  L=0 U=1 sd=0 D=7  execs=4480    blocked=130692  accepted=726112 rejected=0      overlap=466450 race_window=0      contended_reject=0      oversold=0     in_time=588416 late=34424 time=30.224421423s | VIOLATIONS (baseline, --keep-going): oversold=0 late=34424: this run is a FIRE, not a hold; blocked also counts the executions stopped at a violation.",30.2,30.2,2,1,none,17.0,32.0,2026-09-30 14:16:28,2026-09-30 14:16:59,247,/local/sramezani/v8logs/opt-009.log,--mode baseline --variant v2 --rounds 3 --stock 20 --u 1 --deadline-ratio 7 --keep-going
opt-010,opt,yarn_scheduler_timed,K=1 QS=2 DD=8 U=0 H=12 (hold side),baseline,headline,1,violations=1150 spurious (execs=2946 blocked=110593),finished,0,2946,110593,0,0,1150,"100000 explored (2946 execs, 97054 blocked)",TFSTATS execs=2946 blocked=110593 timeline_impossible=0 pruned=0 | baseline  prop=miss K=1 QS=2 DD=8 C=2..2 H=12 L=0 U=0 sd=0  execs=2946 blocked=110593 finished=7042 dispatched=51235 done=50532 judged=30884 preempted=703 expired=735 late=410 fifth=0/0 min_queue_left=1 min_dispatch_dline=1 min_report_slack=0 tick_skips=86019 violations=1150 time=16.899220371s,16.9,16.9,2,1,none,16.0,32.0,2026-09-30 14:16:59,2026-09-30 14:17:16,247,/local/sramezani/v8logs/opt-010.log,--mode baseline --ams 1 --deadline 8 --u 0 --horizon 12 --keep-going
swim-010,swim,swim_timed,L0 N=3 R=9 Ws=6,baseline,headline,1,"FIRE: violations>0 (false positives), exit 0 (keep-going); measured 1522 s, 24.9M violations",finished,0,3644106,60592984,0,0,24912439,"8100000 explored (465522 execs, 7634478 blocked)",TFSTATS execs=3644106 blocked=60592984 timeline_impossible=0 pruned=0 | baseline   N=3 R=9  L=0 U=2 Wp=2 Ws=6 sd=1  execs=3644106 blocked=60592984 acks=103923900 suspects=436023822 refuted=453801734 dead=24912439 violations=24912439 time=2092.875035419s,2092.9,10845.6,25,8,shared,2587.0,32.0,2026-09-30 13:44:27,2026-09-30 14:19:21,"94,95,96,97,98,99,100,101",/local/sramezani/v8logs/swim-010.log,--mode baseline --nodes 3 --rounds 9 --u 2 --sd-ratio 0.5 --w-probe-ratio 1 --l-ratio 0 --w-suspect-ratio 3.0 --keep-going --parallel shared
legacy-009,legacy,three_pc_timed,N=4 R=1 U=20 W/U=3 sd/U=0.25 (biggest N),timed,headline,1,"hold; execs=2464368 blocked=2464369 (measured with partitioned x4 in 827 s; sequential predicted about 2,000-2,800 s)",finished,0,2464368,2464369,0,174164,,"4900000 explored (2450000 execs, 2450000 blocked)",TFSTATS execs=2464368 blocked=2464369 timeline_impossible=0 pruned=174164 | timed      N=4 R=1  L=0 U=20 W=60 (W/U=3) sd=5  execs=2464368 blocked=2464369 commit=1631232 abort=2860176 pcommit=2356992 time=2869.705148333s,2869.7,2869.7,4,1,none,3000.0,32.0,2026-09-30 13:44:27,2026-09-30 14:32:17,250,/local/sramezani/v8logs/legacy-009.log,--mode timed --participants 4 --rounds 1 --u 20 --w-ratio 3 --sd-ratio 0.25
swim-054,swim,swim_timed,L1 N=7 R=1 Ws=6,timed,ladder,2,"hold: violations=0, exit 0",finished,0,244,2270028,0,1266,0,"2200000 explored (244 execs, 2199756 blocked)",TFSTATS execs=244 blocked=2270028 timeline_impossible=0 pruned=1266 | timed      N=7 R=1  L=1 U=2 Wp=2 Ws=6 sd=1  execs=244    blocked=2270028 acks=2048   suspects=2130944 refuted=3510272 dead=0      violations=0      time=2987.630998954s,2987.6,2987.6,2,1,none,2206.0,32.0,2026-09-30 13:44:28,2026-09-30 14:34:16,121,/local/sramezani/v8logs/swim-054.log,--mode timed --nodes 7 --rounds 1 --u 2 --sd-ratio 0.5 --w-probe-ratio 1 --l-ratio 0.5 --w-suspect-ratio 3.0 --keep-going
lease-073,lease,lease_timed,C=2 R=5 unfenced (rounds ladder),timed,ladder,2,hold (violations=0),finished,0,1889568,9917153,0,0,0,"1400000 explored (207965 execs, 1192035 blocked)",TFSTATS execs=1889568 blocked=9917153 timeline_impossible=0 pruned=0 | timed      C=2 R=5 fencing=off  L=0 U=2 TTL=10 PAUSE=3 sd=1  execs=1889568 blocked=9917153 grants=110848848 expired=77707176 released=33141672 applied=103142392 stale=0      violations=0      time=2929.893512278s,2929.9,23048.2,24,8,shared,18000.0,32.0,2026-09-30 13:46:38,2026-09-30 14:35:28,"60,61,62,63,64,65,66,67",/local/sramezani/v8logs/lease-073.log,--clients 2 --rounds 5 --mode timed --u 2 --l-ratio 0 --sd-ratio 0.5 --ttl-ratio 5 --fencing off --pause-ratio 1.5 --keep-going --parallel shared
brp-002,brp,brp_timed,"A MAX=3 n=2 F=1 all w1 (headline, both >=10 s)",baseline,headline,1,"VIOLATED = spurious alarms (untimed counts do not depend on TR/SYNC/TD/T1/k), exit 0 with --keep-going; execs=280035 blocked=29663155 explored=29943190 judged=3091301 p2_runs=2382524 p4_runs=2122438 client_runs=1504",finished,0,280035,29663155,0,0,,"29900000 explored (279468 execs, 29620532 blocked)",TFSTATS execs=280035 blocked=29663155 timeline_impossible=0 pruned=0 | baseline model=Dkrt n=2 MAX=3 TD=1 T1=3 TR=21 SYNC=21 k=2 F=1 DC=22 prop=All  execs=280035 blocked=29663155 impossible=0 explored=29943190 judged=3091301 p2_runs=2382524 p2_tr_side=2382524 p2_sync_side=0 p4_runs=2122438 client_runs=1504 failed_file_runs=2405561 timeout_runs=3091300 restart_after_fail_runs=0 first_safe_after_timeout_runs=2935448 probe_nontrivial_runs=2405560 confused_ack_runs=417360 verdict=VIOLATED time=3099.658029419s,3099.7,3069.7,2,1,none,1500.0,150.0,2026-09-30 13:44:27,2026-09-30 14:36:07,192,/local/sramezani/v8logs/brp-002.log,--mode baseline --n 2 --max 3 --td 1 --t1 3 --tr 21 --sync 21 --k 2 --files 1 --property all --keep-going
nrp-004,nrp,nrp_failure_detector_timed,selftest nrp no-failure R=5 kg,baseline,headline,1,REVIEW: promoted to headline. violations>0 spurious (exit 0); pred 1.5k s (power law R^7.5) to 2.2k s (x7.6/round); >1200 s measured,finished,0,197064,19457264,0,0,253953,"19600000 explored (197064 execs, 19402936 blocked)","TFSTATS execs=197064 blocked=19457264 timeline_impossible=0 pruned=0 | baseline variant=nrp fault=none promote=takeover tA=- tB=- attack=[-,-) hb_on_change=off R=5 max=2 L=1 U=1 sd=0 H=20 P=10 phase=0  execs=197064 blocked=19457264 completed=451017 dual=253953 stepdowns=316857 promotions=400050 shortcut=400050 takeover_pings=0 backup_replies=0 lease_resets=0 lease_chances=0 nrp_changes=446841 sw_drops=0 violations=253953 time=3130.776230386s",3130.8,3128.8,2,1,none,2500.0,32.0,2026-09-30 13:44:27,2026-09-30 14:36:38,231,/local/sramezani/v8logs/nrp-004.log,--mode baseline --variant nrp --fault none --rounds 5 --keep-going
brp-024,brp,brp_timed,B3 boundary MAX=3 TR=20 SYNC=20 F=1 all w1,baseline,boundary,2,"VIOLATED = spurious alarms (untimed counts do not depend on TR/SYNC/TD/T1/k), exit 0 with --keep-going; identical to the A MAX=3 baseline (explored=29943190)",finished,0,280035,29663155,0,0,,"29900000 explored (279468 execs, 29620532 blocked)",TFSTATS execs=280035 blocked=29663155 timeline_impossible=0 pruned=0 | baseline model=Dkrt n=2 MAX=3 TD=1 T1=3 TR=20 SYNC=20 k=2 F=1 DC=21 prop=All  execs=280035 blocked=29663155 impossible=0 explored=29943190 judged=3091301 p2_runs=2382524 p2_tr_side=2382524 p2_sync_side=0 p4_runs=2122438 client_runs=1504 failed_file_runs=2405561 timeout_runs=3091300 restart_after_fail_runs=0 first_safe_after_timeout_runs=2935448 probe_nontrivial_runs=2405560 confused_ack_runs=417360 verdict=VIOLATED time=3102.802665281s,3102.8,3072.7,2,1,none,1500.0,150.0,2026-09-30 13:46:21,2026-09-30 14:38:04,193,/local/sramezani/v8logs/brp-024.log,--mode baseline --n 2 --max 3 --td 1 --t1 3 --tr 20 --sync 20 --k 2 --files 1 --property all --keep-going
legacy-005,legacy,comm_closed_leader_election,N=3 B=1 regime A (l=18 u=20 sd=2 w=200) shared x4,timed,ladder,2,hold; execs=9044433 blocked=40423 elected=244848 (measured 473 s),finished,0,9044433,40423,0,110995,,"2300000 explored (2295299 execs, 4701 blocked)",TFSTATS execs=9044433 blocked=40423 timeline_impossible=0 pruned=110995 | timed      nodes=3 ballots=1 w=200 l=18 u=20 sd=2  execs=9044433 blocked=40423 elected=244848 time=508.507924819s,508.5,1951.9,10,4,shared,530.0,32.0,2026-09-30 14:32:17,2026-09-30 14:40:46,"250,252,254,255",/local/sramezani/v8logs/legacy-005.log,--mode timed --nodes 3 --ballots 1 --u 20 --w 200 --l 18 --sd 2 --parallel shared
swim-011,swim,swim_timed,L0 N=7 R=1 Ws=6,timed,headline,1,"hold: violations=0, exit 0 (REVIEW: pred 5039 -> 5500, E about 5.4M)",finished,0,244,5379803,0,0,0,"5300000 explored (244 execs, 5299756 blocked)",TFSTATS execs=244 blocked=5379803 timeline_impossible=0 pruned=0 | timed      N=7 R=1  L=0 U=2 Wp=2 Ws=6 sd=1  execs=244    blocked=5379803 acks=6250   suspects=5012271 refuted=9091463 dead=0      violations=0      time=3561.572472572s,3561.6,3561.6,2,1,none,5500.0,32.0,2026-09-30 13:44:27,2026-09-30 14:43:49,93,/local/sramezani/v8logs/swim-011.log,--mode timed --nodes 7 --rounds 1 --u 2 --sd-ratio 0.5 --w-probe-ratio 1 --l-ratio 0 --w-suspect-ratio 3.0 --keep-going
brp-015,brp,brp_timed,A MAX=6 n=2 F=1 all w1 (timed only),timed,ladder,2,"HOLDS (proof), impossible=0; explored=3040420 (2434 CPU-s on 7 workers)",finished,0,104066,2936354,0,1667064,,"3000000 explored (102805 execs, 2897195 blocked)",TFSTATS execs=104066 blocked=2936354 timeline_impossible=0 pruned=1667064 | timed    model=Dkrt n=2 MAX=6 TD=1 T1=3 TR=39 SYNC=39 k=2 F=1 DC=40 prop=All  execs=104066 blocked=2936354 impossible=0 explored=3040420 judged=104066 p2_runs=0 p2_tr_side=0 p2_sync_side=0 p4_runs=0 client_runs=0 failed_file_runs=79745 timeout_runs=104065 restart_after_fail_runs=0 first_safe_after_timeout_runs=0 probe_nontrivial_runs=79744 confused_ack_runs=0 verdict=HOLDS time=3590.607662618s | NOTE: no frame reached the receiver after it timed out. With one file that is exactly what (2) needs (compare the adjacent FIRE cell); with more files it means (2) was barely tested.,3590.6,3590.6,2,1,none,2700.0,150.0,2026-09-30 13:44:27,2026-09-30 14:44:18,199,/local/sramezani/v8logs/brp-015.log,--mode timed --n 2 --max 6 --td 1 --t1 3 --tr 39 --sync 39 --k 2 --files 1 --property all --keep-going
legacy-006,legacy,comm_closed_leader_election,N=3 B=1 regime A (l=18 u=20 sd=2 w=200) shared x4,baseline,ladder,2,hold; execs=23351969 blocked=87271 elected=1626624 (measured 271 s),finished,0,23351969,87271,0,0,,"5400000 explored (5400000 execs, 0 blocked)",TFSTATS execs=23351969 blocked=87271 timeline_impossible=0 pruned=0 | baseline   nodes=3 ballots=1 w=200 (untimed)  execs=23351969 blocked=87271 elected=1626624 time=291.531163262s,291.5,951.5,8,4,shared,320.0,32.0,2026-09-30 14:40:46,2026-09-30 14:45:38,"250,252,254,255",/local/sramezani/v8logs/legacy-006.log,--mode baseline --nodes 3 --ballots 1 --u 20 --w 200 --l 18 --sd 2 --parallel shared
lease-076,lease,lease_timed,C=2 R=5 fenced (rounds ladder),baseline,ladder,2,hold,finished,0,24300000,70106904,0,0,0,"11800000 explored (3011237 execs, 8788763 blocked)",TFSTATS execs=24300000 blocked=70106904 timeline_impossible=0 pruned=0 | baseline   C=2 R=5 fencing=on  L=0 U=2 TTL=10 PAUSE=4 sd=1  execs=24300000 blocked=70106904 grants=909627112 expired=687188844 released=222438268 applied=695860316 stale=168183356 violations=0      time=3256.595876787s,3256.6,25130.5,25,8,shared,18000.0,32.0,2026-09-30 13:53:50,2026-09-30 14:48:07,"36,37,38,39,40,41,42,43",/local/sramezani/v8logs/lease-076.log,--clients 2 --rounds 5 --mode baseline --u 2 --l-ratio 0 --sd-ratio 0.5 --ttl-ratio 5 --fencing on --pause-ratio 2 --keep-going --parallel shared
brp-006,brp,brp_timed,"C1 F=2 MAX=1 TR=9 SYNC=7 p2 w1 (exact SYNC edge, hold; both >=1 min)",baseline,headline,1,VIOLATED = spurious (2) alarms; execs=1115751 blocked=41928428 explored=43044179 judged=2994579 p2_runs=1878828,finished,0,1115751,41928428,0,0,,"43000000 explored (1114002 execs, 41885998 blocked)",TFSTATS execs=1115751 blocked=41928428 timeline_impossible=0 pruned=0 | baseline model=Dkrt n=2 MAX=1 TD=1 T1=3 TR=9 SYNC=7 k=2 F=2 DC=10 prop=P2  execs=1115751 blocked=41928428 impossible=0 explored=43044179 judged=2994579 p2_runs=1878828 p2_tr_side=1860128 p2_sync_side=43510 p4_runs=0 client_runs=44892 failed_file_runs=2436540 timeout_runs=2994578 restart_after_fail_runs=1812189 first_safe_after_timeout_runs=2449821 probe_nontrivial_runs=0 confused_ack_runs=2278859 verdict=VIOLATED time=3989.111338711s,3989.1,3973.6,2,1,none,2600.0,150.0,2026-09-30 13:44:27,2026-09-30 14:50:57,191,/local/sramezani/v8logs/brp-006.log,--mode baseline --n 2 --max 1 --td 1 --t1 3 --tr 9 --sync 7 --k 2 --files 2 --property p2 --keep-going
brp-029,brp,brp_timed,B4 boundary MAX=4 TR=26 SYNC=26 F=1 all w1 (timed only),timed,boundary,2,"VIOLATED, true (2) TR side: p2_tr_side=256, explored=156548; baseline twin = A MAX=4 w1 baseline (time-independent counts)",finished,0,5218,151330,0,70136,,"100000 explored (3397 execs, 96603 blocked)",TFSTATS execs=5218 blocked=151330 timeline_impossible=0 pruned=70136 | timed    model=Dkrt n=2 MAX=4 TD=1 T1=3 TR=26 SYNC=26 k=2 F=1 DC=27 prop=All  execs=5218 blocked=151330 impossible=0 explored=156548 judged=5474 p2_runs=256 p2_tr_side=256 p2_sync_side=0 p4_runs=0 client_runs=0 failed_file_runs=3937 timeout_runs=5473 restart_after_fail_runs=0 first_safe_after_timeout_runs=256 probe_nontrivial_runs=3936 confused_ack_runs=0 verdict=VIOLATED time=87.071167349s,87.1,87.1,2,1,none,111.0,150.0,2026-09-30 14:50:57,2026-09-30 14:52:24,191,/local/sramezani/v8logs/brp-029.log,--mode timed --n 2 --max 4 --td 1 --t1 3 --tr 26 --sync 26 --k 2 --files 1 --property all --keep-going
brp-032,brp,brp_timed,"C1 F=2 MAX=1 TR=9 SYNC=6 p2 w1 (SYNC edge, fire)",timed,boundary,2,"VIOLATED, true (2) SYNC side: p2_sync_side=7, explored=209118 (measured 100 s)",finished,0,4008,205110,0,44505,,"200000 explored (3859 execs, 196141 blocked)",TFSTATS execs=4008 blocked=205110 timeline_impossible=0 pruned=44505 | timed    model=Dkrt n=2 MAX=1 TD=1 T1=3 TR=9 SYNC=6 k=2 F=2 DC=10 prop=P2  execs=4008 blocked=205110 impossible=0 explored=209118 judged=4015 p2_runs=7 p2_tr_side=0 p2_sync_side=7 p4_runs=0 client_runs=56 failed_file_runs=3031 timeout_runs=4014 restart_after_fail_runs=1420 first_safe_after_timeout_runs=1786 probe_nontrivial_runs=0 confused_ack_runs=0 verdict=VIOLATED time=108.824781005s,108.8,108.8,2,1,none,110.0,150.0,2026-09-30 14:52:24,2026-09-30 14:54:13,191,/local/sramezani/v8logs/brp-032.log,--mode timed --n 2 --max 1 --td 1 --t1 3 --tr 9 --sync 6 --k 2 --files 2 --property p2 --keep-going
abp-006,abp,alternating_bit_timed,abp K=2 R=5 W=3 (U=1),baseline,headline,1,"hold; execs ~2.37e7 (x21 per R); >2600 s seq (8-core partitioned run killed at 1200 s, R-shape parallel speedup only ~2.2x)",finished,0,23694712,23694842,0,0,,"47300000 explored (23650001 execs, 23649999 blocked)",TFSTATS execs=23694712 blocked=23694842 timeline_impossible=0 pruned=0 | baseline  variant=abp K=2 R=5  L=0 U=1 sd=0 W=3 dR=0 (2U+2sd+dR=2)  execs=23694712 blocked=23694842 delivered=94741816 dups=311882738 timeouts=456782124 stale=107490898 confused=0      completed=21455978 gave_up=25933574 end_checks=10727989 p1_fails=0    p2_fails=0    time=4219.486755157s,4219.5,4219.4,2,1,none,3600.0,32.0,2026-09-30 13:44:27,2026-09-30 14:54:47,203,/local/sramezani/v8logs/abp-006.log,--mode baseline --variant abp --messages 2 --retries 5 --w-ratio 3
stp-002,stp,spanning_tree_timed,"link-up R=14 Fd=43 (tight hold, bound 42)",baseline,headline,1,"exit 0, spurious violations=2(3^R-1)=9565936, execs=3(3^R-1)/2=7174452, blocked~40786312 (same as timed)",finished,0,7174452,40786312,0,0,9565936,"47900000 explored (7174452 execs, 40725548 blocked)",TFSTATS execs=7174452 blocked=40786312 timeline_impossible=0 pruned=0 | baseline  scenario=link-up R=14 K=0  L=0 U=1 sd=0 H=2 P=2 MA=6 Bd=12 Fd=43  execs=7174452 blocked=40786312 lost=0 news_heard=14348904 settled_backup=4782968 loop_before_news=4782968 loop_in_pre_backup=4782968 violations=9565936 time=4239.399498196s,4239.4,4187.4,2,1,none,4700.0,32.0,2026-09-30 13:44:27,2026-09-30 14:55:07,243,/local/sramezani/v8logs/stp-002.log,--mode baseline --scenario link-up --keep-going --rounds 14 --forward-delay-ratio 43
brp-014,brp,brp_timed,A MAX=5 n=2 F=1 all w1,timed,ladder,2,"HOLDS (proof), impossible=0; explored=681252 (measured 544 s); baseline twin = the A MAX=5 w1 ceiling",finished,0,23362,657890,0,346616,,"600000 explored (20796 execs, 579204 blocked)",TFSTATS execs=23362 blocked=657890 timeline_impossible=0 pruned=346616 | timed    model=Dkrt n=2 MAX=5 TD=1 T1=3 TR=33 SYNC=33 k=2 F=1 DC=34 prop=All  execs=23362 blocked=657890 impossible=0 explored=681252 judged=23362 p2_runs=0 p2_tr_side=0 p2_sync_side=0 p4_runs=0 client_runs=0 failed_file_runs=17601 timeout_runs=23361 restart_after_fail_runs=0 first_safe_after_timeout_runs=0 probe_nontrivial_runs=17600 confused_ack_runs=0 verdict=HOLDS time=675.725221542s | NOTE: no frame reached the receiver after it timed out. With one file that is exactly what (2) needs (compare the adjacent FIRE cell); with more files it means (2) was barely tested.,675.7,675.7,2,1,none,600.0,150.0,2026-09-30 14:44:18,2026-09-30 14:55:34,199,/local/sramezani/v8logs/brp-014.log,--mode timed --n 2 --max 5 --td 1 --t1 3 --tr 33 --sync 33 --k 2 --files 1 --property all --keep-going
brp-031,brp,brp_timed,B4 boundary MAX=4 TR=27 SYNC=26 F=1 all w1 (timed only),timed,boundary,2,HOLDS (edge of (4)): explored=149764; baseline twin = A MAX=4 w1 baseline (time-independent counts),finished,0,5154,144610,0,69112,,"100000 explored (3560 execs, 96440 blocked)",TFSTATS execs=5154 blocked=144610 timeline_impossible=0 pruned=69112 | timed    model=Dkrt n=2 MAX=4 TD=1 T1=3 TR=27 SYNC=26 k=2 F=1 DC=28 prop=All  execs=5154 blocked=144610 impossible=0 explored=149764 judged=5154 p2_runs=0 p2_tr_side=0 p2_sync_side=0 p4_runs=0 client_runs=0 failed_file_runs=3809 timeout_runs=5153 restart_after_fail_runs=0 first_safe_after_timeout_runs=0 probe_nontrivial_runs=3808 confused_ack_runs=0 verdict=HOLDS time=107.219867069s | NOTE: no frame reached the receiver after it timed out. With one file that is exactly what (2) needs (compare the adjacent FIRE cell); with more files it means (2) was barely tested.,107.2,107.2,2,1,none,106.0,150.0,2026-09-30 14:54:13,2026-09-30 14:56:01,191,/local/sramezani/v8logs/brp-031.log,--mode timed --n 2 --max 4 --td 1 --t1 3 --tr 27 --sync 26 --k 2 --files 1 --property all --keep-going
legacy-013,legacy,three_pc_timed,N=2 R=3 U=20 W/U=3 sd/U=0.25 (biggest R),timed,ladder,2,hold; about 4M execs (about 8M coverage) predicted from the rounds law; 2.07k/s measured on 1 core,finished,0,2741658,2741659,0,197428,,"5400000 explored (2700000 execs, 2700000 blocked)",TFSTATS execs=2741658 blocked=2741659 timeline_impossible=0 pruned=197428 | timed      N=2 R=3  L=0 U=20 W=60 (W/U=3) sd=5  execs=2741658 blocked=2741659 commit=1722956 abort=14619657 pcommit=2621996 time=3652.519157596s,3652.5,3652.5,6,1,none,8000.0,32.0,2026-09-30 13:55:36,2026-09-30 14:56:29,253,/local/sramezani/v8logs/legacy-013.log,--mode timed --participants 2 --rounds 3 --u 20 --w-ratio 3 --sd-ratio 0.25
nrp-006,nrp,nrp_failure_detector_timed,case8 published leasing (attacker only) R=3 kg,baseline,headline,1,hold: violations=0 execs=320909 blocked=9461836 (measured 855 s); lease-vacuous WARNING,finished,0,320909,9461836,0,0,0,"9700000 explored (320909 execs, 9379091 blocked)","TFSTATS execs=320909 blocked=9461836 timeline_impossible=0 pruned=0 | baseline variant=leasing fault=none promote=takeover tA=- tB=- attack=[0,-) hb_on_change=off R=3 max=2 L=1 U=1 sd=0 H=20 P=10 phase=0  execs=320909 blocked=9461836 completed=320909 dual=0 stepdowns=168453 promotions=0 shortcut=0 takeover_pings=310191 backup_replies=204752 lease_resets=204752 lease_chances=0 nrp_changes=312525 sw_drops=323008 violations=0 time=1192.854059365s",1192.8,1192.8,2,1,none,1000.0,32.0,2026-09-30 14:36:38,2026-09-30 14:56:31,231,/local/sramezani/v8logs/nrp-006.log,--mode baseline --variant leasing --fault none --attack-from-ratio 0 --rounds 3 --keep-going
brp-033,brp,brp_timed,"C1 F=2 MAX=1 TR=9 SYNC=6 p2 w1 (SYNC edge, fire)",baseline,boundary,2,VIOLATED spurious; identical counts to the SYNC=7 baseline (explored=43044179),finished,0,1115751,41928428,0,0,,"43000000 explored (1114002 execs, 41885998 blocked)",TFSTATS execs=1115751 blocked=41928428 timeline_impossible=0 pruned=0 | baseline model=Dkrt n=2 MAX=1 TD=1 T1=3 TR=9 SYNC=6 k=2 F=2 DC=10 prop=P2  execs=1115751 blocked=41928428 impossible=0 explored=43044179 judged=2994579 p2_runs=1878828 p2_tr_side=1860128 p2_sync_side=43510 p4_runs=0 client_runs=44892 failed_file_runs=2436540 timeout_runs=2994578 restart_after_fail_runs=1812189 first_safe_after_timeout_runs=2449821 probe_nontrivial_runs=0 confused_ack_runs=2278859 verdict=VIOLATED time=4345.389209634s,4345.4,4327.1,2,1,none,2600.0,150.0,2026-09-30 13:44:44,2026-09-30 14:57:10,195,/local/sramezani/v8logs/brp-033.log,--mode baseline --n 2 --max 1 --td 1 --t1 3 --tr 9 --sync 6 --k 2 --files 2 --property p2 --keep-going
brp-030,brp,brp_timed,B4 boundary MAX=4 TR=27 SYNC=25 F=1 all w1 (timed only),timed,boundary,2,"VIOLATED, true (4) at the tie: p4_runs=32, explored=150080; baseline twin = A MAX=4 w1 baseline (time-independent counts)",finished,0,5154,144926,0,69112,,"100000 explored (3560 execs, 96440 blocked)",TFSTATS execs=5154 blocked=144926 timeline_impossible=0 pruned=69112 | timed    model=Dkrt n=2 MAX=4 TD=1 T1=3 TR=27 SYNC=25 k=2 F=1 DC=28 prop=All  execs=5154 blocked=144926 impossible=0 explored=150080 judged=5186 p2_runs=0 p2_tr_side=0 p2_sync_side=0 p4_runs=32 client_runs=0 failed_file_runs=3841 timeout_runs=5185 restart_after_fail_runs=0 first_safe_after_timeout_runs=0 probe_nontrivial_runs=3840 confused_ack_runs=0 verdict=VIOLATED time=114.028021595s,114.0,114.0,2,1,none,100.0,150.0,2026-09-30 14:55:34,2026-09-30 14:57:28,199,/local/sramezani/v8logs/brp-030.log,--mode timed --n 2 --max 4 --td 1 --t1 3 --tr 27 --sync 25 --k 2 --files 1 --property all --keep-going
brp-041,brp,brp_timed,"E n=3 MAX=2 TR=15 F=1 all w1 (n x MAX compound, both >=1 min)",timed,ladder,2,"HOLDS (proof), impossible=0; execs=2876 blocked=155656 explored=158532 (measured 63.8 s)",finished,0,2876,155656,0,46232,,"100000 explored (1909 execs, 98091 blocked)",TFSTATS execs=2876 blocked=155656 timeline_impossible=0 pruned=46232 | timed    model=Dkrt n=3 MAX=2 TD=1 T1=3 TR=15 SYNC=15 k=2 F=1 DC=16 prop=All  execs=2876 blocked=155656 impossible=0 explored=158532 judged=2876 p2_runs=0 p2_tr_side=0 p2_sync_side=0 p4_runs=0 client_runs=0 failed_file_runs=1801 timeout_runs=2875 restart_after_fail_runs=0 first_safe_after_timeout_runs=0 probe_nontrivial_runs=1800 confused_ack_runs=0 verdict=HOLDS time=95.293534897s | NOTE: no frame reached the receiver after it timed out. With one file that is exactly what (2) needs (compare the adjacent FIRE cell); with more files it means (2) was barely tested.,95.3,95.3,2,1,none,75.0,150.0,2026-09-30 14:56:01,2026-09-30 14:57:37,191,/local/sramezani/v8logs/brp-041.log,--mode timed --n 3 --max 2 --td 1 --t1 3 --tr 15 --sync 15 --k 2 --files 1 --property all --keep-going
brp-039,brp,brp_timed,D n=4 MAX=1 TR=9 F=1 all w1,baseline,ladder,2,"VIOLATED = spurious alarms (untimed counts do not depend on TR/SYNC/TD/T1/k), exit 0 with --keep-going; explored=41176626 (770 s on 4 workers, 2977 CPU-s)",finished,0,208696,40967930,0,0,,"41100000 explored (208694 execs, 40891306 blocked)",TFSTATS execs=208696 blocked=40967930 timeline_impossible=0 pruned=0 | baseline model=Dkrt n=4 MAX=1 TD=1 T1=3 TR=9 SYNC=9 k=2 F=1 DC=10 prop=All  execs=208696 blocked=40967930 impossible=0 explored=41176626 judged=2437569 p2_runs=1841463 p2_tr_side=1841463 p2_sync_side=0 p4_runs=1626070 client_runs=13760 failed_file_runs=1879530 timeout_runs=2437568 restart_after_fail_runs=0 first_safe_after_timeout_runs=2059639 probe_nontrivial_runs=1879529 confused_ack_runs=1488807 verdict=VIOLATED time=4287.21806746s,4287.2,4265.9,2,1,none,2400.0,150.0,2026-09-30 13:46:13,2026-09-30 14:57:40,194,/local/sramezani/v8logs/brp-039.log,--mode baseline --n 4 --max 1 --td 1 --t1 3 --tr 9 --sync 9 --k 2 --files 1 --property all --keep-going
nrp-009,nrp,nrp_failure_detector_timed,case8 published leasing R=5 (first non-vacuous size) no-kg,timed,headline,1,"hold, lease non-vacuous (lease_chances=completed), violations=0; pred x8-15/round from R4 352 s",finished,0,1,4354107,0,304662,0,"4300000 explored (1 execs, 4299999 blocked)","TFSTATS execs=1 blocked=4354107 timeline_impossible=0 pruned=304662 | timed    variant=leasing fault=none promote=takeover tA=- tB=- attack=[0,-) hb_on_change=off R=5 max=2 L=1 U=1 sd=0 H=20 P=10 phase=0  execs=1 blocked=4354107 completed=1 dual=0 stepdowns=0 promotions=0 shortcut=0 takeover_pings=3 backup_replies=3 lease_resets=3 lease_chances=1 nrp_changes=0 sw_drops=10 violations=0 time=4412.63975175s",4412.6,4412.6,2,1,none,4500.0,32.0,2026-09-30 13:44:27,2026-09-30 14:58:00,230,/local/sramezani/v8logs/nrp-009.log,--mode timed --variant leasing --fault none --attack-from-ratio 0 --rounds 5
brp-023,brp,brp_timed,B3 boundary MAX=3 TR=20 SYNC=20 F=1 all w1,timed,boundary,2,"VIOLATED, true (2) TR side: p2_tr_side=64, explored=33636; exit 0 with --keep-going, engine-certified (impossible=0)",finished,0,1122,32514,0,13176,,,TFSTATS execs=1122 blocked=32514 timeline_impossible=0 pruned=13176 | timed    model=Dkrt n=2 MAX=3 TD=1 T1=3 TR=20 SYNC=20 k=2 F=1 DC=21 prop=All  execs=1122 blocked=32514 impossible=0 explored=33636 judged=1186 p2_runs=64 p2_tr_side=64 p2_sync_side=0 p4_runs=0 client_runs=0 failed_file_runs=833 timeout_runs=1185 restart_after_fail_runs=0 first_safe_after_timeout_runs=64 probe_nontrivial_runs=832 confused_ack_runs=0 verdict=VIOLATED time=20.80774976s,20.8,20.8,2,1,none,21.0,150.0,2026-09-30 14:57:40,2026-09-30 14:58:01,194,/local/sramezani/v8logs/brp-023.log,--mode timed --n 2 --max 3 --td 1 --t1 3 --tr 20 --sync 20 --k 2 --files 1 --property all --keep-going
brp-025,brp,brp_timed,B3 boundary MAX=3 TR=21 SYNC=19 F=1 all w1,timed,boundary,2,"VIOLATED, true (4) at the tie: p4_runs=16, explored=32096; exit 0 with --keep-going, engine-certified (impossible=0)",finished,0,1106,30990,0,12920,,,TFSTATS execs=1106 blocked=30990 timeline_impossible=0 pruned=12920 | timed    model=Dkrt n=2 MAX=3 TD=1 T1=3 TR=21 SYNC=19 k=2 F=1 DC=22 prop=All  execs=1106 blocked=30990 impossible=0 explored=32096 judged=1122 p2_runs=0 p2_tr_side=0 p2_sync_side=0 p4_runs=16 client_runs=0 failed_file_runs=817 timeout_runs=1121 restart_after_fail_runs=0 first_safe_after_timeout_runs=0 probe_nontrivial_runs=816 confused_ack_runs=0 verdict=VIOLATED time=18.338406917s,18.3,18.3,2,1,none,18.0,150.0,2026-09-30 14:58:01,2026-09-30 14:58:20,194,/local/sramezani/v8logs/brp-025.log,--mode timed --n 2 --max 3 --td 1 --t1 3 --tr 21 --sync 19 --k 2 --files 1 --property all --keep-going
brp-037,brp,brp_timed,D n=3 MAX=1 TR=9 F=1 all w1,baseline,ladder,2,"VIOLATED = spurious alarms (untimed counts do not depend on TR/SYNC/TD/T1/k), exit 0 with --keep-going; explored=911810 (measured 57.6 s)",finished,0,7838,903972,0,0,,"900000 explored (7742 execs, 892258 blocked)",TFSTATS execs=7838 blocked=903972 timeline_impossible=0 pruned=0 | baseline model=Dkrt n=3 MAX=1 TD=1 T1=3 TR=9 SYNC=9 k=2 F=1 DC=10 prop=All  execs=7838 blocked=903972 impossible=0 explored=911810 judged=70806 p2_runs=48904 p2_tr_side=48904 p2_sync_side=0 p4_runs=47226 client_runs=346 failed_file_runs=54959 timeout_runs=70805 restart_after_fail_runs=0 first_safe_after_timeout_runs=56766 probe_nontrivial_runs=54958 confused_ack_runs=27060 verdict=VIOLATED time=73.002977656s,73.0,72.7,2,1,none,65.0,150.0,2026-09-30 14:57:10,2026-09-30 14:58:24,195,/local/sramezani/v8logs/brp-037.log,--mode baseline --n 3 --max 1 --td 1 --t1 3 --tr 9 --sync 9 --k 2 --files 1 --property all --keep-going
brp-036,brp,brp_timed,D n=3 MAX=1 TR=9 F=1 all w1,timed,ladder,2,"HOLDS (proof), impossible=0; explored=11748",finished,0,219,11529,0,2536,,,TFSTATS execs=219 blocked=11529 timeline_impossible=0 pruned=2536 | timed    model=Dkrt n=3 MAX=1 TD=1 T1=3 TR=9 SYNC=9 k=2 F=1 DC=10 prop=All  execs=219 blocked=11529 impossible=0 explored=11748 judged=219 p2_runs=0 p2_tr_side=0 p2_sync_side=0 p4_runs=0 client_runs=0 failed_file_runs=138 timeout_runs=218 restart_after_fail_runs=0 first_safe_after_timeout_runs=0 probe_nontrivial_runs=137 confused_ack_runs=0 verdict=HOLDS time=5.300857144s | NOTE: no frame reached the receiver after it timed out. With one file that is exactly what (2) needs (compare the adjacent FIRE cell); with more files it means (2) was barely tested.,5.3,5.3,2,1,none,6.0,150.0,2026-09-30 14:58:24,2026-09-30 14:58:30,195,/local/sramezani/v8logs/brp-036.log,--mode timed --n 3 --max 1 --td 1 --t1 3 --tr 9 --sync 9 --k 2 --files 1 --property all --keep-going
brp-012,brp,brp_timed,A MAX=2 n=2 F=1 all w1,timed,ladder,2,"HOLDS (proof), impossible=0; explored=6460",finished,0,226,6234,0,2168,,,TFSTATS execs=226 blocked=6234 timeline_impossible=0 pruned=2168 | timed    model=Dkrt n=2 MAX=2 TD=1 T1=3 TR=15 SYNC=15 k=2 F=1 DC=16 prop=All  execs=226 blocked=6234 impossible=0 explored=6460 judged=226 p2_runs=0 p2_tr_side=0 p2_sync_side=0 p4_runs=0 client_runs=0 failed_file_runs=161 timeout_runs=225 restart_after_fail_runs=0 first_safe_after_timeout_runs=0 probe_nontrivial_runs=160 confused_ack_runs=0 verdict=HOLDS time=3.681257586s | NOTE: no frame reached the receiver after it timed out. With one file that is exactly what (2) needs (compare the adjacent FIRE cell); with more files it means (2) was barely tested.,3.7,3.7,2,1,none,3.0,150.0,2026-09-30 14:58:30,2026-09-30 14:58:34,195,/local/sramezani/v8logs/brp-012.log,--mode timed --n 2 --max 2 --td 1 --t1 3 --tr 15 --sync 15 --k 2 --files 1 --property all --keep-going
brp-011,brp,brp_timed,A MAX=1 n=2 F=1 all w1,baseline,ladder,2,"VIOLATED = spurious alarms (untimed counts do not depend on TR/SYNC/TD/T1/k), exit 0 with --keep-going; explored=23002 judged=2301",finished,0,374,22628,0,0,,,TFSTATS execs=374 blocked=22628 timeline_impossible=0 pruned=0 | baseline model=Dkrt n=2 MAX=1 TD=1 T1=3 TR=9 SYNC=9 k=2 F=1 DC=10 prop=All  execs=374 blocked=22628 impossible=0 explored=23002 judged=2301 p2_runs=1240 p2_tr_side=1240 p2_sync_side=0 p4_runs=1535 client_runs=8 failed_file_runs=1809 timeout_runs=2300 restart_after_fail_runs=0 first_safe_after_timeout_runs=1650 probe_nontrivial_runs=1808 confused_ack_runs=156 verdict=VIOLATED time=1.351987112s,1.4,1.3,2,1,none,2.0,150.0,2026-09-30 14:58:34,2026-09-30 14:58:36,195,/local/sramezani/v8logs/brp-011.log,--mode baseline --n 2 --max 1 --td 1 --t1 3 --tr 9 --sync 9 --k 2 --files 1 --property all --keep-going
brp-010,brp,brp_timed,A MAX=1 n=2 F=1 all w1,timed,ladder,2,"HOLDS (proof), impossible=0; explored=1180",finished,0,42,1138,0,296,,,TFSTATS execs=42 blocked=1138 timeline_impossible=0 pruned=296 | timed    model=Dkrt n=2 MAX=1 TD=1 T1=3 TR=9 SYNC=9 k=2 F=1 DC=10 prop=All  execs=42 blocked=1138 impossible=0 explored=1180 judged=42 p2_runs=0 p2_tr_side=0 p2_sync_side=0 p4_runs=0 client_runs=0 failed_file_runs=30 timeout_runs=41 restart_after_fail_runs=0 first_safe_after_timeout_runs=0 probe_nontrivial_runs=29 confused_ack_runs=0 verdict=HOLDS time=519.40368ms | NOTE: no frame reached the receiver after it timed out. With one file that is exactly what (2) needs (compare the adjacent FIRE cell); with more files it means (2) was barely tested.,0.5,0.5,2,1,none,1.0,150.0,2026-09-30 14:58:36,2026-09-30 14:58:37,195,/local/sramezani/v8logs/brp-010.log,--mode timed --n 2 --max 1 --td 1 --t1 3 --tr 9 --sync 9 --k 2 --files 1 --property all --keep-going
brp-013,brp,brp_timed,A MAX=2 n=2 F=1 all w1,baseline,ladder,2,"VIOLATED = spurious alarms (untimed counts do not depend on TR/SYNC/TD/T1/k), exit 0 with --keep-going; explored=899318 judged=91491",finished,0,11699,887619,0,0,,"800000 explored (10251 execs, 789749 blocked)",TFSTATS execs=11699 blocked=887619 timeline_impossible=0 pruned=0 | baseline model=Dkrt n=2 MAX=2 TD=1 T1=3 TR=15 SYNC=15 k=2 F=1 DC=16 prop=All  execs=11699 blocked=887619 impossible=0 explored=899318 judged=91491 p2_runs=61472 p2_tr_side=61472 p2_sync_side=0 p4_runs=60884 client_runs=144 failed_file_runs=70285 timeout_runs=91490 restart_after_fail_runs=0 first_safe_after_timeout_runs=80353 probe_nontrivial_runs=70284 confused_ack_runs=10224 verdict=VIOLATED time=61.718748093s,61.7,61.5,2,1,none,50.0,150.0,2026-09-30 14:57:37,2026-09-30 14:58:40,191,/local/sramezani/v8logs/brp-013.log,--mode baseline --n 2 --max 2 --td 1 --t1 3 --tr 15 --sync 15 --k 2 --files 1 --property all --keep-going
brp-027,brp,brp_timed,B3 boundary MAX=3 TR=21 SYNC=20 F=1 all w1,timed,boundary,2,"HOLDS (edge of (4)): explored=31940; exit 0 with --keep-going, engine-certified (impossible=0)",finished,0,1106,30834,0,12920,,,TFSTATS execs=1106 blocked=30834 timeline_impossible=0 pruned=12920 | timed    model=Dkrt n=2 MAX=3 TD=1 T1=3 TR=21 SYNC=20 k=2 F=1 DC=22 prop=All  execs=1106 blocked=30834 impossible=0 explored=31940 judged=1106 p2_runs=0 p2_tr_side=0 p2_sync_side=0 p4_runs=0 client_runs=0 failed_file_runs=801 timeout_runs=1105 restart_after_fail_runs=0 first_safe_after_timeout_runs=0 probe_nontrivial_runs=800 confused_ack_runs=0 verdict=HOLDS time=19.034065176s | NOTE: no frame reached the receiver after it timed out. With one file that is exactly what (2) needs (compare the adjacent FIRE cell); with more files it means (2) was barely tested.,19.0,19.0,2,1,none,18.0,150.0,2026-09-30 14:58:20,2026-09-30 14:58:40,194,/local/sramezani/v8logs/brp-027.log,--mode timed --n 2 --max 3 --td 1 --t1 3 --tr 21 --sync 20 --k 2 --files 1 --property all --keep-going
brp-038,brp,brp_timed,D n=4 MAX=1 TR=9 F=1 all w1,timed,ladder,2,"HOLDS (proof), impossible=0; explored=141910 (measured 55.6 s)",finished,0,1364,140546,0,30232,,"100000 explored (1016 execs, 98984 blocked)",TFSTATS execs=1364 blocked=140546 timeline_impossible=0 pruned=30232 | timed    model=Dkrt n=4 MAX=1 TD=1 T1=3 TR=9 SYNC=9 k=2 F=1 DC=10 prop=All  execs=1364 blocked=140546 impossible=0 explored=141910 judged=1364 p2_runs=0 p2_tr_side=0 p2_sync_side=0 p4_runs=0 client_runs=0 failed_file_runs=823 timeout_runs=1363 restart_after_fail_runs=0 first_safe_after_timeout_runs=0 probe_nontrivial_runs=822 confused_ack_runs=0 verdict=HOLDS time=97.2174121s | NOTE: no frame reached the receiver after it timed out. With one file that is exactly what (2) needs (compare the adjacent FIRE cell); with more files it means (2) was barely tested.,97.2,97.2,2,1,none,65.0,150.0,2026-09-30 14:57:28,2026-09-30 14:59:06,199,/local/sramezani/v8logs/brp-038.log,--mode timed --n 4 --max 1 --td 1 --t1 3 --tr 9 --sync 9 --k 2 --files 1 --property all --keep-going
stp-007,stp,spanning_tree_timed,"lost-hellos R=10 MA=3 Fd=18 (tight hold, bound MA+Fd<=20)",timed,headline,1,"hold exit 0, violations=0, execs 202374, blocked 601906, reverted>0",finished,0,202374,601906,0,0,0,"800000 explored (202374 execs, 597626 blocked)",TFSTATS execs=202374 blocked=601906 timeline_impossible=0 pruned=0 | timed     scenario=lost-hellos R=10 K=0  L=0 U=1 sd=0 H=2 MA=3 Fd=18  execs=202374 blocked=601906 lost=0 refreshed=612855 aged_out=934665 reverted=587436 loop_reopened=0 violations=0 time=366.023202106s,366.0,366.0,2,1,none,490.0,32.0,2026-09-30 14:55:07,2026-09-30 15:01:14,243,/local/sramezani/v8logs/stp-007.log,--mode timed --scenario lost-hellos --keep-going --rounds 10 --forward-delay-ratio 18
nrp-007,nrp,nrp_failure_detector_timed,"case7 switch failure, DCN2 phase 11, R=4 kg",timed,headline,1,hold: violations=0 execs=2 blocked=595483 stepdowns=completed=2 (measured 331 s),finished,0,2,595483,0,34917,0,"500000 explored (2 execs, 499998 blocked)","TFSTATS execs=2 blocked=595483 timeline_impossible=0 pruned=34917 | timed    variant=nrp fault=switch promote=takeover tA=30 tB=30 attack=[-,-) hb_on_change=off R=4 max=2 L=1 U=1 sd=0 H=20 P=10 phase=11  execs=2 blocked=595483 completed=2 dual=0 stepdowns=2 promotions=2 shortcut=2 takeover_pings=0 backup_replies=0 lease_resets=0 lease_chances=0 nrp_changes=2 sw_drops=10 violations=0 time=346.699778935s",346.7,346.7,2,1,none,480.0,32.0,2026-09-30 14:56:31,2026-09-30 15:02:19,231,/local/sramezani/v8logs/nrp-007.log,--mode timed --variant nrp --fault switch --rounds 4 --phase-ratio 11 --keep-going
nrp-002,nrp,nrp_failure_detector_timed,selftest nrp no-failure R=4 kg,baseline,headline,1,violations=34707 spurious dual primaries (execs=31436 blocked=2519989 completed=66143; measured 282 s); exit 0 because of --keep-going,finished,0,31436,2519989,0,0,34707,"2500000 explored (31352 execs, 2468648 blocked)","TFSTATS execs=31436 blocked=2519989 timeline_impossible=0 pruned=0 | baseline variant=nrp fault=none promote=takeover tA=- tB=- attack=[-,-) hb_on_change=off R=4 max=2 L=1 U=1 sd=0 H=20 P=10 phase=0  execs=31436 blocked=2519989 completed=66143 dual=34707 stepdowns=43137 promotions=53316 shortcut=53316 takeover_pings=0 backup_replies=0 lease_resets=0 lease_chances=0 nrp_changes=65093 sw_drops=0 violations=34707 time=333.006800517s",333.0,332.8,2,1,none,330.0,32.0,2026-09-30 14:58:00,2026-09-30 15:03:34,230,/local/sramezani/v8logs/nrp-002.log,--mode baseline --variant nrp --fault none --rounds 4 --keep-going
nrp-003,nrp,nrp_failure_detector_timed,selftest nrp no-failure R=5 kg,timed,headline,1,REVIEW: promoted to headline (both sides about 1 min or more). hold violations=0 execs=1 blocked=146066 (measured 87.5 s),finished,0,1,146066,0,2486,0,"100000 explored (1 execs, 99999 blocked)","TFSTATS execs=1 blocked=146066 timeline_impossible=0 pruned=2486 | timed    variant=nrp fault=none promote=takeover tA=- tB=- attack=[-,-) hb_on_change=off R=5 max=2 L=1 U=1 sd=0 H=20 P=10 phase=0  execs=1 blocked=146066 completed=1 dual=0 stepdowns=0 promotions=0 shortcut=0 takeover_pings=0 backup_replies=0 lease_resets=0 lease_chances=0 nrp_changes=0 sw_drops=0 violations=0 time=107.198482727s",107.2,107.2,2,1,none,100.0,32.0,2026-09-30 15:02:19,2026-09-30 15:04:07,231,/local/sramezani/v8logs/nrp-003.log,--mode timed --variant nrp --fault none --rounds 5 --keep-going
nrp-005,nrp,nrp_failure_detector_timed,case8 published leasing (attacker only) R=3 kg,timed,headline,1,hold: violations=0 execs=1 blocked=90564 (measured 35.9 s); lease-vacuous WARNING (lease_chances 0) expected at R=3; efficiency-only cell,finished,0,1,90564,0,7053,0,,"TFSTATS execs=1 blocked=90564 timeline_impossible=0 pruned=7053 | timed    variant=leasing fault=none promote=takeover tA=- tB=- attack=[0,-) hb_on_change=off R=3 max=2 L=1 U=1 sd=0 H=20 P=10 phase=0  execs=1 blocked=90564 completed=1 dual=0 stepdowns=0 promotions=0 shortcut=0 takeover_pings=1 backup_replies=1 lease_resets=1 lease_chances=0 nrp_changes=0 sw_drops=6 violations=0 time=42.778417685s",42.8,42.8,2,1,none,50.0,32.0,2026-09-30 15:03:34,2026-09-30 15:04:17,230,/local/sramezani/v8logs/nrp-005.log,--mode timed --variant leasing --fault none --attack-from-ratio 0 --rounds 3 --keep-going
nrp-012,nrp,nrp_failure_detector_timed,case8 published leasing R=6 no-kg (biggest timed),baseline,headline,1,FIRE exit 101 (spurious dual primary; measured 6.1 s),finished (assertion failed: FIRE),101,,,,,,,thread 'main' (2384269) panicked at traceforge/src/lib.rs:2423:21:,12.5,12.5,2,1,none,15.0,32.0,2026-09-30 15:04:17,2026-09-30 15:04:30,230,/local/sramezani/v8logs/nrp-012.log,--mode baseline --variant leasing --fault none --attack-from-ratio 0 --rounds 6
nrp-010,nrp,nrp_failure_detector_timed,case8 published leasing R=5 (first non-vacuous size) no-kg,baseline,headline,1,FIRE exit 101 (spurious dual primary; measured 1.6 s),finished (assertion failed: FIRE),101,,,,,,,thread 'main' (2384294) panicked at traceforge/src/lib.rs:2423:21:,2.3,2.3,2,1,none,5.0,32.0,2026-09-30 15:04:30,2026-09-30 15:04:33,230,/local/sramezani/v8logs/nrp-010.log,--mode baseline --variant leasing --fault none --attack-from-ratio 0 --rounds 5
nrp-001,nrp,nrp_failure_detector_timed,selftest nrp no-failure R=4 kg,timed,headline,1,"hold: violations=0 execs=1 blocked=51806 (measured 24.6 s; 20.0 s without kg in rev_nrp_A, same counts); vacuity WARNING expected (no failure, backup never decides)",finished,0,1,51806,0,995,0,,"TFSTATS execs=1 blocked=51806 timeline_impossible=0 pruned=995 | timed    variant=nrp fault=none promote=takeover tA=- tB=- attack=[-,-) hb_on_change=off R=4 max=2 L=1 U=1 sd=0 H=20 P=10 phase=0  execs=1 blocked=51806 completed=1 dual=0 stepdowns=0 promotions=0 shortcut=0 takeover_pings=0 backup_replies=0 lease_resets=0 lease_chances=0 nrp_changes=0 sw_drops=0 violations=0 time=27.493390376s",27.5,27.5,2,1,none,35.0,32.0,2026-09-30 15:04:07,2026-09-30 15:04:35,231,/local/sramezani/v8logs/nrp-001.log,--mode timed --variant nrp --fault none --rounds 4 --keep-going
stp-005,stp,spanning_tree_timed,"link-up R=10 Fd=35 (tight hold, bound 34)",timed,headline,1,"hold exit 0, violations=0, execs=(3^R-1)/2=29524, blocked=510112, news_heard>0, settled_backup>0",finished,0,29524,510112,0,0,0,"500000 explored (29524 execs, 470476 blocked)",TFSTATS execs=29524 blocked=510112 timeline_impossible=0 pruned=0 | timed     scenario=link-up R=10 K=0  L=0 U=1 sd=0 H=2 P=2 MA=6 Bd=12 Fd=35  execs=29524 blocked=510112 lost=0 news_heard=118096 settled_backup=59048 loop_before_news=0 loop_in_pre_backup=0 violations=0 time=216.304750237s,216.3,216.3,2,1,none,300.0,32.0,2026-09-30 15:01:14,2026-09-30 15:04:50,243,/local/sramezani/v8logs/stp-005.log,--mode timed --scenario link-up --keep-going --rounds 10 --forward-delay-ratio 35
stp-008,stp,spanning_tree_timed,"lost-hellos R=10 MA=3 Fd=18 (tight hold, bound MA+Fd<=20)",baseline,headline,1,"exit 0, spurious violations 250959, execs 423185",finished,0,423185,663481,0,0,250959,"1000000 explored (423185 execs, 576815 blocked)",TFSTATS execs=423185 blocked=663481 timeline_impossible=0 pruned=0 | baseline  scenario=lost-hellos R=10 K=0  L=0 U=1 sd=0 H=2 MA=3 Fd=18  execs=423185 blocked=663481 lost=0 refreshed=1264633 aged_out=1968300 reverted=1264633 loop_reopened=250959 violations=250959 time=63.721612364s,63.7,63.7,2,1,none,90.0,32.0,2026-09-30 15:04:50,2026-09-30 15:05:54,243,/local/sramezani/v8logs/stp-008.log,--mode baseline --scenario lost-hellos --keep-going --rounds 10 --forward-delay-ratio 18
stp-006,stp,spanning_tree_timed,"link-up R=10 Fd=35 (tight hold, bound 34)",baseline,headline,1,"exit 0, spurious violations=2(3^R-1)=118096, execs=3(3^R-1)/2=88572, blocked=510112 (same as timed)",finished,0,88572,510112,0,0,118096,"500000 explored (88572 execs, 411428 blocked)",TFSTATS execs=88572 blocked=510112 timeline_impossible=0 pruned=0 | baseline  scenario=link-up R=10 K=0  L=0 U=1 sd=0 H=2 P=2 MA=6 Bd=12 Fd=35  execs=88572 blocked=510112 lost=0 news_heard=177144 settled_backup=59048 loop_before_news=59048 loop_in_pre_backup=59048 violations=118096 time=38.907697824s,38.9,38.9,2,1,none,60.0,32.0,2026-09-30 15:05:54,2026-09-30 15:06:33,243,/local/sramezani/v8logs/stp-006.log,--mode baseline --scenario link-up --keep-going --rounds 10 --forward-delay-ratio 35
lease-004,lease,lease_timed,unfenced A(U2 L0 sd1 TTL10) PAUSE=3 keep-going C=6 R=1,baseline,headline,1,"spurious FIRE counted: violations ~5.3e7, execs=524880, blocked ~8.7e7 (exit 0); 33.4M violations reached in 2400 s on 8 cores",finished,0,524880,84662384,0,0,51560640,"19000000 explored (7744 execs, 18992256 blocked)",TFSTATS execs=524880 blocked=84662384 timeline_impossible=0 pruned=0 | baseline   C=6 R=1 fencing=off  L=0 U=2 TTL=10 PAUSE=3 sd=1  execs=524880 blocked=84662384 grants=510917760 expired=438354000 released=72563760 applied=341815680 stale=0      violations=51560640 time=5470.997453755s,5471.0,23709.8,22,8,shared,4500.0,32.0,2026-09-30 13:44:27,2026-09-30 15:15:39,"28,29,30,31,32,33,34,35",/local/sramezani/v8logs/lease-004.log,--clients 6 --rounds 1 --mode baseline --u 2 --l-ratio 0 --sd-ratio 0.5 --ttl-ratio 5 --fencing off --pause-ratio 1.5 --keep-going --parallel shared
brp-026,brp,brp_timed,B3 boundary MAX=3 TR=21 SYNC=19 F=1 all w1,baseline,boundary,2,"VIOLATED = spurious alarms (untimed counts do not depend on TR/SYNC/TD/T1/k), exit 0 with --keep-going; identical to the A MAX=3 baseline (explored=29943190)",finished,0,280035,29663155,0,0,,"29900000 explored (279468 execs, 29620532 blocked)",TFSTATS execs=280035 blocked=29663155 timeline_impossible=0 pruned=0 | baseline model=Dkrt n=2 MAX=3 TD=1 T1=3 TR=21 SYNC=19 k=2 F=1 DC=22 prop=All  execs=280035 blocked=29663155 impossible=0 explored=29943190 judged=3091301 p2_runs=2382524 p2_tr_side=2382524 p2_sync_side=0 p4_runs=2122438 client_runs=1504 failed_file_runs=2405561 timeout_runs=3091300 restart_after_fail_runs=0 first_safe_after_timeout_runs=2935448 probe_nontrivial_runs=2405560 confused_ack_runs=417360 verdict=VIOLATED time=2536.57203921s,2536.6,2528.1,2,1,none,1500.0,150.0,2026-09-30 14:36:07,2026-09-30 15:18:24,192,/local/sramezani/v8logs/brp-026.log,--mode baseline --n 2 --max 3 --td 1 --t1 3 --tr 21 --sync 19 --k 2 --files 1 --property all --keep-going
swim-091,swim,swim_timed,L0 N=7 R=1 Ws=6 rep2,timed,headline,3,"hold: violations=0, exit 0 (timing replicate) (REVIEW: pred 5039 -> 5500)",finished,0,244,5379803,0,0,0,"5300000 explored (244 execs, 5299756 blocked)",TFSTATS execs=244 blocked=5379803 timeline_impossible=0 pruned=0 | timed      N=7 R=1  L=0 U=2 Wp=2 Ws=6 sd=1  execs=244    blocked=5379803 acks=6250   suspects=5012271 refuted=9091463 dead=0      violations=0      time=5367.065965346s,5367.1,5367.0,2,1,none,5500.0,32.0,2026-09-30 13:50:13,2026-09-30 15:19:41,109,/local/sramezani/v8logs/swim-091.log,--mode timed --nodes 7 --rounds 1 --u 2 --sd-ratio 0.5 --w-probe-ratio 1 --l-ratio 0 --w-suspect-ratio 3.0 --keep-going
swim-041,swim,swim_timed,L1 N=4 R=4 Ws=6,timed,ladder,2,"hold: violations=0, exit 0",finished,0,10000,4583704,0,74266,0,"4500000 explored (10000 execs, 4490000 blocked)",TFSTATS execs=10000 blocked=4583704 timeline_impossible=0 pruned=74266 | timed      N=4 R=4  L=1 U=2 Wp=2 Ws=6 sd=1  execs=10000  blocked=4583704 acks=977374 suspects=15990634 refuted=18584206 dead=0      violations=0      time=5735.62907943s,5735.6,5734.9,2,1,none,5183.0,32.0,2026-09-30 13:44:28,2026-09-30 15:20:04,120,/local/sramezani/v8logs/swim-041.log,--mode timed --nodes 4 --rounds 4 --u 2 --sd-ratio 0.5 --w-probe-ratio 1 --l-ratio 0.5 --w-suspect-ratio 3.0 --keep-going
brp-028,brp,brp_timed,B3 boundary MAX=3 TR=21 SYNC=20 F=1 all w1,baseline,boundary,2,"VIOLATED = spurious alarms (untimed counts do not depend on TR/SYNC/TD/T1/k), exit 0 with --keep-going; identical to the A MAX=3 baseline (explored=29943190)",finished,0,280035,29663155,0,0,,"29900000 explored (279468 execs, 29620532 blocked)",TFSTATS execs=280035 blocked=29663155 timeline_impossible=0 pruned=0 | baseline model=Dkrt n=2 MAX=3 TD=1 T1=3 TR=21 SYNC=20 k=2 F=1 DC=22 prop=All  execs=280035 blocked=29663155 impossible=0 explored=29943190 judged=3091301 p2_runs=2382524 p2_tr_side=2382524 p2_sync_side=0 p4_runs=2122438 client_runs=1504 failed_file_runs=2405561 timeout_runs=3091300 restart_after_fail_runs=0 first_safe_after_timeout_runs=2935448 probe_nontrivial_runs=2405560 confused_ack_runs=417360 verdict=VIOLATED time=2527.967496852s,2528.0,2520.1,2,1,none,1500.0,150.0,2026-09-30 14:38:04,2026-09-30 15:20:13,193,/local/sramezani/v8logs/brp-028.log,--mode baseline --n 2 --max 3 --td 1 --t1 3 --tr 21 --sync 20 --k 2 --files 1 --property all --keep-going
swim-013,swim,swim_timed,L0 N=4 R=4 Ws=6,timed,headline,1,"hold: violations=0, exit 0 (REVIEW: promoted from prio 2, biggest comfortable N=4 cell)",finished,0,10000,8274217,0,0,0,"8200000 explored (10000 execs, 8190000 blocked)",TFSTATS execs=10000 blocked=8274217 timeline_impossible=0 pruned=0 | timed      N=4 R=4  L=0 U=2 Wp=2 Ws=6 sd=1  execs=10000  blocked=8274217 acks=1620161 suspects=28692540 refuted=33822161 dead=0      violations=0      time=5801.879447234s,5801.9,5801.7,2,1,none,9432.0,32.0,2026-09-30 13:44:27,2026-09-30 15:21:09,92,/local/sramezani/v8logs/swim-013.log,--mode timed --nodes 4 --rounds 4 --u 2 --sd-ratio 0.5 --w-probe-ratio 1 --l-ratio 0 --w-suspect-ratio 3.0 --keep-going
par-006,par,par_timed,"K=6 R=1 To=9 errs (both >=1 min, single core)",baseline,headline,1,"spurious p1_fails=234684, execs=9414551 blocked=9649245 (1c >1200 s measured; REVIEW pred from K5 1c x15.5: 1700-2050 s)",finished,0,9414551,9649245,0,0,,"19000000 explored (9382667 execs, 9617333 blocked)",par (Bosnacki-Dams): dK=3 dL=3 dR=1 To=9 (rule To > dK+dL+dR = 7: listing HOLD) K=6 R=1 R1=1 UD=0 errs=true | TFSTATS execs=9414551 blocked=9649245 timeline_impossible=0 pruned=0 | baseline: execs=9414551 blocked=9649245 impossible=0 explored=19063796 time=1537.415s p1_fails=234684 delivered=105045512 duplicates=56352826 timeouts=95256500 ackerr=22512036 msgerr=27723216 confused=35484304 gave_up=13996742 | VIOLATION: P1 (assert(mr == me)) failed in some explored execution,1537.4,1537.4,2,1,none,1900.0,32.0,2026-09-30 14:56:29,2026-09-30 15:22:07,253,/local/sramezani/v8logs/par-006.log,--mode baseline --dk 3 --dl 3 --dr 1 --to 9 --messages 6 --retries 1 --keep-going
ct-006,ct,chandra_toueg_timed,D2 P4 to=13 H=31 kg w7 (largest timed that finishes),baseline,headline,1,"VIOLATED spurious: violations=224861 of execs=4056219, blocked=75168794 (counts measured at w12, 1071 s); about 550 MB of generator panic noise on stderr",finished,0,4056219,75168794,0,0,224861,"11000000 explored (513586 execs, 10486414 blocked)","TFSTATS execs=4056219 blocked=75168794 timeline_impossible=0 pruned=0 | baseline enc=buffer control=none delta=2 phi=4 to=13 H=31  execs=4056219 blocked=75168794 impossible=0 explored=79225013 completed=4056219 violations=224861 W*=13 (attained by 224861) steps=[0,31] receives=[0,10] deliveries=[0,10] sent=[10,10] guard_seq_events=37247187 guard_done_events=7448860 verdict=VIOLATED time=2299.3353333s",2299.3,15494.2,31,7,shared --workers 7,2200.0,32.0,2026-09-30 14:45:38,2026-09-30 15:23:58,"225,226,227,250,252,254,255",/local/sramezani/v8logs/ct-006.log,--mode baseline --delta 2 --phi 4 --to 13 --horizon 31 --keep-going --workers 7
sensor-012,sensor,sensor_network_timed,"T3 row2 Listing 6 verbatim (random readings), S=2 R=1 kg, p8",baseline,headline,1,exit 0 SPURIOUS dead>0; not measured (>1200 s p4); pred ~330M explored at 32-39k/s p8,finished,0,15184032,302642048,0,0,,,TFSTATS execs=15184032 blocked=302642048 timeline_impossible=0 pruned=0 | baseline  S=2 R=1 readings=random property=rescue timers=separate cut=on  L=1 U=1 sd=0 P=2/3 C=4 Ds=2 Dr=4 OBST=1  execs=15184032 blocked=302642048 impossible=0      checks_ok=366003200 late_reports=476756480 sensor_failures=119885824 missions=242718720 acked=3809280 rescues=238909440 reached=119454720 dead=119454720 time=6047.65013381s,6047.7,45999.7,554,8,partitioned,11000.0,32.0,2026-09-30 13:44:27,2026-09-30 15:25:16,"156,157,158,159,160,161,162,163",/local/sramezani/v8logs/sensor-012.log,--mode baseline --table3-row 2 --keep-going --parallel partitioned
lease-075,lease,lease_timed,C=2 R=5 fenced (rounds ladder),timed,ladder,2,hold,finished,0,5153632,22678223,0,557752,0,"3500000 explored (645784 execs, 2854216 blocked)",TFSTATS execs=5153632 blocked=22678223 timeline_impossible=0 pruned=557752 | timed      C=2 R=5 fencing=on  L=0 U=2 TTL=10 PAUSE=4 sd=1  execs=5153632 blocked=22678223 grants=269077812 expired=191968368 released=77109444 applied=229866190 stale=22791406 violations=0      time=5772.953533971s,5772.9,45620.0,32,8,shared,18000.0,32.0,2026-09-30 13:51:39,2026-09-30 15:27:52,"44,45,46,47,48,49,50,51",/local/sramezani/v8logs/lease-075.log,--clients 2 --rounds 5 --mode timed --u 2 --l-ratio 0 --sd-ratio 0.5 --ttl-ratio 5 --fencing on --pause-ratio 2 --keep-going --parallel shared
lease-066,lease,lease_timed,C=2 R=3 unfenced (rounds ladder),baseline,ladder,2,spurious violations > 0,finished,0,5832,29160,0,0,3428,,TFSTATS execs=5832 blocked=29160 timeline_impossible=0 pruned=0 | baseline   C=2 R=3 fencing=off  L=0 U=2 TTL=10 PAUSE=3 sd=1  execs=5832   blocked=29160  grants=190744 expired=138628 released=52116  applied=170632 stale=0      violations=3428   time=6.307134122s,6.3,6.3,2,1,none,60.0,32.0,2026-09-30 15:27:52,2026-09-30 15:27:59,49,/local/sramezani/v8logs/lease-066.log,--clients 2 --rounds 3 --mode baseline --u 2 --l-ratio 0 --sd-ratio 0.5 --ttl-ratio 5 --fencing off --pause-ratio 1.5 --keep-going
lease-068,lease,lease_timed,C=2 R=3 fenced (rounds ladder),baseline,ladder,2,hold,finished,0,27000,77904,0,0,0,"100000 explored (25773 execs, 74227 blocked)",TFSTATS execs=27000 blocked=77904 timeline_impossible=0 pruned=0 | baseline   C=2 R=3 fencing=on  L=0 U=2 TTL=10 PAUSE=4 sd=1  execs=27000  blocked=77904  grants=591112 expired=455844 released=135268 applied=437516 stale=102956 violations=0      time=18.297713185s,18.3,18.3,2,1,none,60.0,32.0,2026-09-30 15:27:52,2026-09-30 15:28:11,51,/local/sramezani/v8logs/lease-068.log,--clients 2 --rounds 3 --mode baseline --u 2 --l-ratio 0 --sd-ratio 0.5 --ttl-ratio 5 --fencing on --pause-ratio 2 --keep-going
lease-065,lease,lease_timed,C=2 R=3 unfenced (rounds ladder),timed,ladder,2,hold (violations=0),finished,0,5832,30617,0,0,0,,TFSTATS execs=5832 blocked=30617 timeline_impossible=0 pruned=0 | timed      C=2 R=3 fencing=off  L=0 U=2 TTL=10 PAUSE=3 sd=1  execs=5832   blocked=30617  grants=196368 expired=142656 released=53712  applied=172600 stale=0      violations=0      time=31.157817295s,31.2,31.1,2,1,none,60.0,32.0,2026-09-30 15:27:52,2026-09-30 15:28:24,48,/local/sramezani/v8logs/lease-065.log,--clients 2 --rounds 3 --mode timed --u 2 --l-ratio 0 --sd-ratio 0.5 --ttl-ratio 5 --fencing off --pause-ratio 1.5 --keep-going
lease-067,lease,lease_timed,C=2 R=3 fenced (rounds ladder),timed,ladder,2,hold,finished,0,10648,46867,0,1152,0,,TFSTATS execs=10648 blocked=46867 timeline_impossible=0 pruned=1152 | timed      C=2 R=3 fencing=on  L=0 U=2 TTL=10 PAUSE=4 sd=1  execs=10648  blocked=46867  grants=321324 expired=236652 released=84672  applied=261650 stale=25762  violations=0      time=31.199562939s,31.2,31.2,2,1,none,60.0,32.0,2026-09-30 15:27:52,2026-09-30 15:28:24,50,/local/sramezani/v8logs/lease-067.log,--clients 2 --rounds 3 --mode timed --u 2 --l-ratio 0 --sd-ratio 0.5 --ttl-ratio 5 --fencing on --pause-ratio 2 --keep-going
lease-020,lease,lease_timed,fenced A PAUSE=4 C=4 R=1,baseline,ladder,2,"hold, execs=22680 blocked=138840",finished,0,22680,138840,0,0,0,"100000 explored (14175 execs, 85825 blocked)",TFSTATS execs=22680 blocked=138840 timeline_impossible=0 pruned=0 | baseline   C=4 R=1 fencing=on  L=0 U=2 TTL=10 PAUSE=4 sd=1  execs=22680  blocked=138840 grants=642816 expired=559440 released=83376  applied=333504 stale=212544 violations=0      time=25.011642048s,25.0,25.0,2,1,none,26.0,32.0,2026-09-30 15:27:59,2026-09-30 15:28:24,49,/local/sramezani/v8logs/lease-020.log,--clients 4 --rounds 1 --mode baseline --u 2 --l-ratio 0 --sd-ratio 0.5 --ttl-ratio 5 --fencing on --pause-ratio 2
lease-036,lease,lease_timed,fenced E PAUSE=10 C=4 R=1,baseline,ladder,2,hold: execs=22680 blocked=138840,finished,0,22680,138840,0,0,0,"100000 explored (14175 execs, 85825 blocked)",TFSTATS execs=22680 blocked=138840 timeline_impossible=0 pruned=0 | baseline   C=4 R=1 fencing=on  L=2 U=2 TTL=10 PAUSE=10 sd=0  execs=22680  blocked=138840 grants=642816 expired=559440 released=83376  applied=333504 stale=212544 violations=0      time=25.359615726s,25.4,25.4,2,1,none,26.0,32.0,2026-09-30 15:28:11,2026-09-30 15:28:37,51,/local/sramezani/v8logs/lease-036.log,--clients 4 --rounds 1 --mode baseline --u 2 --l-ratio 1 --sd-ratio 0 --ttl-ratio 5 --fencing on --pause-ratio 5
lease-017,lease,lease_timed,unfenced A PAUSE=3 keep-going C=4 R=1,timed,ladder,2,"hold, execs=1944 blocked=46313",finished,0,1944,46313,0,527,0,,TFSTATS execs=1944 blocked=46313 timeline_impossible=0 pruned=527 | timed      C=4 R=1 fencing=off  L=0 U=2 TTL=10 PAUSE=3 sd=1  execs=1944   blocked=46313  grants=186812 expired=157740 released=29072  applied=115301 stale=0      violations=0      time=18.099353281s,18.1,18.1,2,1,none,20.0,32.0,2026-09-30 15:28:24,2026-09-30 15:28:43,50,/local/sramezani/v8logs/lease-017.log,--clients 4 --rounds 1 --mode timed --u 2 --l-ratio 0 --sd-ratio 0.5 --ttl-ratio 5 --fencing off --pause-ratio 1.5 --keep-going
lease-035,lease,lease_timed,fenced E PAUSE=10 C=4 R=1,timed,ladder,2,"hold: execs=672 blocked=27708, stale=7418",finished,0,672,27708,0,13038,0,,TFSTATS execs=672 blocked=27708 timeline_impossible=0 pruned=13038 | timed      C=4 R=1 fencing=on  L=2 U=2 TTL=10 PAUSE=10 sd=0  execs=672    blocked=27708  grants=162319 expired=141434 released=20086  applied=91835  stale=7418   violations=0      time=24.382040743s,24.4,24.4,2,1,none,21.0,32.0,2026-09-30 15:28:24,2026-09-30 15:28:49,49,/local/sramezani/v8logs/lease-035.log,--clients 4 --rounds 1 --mode timed --u 2 --l-ratio 1 --sd-ratio 0 --ttl-ratio 5 --fencing on --pause-ratio 5
lease-019,lease,lease_timed,fenced A PAUSE=4 C=4 R=1,timed,ladder,2,"hold, execs=2760 blocked=53327, stale=9410",finished,0,2760,53327,0,2104,0,,TFSTATS execs=2760 blocked=53327 timeline_impossible=0 pruned=2104 | timed      C=4 R=1 fencing=on  L=0 U=2 TTL=10 PAUSE=4 sd=1  execs=2760   blocked=53327  grants=224431 expired=189002 released=35309  applied=136271 stale=9410   violations=0      time=32.646526373s,32.6,32.6,2,1,none,22.0,32.0,2026-09-30 15:28:24,2026-09-30 15:28:57,48,/local/sramezani/v8logs/lease-019.log,--clients 4 --rounds 1 --mode timed --u 2 --l-ratio 0 --sd-ratio 0.5 --ttl-ratio 5 --fencing on --pause-ratio 2
lease-029,lease,lease_timed,unfenced E(U2 L2 sd0 TTL10) PAUSE=9 keep-going C=4 R=1,timed,ladder,2,hold: execs=384 blocked=23856,finished,0,384,23856,0,11173,0,,TFSTATS execs=384 blocked=23856 timeline_impossible=0 pruned=11173 | timed      C=4 R=1 fencing=off  L=2 U=2 TTL=10 PAUSE=9 sd=0  execs=384    blocked=23856  grants=138308 expired=121253 released=16411  applied=78724  stale=0      violations=0      time=13.415394016s,13.4,13.4,2,1,none,17.0,32.0,2026-09-30 15:28:43,2026-09-30 15:28:57,50,/local/sramezani/v8logs/lease-029.log,--clients 4 --rounds 1 --mode timed --u 2 --l-ratio 1 --sd-ratio 0 --ttl-ratio 5 --fencing off --pause-ratio 4.5 --keep-going
lease-030,lease,lease_timed,unfenced E(U2 L2 sd0 TTL10) PAUSE=9 keep-going C=4 R=1,baseline,ladder,2,"violations=19008, execs=1944 blocked=48984",finished,0,1944,48984,0,0,19008,,TFSTATS execs=1944 blocked=48984 timeline_impossible=0 pruned=0 | baseline   C=4 R=1 fencing=off  L=2 U=2 TTL=10 PAUSE=9 sd=0  execs=1944   blocked=48984  grants=200448 expired=170352 released=30096  applied=139392 stale=0      violations=19008  time=8.809260162s,8.8,8.7,2,1,none,9.0,32.0,2026-09-30 15:28:49,2026-09-30 15:28:58,49,/local/sramezani/v8logs/lease-030.log,--clients 4 --rounds 1 --mode baseline --u 2 --l-ratio 1 --sd-ratio 0 --ttl-ratio 5 --fencing off --pause-ratio 4.5 --keep-going
lease-057,lease,lease_timed,boundary A PAUSE=4=bnd first-FIRE (no keep-going) C=6 R=1,timed,boundary,2,FIRE ec=101 certified timed counterexample (1.8 s measured),finished (assertion failed: FIRE),101,,,,,,,thread 'main' (2389737) panicked at traceforge/src/must.rs:1728:13:,2.0,2.0,2,1,none,5.0,32.0,2026-09-30 15:28:57,2026-09-30 15:28:59,50,/local/sramezani/v8logs/lease-057.log,--clients 6 --rounds 1 --mode timed --u 2 --l-ratio 0 --sd-ratio 0.5 --ttl-ratio 5 --fencing off --pause-ratio 2
lease-013,lease,lease_timed,unfenced A PAUSE=3 keep-going C=3 R=1,timed,ladder,2,"hold, execs=162 blocked=1771",finished,0,162,1771,0,8,0,,TFSTATS execs=162 blocked=1771 timeline_impossible=0 pruned=8 | timed      C=3 R=1 fencing=off  L=0 U=2 TTL=10 PAUSE=3 sd=1  execs=162    blocked=1771   grants=4992   expired=4201   released=791    applied=3152   stale=0      violations=0      time=785.545444ms,0.8,0.8,2,1,none,2.0,32.0,2026-09-30 15:28:58,2026-09-30 15:28:59,49,/local/sramezani/v8logs/lease-013.log,--clients 3 --rounds 1 --mode timed --u 2 --l-ratio 0 --sd-ratio 0.5 --ttl-ratio 5 --fencing off --pause-ratio 1.5 --keep-going
lease-014,lease,lease_timed,unfenced A PAUSE=3 keep-going C=3 R=1,baseline,ladder,2,"violations=408, execs=162 blocked=1686",finished,0,162,1686,0,0,408,,TFSTATS execs=162 blocked=1686 timeline_impossible=0 pruned=0 | baseline   C=3 R=1 fencing=off  L=0 U=2 TTL=10 PAUSE=3 sd=1  execs=162    blocked=1686   grants=5112   expired=4314   released=798    applied=3600   stale=0      violations=408    time=257.438969ms,0.2,0.2,2,1,none,2.0,32.0,2026-09-30 15:28:59,2026-09-30 15:29:00,49,/local/sramezani/v8logs/lease-014.log,--clients 3 --rounds 1 --mode baseline --u 2 --l-ratio 0 --sd-ratio 0.5 --ttl-ratio 5 --fencing off --pause-ratio 1.5 --keep-going
lease-015,lease,lease_timed,fenced A PAUSE=4 C=3 R=1,timed,ladder,2,"hold, execs=218 blocked=1967, stale=307",finished,0,218,1967,0,63,0,,TFSTATS execs=218 blocked=1967 timeline_impossible=0 pruned=63 | timed      C=3 R=1 fencing=on  L=0 U=2 TTL=10 PAUSE=4 sd=1  execs=218    blocked=1967   grants=5913   expired=4970   released=940    applied=3651   stale=307    violations=0      time=570.540372ms,0.6,0.6,2,1,none,2.0,32.0,2026-09-30 15:28:59,2026-09-30 15:29:00,50,/local/sramezani/v8logs/lease-015.log,--clients 3 --rounds 1 --mode timed --u 2 --l-ratio 0 --sd-ratio 0.5 --ttl-ratio 5 --fencing on --pause-ratio 2
lease-016,lease,lease_timed,fenced A PAUSE=4 C=3 R=1,baseline,ladder,2,"hold, execs=630 blocked=2538",finished,0,630,2538,0,0,0,,TFSTATS execs=630 blocked=2538 timeline_impossible=0 pruned=0 | baseline   C=3 R=1 fencing=on  L=0 U=2 TTL=10 PAUSE=4 sd=1  execs=630    blocked=2538   grants=9072   expired=7776   released=1296   applied=5184   stale=2160   violations=0      time=397.908664ms,0.4,0.4,2,1,none,2.0,32.0,2026-09-30 15:29:00,2026-09-30 15:29:01,49,/local/sramezani/v8logs/lease-016.log,--clients 3 --rounds 1 --mode baseline --u 2 --l-ratio 0 --sd-ratio 0.5 --ttl-ratio 5 --fencing on --pause-ratio 2
lease-058,lease,lease_timed,boundary A PAUSE=4=bnd first-FIRE (no keep-going) C=6 R=1,baseline,boundary,2,FIRE ec=101 (<1 s),finished (assertion failed: FIRE),101,,,,,,,thread 'main' (2389762) panicked at traceforge/src/lib.rs:2423:21:,0.0,0.0,2,1,none,2.0,32.0,2026-09-30 15:29:00,2026-09-30 15:29:01,50,/local/sramezani/v8logs/lease-058.log,--clients 6 --rounds 1 --mode baseline --u 2 --l-ratio 0 --sd-ratio 0.5 --ttl-ratio 5 --fencing off --pause-ratio 2
lease-009,lease,lease_timed,unfenced A PAUSE=3 keep-going C=2 R=1,timed,ladder,2,"hold, execs=18 blocked=103",finished,0,18,103,0,0,0,,TFSTATS execs=18 blocked=103 timeline_impossible=0 pruned=0 | timed      C=2 R=1 fencing=off  L=0 U=2 TTL=10 PAUSE=3 sd=1  execs=18     blocked=103    grants=160    expired=134    released=26     applied=104    stale=0      violations=0      time=30.65107ms,0.0,0.0,2,1,none,1.0,32.0,2026-09-30 15:29:01,2026-09-30 15:29:02,49,/local/sramezani/v8logs/lease-009.log,--clients 2 --rounds 1 --mode timed --u 2 --l-ratio 0 --sd-ratio 0.5 --ttl-ratio 5 --fencing off --pause-ratio 1.5 --keep-going
lease-010,lease,lease_timed,unfenced A PAUSE=3 keep-going C=2 R=1,baseline,ladder,2,"violations=8, execs=18 blocked=90",finished,0,18,90,0,0,8,,TFSTATS execs=18 blocked=90 timeline_impossible=0 pruned=0 | baseline   C=2 R=1 fencing=off  L=0 U=2 TTL=10 PAUSE=3 sd=1  execs=18     blocked=90     grants=160    expired=134    released=26     applied=112    stale=0      violations=8      time=7.660716ms,0.0,0.0,2,1,none,1.0,32.0,2026-09-30 15:29:01,2026-09-30 15:29:02,50,/local/sramezani/v8logs/lease-010.log,--clients 2 --rounds 1 --mode baseline --u 2 --l-ratio 0 --sd-ratio 0.5 --ttl-ratio 5 --fencing off --pause-ratio 1.5 --keep-going
lease-011,lease,lease_timed,fenced A PAUSE=4 C=2 R=1,timed,ladder,2,"hold, execs=22 blocked=108, stale=11",finished,0,22,108,0,2,0,,TFSTATS execs=22 blocked=108 timeline_impossible=0 pruned=2 | timed      C=2 R=1 fencing=on  L=0 U=2 TTL=10 PAUSE=4 sd=1  execs=22     blocked=108    grants=182    expired=153    released=29     applied=115    stale=11     violations=0      time=33.748064ms,0.0,0.0,2,1,none,1.0,32.0,2026-09-30 15:29:02,2026-09-30 15:29:03,49,/local/sramezani/v8logs/lease-011.log,--clients 2 --rounds 1 --mode timed --u 2 --l-ratio 0 --sd-ratio 0.5 --ttl-ratio 5 --fencing on --pause-ratio 2
lease-012,lease,lease_timed,fenced A PAUSE=4 C=2 R=1,baseline,ladder,2,"hold, execs=30 blocked=94",finished,0,30,94,0,0,0,,TFSTATS execs=30 blocked=94 timeline_impossible=0 pruned=0 | baseline   C=2 R=1 fencing=on  L=0 U=2 TTL=10 PAUSE=4 sd=1  execs=30     blocked=94     grants=192    expired=162    released=30     applied=120    stale=24     violations=0      time=8.264792ms,0.0,0.0,2,1,none,1.0,32.0,2026-09-30 15:29:02,2026-09-30 15:29:03,50,/local/sramezani/v8logs/lease-012.log,--clients 2 --rounds 1 --mode baseline --u 2 --l-ratio 0 --sd-ratio 0.5 --ttl-ratio 5 --fencing on --pause-ratio 2
lease-060,lease,lease_timed,boundary A PAUSE=3=bnd-1 no keep-going (hold vs first FIRE) C=4 R=1,baseline,boundary,2,FIRE ec=101 (<1 s),finished (assertion failed: FIRE),101,,,,,,,thread 'main' (2389787) panicked at traceforge/src/lib.rs:2423:21:,0.0,0.0,2,1,none,1.0,32.0,2026-09-30 15:29:03,2026-09-30 15:29:04,49,/local/sramezani/v8logs/lease-060.log,--clients 4 --rounds 1 --mode baseline --u 2 --l-ratio 0 --sd-ratio 0.5 --ttl-ratio 5 --fencing off --pause-ratio 1.5
lease-059,lease,lease_timed,boundary A PAUSE=3=bnd-1 no keep-going (hold vs first FIRE) C=4 R=1,timed,boundary,2,hold ec=0 execs=1944 blocked=46313,finished,0,1944,46313,0,527,0,,TFSTATS execs=1944 blocked=46313 timeline_impossible=0 pruned=527 | timed      C=4 R=1 fencing=off  L=0 U=2 TTL=10 PAUSE=3 sd=1  execs=1944   blocked=46313  grants=186812 expired=157740 released=29072  applied=115301 stale=0      violations=0      time=27.529546781s,27.5,27.5,2,1,none,20.0,32.0,2026-09-30 15:28:37,2026-09-30 15:29:05,51,/local/sramezani/v8logs/lease-059.log,--clients 4 --rounds 1 --mode timed --u 2 --l-ratio 0 --sd-ratio 0.5 --ttl-ratio 5 --fencing off --pause-ratio 1.5
lease-018,lease,lease_timed,unfenced A PAUSE=3 keep-going C=4 R=1,baseline,ladder,2,"violations=19008, execs=1944 blocked=48984",finished,0,1944,48984,0,0,19008,,TFSTATS execs=1944 blocked=48984 timeline_impossible=0 pruned=0 | baseline   C=4 R=1 fencing=off  L=0 U=2 TTL=10 PAUSE=3 sd=1  execs=1944   blocked=48984  grants=200448 expired=170352 released=30096  applied=139392 stale=0      violations=19008  time=8.779398955s,8.8,8.8,2,1,none,7.0,32.0,2026-09-30 15:28:57,2026-09-30 15:29:06,48,/local/sramezani/v8logs/lease-018.log,--clients 4 --rounds 1 --mode baseline --u 2 --l-ratio 0 --sd-ratio 0.5 --ttl-ratio 5 --fencing off --pause-ratio 1.5 --keep-going
lease-026,lease,lease_timed,REVIEW: unfenced A PAUSE=3 keep-going C=5 R=1 sequential single-core reference,baseline,ladder,2,"violations=943680, execs=29160 blocked=1852696 (331 s measured)",finished,0,29160,1852696,0,0,943680,"1800000 explored (27993 execs, 1772007 blocked)",TFSTATS execs=29160 blocked=1852696 timeline_impossible=0 pruned=0 | baseline   C=5 R=1 fencing=off  L=0 U=2 TTL=10 PAUSE=3 sd=1  execs=29160  blocked=1852696 grants=9384000 expired=8019120 released=1364880 applied=6403200 stale=0      violations=943680 time=250.36782816s,250.4,250.3,2,1,none,400.0,32.0,2026-09-30 15:27:52,2026-09-30 15:32:03,47,/local/sramezani/v8logs/lease-026.log,--clients 5 --rounds 1 --mode baseline --u 2 --l-ratio 0 --sd-ratio 0.5 --ttl-ratio 5 --fencing off --pause-ratio 1.5 --keep-going
abp-028,abp,alternating_bit_timed,abp premature K=5 R=2 W=2 (=edge),timed,boundary,2,"hold, stale>0; execs ~4.96e6 (x18.84 per K: 742,13972,263236)",finished,0,4959562,4959580,0,2695932,,"9900000 explored (4950003 execs, 4949997 blocked)",TFSTATS execs=4959562 blocked=4959580 timeline_impossible=0 pruned=2695932 | timed     variant=abp K=5 R=2  L=0 U=1 sd=0 W=2 dR=0 (2U+2sd+dR=2)  execs=4959562 blocked=4959580 delivered=62157652 dups=55541925 timeouts=102347416 stale=15337053 confused=0      completed=6252875 gave_up=5269527 end_checks=2755312 p1_fails=0    p2_fails=0    time=6732.818729181s,6732.8,6732.8,2,1,none,6000.0,32.0,2026-09-30 13:45:38,2026-09-30 15:37:52,205,/local/sramezani/v8logs/abp-028.log,--mode timed --variant abp --messages 5 --retries 2 --w-ratio 2
brp-035,brp,brp_timed,"C2 DKRT cell F=2 MAX=2 TR=15 SYNC=12 p2 w1 (SYNC edge, fire; timed only)",timed,boundary,2,"VIOLATED, true (2) SYNC side: p2_sync_side=19, explored=7808550 (643 s on 8 workers, 5135 CPU-s)",finished,0,154230,7654320,0,2204327,,"7800000 explored (153849 execs, 7646151 blocked)",TFSTATS execs=154230 blocked=7654320 timeline_impossible=0 pruned=2204327 | timed    model=Dkrt n=2 MAX=2 TD=1 T1=3 TR=15 SYNC=12 k=2 F=2 DC=16 prop=P2  execs=154230 blocked=7654320 impossible=0 explored=7808550 judged=154249 p2_runs=19 p2_tr_side=0 p2_sync_side=19 p4_runs=0 client_runs=555 failed_file_runs=111913 timeout_runs=154248 restart_after_fail_runs=38160 first_safe_after_timeout_runs=57646 probe_nontrivial_runs=0 confused_ack_runs=0 verdict=VIOLATED time=6921.102328621s,6921.1,6921.0,2,1,none,5300.0,150.0,2026-09-30 13:44:27,2026-09-30 15:39:48,198,/local/sramezani/v8logs/brp-035.log,--mode timed --n 2 --max 2 --td 1 --t1 3 --tr 15 --sync 12 --k 2 --files 2 --property p2 --keep-going
brp-034,brp,brp_timed,"C2 DKRT cell F=2 MAX=2 TR=15 SYNC=13 p2 w1 (exact SYNC edge, hold)",timed,boundary,2,"HOLDS: execs=152475 blocked=7589451 explored=7741926 restart_after_fail_runs=36386 (691 s on 8 workers, 5515 CPU-s); baseline twin = C2 ceiling",finished,0,152475,7589451,0,2183971,,"7700000 explored (151903 execs, 7548097 blocked)",TFSTATS execs=152475 blocked=7589451 timeline_impossible=0 pruned=2183971 | timed    model=Dkrt n=2 MAX=2 TD=1 T1=3 TR=15 SYNC=13 k=2 F=2 DC=16 prop=P2  execs=152475 blocked=7589451 impossible=0 explored=7741926 judged=152475 p2_runs=0 p2_tr_side=0 p2_sync_side=0 p4_runs=0 client_runs=548 failed_file_runs=110139 timeout_runs=152474 restart_after_fail_runs=36386 first_safe_after_timeout_runs=56862 probe_nontrivial_runs=0 confused_ack_runs=0 verdict=HOLDS time=6928.420829299s,6928.4,6928.4,2,1,none,5600.0,150.0,2026-09-30 13:44:27,2026-09-30 15:39:56,197,/local/sramezani/v8logs/brp-034.log,--mode timed --n 2 --max 2 --td 1 --t1 3 --tr 15 --sync 13 --k 2 --files 2 --property p2 --keep-going
nisshi-003,nisshi,nisshi_txn_timed,T=2 R=5 L=1 U=5 W=1 B=0 shared4,timed,headline,1,"hold: ec=0, violations=0; predicted coverage ~11.5M (linear law), not measured",finished,0,15840,11903928,0,166583,0,"3100000 explored (3324 execs, 3096676 blocked)",TFSTATS execs=15840 blocked=11903928 timeline_impossible=0 pruned=166583 | timed     fix=None T=2 R=5 L=1 U=5 sd=0 W=1 B=0  execs=15840 blocked=11903928 timeouts=60410230 completed_txns=22454910 fatal=0 stray_commits=0 dirty_reads=0 violations=0 time=7114.582416097s,7114.6,27027.7,24,4,shared,4800.0,32.0,2026-09-30 13:44:27,2026-09-30 15:43:02,"236,237,238,239",/local/sramezani/v8logs/nisshi-003.log,--mode timed --txns 2 --retries 5 --l 1 --u 5 --w 1 --backoff 0 --keep-going --parallel shared
nisshi-001,nisshi,nisshi_txn_timed,T=2 R=3 L=1 U=5 W=1 B=0,timed,headline,1,"hold: ec=0, violations=0; measured execs/blocked=312/39614",finished,0,312,39614,0,1163,0,,TFSTATS execs=312 blocked=39614 timeline_impossible=0 pruned=1163 | timed     fix=None T=2 R=3 L=1 U=5 sd=0 W=1 B=0  execs=312 blocked=39614 timeouts=123035 completed_txns=64894 fatal=0 stray_commits=0 dirty_reads=0 violations=0 time=33.868151963s,33.9,33.9,2,1,none,40.0,32.0,2026-09-30 15:43:02,2026-09-30 15:43:36,237,/local/sramezani/v8logs/nisshi-001.log,--mode timed --txns 2 --retries 3 --l 1 --u 5 --w 1 --backoff 0 --keep-going
abp-033,abp,alternating_bit_timed,par DT-Spin row K=5 R=2 W=8 (hold side),baseline,boundary,2,"spurious FIRE counted; bit-identical to the par K=5 U=1 W=3 baseline (baseline ignores U, L, dR, W: verified at K=3 by rev_abp_bpar_K3R2_dt_W8_kg); REVIEW: kept as the DT-Spin precision pair and as a replicate",finished,0,44528549,45323189,0,0,,"89800000 explored (44502690 execs, 45297310 blocked)","TFSTATS execs=44528549 blocked=45323189 timeline_impossible=0 pruned=0 | baseline  variant=par K=5 R=2  L=3 U=3 sd=0 W=8 dR=1 (2U+2sd+dR=7)  execs=44528549 blocked=45323189 delivered=432609654 dups=457596060 timeouts=773979872 stale=0      confused=199127358 completed=49207438 gave_up=40644298 end_checks=24443273 p1_fails=794622 p2_fails=2552172 time=7142.202494817s | VIOLATION (baseline): p1_fails=794622 p2_fails=2552172; --keep-going explored past it, so the exit code is 0 but this is a FIRE, not a hold.",7142.2,7137.9,2,1,none,8500.0,32.0,2026-09-30 13:44:41,2026-09-30 15:43:44,206,/local/sramezani/v8logs/abp-033.log,--mode baseline --variant par --messages 5 --retries 2 --u 3 --l-ratio 1 --proc-ratio 0.333 --w-ratio 2.6666667 --keep-going
nisshi-002,nisshi,nisshi_txn_timed,T=2 R=3 L=1 U=5 W=1 B=0,baseline,headline,1,"ec=0, spurious violations>0; measured execs=7539 blocked=322118 stray=2112 dirty=3272 (3272 distinct violating endings; 8.3x timed coverage)",finished,0,7539,322118,0,0,5384,"300000 explored (7468 execs, 292532 blocked)",TFSTATS execs=7539 blocked=322118 timeline_impossible=0 pruned=0 | baseline  fix=None T=2 R=3 L=1 U=5 sd=0 W=1 B=0  execs=7539 blocked=322118 timeouts=973652 completed_txns=616770 fatal=0 stray_commits=2112 dirty_reads=3272 violations=5384 time=81.524422979s,81.5,81.5,2,1,none,75.0,32.0,2026-09-30 15:43:02,2026-09-30 15:44:24,236,/local/sramezani/v8logs/nisshi-002.log,--mode baseline --txns 2 --retries 3 --l 1 --u 5 --w 1 --backoff 0 --keep-going
lease-025,lease,lease_timed,REVIEW: unfenced A PAUSE=3 keep-going C=5 R=1 sequential single-core reference,timed,ladder,2,"hold: violations=0, execs=29160 blocked=1601917 (990 s measured)",finished,0,29160,1601917,0,29836,0,"1600000 explored (28917 execs, 1571083 blocked)",TFSTATS execs=29160 blocked=1601917 timeline_impossible=0 pruned=29836 | timed      C=5 R=1 fencing=off  L=0 U=2 TTL=10 PAUSE=3 sd=1  execs=29160  blocked=1601917 grants=8220380 expired=6957294 released=1263086 applied=4990951 stale=0      violations=0      time=1181.877522305s,1181.9,1181.8,2,1,none,1150.0,32.0,2026-09-30 15:27:52,2026-09-30 15:47:34,46,/local/sramezani/v8logs/lease-025.log,--clients 5 --rounds 1 --mode timed --u 2 --l-ratio 0 --sd-ratio 0.5 --ttl-ratio 5 --fencing off --pause-ratio 1.5 --keep-going
nisshi-013,nisshi,nisshi_txn_timed,T=64 R=1 L=1 U=5 W=1 B=0,timed,ladder,2,"hold: ec=0, violations=0; measured execs/blocked=6/5220",finished,0,6,5220,0,191,0,,TFSTATS execs=6 blocked=5220 timeline_impossible=0 pruned=191 | timed     fix=None T=64 R=1 L=1 U=5 sd=0 W=1 B=0  execs=6 blocked=5220 timeouts=5408 completed_txns=174016 fatal=0 stray_commits=0 dirty_reads=0 violations=0 time=197.081123091s,197.1,197.1,92,1,none,135.0,32.0,2026-09-30 15:44:24,2026-09-30 15:47:41,236,/local/sramezani/v8logs/nisshi-013.log,--mode timed --txns 64 --retries 1 --l 1 --u 5 --w 1 --backoff 0 --keep-going
nisshi-021,nisshi,nisshi_txn_timed,T=4 R=3 L=1 U=5 W=1 B=0,timed,ladder,2,"hold: ec=0, violations=0; measured execs/blocked=312/55328",finished,0,312,55328,0,2561,0,,TFSTATS execs=312 blocked=55328 timeline_impossible=0 pruned=2561 | timed     fix=None T=4 R=3 L=1 U=5 sd=0 W=1 B=0  execs=312 blocked=55328 timeouts=174371 completed_txns=164012 fatal=0 stray_commits=0 dirty_reads=0 violations=0 time=111.111965746s,111.1,111.1,2,1,none,100.0,32.0,2026-09-30 15:47:41,2026-09-30 15:49:32,236,/local/sramezani/v8logs/nisshi-021.log,--mode timed --txns 4 --retries 3 --l 1 --u 5 --w 1 --backoff 0 --keep-going
lease-027,lease,lease_timed,REVIEW: fenced A PAUSE=4 C=5 R=1 sequential single-core reference,timed,ladder,2,hold: execs=42792 blocked=1877293 (1052 s measured),finished,0,42792,1877293,0,83262,0,"1900000 explored (42735 execs, 1857265 blocked)",TFSTATS execs=42792 blocked=1877293 timeline_impossible=0 pruned=83262 | timed      C=5 R=1 fencing=on  L=0 U=2 TTL=10 PAUSE=4 sd=1  execs=42792  blocked=1877293 grants=9932034 expired=8380962 released=1546602 applied=5957228 stale=342547 violations=0      time=1326.282054202s,1326.3,1326.2,2,1,none,1200.0,32.0,2026-09-30 15:27:52,2026-09-30 15:49:59,45,/local/sramezani/v8logs/lease-027.log,--clients 5 --rounds 1 --mode timed --u 2 --l-ratio 0 --sd-ratio 0.5 --ttl-ratio 5 --fencing on --pause-ratio 2
nisshi-055,nisshi,nisshi_txn_timed,T=2 R=3 L=1 U=11 W=5 B=0,timed,boundary,2,timed dirty only: dirty=122 stray=0,finished,0,879,106960,0,1884,122,"100000 explored (879 execs, 99121 blocked)",TFSTATS execs=879 blocked=106960 timeline_impossible=0 pruned=1884 | timed     fix=None T=2 R=3 L=1 U=11 sd=0 W=5 B=0  execs=879 blocked=106960 timeouts=318607 completed_txns=198828 fatal=0 stray_commits=0 dirty_reads=122 violations=122 time=149.573278267s,149.6,149.6,2,1,none,92.0,32.0,2026-09-30 15:49:32,2026-09-30 15:52:02,236,/local/sramezani/v8logs/nisshi-055.log,--mode timed --txns 2 --retries 3 --l 1 --u 11 --w 5 --backoff 0 --keep-going
nisshi-022,nisshi,nisshi_txn_timed,T=4 R=3 L=1 U=5 W=1 B=0,baseline,ladder,2,"ec=0, spurious violations>0; measured execs=53713 blocked=2471316 stray=33408 dirty=52930",finished,0,53713,2471316,0,0,86338,"2500000 explored (53713 execs, 2446287 blocked)",TFSTATS execs=53713 blocked=2471316 timeline_impossible=0 pruned=0 | baseline  fix=None T=4 R=3 L=1 U=5 sd=0 W=1 B=0  execs=53713 blocked=2471316 timeouts=7503924 completed_txns=9410654 fatal=0 stray_commits=33408 dirty_reads=52930 violations=86338 time=509.219807745s,509.2,509.2,2,1,none,620.0,32.0,2026-09-30 15:43:36,2026-09-30 15:52:05,237,/local/sramezani/v8logs/nisshi-022.log,--mode baseline --txns 4 --retries 3 --l 1 --u 5 --w 1 --backoff 0 --keep-going
nisshi-053,nisshi,nisshi_txn_timed,T=2 R=3 L=1 U=10 W=5 B=0,timed,boundary,2,timed dirty only: dirty=122 stray=0,finished,0,879,100438,0,2002,122,"100000 explored (879 execs, 99121 blocked)",TFSTATS execs=879 blocked=100438 timeline_impossible=0 pruned=2002 | timed     fix=None T=2 R=3 L=1 U=10 sd=0 W=5 B=0  execs=879 blocked=100438 timeouts=299983 completed_txns=186114 fatal=0 stray_commits=0 dirty_reads=122 violations=122 time=89.964570716s,90.0,90.0,2,1,none,90.0,32.0,2026-09-30 15:52:05,2026-09-30 15:53:36,237,/local/sramezani/v8logs/nisshi-053.log,--mode timed --txns 2 --retries 3 --l 1 --u 10 --w 5 --backoff 0 --keep-going
ct-003,ct,chandra_toueg_timed,D2 P4 to=13 H=25 kg w7 (TLC diameter),timed,headline,1,HOLDS violations=0 W*=12 (bounded hold = TLC unbounded hold); execs=58533 blocked=10552083; timeline_impossible=0,finished,0,58533,10552083,0,488445,0,"1600000 explored (9205 execs, 1590795 blocked)","TFSTATS execs=58533 blocked=10552083 timeline_impossible=0 pruned=488445 | timed    enc=buffer control=none delta=2 phi=4 to=13 H=25  execs=58533 blocked=10552083 impossible=0 explored=10610616 completed=58533 violations=0 W*=12 (attained by 943) steps=[6,25] receives=[2,8] deliveries=[0,8] sent=[8,8] guard_seq_events=5621172 guard_done_events=1217512 verdict=HOLDS time=1782.182300683s",1782.2,12249.1,24,7,shared --workers 7,1600.0,32.0,2026-09-30 15:23:58,2026-09-30 15:53:41,"225,226,227,250,252,254,255",/local/sramezani/v8logs/ct-003.log,--mode timed --delta 2 --phi 4 --to 13 --horizon 25 --keep-going --workers 7
nisshi-057,nisshi,nisshi_txn_timed,T=2 R=3 L=1 U=12 W=5 B=0,timed,boundary,2,timed stray+dirty: stray=292 dirty=414 (stray edge 12),finished,0,879,107252,0,1884,706,"100000 explored (879 execs, 99121 blocked)",TFSTATS execs=879 blocked=107252 timeline_impossible=0 pruned=1884 | timed     fix=None T=2 R=3 L=1 U=12 sd=0 W=5 B=0  execs=879 blocked=107252 timeouts=319465 completed_txns=199120 fatal=0 stray_commits=292 dirty_reads=414 violations=706 time=149.587393571s,149.6,149.6,2,1,none,91.0,32.0,2026-09-30 15:52:02,2026-09-30 15:54:33,236,/local/sramezani/v8logs/nisshi-057.log,--mode timed --txns 2 --retries 3 --l 1 --u 12 --w 5 --backoff 0 --keep-going
nisshi-068,nisshi,nisshi_txn_timed,T=2 R=3 L=1 U=8 W=1 B=0 fix=epoch-bump,baseline,boundary,2,hold with fix on the untimed side too: violations=0; measured execs=12875 blocked=525858,finished,0,12875,525858,0,0,0,"500000 explored (12716 execs, 487284 blocked)",TFSTATS execs=12875 blocked=525858 timeline_impossible=0 pruned=0 | baseline  fix=EpochBump T=2 R=3 L=1 U=8 sd=0 W=1 B=0  execs=12875 blocked=525858 timeouts=1595102 completed_txns=1021238 fatal=0 stray_commits=0 dirty_reads=0 violations=0 time=86.876447883s,86.9,86.9,2,1,none,90.0,32.0,2026-09-30 15:53:36,2026-09-30 15:55:03,237,/local/sramezani/v8logs/nisshi-068.log,--mode baseline --txns 2 --retries 3 --l 1 --u 8 --w 1 --backoff 0 --fix epoch-bump --keep-going
opt-003,opt,retail_saga_timed,"v2 C=2 N=2 R=5 S=20 U=1 D=7 (hold side, biggest)",baseline,headline,1,late about 7e6 spurious (task lines slightly fewer); log about 50 MB,finished,0,946176,26973860,0,0,,"27900000 explored (945712 execs, 26954288 blocked)","TFSTATS execs=946176 blocked=26973860 timeline_impossible=0 pruned=0 | baseline  variant=v2 N=2 assign=fixed C=2 R=5 S=20 P=1 Q=2  L=0 U=1 sd=0 D=7  execs=946176  blocked=26973860 accepted=261416128 rejected=0      overlap=178649330 race_window=0      contended_reject=0      oversold=0     in_time=232996192 late=7104984 time=7911.823285097s | VIOLATIONS (baseline, --keep-going): oversold=0 late=7104984: this run is a FIRE, not a hold; blocked also counts the executions stopped at a violation.",7911.8,7857.1,2,1,none,4700.0,32.0,2026-09-30 13:44:27,2026-09-30 15:56:19,246,/local/sramezani/v8logs/opt-003.log,--mode baseline --variant v2 --rounds 5 --stock 20 --u 1 --deadline-ratio 7 --keep-going
nisshi-051,nisshi,nisshi_txn_timed,T=2 R=3 L=1 U=9 W=5 B=0,timed,boundary,2,"hold: ec=0, violations=0 (dirty edge 10); measured execs/blocked=713/93716",finished,0,713,93716,0,1974,0,,TFSTATS execs=713 blocked=93716 timeline_impossible=0 pruned=1974 | timed     fix=None T=2 R=3 L=1 U=9 sd=0 W=5 B=0  execs=713 blocked=93716 timeouts=279885 completed_txns=172798 fatal=0 stray_commits=0 dirty_reads=0 violations=0 time=82.975168458s,83.0,83.0,2,1,none,76.0,32.0,2026-09-30 15:55:03,2026-09-30 15:56:26,237,/local/sramezani/v8logs/nisshi-051.log,--mode timed --txns 2 --retries 3 --l 1 --u 9 --w 5 --backoff 0 --keep-going
nisshi-016,nisshi,nisshi_txn_timed,T=8 R=2 L=1 U=5 W=1 B=0,baseline,ladder,2,"ec=0, spurious violations>0; measured execs=9569 blocked=357482 stray=9912 dirty=15288",finished,0,9569,357482,0,0,25200,"300000 explored (7966 execs, 292034 blocked)",TFSTATS execs=9569 blocked=357482 timeline_impossible=0 pruned=0 | baseline  fix=None T=8 R=2 L=1 U=5 sd=0 W=1 B=0  execs=9569 blocked=357482 timeouts=729540 completed_txns=2482448 fatal=0 stray_commits=9912 dirty_reads=15288 violations=25200 time=149.179110605s,149.2,149.0,4,1,none,85.0,32.0,2026-09-30 15:54:33,2026-09-30 15:57:02,236,/local/sramezani/v8logs/nisshi-016.log,--mode baseline --txns 8 --retries 2 --l 1 --u 5 --w 1 --backoff 0 --keep-going
ct-001,ct,chandra_toueg_timed,"D2 P4 to=13 H=22 kg (smallest both >=1 min, sequential)",timed,headline,1,HOLDS violations=0 W*=12 (W*+1=13=TLC thr); execs=18999 blocked=2717493; timeline_impossible=0; ec=0,finished,0,18999,2717493,0,133483,0,"2700000 explored (18999 execs, 2681001 blocked)","TFSTATS execs=18999 blocked=2717493 timeline_impossible=0 pruned=133483 | timed    enc=buffer control=none delta=2 phi=4 to=13 H=22  execs=18999 blocked=2717493 impossible=0 explored=2736492 completed=18999 violations=0 W*=12 (attained by 205) steps=[5,22] receives=[2,7] deliveries=[0,7] sent=[7,7] guard_seq_events=1356452 guard_done_events=339037 verdict=HOLDS time=2098.595284452s",2098.6,2098.6,2,1,none,1900.0,32.0,2026-09-30 15:22:07,2026-09-30 15:57:06,253,/local/sramezani/v8logs/ct-001.log,--mode timed --delta 2 --phi 4 --to 13 --horizon 22 --keep-going
ct-002,ct,chandra_toueg_timed,"D2 P4 to=13 H=22 kg (smallest both >=1 min, sequential)",baseline,headline,1,"VIOLATED spurious: violations=1413 of execs=72918, blocked=1180443; ec=0",finished,0,72918,1180443,0,0,1413,"1200000 explored (72918 execs, 1127082 blocked)","TFSTATS execs=72918 blocked=1180443 timeline_impossible=0 pruned=0 | baseline enc=buffer control=none delta=2 phi=4 to=13 H=22  execs=72918 blocked=1180443 impossible=0 explored=1253361 completed=72918 violations=1413 W*=13 (attained by 1413) steps=[0,22] receives=[0,7] deliveries=[0,7] sent=[7,7] guard_seq_events=503578 guard_done_events=135023 verdict=VIOLATED time=229.506983374s",229.5,229.5,2,1,none,130.0,32.0,2026-09-30 15:53:41,2026-09-30 15:57:31,225,/local/sramezani/v8logs/ct-002.log,--mode baseline --delta 2 --phi 4 --to 13 --horizon 22 --keep-going
nisshi-067,nisshi,nisshi_txn_timed,T=2 R=3 L=1 U=8 W=1 B=0 fix=epoch-bump,timed,boundary,2,hold with fix: violations=0; measured execs=952 blocked=84642,finished,0,952,84642,0,1679,0,,TFSTATS execs=952 blocked=84642 timeline_impossible=0 pruned=1679 | timed     fix=EpochBump T=2 R=3 L=1 U=8 sd=0 W=1 B=0  execs=952 blocked=84642 timeouts=261579 completed_txns=144874 fatal=0 stray_commits=0 dirty_reads=0 violations=0 time=72.914022735s,72.9,72.9,2,1,none,76.0,32.0,2026-09-30 15:56:26,2026-09-30 15:57:39,237,/local/sramezani/v8logs/nisshi-067.log,--mode timed --txns 2 --retries 3 --l 1 --u 8 --w 1 --backoff 0 --fix epoch-bump --keep-going
nisshi-030,nisshi,nisshi_txn_timed,T=2 R=3 L=1 U=6 W=1 B=0,baseline,boundary,2,"ec=0, spurious violations>0; repeat of T2R3 comparison baseline (7539/322118, stray 2112 dirty 3272)",finished,0,7539,322118,0,0,5384,"300000 explored (7468 execs, 292532 blocked)",TFSTATS execs=7539 blocked=322118 timeline_impossible=0 pruned=0 | baseline  fix=None T=2 R=3 L=1 U=6 sd=0 W=1 B=0  execs=7539 blocked=322118 timeouts=973652 completed_txns=616770 fatal=0 stray_commits=2112 dirty_reads=3272 violations=5384 time=83.377096279s,83.4,83.3,2,1,none,75.0,32.0,2026-09-30 15:57:02,2026-09-30 15:58:26,236,/local/sramezani/v8logs/nisshi-030.log,--mode baseline --txns 2 --retries 3 --l 1 --u 6 --w 1 --backoff 0 --keep-going
nisshi-032,nisshi,nisshi_txn_timed,T=2 R=3 L=1 U=7 W=1 B=0,baseline,boundary,2,"ec=0, spurious violations>0; repeat of T2R3 comparison baseline (7539/322118, stray 2112 dirty 3272)",finished,0,7539,322118,0,0,5384,"300000 explored (7468 execs, 292532 blocked)",TFSTATS execs=7539 blocked=322118 timeline_impossible=0 pruned=0 | baseline  fix=None T=2 R=3 L=1 U=7 sd=0 W=1 B=0  execs=7539 blocked=322118 timeouts=973652 completed_txns=616770 fatal=0 stray_commits=2112 dirty_reads=3272 violations=5384 time=52.307087991s,52.3,52.3,2,1,none,75.0,32.0,2026-09-30 15:57:39,2026-09-30 15:58:32,237,/local/sramezani/v8logs/nisshi-032.log,--mode baseline --txns 2 --retries 3 --l 1 --u 7 --w 1 --backoff 0 --keep-going
par-004,par,par_timed,K=5 R=1 To=9 errs (smallest both >=10 s),baseline,headline,1,"spurious p1_fails=13364, execs=730641 blocked=744015 (measured 109-130 s)",finished,0,730641,744015,0,0,,"1400000 explored (693523 execs, 706477 blocked)",par (Bosnacki-Dams): dK=3 dL=3 dR=1 To=9 (rule To > dK+dL+dR = 7: listing HOLD) K=5 R=1 R1=1 UD=0 errs=true | TFSTATS execs=730641 blocked=744015 timeline_impossible=0 pruned=0 | baseline: execs=730641 blocked=744015 impossible=0 explored=1474656 time=107.075s p1_fails=13364 delivered=6718892 duplicates=3590472 timeouts=6279966 ackerr=1487984 msgerr=1821762 confused=1846768 gave_up=1087086 | VIOLATION: P1 (assert(mr == me)) failed in some explored execution,107.1,107.1,2,1,none,125.0,32.0,2026-09-30 15:57:06,2026-09-30 15:58:53,253,/local/sramezani/v8logs/par-004.log,--mode baseline --dk 3 --dl 3 --dr 1 --to 9 --messages 5 --retries 1 --keep-going
nisshi-036,nisshi,nisshi_txn_timed,T=2 R=3 L=1 U=7 W=1 B=2,baseline,boundary,2,"ec=0, spurious violations>0; repeat of T2R3 comparison baseline (7539/322118, stray 2112 dirty 3272)",finished,0,7539,322118,0,0,5384,"300000 explored (7468 execs, 292532 blocked)",TFSTATS execs=7539 blocked=322118 timeline_impossible=0 pruned=0 | baseline  fix=None T=2 R=3 L=1 U=7 sd=0 W=1 B=2  execs=7539 blocked=322118 timeouts=973652 completed_txns=616770 fatal=0 stray_commits=2112 dirty_reads=3272 violations=5384 time=52.771696916s,52.8,52.8,2,1,none,75.0,32.0,2026-09-30 15:58:32,2026-09-30 15:59:25,237,/local/sramezani/v8logs/nisshi-036.log,--mode baseline --txns 2 --retries 3 --l 1 --u 7 --w 1 --backoff 2 --keep-going
nisshi-034,nisshi,nisshi_txn_timed,T=2 R=3 L=1 U=8 W=1 B=0,baseline,boundary,2,"ec=0, spurious violations>0; repeat of T2R3 comparison baseline (7539/322118, stray 2112 dirty 3272)",finished,0,7539,322118,0,0,5384,"300000 explored (7468 execs, 292532 blocked)",TFSTATS execs=7539 blocked=322118 timeline_impossible=0 pruned=0 | baseline  fix=None T=2 R=3 L=1 U=8 sd=0 W=1 B=0  execs=7539 blocked=322118 timeouts=973652 completed_txns=616770 fatal=0 stray_commits=2112 dirty_reads=3272 violations=5384 time=84.25356927s,84.2,84.2,2,1,none,75.0,32.0,2026-09-30 15:58:26,2026-09-30 15:59:51,236,/local/sramezani/v8logs/nisshi-034.log,--mode baseline --txns 2 --retries 3 --l 1 --u 8 --w 1 --backoff 0 --keep-going
nisshi-038,nisshi,nisshi_txn_timed,T=2 R=3 L=1 U=8 W=1 B=2,baseline,boundary,2,"ec=0, spurious violations>0; repeat of T2R3 comparison baseline (7539/322118, stray 2112 dirty 3272)",finished,0,7539,322118,0,0,5384,"300000 explored (7468 execs, 292532 blocked)",TFSTATS execs=7539 blocked=322118 timeline_impossible=0 pruned=0 | baseline  fix=None T=2 R=3 L=1 U=8 sd=0 W=1 B=2  execs=7539 blocked=322118 timeouts=973652 completed_txns=616770 fatal=0 stray_commits=2112 dirty_reads=3272 violations=5384 time=53.029392895s,53.0,53.0,2,1,none,75.0,32.0,2026-09-30 15:59:25,2026-09-30 16:00:18,237,/local/sramezani/v8logs/nisshi-038.log,--mode baseline --txns 2 --retries 3 --l 1 --u 8 --w 1 --backoff 2 --keep-going
par-005,par,par_timed,"K=6 R=1 To=9 errs (both >=1 min, single core)",timed,headline,1,"hold, execs=78121 blocked=78131 impossible=0 (measured 114 s)",finished,0,78121,78131,0,42966,,"100000 explored (50006 execs, 49994 blocked)",par (Bosnacki-Dams): dK=3 dL=3 dR=1 To=9 (rule To > dK+dL+dR = 7: listing HOLD) K=6 R=1 R1=1 UD=0 errs=true | TFSTATS execs=78121 blocked=78131 timeline_impossible=0 pruned=42966 | timed: execs=78121 blocked=78131 impossible=0 explored=156252 time=96.588s p1_fails=0 delivered=1122075 duplicates=441018 timeouts=810992 ackerr=267381 msgerr=267381 confused=0 gave_up=131847,96.6,96.6,2,1,none,115.0,32.0,2026-09-30 15:58:53,2026-09-30 16:00:30,253,/local/sramezani/v8logs/par-005.log,--mode timed --dk 3 --dl 3 --dr 1 --to 9 --messages 6 --retries 1 --keep-going
par-003,par,par_timed,K=5 R=1 To=9 errs (smallest both >=10 s),timed,headline,1,"hold, execs=15621 blocked=15631 impossible=0 (measured 19 s)",finished,0,15621,15631,0,8591,,,par (Bosnacki-Dams): dK=3 dL=3 dR=1 To=9 (rule To > dK+dL+dR = 7: listing HOLD) K=5 R=1 R1=1 UD=0 errs=true | TFSTATS execs=15621 blocked=15631 timeline_impossible=0 pruned=8591 | timed: execs=15621 blocked=15631 impossible=0 explored=31252 time=14.967s p1_fails=0 delivered=184575 duplicates=72268 timeouts=138242 ackerr=45506 msgerr=45506 confused=0 gave_up=26335,15.0,15.0,2,1,none,20.0,32.0,2026-09-30 16:00:30,2026-09-30 16:00:45,253,/local/sramezani/v8logs/par-003.log,--mode timed --dk 3 --dl 3 --dr 1 --to 9 --messages 5 --retries 1 --keep-going
nisshi-042,nisshi,nisshi_txn_timed,T=2 R=3 L=1 U=10 W=1 B=2,baseline,boundary,2,"ec=0, spurious violations>0; repeat of T2R3 comparison baseline (7539/322118, stray 2112 dirty 3272)",finished,0,7539,322118,0,0,5384,"300000 explored (7468 execs, 292532 blocked)",TFSTATS execs=7539 blocked=322118 timeline_impossible=0 pruned=0 | baseline  fix=None T=2 R=3 L=1 U=10 sd=0 W=1 B=2  execs=7539 blocked=322118 timeouts=973652 completed_txns=616770 fatal=0 stray_commits=2112 dirty_reads=3272 violations=5384 time=52.867530861s,52.9,52.9,2,1,none,75.0,32.0,2026-09-30 16:00:18,2026-09-30 16:01:12,237,/local/sramezani/v8logs/nisshi-042.log,--mode baseline --txns 2 --retries 3 --l 1 --u 10 --w 1 --backoff 2 --keep-going
nisshi-040,nisshi,nisshi_txn_timed,T=2 R=3 L=1 U=9 W=1 B=2,baseline,boundary,2,"ec=0, spurious violations>0; repeat of T2R3 comparison baseline (7539/322118, stray 2112 dirty 3272)",finished,0,7539,322118,0,0,5384,"300000 explored (7468 execs, 292532 blocked)",TFSTATS execs=7539 blocked=322118 timeline_impossible=0 pruned=0 | baseline  fix=None T=2 R=3 L=1 U=9 sd=0 W=1 B=2  execs=7539 blocked=322118 timeouts=973652 completed_txns=616770 fatal=0 stray_commits=2112 dirty_reads=3272 violations=5384 time=83.107463925s,83.1,83.1,2,1,none,75.0,32.0,2026-09-30 15:59:51,2026-09-30 16:01:15,236,/local/sramezani/v8logs/nisshi-040.log,--mode baseline --txns 2 --retries 3 --l 1 --u 9 --w 1 --backoff 2 --keep-going
lease-028,lease,lease_timed,REVIEW: fenced A PAUSE=4 C=5 R=1 sequential single-core reference,baseline,ladder,2,hold: execs=1247400 blocked=11769496 (DNF at the 1200 s calibration cap; ~2200 s predicted from 1680 CPU-s on 4 shared workers x1.27),finished,0,1247400,11769496,0,0,0,"13000000 explored (1246727 execs, 11753273 blocked)",TFSTATS execs=1247400 blocked=11769496 timeline_impossible=0 pruned=0 | baseline   C=5 R=1 fencing=on  L=0 U=2 TTL=10 PAUSE=4 sd=1  execs=1247400 blocked=11769496 grants=65059200 expired=57373920 released=7685280 applied=30741120 stale=26282880 violations=0      time=2006.524595936s,2006.5,2006.5,2,1,none,2500.0,32.0,2026-09-30 15:27:52,2026-09-30 16:01:19,44,/local/sramezani/v8logs/lease-028.log,--clients 5 --rounds 1 --mode baseline --u 2 --l-ratio 0 --sd-ratio 0.5 --ttl-ratio 5 --fencing on --pause-ratio 2
nisshi-044,nisshi,nisshi_txn_timed,T=2 R=3 L=2 U=10 W=1 B=0,baseline,boundary,2,"ec=0, spurious violations>0; repeat of T2R3 comparison baseline (7539/322118, stray 2112 dirty 3272)",finished,0,7539,322118,0,0,5384,"300000 explored (7468 execs, 292532 blocked)",TFSTATS execs=7539 blocked=322118 timeline_impossible=0 pruned=0 | baseline  fix=None T=2 R=3 L=2 U=10 sd=0 W=1 B=0  execs=7539 blocked=322118 timeouts=973652 completed_txns=616770 fatal=0 stray_commits=2112 dirty_reads=3272 violations=5384 time=52.232126524s,52.2,52.2,2,1,none,75.0,32.0,2026-09-30 16:01:12,2026-09-30 16:02:05,237,/local/sramezani/v8logs/nisshi-044.log,--mode baseline --txns 2 --retries 3 --l 2 --u 10 --w 1 --backoff 0 --keep-going
nisshi-046,nisshi,nisshi_txn_timed,T=2 R=3 L=2 U=11 W=1 B=0,baseline,boundary,2,"ec=0, spurious violations>0; repeat of T2R3 comparison baseline (7539/322118, stray 2112 dirty 3272)",finished,0,7539,322118,0,0,5384,"300000 explored (7468 execs, 292532 blocked)",TFSTATS execs=7539 blocked=322118 timeline_impossible=0 pruned=0 | baseline  fix=None T=2 R=3 L=2 U=11 sd=0 W=1 B=0  execs=7539 blocked=322118 timeouts=973652 completed_txns=616770 fatal=0 stray_commits=2112 dirty_reads=3272 violations=5384 time=83.643201051s,83.6,83.6,2,1,none,75.0,32.0,2026-09-30 16:01:15,2026-09-30 16:02:39,236,/local/sramezani/v8logs/nisshi-046.log,--mode baseline --txns 2 --retries 3 --l 2 --u 11 --w 1 --backoff 0 --keep-going
nisshi-081,nisshi,nisshi_txn_timed,T=2 R=4 L=1 U=5 W=1 B=0 no-keep-going,timed,boundary,2,"hold ec=0 (full serial exploration, ~723 s)",finished,0,2224,663807,0,14329,0,"600000 explored (2224 execs, 597776 blocked)",TFSTATS execs=2224 blocked=663807 timeline_impossible=0 pruned=14329 | timed     fix=None T=2 R=4 L=1 U=5 sd=0 W=1 B=0  execs=2224 blocked=663807 timeouts=2719285 completed_txns=1188318 fatal=0 stray_commits=0 dirty_reads=0 violations=0 time=1195.856182338s,1195.8,1195.8,2,1,none,870.0,32.0,2026-09-30 15:43:02,2026-09-30 16:02:58,239,/local/sramezani/v8logs/nisshi-081.log,--mode timed --txns 2 --retries 4 --l 1 --u 5 --w 1 --backoff 0
nisshi-048,nisshi,nisshi_txn_timed,T=2 R=3 L=2 U=14 W=1 B=0,baseline,boundary,2,"ec=0, spurious violations>0; repeat of T2R3 comparison baseline (7539/322118, stray 2112 dirty 3272)",finished,0,7539,322118,0,0,5384,"300000 explored (7468 execs, 292532 blocked)",TFSTATS execs=7539 blocked=322118 timeline_impossible=0 pruned=0 | baseline  fix=None T=2 R=3 L=2 U=14 sd=0 W=1 B=0  execs=7539 blocked=322118 timeouts=973652 completed_txns=616770 fatal=0 stray_commits=2112 dirty_reads=3272 violations=5384 time=52.650578908s,52.6,52.6,2,1,none,75.0,32.0,2026-09-30 16:02:05,2026-09-30 16:02:58,237,/local/sramezani/v8logs/nisshi-048.log,--mode baseline --txns 2 --retries 3 --l 2 --u 14 --w 1 --backoff 0 --keep-going
lease-069,lease,lease_timed,C=2 R=4 unfenced (rounds ladder),timed,ladder,2,hold (violations=0),finished,0,104976,550961,0,0,0,,TFSTATS execs=104976 blocked=550961 timeline_impossible=0 pruned=0 | timed      C=2 R=4 fencing=off  L=0 U=2 TTL=10 PAUSE=3 sd=1  execs=104976 blocked=550961 grants=4846416 expired=3442488 released=1403928 applied=4418296 stale=0      violations=0      time=99.30839527s,99.3,763.1,18,8,shared,1800.0,32.0,2026-09-30 16:01:19,2026-09-30 16:02:59,"44,45,46,47,48,49,50,51",/local/sramezani/v8logs/lease-069.log,--clients 2 --rounds 4 --mode timed --u 2 --l-ratio 0 --sd-ratio 0.5 --ttl-ratio 5 --fencing off --pause-ratio 1.5 --keep-going --parallel shared
lease-070,lease,lease_timed,C=2 R=4 unfenced (rounds ladder),baseline,ladder,2,spurious violations > 0,finished,0,104976,524880,0,0,61748,,TFSTATS execs=104976 blocked=524880 timeline_impossible=0 pruned=0 | baseline   C=2 R=4 fencing=off  L=0 U=2 TTL=10 PAUSE=3 sd=1  execs=104976 blocked=524880 grants=4693048 expired=3335212 released=1357836 applied=4330792 stale=0      violations=61748  time=19.531166038s,19.5,143.8,14,8,shared,1800.0,32.0,2026-09-30 16:02:59,2026-09-30 16:03:19,"44,45,46,47,48,49,50,51",/local/sramezani/v8logs/lease-070.log,--clients 2 --rounds 4 --mode baseline --u 2 --l-ratio 0 --sd-ratio 0.5 --ttl-ratio 5 --fencing off --pause-ratio 1.5 --keep-going --parallel shared
nisshi-052,nisshi,nisshi_txn_timed,T=2 R=3 L=1 U=9 W=5 B=0,baseline,boundary,2,"ec=0, spurious violations>0; repeat of T2R3 comparison baseline (7539/322118, stray 2112 dirty 3272; review-verified identical at W=5)",finished,0,7539,322118,0,0,5384,"300000 explored (7468 execs, 292532 blocked)",TFSTATS execs=7539 blocked=322118 timeline_impossible=0 pruned=0 | baseline  fix=None T=2 R=3 L=1 U=9 sd=0 W=5 B=0  execs=7539 blocked=322118 timeouts=973652 completed_txns=616770 fatal=0 stray_commits=2112 dirty_reads=3272 violations=5384 time=52.600788234s,52.6,52.6,2,1,none,75.0,32.0,2026-09-30 16:02:58,2026-09-30 16:03:51,237,/local/sramezani/v8logs/nisshi-052.log,--mode baseline --txns 2 --retries 3 --l 1 --u 9 --w 5 --backoff 0 --keep-going
nisshi-050,nisshi,nisshi_txn_timed,T=2 R=3 L=2 U=15 W=1 B=0,baseline,boundary,2,"ec=0, spurious violations>0; repeat of T2R3 comparison baseline (7539/322118, stray 2112 dirty 3272)",finished,0,7539,322118,0,0,5384,"300000 explored (7468 execs, 292532 blocked)",TFSTATS execs=7539 blocked=322118 timeline_impossible=0 pruned=0 | baseline  fix=None T=2 R=3 L=2 U=15 sd=0 W=1 B=0  execs=7539 blocked=322118 timeouts=973652 completed_txns=616770 fatal=0 stray_commits=2112 dirty_reads=3272 violations=5384 time=82.351836555s,82.3,82.3,2,1,none,75.0,32.0,2026-09-30 16:02:39,2026-09-30 16:04:02,236,/local/sramezani/v8logs/nisshi-050.log,--mode baseline --txns 2 --retries 3 --l 2 --u 15 --w 1 --backoff 0 --keep-going
nisshi-054,nisshi,nisshi_txn_timed,T=2 R=3 L=1 U=10 W=5 B=0,baseline,boundary,2,"ec=0, spurious violations>0; repeat of T2R3 comparison baseline (7539/322118, stray 2112 dirty 3272)",finished,0,7539,322118,0,0,5384,"300000 explored (7468 execs, 292532 blocked)",TFSTATS execs=7539 blocked=322118 timeline_impossible=0 pruned=0 | baseline  fix=None T=2 R=3 L=1 U=10 sd=0 W=5 B=0  execs=7539 blocked=322118 timeouts=973652 completed_txns=616770 fatal=0 stray_commits=2112 dirty_reads=3272 violations=5384 time=83.054263238s,83.0,83.0,2,1,none,75.0,32.0,2026-09-30 16:02:58,2026-09-30 16:04:21,239,/local/sramezani/v8logs/nisshi-054.log,--mode baseline --txns 2 --retries 3 --l 1 --u 10 --w 5 --backoff 0 --keep-going
nisshi-056,nisshi,nisshi_txn_timed,T=2 R=3 L=1 U=11 W=5 B=0,baseline,boundary,2,"ec=0, spurious violations>0; repeat of T2R3 comparison baseline (7539/322118, stray 2112 dirty 3272)",finished,0,7539,322118,0,0,5384,"300000 explored (7468 execs, 292532 blocked)",TFSTATS execs=7539 blocked=322118 timeline_impossible=0 pruned=0 | baseline  fix=None T=2 R=3 L=1 U=11 sd=0 W=5 B=0  execs=7539 blocked=322118 timeouts=973652 completed_txns=616770 fatal=0 stray_commits=2112 dirty_reads=3272 violations=5384 time=52.824756618s,52.8,52.8,2,1,none,75.0,32.0,2026-09-30 16:03:51,2026-09-30 16:04:44,237,/local/sramezani/v8logs/nisshi-056.log,--mode baseline --txns 2 --retries 3 --l 1 --u 11 --w 5 --backoff 0 --keep-going
nisshi-058,nisshi,nisshi_txn_timed,T=2 R=3 L=1 U=12 W=5 B=0,baseline,boundary,2,"ec=0, spurious violations>0; repeat of T2R3 comparison baseline (7539/322118, stray 2112 dirty 3272)",finished,0,7539,322118,0,0,5384,"300000 explored (7468 execs, 292532 blocked)",TFSTATS execs=7539 blocked=322118 timeline_impossible=0 pruned=0 | baseline  fix=None T=2 R=3 L=1 U=12 sd=0 W=5 B=0  execs=7539 blocked=322118 timeouts=973652 completed_txns=616770 fatal=0 stray_commits=2112 dirty_reads=3272 violations=5384 time=83.133661825s,83.1,83.1,2,1,none,75.0,32.0,2026-09-30 16:04:02,2026-09-30 16:05:25,236,/local/sramezani/v8logs/nisshi-058.log,--mode baseline --txns 2 --retries 3 --l 1 --u 12 --w 5 --backoff 0 --keep-going
nisshi-049,nisshi,nisshi_txn_timed,T=2 R=3 L=2 U=15 W=1 B=0,timed,boundary,2,timed stray+dirty: stray=532 dirty=798 (stray edge 15),finished,0,648,66670,0,1501,1330,,TFSTATS execs=648 blocked=66670 timeline_impossible=0 pruned=1501 | timed     fix=None T=2 R=3 L=2 U=15 sd=0 W=1 B=0  execs=648 blocked=66670 timeouts=206217 completed_txns=109244 fatal=0 stray_commits=532 dirty_reads=798 violations=1330 time=60.720988821s,60.7,60.7,2,1,none,62.0,32.0,2026-09-30 16:04:44,2026-09-30 16:05:45,237,/local/sramezani/v8logs/nisshi-049.log,--mode timed --txns 2 --retries 3 --l 2 --u 15 --w 1 --backoff 0 --keep-going
nisshi-047,nisshi,nisshi_txn_timed,T=2 R=3 L=2 U=14 W=1 B=0,timed,boundary,2,timed dirty only: dirty=266 stray=0,finished,0,648,66138,0,1501,266,,TFSTATS execs=648 blocked=66138 timeline_impossible=0 pruned=1501 | timed     fix=None T=2 R=3 L=2 U=14 sd=0 W=1 B=0  execs=648 blocked=66138 timeouts=204621 completed_txns=108712 fatal=0 stray_commits=0 dirty_reads=266 violations=266 time=94.225584003s,94.2,94.2,2,1,none,62.0,32.0,2026-09-30 16:04:21,2026-09-30 16:05:56,239,/local/sramezani/v8logs/nisshi-047.log,--mode timed --txns 2 --retries 3 --l 2 --u 14 --w 1 --backoff 0 --keep-going
lease-071,lease,lease_timed,C=2 R=4 fenced (rounds ladder),timed,ladder,2,hold,finished,0,234256,1030839,0,25352,0,"100000 explored (18449 execs, 81551 blocked)",TFSTATS execs=234256 blocked=1030839 timeline_impossible=0 pruned=25352 | timed      C=2 R=4 fencing=on  L=0 U=2 TTL=10 PAUSE=4 sd=1  execs=234256 blocked=1030839 grants=9649940 expired=6966144 released=2683796 applied=8102230 stale=801350 violations=0      time=188.355089189s,188.3,1445.9,26,8,shared,1800.0,32.0,2026-09-30 16:03:19,2026-09-30 16:06:27,"44,45,46,47,48,49,50,51",/local/sramezani/v8logs/lease-071.log,--clients 2 --rounds 4 --mode timed --u 2 --l-ratio 0 --sd-ratio 0.5 --ttl-ratio 5 --fencing on --pause-ratio 2 --keep-going --parallel shared
nisshi-031,nisshi,nisshi_txn_timed,T=2 R=3 L=1 U=7 W=1 B=0,timed,boundary,2,timed dirty only: dirty=214 stray=0,finished,0,456,51728,0,1329,214,,TFSTATS execs=456 blocked=51728 timeline_impossible=0 pruned=1329 | timed     fix=None T=2 R=3 L=1 U=7 sd=0 W=1 B=0  execs=456 blocked=51728 timeouts=160297 completed_txns=85008 fatal=0 stray_commits=0 dirty_reads=214 violations=214 time=44.901022316s,44.9,44.9,2,1,none,50.0,32.0,2026-09-30 16:05:45,2026-09-30 16:06:30,237,/local/sramezani/v8logs/nisshi-031.log,--mode timed --txns 2 --retries 3 --l 1 --u 7 --w 1 --backoff 0 --keep-going
nisshi-033,nisshi,nisshi_txn_timed,T=2 R=3 L=1 U=8 W=1 B=0,timed,boundary,2,timed stray+dirty: stray=532 dirty=798 (stray edge U>=W+B+7L=8),finished,0,648,66592,0,1511,1330,,TFSTATS execs=648 blocked=66592 timeline_impossible=0 pruned=1511 | timed     fix=None T=2 R=3 L=1 U=8 sd=0 W=1 B=0  execs=648 blocked=66592 timeouts=206013 completed_txns=109244 fatal=0 stray_commits=532 dirty_reads=798 violations=1330 time=89.410374473s,89.4,89.4,2,1,none,52.0,32.0,2026-09-30 16:05:25,2026-09-30 16:06:55,236,/local/sramezani/v8logs/nisshi-033.log,--mode timed --txns 2 --retries 3 --l 1 --u 8 --w 1 --backoff 0 --keep-going
nisshi-045,nisshi,nisshi_txn_timed,T=2 R=3 L=2 U=11 W=1 B=0,timed,boundary,2,timed dirty only: dirty=178 stray=0,finished,0,312,40426,0,1187,178,,TFSTATS execs=312 blocked=40426 timeline_impossible=0 pruned=1187 | timed     fix=None T=2 R=3 L=2 U=11 sd=0 W=1 B=0  execs=312 blocked=40426 timeouts=125533 completed_txns=65640 fatal=0 stray_commits=0 dirty_reads=178 violations=178 time=58.318198807s,58.3,58.3,2,1,none,40.0,32.0,2026-09-30 16:05:56,2026-09-30 16:06:55,239,/local/sramezani/v8logs/nisshi-045.log,--mode timed --txns 2 --retries 3 --l 2 --u 11 --w 1 --backoff 0 --keep-going
nisshi-041,nisshi,nisshi_txn_timed,T=2 R=3 L=1 U=10 W=1 B=2,timed,boundary,2,timed stray+dirty: stray=356 dirty=534 (stray edge 10),finished,0,312,40960,0,1153,890,,TFSTATS execs=312 blocked=40960 timeline_impossible=0 pruned=1153 | timed     fix=None T=2 R=3 L=1 U=10 sd=0 W=1 B=2  execs=312 blocked=40960 timeouts=127033 completed_txns=66140 fatal=0 stray_commits=356 dirty_reads=534 violations=890 time=36.263548903s,36.3,36.2,2,1,none,38.0,32.0,2026-09-30 16:06:30,2026-09-30 16:07:07,237,/local/sramezani/v8logs/nisshi-041.log,--mode timed --txns 2 --retries 3 --l 1 --u 10 --w 1 --backoff 2 --keep-going
nisshi-043,nisshi,nisshi_txn_timed,T=2 R=3 L=2 U=10 W=1 B=0,timed,boundary,2,"hold: ec=0, violations=0 (dirty edge 11)",finished,0,312,39714,0,1153,0,,TFSTATS execs=312 blocked=39714 timeline_impossible=0 pruned=1153 | timed     fix=None T=2 R=3 L=2 U=10 sd=0 W=1 B=0  execs=312 blocked=39714 timeouts=123295 completed_txns=64894 fatal=0 stray_commits=0 dirty_reads=0 violations=0 time=37.81814187s,37.8,37.8,2,1,none,34.0,32.0,2026-09-30 16:07:07,2026-09-30 16:07:45,237,/local/sramezani/v8logs/nisshi-043.log,--mode timed --txns 2 --retries 3 --l 2 --u 10 --w 1 --backoff 0 --keep-going
nisshi-071,nisshi,nisshi_txn_timed,T=2 R=3 L=1 U=5 W=1 B=0 no-keep-going,timed,boundary,2,"hold ec=0 (full exploration, execs=312 blocked=39614)",finished,0,312,39614,0,1163,0,,TFSTATS execs=312 blocked=39614 timeline_impossible=0 pruned=1163 | timed     fix=None T=2 R=3 L=1 U=5 sd=0 W=1 B=0  execs=312 blocked=39614 timeouts=123035 completed_txns=64894 fatal=0 stray_commits=0 dirty_reads=0 violations=0 time=54.119138891s,54.1,54.1,2,1,none,35.0,32.0,2026-09-30 16:06:55,2026-09-30 16:07:50,239,/local/sramezani/v8logs/nisshi-071.log,--mode timed --txns 2 --retries 3 --l 1 --u 5 --w 1 --backoff 0
nisshi-039,nisshi,nisshi_txn_timed,T=2 R=3 L=1 U=9 W=1 B=2,timed,boundary,2,timed dirty only: dirty=178 stray=0,finished,0,312,40504,0,1163,178,,TFSTATS execs=312 blocked=40504 timeline_impossible=0 pruned=1163 | timed     fix=None T=2 R=3 L=1 U=9 sd=0 W=1 B=2  execs=312 blocked=40504 timeouts=125705 completed_txns=65784 fatal=0 stray_commits=0 dirty_reads=178 violations=178 time=56.456942041s,56.5,56.5,2,1,none,36.0,32.0,2026-09-30 16:06:55,2026-09-30 16:07:52,236,/local/sramezani/v8logs/nisshi-039.log,--mode timed --txns 2 --retries 3 --l 1 --u 9 --w 1 --backoff 2 --keep-going
lease-072,lease,lease_timed,C=2 R=4 fenced (rounds ladder),baseline,ladder,2,hold,finished,0,810000,2336904,0,0,0,"400000 explored (100694 execs, 299306 blocked)",TFSTATS execs=810000 blocked=2336904 timeline_impossible=0 pruned=0 | baseline   C=2 R=4 fencing=on  L=0 U=2 TTL=10 PAUSE=4 sd=1  execs=810000 blocked=2336904 grants=24027112 expired=18290844 released=5736268 applied=18160316 stale=4347356 violations=0      time=90.351970002s,90.3,670.9,22,8,shared,1800.0,32.0,2026-09-30 16:06:27,2026-09-30 16:07:59,"44,45,46,47,48,49,50,51",/local/sramezani/v8logs/lease-072.log,--clients 2 --rounds 4 --mode baseline --u 2 --l-ratio 0 --sd-ratio 0.5 --ttl-ratio 5 --fencing on --pause-ratio 2 --keep-going --parallel shared
nisshi-035,nisshi,nisshi_txn_timed,T=2 R=3 L=1 U=7 W=1 B=2,timed,boundary,2,"hold: ec=0, violations=0 (dirty edge 8)",finished,0,136,23152,0,811,0,,TFSTATS execs=136 blocked=23152 timeline_impossible=0 pruned=811 | timed     fix=None T=2 R=3 L=1 U=7 sd=0 W=1 B=2  execs=136 blocked=23152 timeouts=72085 completed_txns=37670 fatal=0 stray_commits=0 dirty_reads=0 violations=0 time=20.9449797s,20.9,20.9,2,1,none,33.0,32.0,2026-09-30 16:07:45,2026-09-30 16:08:07,237,/local/sramezani/v8logs/nisshi-035.log,--mode timed --txns 2 --retries 3 --l 1 --u 7 --w 1 --backoff 2 --keep-going
nisshi-087,nisshi,nisshi_txn_timed,T=32 R=2 L=1 U=8 W=1 B=0 no-keep-going,timed,boundary,2,FIRE ec=101 certified (measured 11.6 s),finished (assertion failed: FIRE),101,,,,,,,thread 'main' (2398457) panicked at traceforge/src/must.rs:1728:13:,16.0,16.0,2,1,none,15.0,32.0,2026-09-30 16:08:07,2026-09-30 16:08:23,237,/local/sramezani/v8logs/nisshi-087.log,--mode timed --txns 32 --retries 2 --l 1 --u 8 --w 1 --backoff 0
nisshi-037,nisshi,nisshi_txn_timed,T=2 R=3 L=1 U=8 W=1 B=2,timed,boundary,2,timed dirty only: dirty=106 stray=0,finished,0,136,23576,0,837,106,,TFSTATS execs=136 blocked=23576 timeline_impossible=0 pruned=837 | timed     fix=None T=2 R=3 L=1 U=8 sd=0 W=1 B=2  execs=136 blocked=23576 timeouts=73435 completed_txns=38120 fatal=0 stray_commits=0 dirty_reads=106 violations=106 time=33.124021899s,33.1,33.1,2,1,none,32.0,32.0,2026-09-30 16:07:52,2026-09-30 16:08:26,236,/local/sramezani/v8logs/nisshi-037.log,--mode timed --txns 2 --retries 3 --l 1 --u 8 --w 1 --backoff 2 --keep-going
nisshi-015,nisshi,nisshi_txn_timed,T=8 R=2 L=1 U=5 W=1 B=0,timed,ladder,2,"hold: ec=0, violations=0; measured execs/blocked=44/7415",finished,0,44,7415,0,391,0,,TFSTATS execs=44 blocked=7415 timeline_impossible=0 pruned=391 | timed     fix=None T=8 R=2 L=1 U=5 sd=0 W=1 B=0  execs=44 blocked=7415 timeouts=15664 completed_txns=35384 fatal=0 stray_commits=0 dirty_reads=0 violations=0 time=11.152884688s,11.2,11.1,4,1,none,10.0,32.0,2026-09-30 16:08:23,2026-09-30 16:08:35,237,/local/sramezani/v8logs/nisshi-015.log,--mode timed --txns 8 --retries 2 --l 1 --u 5 --w 1 --backoff 0 --keep-going
lease-077,lease,lease_timed,C=3 R=2 unfenced (rounds ladder),timed,ladder,2,hold (violations=0),finished,0,26244,276635,0,1243,0,,TFSTATS execs=26244 blocked=276635 timeline_impossible=0 pruned=1243 | timed      C=3 R=2 fencing=off  L=0 U=2 TTL=10 PAUSE=3 sd=1  execs=26244  blocked=276635 grants=1719969 expired=1300663 released=419306 applied=1395715 stale=0      violations=0      time=36.787761746s,36.8,259.7,14,8,shared,600.0,32.0,2026-09-30 16:07:59,2026-09-30 16:08:36,"44,45,46,47,48,49,50,51",/local/sramezani/v8logs/lease-077.log,--clients 3 --rounds 2 --mode timed --u 2 --l-ratio 0 --sd-ratio 0.5 --ttl-ratio 5 --fencing off --pause-ratio 1.5 --keep-going --parallel shared
nisshi-085,nisshi,nisshi_txn_timed,T=2 R=5 L=1 U=8 W=1 B=0 no-keep-going,timed,boundary,2,FIRE ec=101 'certified timed counterexample' (measured <1.1 s),finished (assertion failed: FIRE),101,,,,,,,thread 'main' (2398677) panicked at traceforge/src/must.rs:1728:13:,1.5,1.4,2,1,none,5.0,32.0,2026-09-30 16:08:35,2026-09-30 16:08:37,237,/local/sramezani/v8logs/nisshi-085.log,--mode timed --txns 2 --retries 5 --l 1 --u 8 --w 1 --backoff 0
nisshi-012,nisshi,nisshi_txn_timed,T=16 R=1 L=1 U=5 W=1 B=0,baseline,ladder,2,"ec=0, spurious violations>0; measured execs=369 blocked=23754 stray=480 dirty=720",finished,0,369,23754,0,0,1200,,TFSTATS execs=369 blocked=23754 timeline_impossible=0 pruned=0 | baseline  fix=None T=16 R=1 L=1 U=5 sd=0 W=1 B=0  execs=369 blocked=23754 timeouts=24016 completed_txns=279160 fatal=0 stray_commits=480 dirty_reads=720 violations=1200 time=13.257231534s,13.3,13.2,10,1,none,8.0,32.0,2026-09-30 16:08:26,2026-09-30 16:08:40,236,/local/sramezani/v8logs/nisshi-012.log,--mode baseline --txns 16 --retries 1 --l 1 --u 5 --w 1 --backoff 0 --keep-going
nisshi-011,nisshi,nisshi_txn_timed,T=16 R=1 L=1 U=5 W=1 B=0,timed,ladder,2,"hold: ec=0, violations=0; measured execs/blocked=6/1332",finished,0,6,1332,0,47,0,,TFSTATS execs=6 blocked=1332 timeline_impossible=0 pruned=47 | timed     fix=None T=16 R=1 L=1 U=5 sd=0 W=1 B=0  execs=6 blocked=1332 timeouts=1376 completed_txns=11248 fatal=0 stray_commits=0 dirty_reads=0 violations=0 time=3.270148664s,3.3,3.3,8,1,none,4.0,32.0,2026-09-30 16:08:37,2026-09-30 16:08:41,237,/local/sramezani/v8logs/nisshi-011.log,--mode timed --txns 16 --retries 1 --l 1 --u 5 --w 1 --backoff 0 --keep-going
nisshi-007,nisshi,nisshi_txn_timed,T=2 R=2 L=1 U=5 W=1 B=0,timed,ladder,2,"hold: ec=0, violations=0; measured execs/blocked=44/2609",finished,0,44,2609,0,85,0,,TFSTATS execs=44 blocked=2609 timeline_impossible=0 pruned=85 | timed     fix=None T=2 R=2 L=1 U=5 sd=0 W=1 B=0  execs=44 blocked=2609 timeouts=5440 completed_txns=3734 fatal=0 stray_commits=0 dirty_reads=0 violations=0 time=2.576169792s,2.6,2.6,2,1,none,3.0,32.0,2026-09-30 16:08:40,2026-09-30 16:08:43,236,/local/sramezani/v8logs/nisshi-007.log,--mode timed --txns 2 --retries 2 --l 1 --u 5 --w 1 --backoff 0 --keep-going
nisshi-008,nisshi,nisshi_txn_timed,T=2 R=2 L=1 U=5 W=1 B=0,baseline,ladder,2,"ec=0, spurious violations>0; measured execs=355 blocked=8518 stray=102 dirty=152",finished,0,355,8518,0,0,254,,TFSTATS execs=355 blocked=8518 timeline_impossible=0 pruned=0 | baseline  fix=None T=2 R=2 L=1 U=5 sd=0 W=1 B=0  execs=355 blocked=8518 timeouts=17279 completed_txns=15174 fatal=0 stray_commits=102 dirty_reads=152 violations=254 time=1.215430044s,1.2,1.2,2,1,none,3.0,32.0,2026-09-30 16:08:41,2026-09-30 16:08:43,237,/local/sramezani/v8logs/nisshi-008.log,--mode baseline --txns 2 --retries 2 --l 1 --u 5 --w 1 --backoff 0 --keep-going
nisshi-083,nisshi,nisshi_txn_timed,T=2 R=4 L=1 U=8 W=1 B=0 no-keep-going,timed,boundary,2,FIRE ec=101 'certified timed counterexample' (measured <1.1 s),finished (assertion failed: FIRE),101,,,,,,,thread 'main' (2398711) panicked at traceforge/src/must.rs:1728:13:,1.0,1.0,2,1,none,3.0,32.0,2026-09-30 16:08:43,2026-09-30 16:08:44,236,/local/sramezani/v8logs/nisshi-083.log,--mode timed --txns 2 --retries 4 --l 1 --u 8 --w 1 --backoff 0
nisshi-088,nisshi,nisshi_txn_timed,T=32 R=2 L=1 U=8 W=1 B=0 no-keep-going,baseline,boundary,2,FIRE ec=101 (measured 0.7 s),finished (assertion failed: FIRE),101,,,,,,,thread 'main' (2398715) panicked at traceforge/src/lib.rs:2423:21:,0.9,0.9,2,1,none,3.0,32.0,2026-09-30 16:08:43,2026-09-30 16:08:44,237,/local/sramezani/v8logs/nisshi-088.log,--mode baseline --txns 32 --retries 2 --l 1 --u 8 --w 1 --backoff 0
nisshi-072,nisshi,nisshi_txn_timed,T=2 R=3 L=1 U=5 W=1 B=0 no-keep-going,baseline,boundary,2,SPURIOUS FIRE ec=101 in ~0.05 s,finished (assertion failed: FIRE),101,,,,,,,thread 'main' (2398721) panicked at traceforge/src/lib.rs:2423:21:,0.1,0.1,2,1,none,2.0,32.0,2026-09-30 16:08:44,2026-09-30 16:08:45,236,/local/sramezani/v8logs/nisshi-072.log,--mode baseline --txns 2 --retries 3 --l 1 --u 5 --w 1 --backoff 0
nisshi-073,nisshi,nisshi_txn_timed,T=2 R=3 L=1 U=6 W=1 B=0 no-keep-going,timed,boundary,2,"FIRE ec=101 'certified timed counterexample' (measured <1.1 s), dirty",finished (assertion failed: FIRE),101,,,,,,,thread 'main' (2398725) panicked at traceforge/src/must.rs:1728:13:,0.3,0.3,2,1,none,2.0,32.0,2026-09-30 16:08:44,2026-09-30 16:08:45,237,/local/sramezani/v8logs/nisshi-073.log,--mode timed --txns 2 --retries 3 --l 1 --u 6 --w 1 --backoff 0
nisshi-029,nisshi,nisshi_txn_timed,T=2 R=3 L=1 U=6 W=1 B=0,timed,boundary,2,timed dirty only: dirty=178 stray=0 (dirty edge U>=W+B+5L=6),finished,0,312,40426,0,1187,178,,TFSTATS execs=312 blocked=40426 timeline_impossible=0 pruned=1187 | timed     fix=None T=2 R=3 L=1 U=6 sd=0 W=1 B=0  execs=312 blocked=40426 timeouts=125533 completed_txns=65640 fatal=0 stray_commits=0 dirty_reads=178 violations=178 time=54.748301825s,54.8,54.7,2,1,none,32.0,32.0,2026-09-30 16:07:50,2026-09-30 16:08:46,239,/local/sramezani/v8logs/nisshi-029.log,--mode timed --txns 2 --retries 3 --l 1 --u 6 --w 1 --backoff 0 --keep-going
lease-078,lease,lease_timed,C=3 R=2 unfenced (rounds ladder),baseline,ladder,2,spurious violations > 0,finished,0,26244,277476,0,0,71592,,TFSTATS execs=26244 blocked=277476 timeline_impossible=0 pruned=0 | baseline   C=3 R=2 fencing=off  L=0 U=2 TTL=10 PAUSE=3 sd=1  execs=26244  blocked=277476 grants=1738872 expired=1317564 released=421308 applied=1474704 stale=0      violations=71592  time=10.020689316s,10.0,64.3,10,8,shared,600.0,32.0,2026-09-30 16:08:36,2026-09-30 16:08:46,"44,45,46,47,48,49,50,51",/local/sramezani/v8logs/lease-078.log,--clients 3 --rounds 2 --mode baseline --u 2 --l-ratio 0 --sd-ratio 0.5 --ttl-ratio 5 --fencing off --pause-ratio 1.5 --keep-going --parallel shared
nisshi-074,nisshi,nisshi_txn_timed,T=2 R=3 L=1 U=6 W=1 B=0 no-keep-going,baseline,boundary,2,FIRE ec=101 (measured <0.2 s),finished (assertion failed: FIRE),101,,,,,,,thread 'main' (2398731) panicked at traceforge/src/lib.rs:2423:21:,0.1,0.1,2,1,none,2.0,32.0,2026-09-30 16:08:45,2026-09-30 16:08:46,236,/local/sramezani/v8logs/nisshi-074.log,--mode baseline --txns 2 --retries 3 --l 1 --u 6 --w 1 --backoff 0
nisshi-075,nisshi,nisshi_txn_timed,T=2 R=3 L=1 U=8 W=1 B=0 no-keep-going,timed,boundary,2,"FIRE ec=101 'certified timed counterexample' (measured <1.1 s), stray",finished (assertion failed: FIRE),101,,,,,,,thread 'main' (2398735) panicked at traceforge/src/must.rs:1728:13:,0.3,0.3,2,1,none,2.0,32.0,2026-09-30 16:08:45,2026-09-30 16:08:46,237,/local/sramezani/v8logs/nisshi-075.log,--mode timed --txns 2 --retries 3 --l 1 --u 8 --w 1 --backoff 0
nisshi-076,nisshi,nisshi_txn_timed,T=2 R=3 L=1 U=8 W=1 B=0 no-keep-going,baseline,boundary,2,FIRE ec=101 (measured <0.2 s),finished (assertion failed: FIRE),101,,,,,,,thread 'main' (2398754) panicked at traceforge/src/lib.rs:2423:21:,0.1,0.1,2,1,none,2.0,32.0,2026-09-30 16:08:46,2026-09-30 16:08:47,236,/local/sramezani/v8logs/nisshi-076.log,--mode baseline --txns 2 --retries 3 --l 1 --u 8 --w 1 --backoff 0
nisshi-077,nisshi,nisshi_txn_timed,T=2 R=3 L=1 U=8 W=1 B=2 no-keep-going,timed,boundary,2,"FIRE ec=101 'certified timed counterexample' (measured <1.1 s), dirty edge B=2",finished (assertion failed: FIRE),101,,,,,,,thread 'main' (2398759) panicked at traceforge/src/must.rs:1728:13:,0.3,0.3,2,1,none,2.0,32.0,2026-09-30 16:08:46,2026-09-30 16:08:47,237,/local/sramezani/v8logs/nisshi-077.log,--mode timed --txns 2 --retries 3 --l 1 --u 8 --w 1 --backoff 2
nisshi-078,nisshi,nisshi_txn_timed,T=2 R=3 L=1 U=8 W=1 B=2 no-keep-going,baseline,boundary,2,FIRE ec=101 (measured <0.2 s),finished (assertion failed: FIRE),101,,,,,,,thread 'main' (2398763) panicked at traceforge/src/lib.rs:2423:21:,0.1,0.1,2,1,none,2.0,32.0,2026-09-30 16:08:46,2026-09-30 16:08:47,239,/local/sramezani/v8logs/nisshi-078.log,--mode baseline --txns 2 --retries 3 --l 1 --u 8 --w 1 --backoff 2
nisshi-079,nisshi,nisshi_txn_timed,T=2 R=3 L=1 U=10 W=1 B=2 no-keep-going,timed,boundary,2,"FIRE ec=101 'certified timed counterexample' (measured <1.1 s), stray edge B=2",finished (assertion failed: FIRE),101,,,,,,,thread 'main' (2398769) panicked at traceforge/src/must.rs:1728:13:,0.4,0.4,2,1,none,2.0,32.0,2026-09-30 16:08:47,2026-09-30 16:08:48,236,/local/sramezani/v8logs/nisshi-079.log,--mode timed --txns 2 --retries 3 --l 1 --u 10 --w 1 --backoff 2
nisshi-080,nisshi,nisshi_txn_timed,T=2 R=3 L=1 U=10 W=1 B=2 no-keep-going,baseline,boundary,2,FIRE ec=101 (measured <0.2 s),finished (assertion failed: FIRE),101,,,,,,,thread 'main' (2398774) panicked at traceforge/src/lib.rs:2423:21:,0.0,0.0,2,1,none,2.0,32.0,2026-09-30 16:08:47,2026-09-30 16:08:48,237,/local/sramezani/v8logs/nisshi-080.log,--mode baseline --txns 2 --retries 3 --l 1 --u 10 --w 1 --backoff 2
nisshi-082,nisshi,nisshi_txn_timed,T=2 R=4 L=1 U=5 W=1 B=0 no-keep-going,baseline,boundary,2,SPURIOUS FIRE ec=101 in ~0.1 s,finished (assertion failed: FIRE),101,,,,,,,thread 'main' (2398778) panicked at traceforge/src/lib.rs:2423:21:,0.1,0.1,2,1,none,2.0,32.0,2026-09-30 16:08:47,2026-09-30 16:08:48,239,/local/sramezani/v8logs/nisshi-082.log,--mode baseline --txns 2 --retries 4 --l 1 --u 5 --w 1 --backoff 0
nisshi-084,nisshi,nisshi_txn_timed,T=2 R=4 L=1 U=8 W=1 B=0 no-keep-going,baseline,boundary,2,FIRE ec=101 (measured <0.2 s),finished (assertion failed: FIRE),101,,,,,,,thread 'main' (2398784) panicked at traceforge/src/lib.rs:2423:21:,0.1,0.1,2,1,none,2.0,32.0,2026-09-30 16:08:48,2026-09-30 16:08:49,236,/local/sramezani/v8logs/nisshi-084.log,--mode baseline --txns 2 --retries 4 --l 1 --u 8 --w 1 --backoff 0
nisshi-086,nisshi,nisshi_txn_timed,T=2 R=5 L=1 U=8 W=1 B=0 no-keep-going,baseline,boundary,2,FIRE ec=101 (measured <0.2 s),finished (assertion failed: FIRE),101,,,,,,,thread 'main' (2398789) panicked at traceforge/src/lib.rs:2423:21:,0.2,0.2,2,1,none,2.0,32.0,2026-09-30 16:08:48,2026-09-30 16:08:49,237,/local/sramezani/v8logs/nisshi-086.log,--mode baseline --txns 2 --retries 5 --l 1 --u 8 --w 1 --backoff 0
nisshi-005,nisshi,nisshi_txn_timed,T=2 R=1 L=1 U=5 W=1 B=0,timed,ladder,2,"hold: ec=0, violations=0; measured execs/blocked=6/198",finished,0,6,198,0,5,0,,TFSTATS execs=6 blocked=198 timeline_impossible=0 pruned=5 | timed     fix=None T=2 R=1 L=1 U=5 sd=0 W=1 B=0  execs=6 blocked=198 timeouts=200 completed_txns=230 fatal=0 stray_commits=0 dirty_reads=0 violations=0 time=129.475079ms,0.1,0.1,2,1,none,1.0,32.0,2026-09-30 16:08:48,2026-09-30 16:08:49,239,/local/sramezani/v8logs/nisshi-005.log,--mode timed --txns 2 --retries 1 --l 1 --u 5 --w 1 --backoff 0 --keep-going
nisshi-006,nisshi,nisshi_txn_timed,T=2 R=1 L=1 U=5 W=1 B=0,baseline,ladder,2,"ec=0, spurious violations>0; measured execs=19 blocked=318 stray=4 dirty=6",finished,0,19,318,0,0,10,,TFSTATS execs=19 blocked=318 timeline_impossible=0 pruned=0 | baseline  fix=None T=2 R=1 L=1 U=5 sd=0 W=1 B=0  execs=19 blocked=318 timeouts=314 completed_txns=462 fatal=0 stray_commits=4 dirty_reads=6 violations=10 time=64.274249ms,0.1,0.1,2,1,none,1.0,32.0,2026-09-30 16:08:49,2026-09-30 16:08:50,236,/local/sramezani/v8logs/nisshi-006.log,--mode baseline --txns 2 --retries 1 --l 1 --u 5 --w 1 --backoff 0 --keep-going
abp-004,abp,alternating_bit_timed,par K=5 R=2 W=3 (U=1) keep-going,baseline,headline,1,"spurious FIRE counted (exit 0 + VIOLATION line): p1_fails>0, p2_fails>0 (K=4: 14334/68913); execs ~4.4e7 (x31 per K). Also the baseline side of every par K=5 R=2 timing cell (baseline ignores W, U, L, dR)",finished,0,44528549,45323189,0,0,,"89800000 explored (44502690 execs, 45297310 blocked)","TFSTATS execs=44528549 blocked=45323189 timeline_impossible=0 pruned=0 | baseline  variant=par K=5 R=2  L=0 U=1 sd=0 W=3 dR=0 (2U+2sd+dR=2)  execs=44528549 blocked=45323189 delivered=432609654 dups=457596060 timeouts=773979872 stale=0      confused=199127358 completed=49207438 gave_up=40644298 end_checks=24443273 p1_fails=794622 p2_fails=2552172 time=8695.154935352s | VIOLATION (baseline): p1_fails=794622 p2_fails=2552172; --keep-going explored past it, so the exit code is 0 but this is a FIRE, not a hold.",8695.1,8678.0,2,1,none,8500.0,32.0,2026-09-30 13:44:27,2026-09-30 16:09:22,202,/local/sramezani/v8logs/abp-004.log,--mode baseline --variant par --messages 5 --retries 2 --w-ratio 3 --keep-going
lease-079,lease,lease_timed,C=3 R=2 fenced (rounds ladder),timed,ladder,2,hold,finished,0,47524,409971,0,14194,0,,TFSTATS execs=47524 blocked=409971 timeline_impossible=0 pruned=14194 | timed      C=3 R=2 fencing=on  L=0 U=2 TTL=10 PAUSE=4 sd=1  execs=47524  blocked=409971 grants=2702892 expired=2048757 released=653478 applied=2064070 stale=184759 violations=0      time=55.544479572s,55.5,391.1,12,8,shared,600.0,32.0,2026-09-30 16:08:46,2026-09-30 16:09:42,"44,45,46,47,48,49,50,51",/local/sramezani/v8logs/lease-079.log,--clients 3 --rounds 2 --mode timed --u 2 --l-ratio 0 --sd-ratio 0.5 --ttl-ratio 5 --fencing on --pause-ratio 2 --keep-going --parallel shared
par-002,par,par_timed,K=8 R=1 To=9 errs (biggest paired size),timed,headline,1,"hold p1_fails=0, execs=1953121 blocked=1953131 impossible=0 (measured 908 s)",finished,0,1953121,1953131,0,1074216,,"1000000 explored (500002 execs, 499998 blocked)",par (Bosnacki-Dams): dK=3 dL=3 dR=1 To=9 (rule To > dK+dL+dR = 7: listing HOLD) K=8 R=1 R1=1 UD=0 errs=true | TFSTATS execs=1953121 blocked=1953131 timeline_impossible=0 pruned=1074216 | timed: execs=1953121 blocked=1953131 impossible=0 explored=3906252 time=973.557s p1_fails=0 delivered=38012700 duplicates=15009768 timeouts=26250474 ackerr=8676756 msgerr=8676756 confused=0 gave_up=3296268,973.5,3893.4,10,4,shared,910.0,32.0,2026-09-30 15:53:41,2026-09-30 16:09:55,"250,252,254,255",/local/sramezani/v8logs/par-002.log,--mode timed --dk 3 --dl 3 --dr 1 --to 9 --messages 8 --retries 1 --keep-going --parallel shared
lease-080,lease,lease_timed,C=3 R=2 fenced (rounds ladder),baseline,ladder,2,hold,finished,0,396900,1566516,0,0,0,"200000 explored (44231 execs, 155769 blocked)",TFSTATS execs=396900 blocked=1566516 timeline_impossible=0 pruned=0 | baseline   C=3 R=2 fencing=on  L=0 U=2 TTL=10 PAUSE=4 sd=1  execs=396900 blocked=1566516 grants=11605176 expired=9471408 released=2133768 applied=7235760 stale=3257160 violations=0      time=53.31378193s,53.3,363.1,16,8,shared,600.0,32.0,2026-09-30 16:09:42,2026-09-30 16:10:36,"44,45,46,47,48,49,50,51",/local/sramezani/v8logs/lease-080.log,--clients 3 --rounds 2 --mode baseline --u 2 --l-ratio 0 --sd-ratio 0.5 --ttl-ratio 5 --fencing on --pause-ratio 2 --keep-going --parallel shared
ct-004,ct,chandra_toueg_timed,D2 P4 to=13 H=25 kg w7 (TLC diameter),baseline,headline,1,"VIOLATED spurious: violations=8442 of execs=277121, blocked=4721000 (REVIEW: measured 80.6 s at w7, counts identical to sequential)",finished,0,277121,4721000,0,0,8442,"700000 explored (46754 execs, 653246 blocked)","TFSTATS execs=277121 blocked=4721000 timeline_impossible=0 pruned=0 | baseline enc=buffer control=none delta=2 phi=4 to=13 H=25  execs=277121 blocked=4721000 impossible=0 explored=4998121 completed=277121 violations=8442 W*=13 (attained by 8442) steps=[0,25] receives=[0,8] deliveries=[0,8] sent=[8,8] guard_seq_events=2140721 guard_done_events=511525 verdict=VIOLATED time=140.6335188s",140.6,836.8,18,7,shared --workers 7,100.0,32.0,2026-09-30 16:09:55,2026-09-30 16:12:17,"225,226,227,250,252,254,255",/local/sramezani/v8logs/ct-004.log,--mode baseline --delta 2 --phi 4 --to 13 --horizon 25 --keep-going --workers 7
lease-034,lease,lease_timed,unfenced E PAUSE=9 keep-going C=6 R=1,baseline,ladder,2,"violations ~5.3e7, execs=524880, ~8.7e7 explored",finished,0,524880,84662384,0,0,51560640,"19000000 explored (7850 execs, 18992150 blocked)",TFSTATS execs=524880 blocked=84662384 timeline_impossible=0 pruned=0 | baseline   C=6 R=1 fencing=off  L=2 U=2 TTL=10 PAUSE=9 sd=0  execs=524880 blocked=84662384 grants=510917760 expired=438354000 released=72563760 applied=341815680 stale=0      violations=51560640 time=5163.671832406s,5163.7,23096.9,22,8,shared,4500.0,32.0,2026-09-30 14:48:07,2026-09-30 16:14:12,"36,37,38,39,40,41,42,43",/local/sramezani/v8logs/lease-034.log,--clients 6 --rounds 1 --mode baseline --u 2 --l-ratio 1 --sd-ratio 0 --ttl-ratio 5 --fencing off --pause-ratio 4.5 --keep-going --parallel shared
nisshi-014,nisshi,nisshi_txn_timed,T=64 R=1 L=1 U=5 W=1 B=0,baseline,ladder,2,"ec=0, spurious violations>0; measured execs=4545 blocked=958218 stray=8064 dirty=12096",finished,0,4545,958218,0,0,20160,"900000 explored (3968 execs, 896032 blocked)",TFSTATS execs=4545 blocked=958218 timeline_impossible=0 pruned=0 | baseline  fix=None T=64 R=1 L=1 U=5 sd=0 W=1 B=0  execs=4545 blocked=958218 timeouts=962368 completed_txns=45590240 fatal=0 stray_commits=8064 dirty_reads=12096 violations=20160 time=1892.864657428s,1892.9,1892.8,109,1,none,1280.0,32.0,2026-09-30 15:43:02,2026-09-30 16:14:35,238,/local/sramezani/v8logs/nisshi-014.log,--mode baseline --txns 64 --retries 1 --l 1 --u 5 --w 1 --backoff 0 --keep-going
legacy-010,legacy,three_pc_timed,N=4 R=1 U=20 W/U=3 sd/U=0.25 (biggest N),baseline,headline,1,"hold; about 17.6M execs, blocked = execs+1 (predicted; 30.0M coverage reached in 1200 s on 8 partitioned cores)",finished,0,16535648,16535649,0,0,,"33000000 explored (16500000 execs, 16500000 blocked)",TFSTATS execs=16535648 blocked=16535649 timeline_impossible=0 pruned=0 | baseline   N=4 R=1  L=0 U=20 W=60 (W/U=3) sd=5  execs=16535648 blocked=16535649 commit=2239488 abort=27587776 pcommit=2985984 time=9034.614516126s,9034.6,9034.4,11,1,none,6000.0,32.0,2026-09-30 13:44:27,2026-09-30 16:15:02,249,/local/sramezani/v8logs/legacy-010.log,--mode baseline --participants 4 --rounds 1 --u 20 --w-ratio 3 --sd-ratio 0.25
lease-038,lease,lease_timed,fenced E PAUSE=10 C=5 R=1,baseline,ladder,2,hold: execs=1247400 blocked=11769496,finished,0,1247400,11769496,0,0,0,"2600000 explored (111096 execs, 2488904 blocked)",TFSTATS execs=1247400 blocked=11769496 timeline_impossible=0 pruned=0 | baseline   C=5 R=1 fencing=on  L=2 U=2 TTL=10 PAUSE=10 sd=0  execs=1247400 blocked=11769496 grants=65059200 expired=57373920 released=7685280 applied=30741120 stale=26282880 violations=0      time=443.53524792s,443.5,2232.3,24,8,shared,480.0,32.0,2026-09-30 16:10:36,2026-09-30 16:18:01,"44,45,46,47,48,49,50,51",/local/sramezani/v8logs/lease-038.log,--clients 5 --rounds 1 --mode baseline --u 2 --l-ratio 1 --sd-ratio 0 --ttl-ratio 5 --fencing on --pause-ratio 5 --parallel shared
lease-051,lease,lease_timed,boundary D(U1 L0 sd1 TTL6) PAUSE=1=bnd-1 keep-going C=5 R=1,timed,boundary,2,"hold: violations=0, execs=29160 blocked=1601917",finished,0,29160,1601917,0,29836,0,"400000 explored (800 execs, 399200 blocked)",TFSTATS execs=29160 blocked=1601917 timeline_impossible=0 pruned=29836 | timed      C=5 R=1 fencing=off  L=0 U=1 TTL=6 PAUSE=1 sd=1  execs=29160  blocked=1601917 grants=8220380 expired=6957294 released=1263086 applied=4990951 stale=0      violations=0      time=363.66740452s,363.7,1359.3,6,8,shared,420.0,32.0,2026-09-30 16:14:12,2026-09-30 16:20:16,"36,37,38,39,40,41,42,43",/local/sramezani/v8logs/lease-051.log,--clients 5 --rounds 1 --mode timed --u 1 --l-ratio 0 --sd-ratio 1 --ttl-ratio 6 --fencing off --pause-ratio 1 --keep-going --parallel shared
lease-037,lease,lease_timed,fenced E PAUSE=10 C=5 R=1,timed,ladder,2,"hold: execs=6912 blocked=833152 (15.5x fewer explored), stale=244931",finished,0,6912,833152,0,479965,0,"200000 explored (100 execs, 199900 blocked)",TFSTATS execs=6912 blocked=833152 timeline_impossible=0 pruned=479965 | timed      C=5 R=1 fencing=on  L=2 U=2 TTL=10 PAUSE=10 sd=0  execs=6912   blocked=833152 grants=6569948 expired=5681207 released=853740 applied=3629577 stale=244931 violations=0      time=221.494738105s,221.5,916.5,12,8,shared,380.0,32.0,2026-09-30 16:18:01,2026-09-30 16:21:44,"44,45,46,47,48,49,50,51",/local/sramezani/v8logs/lease-037.log,--clients 5 --rounds 1 --mode timed --u 2 --l-ratio 1 --sd-ratio 0 --ttl-ratio 5 --fencing on --pause-ratio 5 --parallel shared
ct-026,ct,chandra_toueg_timed,boundary D2 P3 H=19 (R_diam) to=10 (thr) kg,timed,boundary,2,HOLDS W*=9 (W*+1=10=TLC thr); execs=5610 blocked=610479,finished,0,5610,610479,0,31876,0,"600000 explored (5610 execs, 594390 blocked)","TFSTATS execs=5610 blocked=610479 timeline_impossible=0 pruned=31876 | timed    enc=buffer control=none delta=2 phi=3 to=10 H=19  execs=5610 blocked=610479 impossible=0 explored=616089 completed=5610 violations=0 W*=9 (attained by 165) steps=[6,19] receives=[2,6] deliveries=[0,6] sent=[6,6] guard_seq_events=279273 guard_done_events=82936 verdict=HOLDS time=596.697645332s",596.7,596.7,2,1,none,380.0,32.0,2026-09-30 16:12:17,2026-09-30 16:22:14,227,/local/sramezani/v8logs/ct-026.log,--mode timed --delta 2 --phi 3 --to 10 --horizon 19 --keep-going
abp-030,abp,alternating_bit_timed,"par edge U=1 K=5 R=2 W=2 (tie, FIRE side)",timed,boundary,2,"FIRE counted: p1_fails=32288 p2_fails=65676; execs=1676326 blocked=1708632. REVIEW: timed-FIRE side, no own baseline job; its baseline is the par K=5 R=2 W=3 headline baseline (identical counts)",finished,0,1676326,1708632,0,924619,,"3300000 explored (1634063 execs, 1665937 blocked)","TFSTATS execs=1676326 blocked=1708632 timeline_impossible=0 pruned=924619 | timed     variant=par K=5 R=2  L=0 U=1 sd=0 W=2 dR=0 (2U+2sd+dR=2)  execs=1676326 blocked=1708632 delivered=20731791 dups=15880550 timeouts=32594020 stale=0      confused=1770894 completed=2289968 gave_up=1637750 end_checks=1004808 p1_fails=32288 p2_fails=65676 time=2377.244404082s | VIOLATION (timed): p1_fails=32288 p2_fails=65676; --keep-going explored past it, so the exit code is 0 but this is a FIRE, not a hold.",2377.2,2376.7,2,1,none,1800.0,32.0,2026-09-30 15:43:44,2026-09-30 16:23:22,206,/local/sramezani/v8logs/abp-030.log,--mode timed --variant par --messages 5 --retries 2 --w-ratio 2 --keep-going
ct-009,ct,chandra_toueg_timed,D2 P4 to=13 H=19 kg,timed,ladder,2,HOLDS W*=12; execs=6151 blocked=688413,finished,0,6151,688413,0,34348,0,"600000 explored (6151 execs, 593849 blocked)","TFSTATS execs=6151 blocked=688413 timeline_impossible=0 pruned=34348 | timed    enc=buffer control=none delta=2 phi=4 to=13 H=19  execs=6151 blocked=688413 impossible=0 explored=694564 completed=6151 violations=0 W*=12 (attained by 35) steps=[4,19] receives=[1,6] deliveries=[0,6] sent=[6,6] guard_seq_events=313500 guard_done_events=94145 verdict=HOLDS time=679.725349489s",679.7,679.7,2,1,none,400.0,32.0,2026-09-30 16:12:17,2026-09-30 16:23:37,226,/local/sramezani/v8logs/ct-009.log,--mode timed --delta 2 --phi 4 --to 13 --horizon 19 --keep-going
lease-041,lease,lease_timed,boundary A PAUSE=4=bnd keep-going C=5 R=1,timed,boundary,2,"genuine FIRE: violations=63158, execs=29160 blocked=1650157 (exit 0; count exact iff timeline_impossible=0, not printed; certified by the no-keep-going FIRE)",finished,0,29160,1650157,0,44623,63158,"400000 explored (800 execs, 399200 blocked)",TFSTATS execs=29160 blocked=1650157 timeline_impossible=0 pruned=44623 | timed      C=5 R=1 fencing=off  L=0 U=2 TTL=10 PAUSE=4 sd=1  execs=29160  blocked=1650157 grants=8535515 expired=7226690 released=1308825 applied=5208269 stale=0      violations=63158  time=263.319795486s,263.3,1209.6,12,8,shared,300.0,32.0,2026-09-30 16:21:44,2026-09-30 16:26:07,"44,45,46,47,48,49,50,51",/local/sramezani/v8logs/lease-041.log,--clients 5 --rounds 1 --mode timed --u 2 --l-ratio 0 --sd-ratio 0.5 --ttl-ratio 5 --fencing off --pause-ratio 2 --keep-going --parallel shared
lease-045,lease,lease_timed,boundary B PAUSE=8=bnd keep-going C=5 R=1,timed,boundary,2,"genuine FIRE: violations=55048, execs=19440 blocked=1398741 (count exact iff timeline_impossible=0)",finished,0,19440,1398741,0,38263,55048,"400000 explored (800 execs, 399200 blocked)",TFSTATS execs=19440 blocked=1398741 timeline_impossible=0 pruned=38263 | timed      C=5 R=1 fencing=off  L=2 U=2 TTL=10 PAUSE=8 sd=1  execs=19440  blocked=1398741 grants=7238315 expired=6344307 released=894008 applied=4325774 stale=0      violations=55048  time=384.837664738s,384.8,1280.7,4,8,shared,320.0,32.0,2026-09-30 16:20:16,2026-09-30 16:26:42,"36,37,38,39,40,41,42,43",/local/sramezani/v8logs/lease-045.log,--clients 5 --rounds 1 --mode timed --u 2 --l-ratio 1 --sd-ratio 0.5 --ttl-ratio 5 --fencing off --pause-ratio 4 --keep-going --parallel shared
ct-024,ct,chandra_toueg_timed,boundary D3 P4 H=24 to=14 (thr-1) no-kg,timed,boundary,2,FIRE ec=101 certified,finished (assertion failed: FIRE),101,,,,,,"100000 explored (11729 execs, 88271 blocked)",thread 'main' (2402177) panicked at traceforge/src/must.rs:1728:13:,228.1,228.0,2,1,none,170.0,32.0,2026-09-30 16:23:37,2026-09-30 16:27:25,226,/local/sramezani/v8logs/ct-024.log,--mode timed --delta 3 --phi 4 --to 14 --horizon 24
ct-014,ct,chandra_toueg_timed,"rounds (TKW explicit-time model, untimed) D2 P4 to=13 H=16",baseline,ladder,2,"HOLDS W*=12; execs=27445895 blocked=0 (timed explores 170,291 at H=16)",finished,0,27445895,0,0,0,0,"27400000 explored (27400000 execs, 0 blocked)","TFSTATS execs=27445895 blocked=0 timeline_impossible=0 pruned=0 | rounds   enc=rounds control=none delta=2 phi=4 to=13 H=16  execs=27445895 blocked=0 impossible=0 explored=27445895 completed=27445895 violations=0 W*=12 (attained by 4) steps=[4,16] receives=[1,5] deliveries=[0,5] sent=[1,5] guard_seq_events=0 guard_done_events=0 verdict=HOLDS time=416.010345114s",416.0,416.0,2,1,none,230.0,32.0,2026-09-30 16:22:14,2026-09-30 16:29:10,227,/local/sramezani/v8logs/ct-014.log,--mode rounds --delta 2 --phi 4 --to 13 --horizon 16 --keep-going
abp-020,abp,alternating_bit_timed,abp K=2 R=9 W=3,timed,ladder,2,hold; execs ~3141635 = (3+1/511)*1023^2,finished,0,3141634,3143684,0,4702253,,"6200000 explored (3100001 execs, 3099999 blocked)",TFSTATS execs=3141634 blocked=3143684 timeline_impossible=0 pruned=4702253 | timed     variant=abp K=2 R=9  L=0 U=1 sd=0 W=3 dR=0 (2U+2sd+dR=2)  execs=3141634 blocked=3143684 delivered=21955142 dups=84616799 timeouts=178135663 stale=0      confused=0      completed=3661317 gave_up=4194815 end_checks=1569282 p1_fails=0    p2_fails=0    time=9816.021986882s,9816.0,9815.9,4,1,none,7000.0,32.0,2026-09-30 13:45:38,2026-09-30 16:29:15,204,/local/sramezani/v8logs/abp-020.log,--mode timed --variant abp --messages 2 --retries 9 --w-ratio 3
ct-007,ct,chandra_toueg_timed,D2 P4 to=13 H=16 kg,timed,ladder,2,HOLDS W*=12; execs=1978 blocked=168313,finished,0,1978,168313,0,8442,0,"100000 explored (1978 execs, 98022 blocked)","TFSTATS execs=1978 blocked=168313 timeline_impossible=0 pruned=8442 | timed    enc=buffer control=none delta=2 phi=4 to=13 H=16  execs=1978 blocked=168313 impossible=0 explored=170291 completed=1978 violations=0 W*=12 (attained by 3) steps=[3,16] receives=[1,5] deliveries=[0,5] sent=[5,5] guard_seq_events=67576 guard_done_events=25337 verdict=HOLDS time=127.090202029s",127.1,127.1,2,1,none,90.0,32.0,2026-09-30 16:27:25,2026-09-30 16:29:32,226,/local/sramezani/v8logs/ct-007.log,--mode timed --delta 2 --phi 4 --to 13 --horizon 16 --keep-going
ct-027,ct,chandra_toueg_timed,boundary D2 P3 H=19 (R_diam) to=10 (thr) kg,baseline,boundary,2,"VIOLATED spurious: violations=1026 of execs=19294, blocked=293918",finished,0,19294,293918,0,0,1026,"300000 explored (19294 execs, 280706 blocked)","TFSTATS execs=19294 blocked=293918 timeline_impossible=0 pruned=0 | baseline enc=buffer control=none delta=2 phi=3 to=10 H=19  execs=19294 blocked=293918 impossible=0 explored=313212 completed=19294 violations=1026 W*=10 (attained by 1026) steps=[0,19] receives=[0,6] deliveries=[0,6] sent=[6,6] guard_seq_events=115661 guard_done_events=35841 verdict=VIOLATED time=50.972203148s",51.0,50.9,2,1,none,40.0,32.0,2026-09-30 16:29:10,2026-09-30 16:30:01,227,/local/sramezani/v8logs/ct-027.log,--mode baseline --delta 2 --phi 3 --to 10 --horizon 19 --keep-going
ct-020,ct,chandra_toueg_timed,boundary D1 P4 H=26 to=12 (thr-1) no-kg,timed,boundary,2,FIRE ec=101 certified,finished (assertion failed: FIRE),101,,,,,,,thread 'main' (2403542) panicked at traceforge/src/must.rs:1728:13:,44.3,44.3,2,1,none,35.0,32.0,2026-09-30 16:29:32,2026-09-30 16:30:17,226,/local/sramezani/v8logs/ct-020.log,--mode timed --delta 1 --phi 4 --to 12 --horizon 26
lease-053,lease,lease_timed,boundary D PAUSE=2=bnd keep-going C=5 R=1,timed,boundary,2,"genuine FIRE: violations=63158, execs=29160 blocked=1650157 (count exact iff timeline_impossible=0)",finished,0,29160,1650157,0,44623,63158,"400000 explored (800 execs, 399200 blocked)",TFSTATS execs=29160 blocked=1650157 timeline_impossible=0 pruned=44623 | timed      C=5 R=1 fencing=off  L=0 U=1 TTL=6 PAUSE=2 sd=1  execs=29160  blocked=1650157 grants=8535515 expired=7226690 released=1308825 applied=5208269 stale=0      violations=63158  time=262.04676023s,262.0,1200.6,16,8,shared,300.0,32.0,2026-09-30 16:26:07,2026-09-30 16:30:29,"44,45,46,47,48,49,50,51",/local/sramezani/v8logs/lease-053.log,--clients 5 --rounds 1 --mode timed --u 1 --l-ratio 0 --sd-ratio 1 --ttl-ratio 6 --fencing off --pause-ratio 2 --keep-going --parallel shared
ct-016,ct,chandra_toueg_timed,boundary D2 P4 H=25 to=12 (thr-1) no-kg,timed,boundary,2,FIRE ec=101 certified timed counterexample,finished (assertion failed: FIRE),101,,,,,,,thread 'main' (2403742) panicked at traceforge/src/must.rs:1728:13:,32.8,32.8,2,1,none,25.0,32.0,2026-09-30 16:30:17,2026-09-30 16:30:50,226,/local/sramezani/v8logs/ct-016.log,--mode timed --delta 2 --phi 4 --to 12 --horizon 25
ct-010,ct,chandra_toueg_timed,D2 P4 to=13 H=19 kg,baseline,ladder,2,"VIOLATED spurious: violations=190 of execs=19294, blocked=293918",finished,0,19294,293918,0,0,190,"300000 explored (19294 execs, 280706 blocked)","TFSTATS execs=19294 blocked=293918 timeline_impossible=0 pruned=0 | baseline enc=buffer control=none delta=2 phi=4 to=13 H=19  execs=19294 blocked=293918 impossible=0 explored=313212 completed=19294 violations=190 W*=13 (attained by 190) steps=[0,19] receives=[0,6] deliveries=[0,6] sent=[6,6] guard_seq_events=115661 guard_done_events=35841 verdict=VIOLATED time=51.76895948s",51.8,51.8,2,1,none,30.0,32.0,2026-09-30 16:30:01,2026-09-30 16:30:54,227,/local/sramezani/v8logs/ct-010.log,--mode baseline --delta 2 --phi 4 --to 13 --horizon 19 --keep-going
ct-008,ct,chandra_toueg_timed,D2 P4 to=13 H=16 kg,baseline,ladder,2,"VIOLATED spurious: violations=14 of execs=5138, blocked=72534",finished,0,5138,72534,0,0,14,,"TFSTATS execs=5138 blocked=72534 timeline_impossible=0 pruned=0 | baseline enc=buffer control=none delta=2 phi=4 to=13 H=16  execs=5138 blocked=72534 impossible=0 explored=77672 completed=5138 violations=14 W*=13 (attained by 14) steps=[0,16] receives=[0,5] deliveries=[0,5] sent=[5,5] guard_seq_events=25463 guard_done_events=9561 verdict=VIOLATED time=11.329802133s",11.3,11.3,2,1,none,8.0,32.0,2026-09-30 16:30:54,2026-09-30 16:31:06,227,/local/sramezani/v8logs/ct-008.log,--mode baseline --delta 2 --phi 4 --to 13 --horizon 16 --keep-going
ct-031,ct,chandra_toueg_timed,boundary D2 P2 H=14 (R_diam) to=7 (thr) kg,baseline,boundary,2,"VIOLATED spurious: violations=205 of execs=1839, blocked=23273",finished,0,1839,23273,0,0,205,,"TFSTATS execs=1839 blocked=23273 timeline_impossible=0 pruned=0 | baseline enc=buffer control=none delta=2 phi=2 to=7 H=14  execs=1839 blocked=23273 impossible=0 explored=25112 completed=1839 violations=205 W*=7 (attained by 205) steps=[0,14] receives=[0,5] deliveries=[0,4] sent=[4,4] guard_seq_events=6223 guard_done_events=3371 verdict=VIOLATED time=3.387302337s",3.4,3.4,2,1,none,3.0,32.0,2026-09-30 16:31:06,2026-09-30 16:31:10,227,/local/sramezani/v8logs/ct-031.log,--mode baseline --delta 2 --phi 2 --to 7 --horizon 14 --keep-going
ct-017,ct,chandra_toueg_timed,boundary D2 P4 H=25 to=12 (thr-1) no-kg,baseline,boundary,2,FIRE ec=101,finished (assertion failed: FIRE),101,,,,,,,thread 'main' (2403798) panicked at traceforge/src/lib.rs:2423:21:,0.6,0.6,2,1,none,2.0,32.0,2026-09-30 16:31:10,2026-09-30 16:31:11,227,/local/sramezani/v8logs/ct-017.log,--mode baseline --delta 2 --phi 4 --to 12 --horizon 25
ct-021,ct,chandra_toueg_timed,boundary D1 P4 H=26 to=12 (thr-1) no-kg,baseline,boundary,2,FIRE ec=101,finished (assertion failed: FIRE),101,,,,,,,thread 'main' (2403803) panicked at traceforge/src/lib.rs:2423:21:,0.5,0.5,2,1,none,2.0,32.0,2026-09-30 16:31:11,2026-09-30 16:31:12,227,/local/sramezani/v8logs/ct-021.log,--mode baseline --delta 1 --phi 4 --to 12 --horizon 26
ct-025,ct,chandra_toueg_timed,boundary D3 P4 H=24 to=14 (thr-1) no-kg,baseline,boundary,2,FIRE ec=101,finished (assertion failed: FIRE),101,,,,,,,thread 'main' (2403825) panicked at traceforge/src/lib.rs:2423:21:,0.5,0.5,2,1,none,2.0,32.0,2026-09-30 16:31:12,2026-09-30 16:31:13,227,/local/sramezani/v8logs/ct-025.log,--mode baseline --delta 3 --phi 4 --to 14 --horizon 24
ct-030,ct,chandra_toueg_timed,boundary D2 P2 H=14 (R_diam) to=7 (thr) kg,timed,boundary,2,HOLDS W*=6 (W*+1=7=TLC thr); execs=555 blocked=36070,finished,0,555,36070,0,2127,0,,"TFSTATS execs=555 blocked=36070 timeline_impossible=0 pruned=2127 | timed    enc=buffer control=none delta=2 phi=2 to=7 H=14  execs=555 blocked=36070 impossible=0 explored=36625 completed=555 violations=0 W*=6 (attained by 48) steps=[6,14] receives=[2,5] deliveries=[1,4] sent=[4,4] guard_seq_events=11551 guard_done_events=6202 verdict=HOLDS time=22.222047189s",22.2,22.2,2,1,none,15.0,32.0,2026-09-30 16:30:51,2026-09-30 16:31:14,226,/local/sramezani/v8logs/ct-030.log,--mode timed --delta 2 --phi 2 --to 7 --horizon 14 --keep-going
legacy-018,legacy,two_pc_timed,N=7 delta=5 (biggest N),baseline,headline,1,"hold; execs=645120 (=2^N*N!), blocked about 84M (predicted about 8,500-8,900 s; 12.0M coverage at 1200 s)",finished,0,645120,84175858,0,0,,"84800000 explored (645120 execs, 84154880 blocked)",TFSTATS execs=645120 blocked=84175858 timeline_impossible=0 pruned=0 | baseline   participants=7  execs=645120   blocked=84175858 commit=645120 abort=81930240 time=10007.692142842s,10007.7,10005.9,2,1,none,10000.0,32.0,2026-09-30 13:44:27,2026-09-30 16:31:15,248,/local/sramezani/v8logs/legacy-018.log,--mode baseline --participants 7 --delta 5
ct-028,ct,chandra_toueg_timed,boundary D2 P3 H=19 to=9 (thr-1) no-kg,timed,boundary,2,FIRE ec=101 certified,finished (assertion failed: FIRE),101,,,,,,,thread 'main' (2403860) panicked at traceforge/src/must.rs:1728:13:,1.5,1.5,2,1,none,2.0,32.0,2026-09-30 16:31:13,2026-09-30 16:31:15,227,/local/sramezani/v8logs/ct-028.log,--mode timed --delta 2 --phi 3 --to 9 --horizon 19
ct-029,ct,chandra_toueg_timed,boundary D2 P3 H=19 to=9 (thr-1) no-kg,baseline,boundary,2,FIRE ec=101,finished (assertion failed: FIRE),101,,,,,,,thread 'main' (2404005) panicked at traceforge/src/lib.rs:2423:21:,0.1,0.1,2,1,none,2.0,32.0,2026-09-30 16:31:14,2026-09-30 16:31:15,226,/local/sramezani/v8logs/ct-029.log,--mode baseline --delta 2 --phi 3 --to 9 --horizon 19
ct-032,ct,chandra_toueg_timed,boundary D2 P2 H=14 to=6 (thr-1) no-kg,timed,boundary,2,FIRE ec=101 certified,finished (assertion failed: FIRE),101,,,,,,,thread 'main' (2404019) panicked at traceforge/src/must.rs:1728:13:,1.0,1.0,2,1,none,2.0,32.0,2026-09-30 16:31:15,2026-09-30 16:31:16,226,/local/sramezani/v8logs/ct-032.log,--mode timed --delta 2 --phi 2 --to 6 --horizon 14
ct-033,ct,chandra_toueg_timed,boundary D2 P2 H=14 to=6 (thr-1) no-kg,baseline,boundary,2,FIRE ec=101,finished (assertion failed: FIRE),101,,,,,,,thread 'main' (2404023) panicked at traceforge/src/lib.rs:2423:21:,0.0,0.0,2,1,none,2.0,32.0,2026-09-30 16:31:15,2026-09-30 16:31:16,227,/local/sramezani/v8logs/ct-033.log,--mode baseline --delta 2 --phi 2 --to 6 --horizon 14
ct-034,ct,chandra_toueg_timed,control crashed-sender D2 P4 to=13 H=25 no-kg,timed,boundary,2,FIRE ec=101 certified (sanity: property can fail),finished (assertion failed: FIRE),101,,,,,,,thread 'main' (2404030) panicked at traceforge/src/must.rs:1728:13:,0.1,0.1,2,1,none,2.0,32.0,2026-09-30 16:31:16,2026-09-30 16:31:17,226,/local/sramezani/v8logs/ct-034.log,--mode timed --delta 2 --phi 4 --to 13 --horizon 25 --control crashed-sender
ct-035,ct,chandra_toueg_timed,control crashed-sender D2 P4 to=13 H=25 no-kg,baseline,boundary,2,FIRE ec=101,finished (assertion failed: FIRE),101,,,,,,,thread 'main' (2404034) panicked at traceforge/src/lib.rs:2423:21:,0.0,0.0,2,1,none,2.0,32.0,2026-09-30 16:31:16,2026-09-30 16:31:17,227,/local/sramezani/v8logs/ct-035.log,--mode baseline --delta 2 --phi 4 --to 13 --horizon 25 --control crashed-sender
lease-031,lease,lease_timed,unfenced E PAUSE=9 keep-going C=5 R=1,timed,ladder,2,hold: execs=3840 blocked=702016 (2.7x fewer explored),finished,0,3840,702016,0,405252,0,"200000 explored (50 execs, 199950 blocked)",TFSTATS execs=3840 blocked=702016 timeline_impossible=0 pruned=405252 | timed      C=5 R=1 fencing=off  L=2 U=2 TTL=10 PAUSE=9 sd=0  execs=3840   blocked=702016 grants=5525999 expired=4804270 released=693610 applied=3064468 stale=0      violations=0      time=279.020384634s,279.0,906.9,4,8,shared,280.0,32.0,2026-09-30 16:26:42,2026-09-30 16:31:22,"36,37,38,39,40,41,42,43",/local/sramezani/v8logs/lease-031.log,--clients 5 --rounds 1 --mode timed --u 2 --l-ratio 1 --sd-ratio 0 --ttl-ratio 5 --fencing off --pause-ratio 4.5 --keep-going --parallel shared
abp-013,abp,alternating_bit_timed,abp K=7 R=2 W=3,timed,ladder,2,"hold; execs=2745142 blocked=2745160 (measured 1107 s on 4-core partitioned, cpu 4426 s)",finished,0,2745142,2745160,0,3705942,,"5400000 explored (2700002 execs, 2699998 blocked)",TFSTATS execs=2745142 blocked=2745160 timeline_impossible=0 pruned=3705942 | timed     variant=abp K=7 R=2  L=0 U=1 sd=0 W=3 dR=0 (2U+2sd+dR=2)  execs=2745142 blocked=2745160 delivered=62664437 dups=43298105 timeouts=93066929 stale=0      confused=0      completed=2705927 gave_up=4156943 end_checks=1176490 p1_fails=0    p2_fails=0    time=5818.412584603s,5818.4,5818.3,2,1,none,3900.0,32.0,2026-09-30 14:54:47,2026-09-30 16:31:46,203,/local/sramezani/v8logs/abp-013.log,--mode timed --variant abp --messages 7 --retries 2 --w-ratio 3
lease-043,lease,lease_timed,boundary B(U2 L2 sd1 TTL10) PAUSE=7=bnd-1 keep-going C=5 R=1,timed,boundary,2,"hold: violations=0, execs=19440 blocked=1356981",finished,0,19440,1356981,0,24974,0,"400000 explored (800 execs, 399200 blocked)",TFSTATS execs=19440 blocked=1356981 timeline_impossible=0 pruned=24974 | timed      C=5 R=1 fencing=off  L=2 U=2 TTL=10 PAUSE=7 sd=1  execs=19440  blocked=1356981 grants=6963070 expired=6101895 released=861175 applied=4140187 stale=0      violations=0      time=257.796419224s,257.8,1061.4,16,8,shared,280.0,32.0,2026-09-30 16:30:29,2026-09-30 16:34:48,"44,45,46,47,48,49,50,51",/local/sramezani/v8logs/lease-043.log,--clients 5 --rounds 1 --mode timed --u 2 --l-ratio 1 --sd-ratio 0.5 --ttl-ratio 5 --fencing off --pause-ratio 3.5 --keep-going --parallel shared
lease-047,lease,lease_timed,boundary C(U2 L0 sd0 TTL10) PAUSE=5=bnd-1 keep-going C=5 R=1,timed,boundary,2,"hold: violations=0, execs=5760 blocked=840133",finished,0,5760,840133,0,474190,0,"200000 explored (50 execs, 199950 blocked)",TFSTATS execs=5760 blocked=840133 timeline_impossible=0 pruned=474190 | timed      C=5 R=1 fencing=off  L=0 U=2 TTL=10 PAUSE=5 sd=0  execs=5760   blocked=840133 grants=6511217 expired=5465797 released=1010341 applied=3689642 stale=0      violations=0      time=276.299999882s,276.3,998.9,6,8,shared,280.0,32.0,2026-09-30 16:31:22,2026-09-30 16:35:58,"36,37,38,39,40,41,42,43",/local/sramezani/v8logs/lease-047.log,--clients 5 --rounds 1 --mode timed --u 2 --l-ratio 0 --sd-ratio 0 --ttl-ratio 5 --fencing off --pause-ratio 2.5 --keep-going --parallel shared
abp-011,abp,alternating_bit_timed,abp K=4 R=2 W=3,baseline,ladder,2,hold; execs=4503679 blocked=4503697,finished,0,4503679,4503697,0,0,,"9000000 explored (4500001 execs, 4499999 blocked)",TFSTATS execs=4503679 blocked=4503697 timeline_impossible=0 pruned=0 | baseline  variant=abp K=4 R=2  L=0 U=1 sd=0 W=3 dR=0 (2U+2sd+dR=2)  execs=4503679 blocked=4503697 delivered=35698584 dups=44379960 timeouts=66404858 stale=19396138 confused=0      completed=3623234 gave_up=5384140 end_checks=1811617 p1_fails=0    p2_fails=0    time=780.595789892s,780.6,780.6,2,1,none,530.0,32.0,2026-09-30 16:23:22,2026-09-30 16:36:23,206,/local/sramezani/v8logs/abp-011.log,--mode baseline --variant abp --messages 4 --retries 2 --w-ratio 3
lease-003,lease,lease_timed,unfenced A(U2 L0 sd1 TTL10) PAUSE=3 keep-going C=6 R=1,timed,headline,1,"hold: violations=0, execs=524880 (=6!*3^6), blocked ~7.0e7",finished,0,524880,67394585,0,1723028,0,"15100000 explored (7936 execs, 15092064 blocked)",TFSTATS execs=524880 blocked=67394585 timeline_impossible=0 pruned=1723028 | timed      C=6 R=1 fencing=off  L=0 U=2 TTL=10 PAUSE=3 sd=1  execs=524880 blocked=67394585 grants=416988408 expired=353510360 released=63478048 applied=250224384 stale=0      violations=0      time=10385.076293087s,10385.1,52440.7,24,8,shared,13000.0,32.0,2026-09-30 13:44:27,2026-09-30 16:37:33,"20,21,22,23,24,25,26,27",/local/sramezani/v8logs/lease-003.log,--clients 6 --rounds 1 --mode timed --u 2 --l-ratio 0 --sd-ratio 0.5 --ttl-ratio 5 --fencing off --pause-ratio 1.5 --keep-going --parallel shared
lease-049,lease,lease_timed,boundary C PAUSE=6=bnd keep-going C=5 R=1,timed,boundary,2,"genuine FIRE: violations=50058, execs=5760 blocked=874549 (count exact iff timeline_impossible=0)",finished,0,5760,874549,0,489766,50058,"200000 explored (50 execs, 199950 blocked)",TFSTATS execs=5760 blocked=874549 timeline_impossible=0 pruned=489766 | timed      C=5 R=1 fencing=off  L=0 U=2 TTL=10 PAUSE=6 sd=0  execs=5760   blocked=874549 grants=6761169 expired=5677644 released=1048323 applied=3854571 stale=0      violations=50058  time=198.476311439s,198.5,885.4,10,8,shared,250.0,32.0,2026-09-30 16:34:48,2026-09-30 16:38:07,"44,45,46,47,48,49,50,51",/local/sramezani/v8logs/lease-049.log,--clients 5 --rounds 1 --mode timed --u 2 --l-ratio 0 --sd-ratio 0 --ttl-ratio 5 --fencing off --pause-ratio 3 --keep-going --parallel shared
lease-032,lease,lease_timed,unfenced E PAUSE=9 keep-going C=5 R=1,baseline,ladder,2,"violations=943680, execs=29160 blocked=1852696 (REVIEW measured 105.6 s)",finished,0,29160,1852696,0,0,943680,"200000 explored (4148 execs, 195852 blocked)",TFSTATS execs=29160 blocked=1852696 timeline_impossible=0 pruned=0 | baseline   C=5 R=1 fencing=off  L=2 U=2 TTL=10 PAUSE=9 sd=0  execs=29160  blocked=1852696 grants=9384000 expired=8019120 released=1364880 applied=6403200 stale=0      violations=943680 time=76.825786556s,76.8,357.6,10,8,shared,150.0,32.0,2026-09-30 16:37:33,2026-09-30 16:38:50,"20,21,22,23,24,25,26,27",/local/sramezani/v8logs/lease-032.log,--clients 5 --rounds 1 --mode baseline --u 2 --l-ratio 1 --sd-ratio 0 --ttl-ratio 5 --fencing off --pause-ratio 4.5 --keep-going --parallel shared
lease-042,lease,lease_timed,boundary A PAUSE=4=bnd keep-going C=5 R=1,baseline,boundary,2,violations=943680,finished,0,29160,1852696,0,0,943680,"200000 explored (3946 execs, 196054 blocked)",TFSTATS execs=29160 blocked=1852696 timeline_impossible=0 pruned=0 | baseline   C=5 R=1 fencing=off  L=0 U=2 TTL=10 PAUSE=4 sd=1  execs=29160  blocked=1852696 grants=9384000 expired=8019120 released=1364880 applied=6403200 stale=0      violations=943680 time=93.86549271s,93.9,413.3,8,8,shared,150.0,32.0,2026-09-30 16:38:07,2026-09-30 16:39:41,"44,45,46,47,48,49,50,51",/local/sramezani/v8logs/lease-042.log,--clients 5 --rounds 1 --mode baseline --u 2 --l-ratio 0 --sd-ratio 0.5 --ttl-ratio 5 --fencing off --pause-ratio 2 --keep-going --parallel shared
lease-044,lease,lease_timed,boundary B(U2 L2 sd1 TTL10) PAUSE=7=bnd-1 keep-going C=5 R=1,baseline,boundary,2,violations=943680,finished,0,29160,1852696,0,0,943680,"200000 explored (4088 execs, 195912 blocked)",TFSTATS execs=29160 blocked=1852696 timeline_impossible=0 pruned=0 | baseline   C=5 R=1 fencing=off  L=2 U=2 TTL=10 PAUSE=7 sd=1  execs=29160  blocked=1852696 grants=9384000 expired=8019120 released=1364880 applied=6403200 stale=0      violations=943680 time=79.598490405s,79.6,360.6,12,8,shared,150.0,32.0,2026-09-30 16:38:50,2026-09-30 16:40:10,"20,21,22,23,24,25,26,27",/local/sramezani/v8logs/lease-044.log,--clients 5 --rounds 1 --mode baseline --u 2 --l-ratio 1 --sd-ratio 0.5 --ttl-ratio 5 --fencing off --pause-ratio 3.5 --keep-going --parallel shared
brp-007,brp,brp_timed,A MAX=8 n=2 F=1 all w6 (biggest comfortable timed),timed,headline,1,"HOLDS (proof), impossible=0; explored about 5.8e7 predicted (x4.35 over MAX=7), about 1.15 ms CPU per ending; band 9000-16000 s",error (exit -9),-9,,,,,,"6000000 explored (211620 execs, 5788380 blocked)",,10563.5,,,6,"--workers 6 (shared queue); measured: timed C1 w6 12.8 s vs 93.8 s w1 (7.3x), MAX4 w7 12.0 s vs 76 s (6.3x), MAX5 w4 3.75x, MAX6 w7 364 s on 2434 CPU-s",12000.0,150.0,2026-09-30 13:44:27,2026-09-30 16:40:30,"185,186,187,188,189,190",/local/sramezani/v8logs/brp-007.log,--mode timed --n 2 --max 8 --td 1 --t1 3 --tr 51 --sync 51 --k 2 --files 1 --property all --keep-going --workers 6
brp-022,brp,brp_timed,A MAX=9 n=2 F=1 all w6 (top of the timed ladder),timed,ladder,2,"HOLDS (proof), impossible=0; explored about 2.5e8 predicted, about 1.35 ms CPU per ending; band 42000-90000 s",error (exit -9),-9,,,,,,"1700000 explored (74338 execs, 1625662 blocked)",,3634.0,,,6,"--workers 6 (shared queue); measured: timed C1 w6 12.8 s vs 93.8 s w1 (7.3x), MAX4 w7 12.0 s vs 76 s (6.3x), MAX5 w4 3.75x, MAX6 w7 364 s on 2434 CPU-s",60000.0,150.0,2026-09-30 15:39:56,2026-09-30 16:40:30,"192,193,194,197,198,199",/local/sramezani/v8logs/brp-022.log,--mode timed --n 2 --max 9 --td 1 --t1 3 --tr 57 --sync 57 --k 2 --files 1 --property all --keep-going --workers 6
lease-055,lease,lease_timed,boundary E PAUSE=10=bnd keep-going C=5 R=1,timed,boundary,2,"genuine FIRE: violations=43100, execs=3840 blocked=708136 (count exact iff timeline_impossible=0)",finished,0,3840,708136,0,405422,43100,"200000 explored (50 execs, 199950 blocked)",TFSTATS execs=3840 blocked=708136 timeline_impossible=0 pruned=405422 | timed      C=5 R=1 fencing=off  L=2 U=2 TTL=10 PAUSE=10 sd=0  execs=3840   blocked=708136 grants=5557449 expired=4833933 released=695395 applied=3118036 stale=0      violations=43100  time=280.498905016s,280.5,905.0,4,8,shared,240.0,32.0,2026-09-30 16:35:58,2026-09-30 16:40:39,"36,37,38,39,40,41,42,43",/local/sramezani/v8logs/lease-055.log,--clients 5 --rounds 1 --mode timed --u 2 --l-ratio 1 --sd-ratio 0 --ttl-ratio 5 --fencing off --pause-ratio 5 --keep-going --parallel shared
lease-046,lease,lease_timed,boundary B PAUSE=8=bnd keep-going C=5 R=1,baseline,boundary,2,violations=943680,finished,0,29160,1852696,0,0,943680,"200000 explored (4270 execs, 195730 blocked)",TFSTATS execs=29160 blocked=1852696 timeline_impossible=0 pruned=0 | baseline   C=5 R=1 fencing=off  L=2 U=2 TTL=10 PAUSE=8 sd=1  execs=29160  blocked=1852696 grants=9384000 expired=8019120 released=1364880 applied=6403200 stale=0      violations=943680 time=96.08724964s,96.1,413.8,14,8,shared,150.0,32.0,2026-09-30 16:39:41,2026-09-30 16:41:18,"44,45,46,47,48,49,50,51",/local/sramezani/v8logs/lease-046.log,--clients 5 --rounds 1 --mode baseline --u 2 --l-ratio 1 --sd-ratio 0.5 --ttl-ratio 5 --fencing off --pause-ratio 4 --keep-going --parallel shared
lease-048,lease,lease_timed,boundary C(U2 L0 sd0 TTL10) PAUSE=5=bnd-1 keep-going C=5 R=1,baseline,boundary,2,violations=943680,finished,0,29160,1852696,0,0,943680,"200000 explored (4210 execs, 195790 blocked)",TFSTATS execs=29160 blocked=1852696 timeline_impossible=0 pruned=0 | baseline   C=5 R=1 fencing=off  L=0 U=2 TTL=10 PAUSE=5 sd=0  execs=29160  blocked=1852696 grants=9384000 expired=8019120 released=1364880 applied=6403200 stale=0      violations=943680 time=78.839925747s,78.8,357.9,8,8,shared,150.0,32.0,2026-09-30 16:40:10,2026-09-30 16:41:30,"20,21,22,23,24,25,26,27",/local/sramezani/v8logs/lease-048.log,--clients 5 --rounds 1 --mode baseline --u 2 --l-ratio 0 --sd-ratio 0 --ttl-ratio 5 --fencing off --pause-ratio 2.5 --keep-going --parallel shared
abp-025,abp,alternating_bit_timed,abp premature K=4 R=2 W=2 (=edge),baseline,boundary,2,hold; execs=4503679 (baseline ignores W),finished,0,4503679,4503697,0,0,,"9000000 explored (4500001 execs, 4499999 blocked)",TFSTATS execs=4503679 blocked=4503697 timeline_impossible=0 pruned=0 | baseline  variant=abp K=4 R=2  L=0 U=1 sd=0 W=2 dR=0 (2U+2sd+dR=2)  execs=4503679 blocked=4503697 delivered=35698584 dups=44379960 timeouts=66404858 stale=19396138 confused=0      completed=3623234 gave_up=5384140 end_checks=1811617 p1_fails=0    p2_fails=0    time=799.33387776s,799.3,799.3,2,1,none,530.0,32.0,2026-09-30 16:29:15,2026-09-30 16:42:35,204,/local/sramezani/v8logs/abp-025.log,--mode baseline --variant abp --messages 4 --retries 2 --w-ratio 2
lease-050,lease,lease_timed,boundary C PAUSE=6=bnd keep-going C=5 R=1,baseline,boundary,2,violations=943680,finished,0,29160,1852696,0,0,943680,"200000 explored (4387 execs, 195613 blocked)",TFSTATS execs=29160 blocked=1852696 timeline_impossible=0 pruned=0 | baseline   C=5 R=1 fencing=off  L=0 U=2 TTL=10 PAUSE=6 sd=0  execs=29160  blocked=1852696 grants=9384000 expired=8019120 released=1364880 applied=6403200 stale=0      violations=943680 time=118.125621671s,118.1,458.8,2,8,shared,150.0,32.0,2026-09-30 16:40:39,2026-09-30 16:42:38,"36,37,38,39,40,41,42,43",/local/sramezani/v8logs/lease-050.log,--clients 5 --rounds 1 --mode baseline --u 2 --l-ratio 0 --sd-ratio 0 --ttl-ratio 5 --fencing off --pause-ratio 3 --keep-going --parallel shared
lease-054,lease,lease_timed,boundary D PAUSE=2=bnd keep-going C=5 R=1,baseline,boundary,2,violations=943680,finished,0,29160,1852696,0,0,943680,"200000 explored (4276 execs, 195724 blocked)",TFSTATS execs=29160 blocked=1852696 timeline_impossible=0 pruned=0 | baseline   C=5 R=1 fencing=off  L=0 U=1 TTL=6 PAUSE=2 sd=1  execs=29160  blocked=1852696 grants=9384000 expired=8019120 released=1364880 applied=6403200 stale=0      violations=943680 time=77.587325713s,77.6,355.4,8,8,shared,150.0,32.0,2026-09-30 16:41:30,2026-09-30 16:42:48,"20,21,22,23,24,25,26,27",/local/sramezani/v8logs/lease-054.log,--clients 5 --rounds 1 --mode baseline --u 1 --l-ratio 0 --sd-ratio 1 --ttl-ratio 6 --fencing off --pause-ratio 2 --keep-going --parallel shared
lease-052,lease,lease_timed,boundary D(U1 L0 sd1 TTL6) PAUSE=1=bnd-1 keep-going C=5 R=1,baseline,boundary,2,"violations=943680, execs=29160 blocked=1852696 (REVIEW measured 104.9 s)",finished,0,29160,1852696,0,0,943680,"200000 explored (4056 execs, 195944 blocked)",TFSTATS execs=29160 blocked=1852696 timeline_impossible=0 pruned=0 | baseline   C=5 R=1 fencing=off  L=0 U=1 TTL=6 PAUSE=1 sd=1  execs=29160  blocked=1852696 grants=9384000 expired=8019120 released=1364880 applied=6403200 stale=0      violations=943680 time=93.601540842s,93.6,415.4,12,8,shared,150.0,32.0,2026-09-30 16:41:18,2026-09-30 16:42:52,"44,45,46,47,48,49,50,51",/local/sramezani/v8logs/lease-052.log,--clients 5 --rounds 1 --mode baseline --u 1 --l-ratio 0 --sd-ratio 1 --ttl-ratio 6 --fencing off --pause-ratio 1 --keep-going --parallel shared
lease-023,lease,lease_timed,REVIEW: fenced A PAUSE=4 C=4 R=1 shared-8 (uniform ladder),timed,ladder,2,"hold, execs=2760 blocked=53327, stale=9410 (11.3 s measured)",finished,0,2760,53327,0,2104,0,,TFSTATS execs=2760 blocked=53327 timeline_impossible=0 pruned=2104 | timed      C=4 R=1 fencing=on  L=0 U=2 TTL=10 PAUSE=4 sd=1  execs=2760   blocked=53327  grants=224431 expired=189002 released=35309  applied=136271 stale=9410   violations=0      time=8.019705788s,8.0,29.4,2,8,shared,15.0,32.0,2026-09-30 16:42:48,2026-09-30 16:42:56,"20,21,22,23,24,25,26,27",/local/sramezani/v8logs/lease-023.log,--clients 4 --rounds 1 --mode timed --u 2 --l-ratio 0 --sd-ratio 0.5 --ttl-ratio 5 --fencing on --pause-ratio 2 --parallel shared
lease-021,lease,lease_timed,REVIEW: unfenced A PAUSE=3 keep-going C=4 R=1 shared-8 (uniform ladder),timed,ladder,2,"hold, execs=1944 blocked=46313 (6.0 s measured)",finished,0,1944,46313,0,527,0,,TFSTATS execs=1944 blocked=46313 timeline_impossible=0 pruned=527 | timed      C=4 R=1 fencing=off  L=0 U=2 TTL=10 PAUSE=3 sd=1  execs=1944   blocked=46313  grants=186812 expired=157740 released=29072  applied=115301 stale=0      violations=0      time=7.767012019s,7.8,26.5,2,8,shared,10.0,32.0,2026-09-30 16:42:52,2026-09-30 16:43:00,"44,45,46,47,48,49,50,51",/local/sramezani/v8logs/lease-021.log,--clients 4 --rounds 1 --mode timed --u 2 --l-ratio 0 --sd-ratio 0.5 --ttl-ratio 5 --fencing off --pause-ratio 1.5 --keep-going --parallel shared
lease-024,lease,lease_timed,REVIEW: fenced A PAUSE=4 C=4 R=1 shared-8 (uniform ladder),baseline,ladder,2,"hold, execs=22680 blocked=138840 (7.0 s measured)",finished,0,22680,138840,0,0,0,,TFSTATS execs=22680 blocked=138840 timeline_impossible=0 pruned=0 | baseline   C=4 R=1 fencing=on  L=0 U=2 TTL=10 PAUSE=4 sd=1  execs=22680  blocked=138840 grants=642816 expired=559440 released=83376  applied=333504 stale=212544 violations=0      time=5.264674505s,5.3,22.0,2,8,shared,10.0,32.0,2026-09-30 16:42:56,2026-09-30 16:43:02,"20,21,22,23,24,25,26,27",/local/sramezani/v8logs/lease-024.log,--clients 4 --rounds 1 --mode baseline --u 2 --l-ratio 0 --sd-ratio 0.5 --ttl-ratio 5 --fencing on --pause-ratio 2 --parallel shared
lease-022,lease,lease_timed,REVIEW: unfenced A PAUSE=3 keep-going C=4 R=1 shared-8 (uniform ladder),baseline,ladder,2,"violations=19008, execs=1944 blocked=48984 (predicted 3-5 s)",finished,0,1944,48984,0,0,19008,,TFSTATS execs=1944 blocked=48984 timeline_impossible=0 pruned=0 | baseline   C=4 R=1 fencing=off  L=0 U=2 TTL=10 PAUSE=3 sd=1  execs=1944   blocked=48984  grants=200448 expired=170352 released=30096  applied=139392 stale=0      violations=19008  time=3.012053115s,3.0,10.0,2,8,shared,6.0,32.0,2026-09-30 16:43:00,2026-09-30 16:43:04,"44,45,46,47,48,49,50,51",/local/sramezani/v8logs/lease-022.log,--clients 4 --rounds 1 --mode baseline --u 2 --l-ratio 0 --sd-ratio 0.5 --ttl-ratio 5 --fencing off --pause-ratio 1.5 --keep-going --parallel shared
lease-056,lease,lease_timed,boundary E PAUSE=10=bnd keep-going C=5 R=1,baseline,boundary,2,violations=943680,finished,0,29160,1852696,0,0,943680,"200000 explored (3868 execs, 196132 blocked)",TFSTATS execs=29160 blocked=1852696 timeline_impossible=0 pruned=0 | baseline   C=5 R=1 fencing=off  L=2 U=2 TTL=10 PAUSE=10 sd=0  execs=29160  blocked=1852696 grants=9384000 expired=8019120 released=1364880 applied=6403200 stale=0      violations=943680 time=118.876561205s,118.9,462.4,6,8,shared,150.0,32.0,2026-09-30 16:42:38,2026-09-30 16:44:37,"36,37,38,39,40,41,42,43",/local/sramezani/v8logs/lease-056.log,--clients 5 --rounds 1 --mode baseline --u 2 --l-ratio 1 --sd-ratio 0 --ttl-ratio 5 --fencing off --pause-ratio 5 --keep-going --parallel shared
abp-027,abp,alternating_bit_timed,abp premature K=4 R=2 W=1,baseline,boundary,2,hold; execs=4503679 (baseline ignores W),finished,0,4503679,4503697,0,0,,"9000000 explored (4500001 execs, 4499999 blocked)",TFSTATS execs=4503679 blocked=4503697 timeline_impossible=0 pruned=0 | baseline  variant=abp K=4 R=2  L=0 U=1 sd=0 W=1 dR=0 (2U+2sd+dR=2)  execs=4503679 blocked=4503697 delivered=35698584 dups=44379960 timeouts=66404858 stale=19396138 confused=0      completed=3623234 gave_up=5384140 end_checks=1811617 p1_fails=0    p2_fails=0    time=823.311239399s,823.3,823.3,2,1,none,530.0,32.0,2026-09-30 16:31:46,2026-09-30 16:45:30,203,/local/sramezani/v8logs/abp-027.log,--mode baseline --variant abp --messages 4 --retries 2 --w-ratio 1
abp-031,abp,alternating_bit_timed,par DT-Spin row K=5 R=2 W=7 (FIRE side),timed,boundary,2,"FIRE counted: p1_fails=2548 p2_fails=4914; execs=366294 blocked=368860 (L=U=3 dR=1, edge 2U+dR=7); baseline side = DT W=8 baseline job (identical for every W)",finished,0,366294,368860,0,243422,,"700000 explored (348776 execs, 351224 blocked)","TFSTATS execs=366294 blocked=368860 timeline_impossible=0 pruned=243422 | timed     variant=par K=5 R=2  L=3 U=3 sd=0 W=7 dR=1 (2U+2sd+dR=7)  execs=366294  blocked=368860 delivered=4763520 dups=3099391 timeouts=7075864 stale=0      confused=88936  completed=422766 gave_up=364357 end_checks=211383 p1_fails=2548 p2_fails=4914 time=588.860760208s | VIOLATION (timed): p1_fails=2548 p2_fails=4914; --keep-going explored past it, so the exit code is 0 but this is a FIRE, not a hold.",588.9,588.8,2,1,none,470.0,32.0,2026-09-30 16:36:23,2026-09-30 16:46:13,206,/local/sramezani/v8logs/abp-031.log,--mode timed --variant par --messages 5 --retries 2 --u 3 --l-ratio 1 --proc-ratio 0.333 --w-ratio 2.3333333 --keep-going
abp-019,abp,alternating_bit_timed,abp K=2 R=8 W=3,timed,ladder,2,"hold; execs=784386 blocked=785412 (measured 327 s on 8-core partitioned, cpu 1304 s; REVIEW: sequential 1,350-1,600 s from the per-exec trend)",finished,0,784386,785412,0,1172004,,"1500000 explored (750001 execs, 749999 blocked)",TFSTATS execs=784386 blocked=785412 timeline_impossible=0 pruned=1172004 | timed     variant=abp K=2 R=8  L=0 U=1 sd=0 W=3 dR=0 (2U+2sd+dR=2)  execs=784386  blocked=785412 delivered=5473852 dups=18394940 timeouts=39012165 stale=0      confused=0      completed=913157 gave_up=1048831 end_checks=391426 p1_fails=0    p2_fails=0    time=2213.821003801s,2213.8,2213.8,2,1,none,1500.0,32.0,2026-09-30 16:09:22,2026-09-30 16:46:17,202,/local/sramezani/v8logs/abp-019.log,--mode timed --variant abp --messages 2 --retries 8 --w-ratio 3
lease-062,lease,lease_timed,boundary A PAUSE=4=bnd keep-going C=6 R=1,baseline,boundary,2,violations ~5.3e7 (count-identical to the C6 headline baseline),finished,0,524880,84662384,0,0,51560640,"19000000 explored (7834 execs, 18992166 blocked)",TFSTATS execs=524880 blocked=84662384 timeline_impossible=0 pruned=0 | baseline   C=6 R=1 fencing=off  L=0 U=2 TTL=10 PAUSE=4 sd=1  execs=524880 blocked=84662384 grants=510917760 expired=438354000 released=72563760 applied=341815680 stale=0      violations=51560640 time=5548.505546414s,5548.5,23714.5,21,8,shared,4500.0,32.0,2026-09-30 15:15:39,2026-09-30 16:48:08,"28,29,30,31,32,33,34,35",/local/sramezani/v8logs/lease-062.log,--clients 6 --rounds 1 --mode baseline --u 2 --l-ratio 0 --sd-ratio 0.5 --ttl-ratio 5 --fencing off --pause-ratio 2 --keep-going --parallel shared
brp-009,brp,brp_timed,"C1 F=2 MAX=1 TR=9 SYNC=7 p2 w6 (parallel pair, both >=10 s)",baseline,ladder,2,VIOLATED = spurious (2) alarms; explored=43044179 (measured 627 s on 6 workers); log about 150 MB of panic lines,finished,0,1115751,41928428,0,0,,"7100000 explored (182828 execs, 6917172 blocked)",TFSTATS execs=1115751 blocked=41928428 timeline_impossible=0 pruned=0 | baseline model=Dkrt n=2 MAX=1 TD=1 T1=3 TR=9 SYNC=7 k=2 F=2 DC=10 prop=P2  execs=1115751 blocked=41928428 impossible=0 explored=43044179 judged=2994579 p2_runs=1878828 p2_tr_side=1860128 p2_sync_side=43510 p4_runs=0 client_runs=44892 failed_file_runs=2436540 timeout_runs=2994578 restart_after_fail_runs=1812189 first_safe_after_timeout_runs=2449821 probe_nontrivial_runs=0 confused_ack_runs=2278859 verdict=VIOLATED time=664.563411661s,664.6,3675.9,16,6,"--workers 6 (shared queue); measured: baseline C1 w6 627 s vs about 2,150-2,600 s w1, MAX3 w7 339 s vs about 1,450 s (4.3x), w5 3.46x, w4 2.77x",700.0,150.0,2026-09-30 16:40:30,2026-09-30 16:51:36,"192,193,194,197,198,199",/local/sramezani/v8logs/brp-009.log,--mode baseline --n 2 --max 1 --td 1 --t1 3 --tr 9 --sync 7 --k 2 --files 2 --property p2 --keep-going --workers 6
abp-024,abp,alternating_bit_timed,abp premature K=4 R=2 W=2 (=edge),timed,boundary,2,"hold, stale>0 (604703), no premature WARNING; execs=263236 blocked=263254",finished,0,263236,263254,0,143090,,"500000 explored (250003 execs, 249997 blocked)",TFSTATS execs=263236 blocked=263254 timeline_impossible=0 pruned=143090 | timed     variant=abp K=4 R=2  L=0 U=1 sd=0 W=2 dR=0 (2U+2sd+dR=2)  execs=263236  blocked=263254 delivered=2629547 dups=2310445 timeouts=4366552 stale=604703 confused=0      completed=331880 gave_up=279703 end_checks=146242 p1_fails=0    p2_fails=0    time=357.082531665s,357.1,357.1,2,1,none,245.0,32.0,2026-09-30 16:46:17,2026-09-30 16:52:14,202,/local/sramezani/v8logs/abp-024.log,--mode timed --variant abp --messages 4 --retries 2 --w-ratio 2
abp-034,abp,alternating_bit_timed,"par DT-Spin row K=5 R=2 W=3 (lower edge, FIRE)",timed,boundary,2,FIRE counted: p1_fails=19258 p2_fails=18472; execs=174476 blocked=197464 (2L+dR=7 <= (R+1)W=9); baseline side = DT W=8 baseline job,finished,0,174476,197464,0,19545,,"300000 explored (140358 execs, 159642 blocked)","TFSTATS execs=174476 blocked=197464 timeline_impossible=0 pruned=19545 | timed     variant=par K=5 R=2  L=3 U=3 sd=0 W=3 dR=1 (2U+2sd+dR=7)  execs=174476  blocked=197464 delivered=1741582 dups=1990832 timeouts=3215009 stale=0      confused=560009 completed=192211 gave_up=189305 end_checks=89952  p1_fails=19258 p2_fails=18472 time=380.673967883s | VIOLATION (timed): p1_fails=19258 p2_fails=18472; --keep-going explored past it, so the exit code is 0 but this is a FIRE, not a hold.",380.7,380.4,2,1,none,250.0,32.0,2026-09-30 16:46:13,2026-09-30 16:52:34,206,/local/sramezani/v8logs/abp-034.log,--mode timed --variant par --messages 5 --retries 2 --u 3 --l-ratio 1 --proc-ratio 0.333 --w-ratio 1 --keep-going
abp-018,abp,alternating_bit_timed,abp K=2 R=7 W=3,timed,ladder,2,hold; execs=195586 blocked=196100 (baseline side = ceiling job),finished,0,195586,196100,0,291356,,"300000 explored (150000 execs, 150000 blocked)",TFSTATS execs=195586 blocked=196100 timeline_impossible=0 pruned=291356 | timed     variant=abp K=2 R=7  L=0 U=1 sd=0 W=3 dR=0 (2U+2sd+dR=2)  execs=195586  blocked=196100 delivered=1361331 dups=3908769 timeouts=8371364 stale=0      confused=0      completed=227205 gave_up=262271 end_checks=97410  p1_fails=0    p2_fails=0    time=442.343817816s,442.3,442.3,2,1,none,340.0,32.0,2026-09-30 16:45:30,2026-09-30 16:52:52,203,/local/sramezani/v8logs/abp-018.log,--mode timed --variant abp --messages 2 --retries 7 --w-ratio 3
abp-012,abp,alternating_bit_timed,abp K=6 R=2 W=3,timed,ladder,2,hold; execs=392162 blocked=392180 (baseline side = ceiling job),finished,0,392162,392180,0,529419,,"700000 explored (350001 execs, 349999 blocked)",TFSTATS execs=392162 blocked=392180 timeline_impossible=0 pruned=529419 | timed     variant=abp K=6 R=2  L=0 U=1 sd=0 W=3 dR=0 (2U+2sd+dR=2)  execs=392162  blocked=392180 delivered=7638319 dups=5247057 timeouts=11418523 stale=0      confused=0      completed=386561 gave_up=593859 end_checks=168070 p1_fails=0    p2_fails=0    time=694.939853243s,694.9,694.9,2,1,none,450.0,32.0,2026-09-30 16:42:35,2026-09-30 16:54:10,204,/local/sramezani/v8logs/abp-012.log,--mode timed --variant abp --messages 6 --retries 2 --w-ratio 3
abp-016,abp,alternating_bit_timed,abp K=2 R=6 W=3,timed,ladder,2,hold; execs=48642 blocked=48900 (measured 50.8 and 68.8 s),finished,0,48642,48900,0,72085,,,TFSTATS execs=48642 blocked=48900 timeline_impossible=0 pruned=72085 | timed     variant=abp K=2 R=6  L=0 U=1 sd=0 W=3 dR=0 (2U+2sd+dR=2)  execs=48642   blocked=48900  delivered=336939 dups=804941 timeouts=1747403 stale=0      confused=0      completed=56261  gave_up=65599  end_checks=24130  p1_fails=0    p2_fails=0    time=89.0193146s,89.0,89.0,2,1,none,70.0,32.0,2026-09-30 16:52:52,2026-09-30 16:54:21,203,/local/sramezani/v8logs/abp-016.log,--mode timed --variant abp --messages 2 --retries 6 --w-ratio 3
abp-009,abp,alternating_bit_timed,abp K=3 R=2 W=3,baseline,ladder,2,hold; execs=107388 blocked=107406,finished,0,107388,107406,0,0,,"200000 explored (100002 execs, 99998 blocked)",TFSTATS execs=107388 blocked=107406 timeline_impossible=0 pruned=0 | baseline  variant=abp K=3 R=2  L=0 U=1 sd=0 W=3 dR=0 (2U+2sd+dR=2)  execs=107388  blocked=107406 delivered=636496 dups=780700 timeouts=1188074 stale=302844 confused=0      completed=86418  gave_up=128374 end_checks=43209  p1_fails=0    p2_fails=0    time=14.343833759s,14.3,14.3,2,1,none,10.0,32.0,2026-09-30 16:54:21,2026-09-30 16:54:36,203,/local/sramezani/v8logs/abp-009.log,--mode baseline --variant abp --messages 3 --retries 2 --w-ratio 3
abp-010,abp,alternating_bit_timed,abp K=4 R=2 W=3,timed,ladder,2,hold; execs=8002 blocked=8020,finished,0,8002,8020,0,10803,,,TFSTATS execs=8002 blocked=8020 timeline_impossible=0 pruned=10803 | timed     variant=abp K=4 R=2  L=0 U=1 sd=0 W=3 dR=0 (2U+2sd+dR=2)  execs=8002    blocked=8020   delivered=102266 dups=68786  timeouts=156461 stale=0      confused=0      completed=7889   gave_up=12131  end_checks=3430   p1_fails=0    p2_fails=0    time=11.27705212s,11.3,11.3,2,1,none,6.0,32.0,2026-09-30 16:54:36,2026-09-30 16:54:48,203,/local/sramezani/v8logs/abp-010.log,--mode timed --variant abp --messages 4 --retries 2 --w-ratio 3
abp-022,abp,alternating_bit_timed,par K=4 R=2 W=3 keep-going,timed,ladder,2,hold p1=p2=0; execs=8002 blocked=8020,finished,0,8002,8020,0,10803,,,TFSTATS execs=8002 blocked=8020 timeline_impossible=0 pruned=10803 | timed     variant=par K=4 R=2  L=0 U=1 sd=0 W=3 dR=0 (2U+2sd+dR=2)  execs=8002    blocked=8020   delivered=102266 dups=68786  timeouts=156461 stale=0      confused=0      completed=7889   gave_up=12131  end_checks=3430   p1_fails=0    p2_fails=0    time=11.373737038s,11.4,11.4,2,1,none,6.0,32.0,2026-09-30 16:54:48,2026-09-30 16:55:00,203,/local/sramezani/v8logs/abp-022.log,--mode timed --variant par --messages 4 --retries 2 --w-ratio 3 --keep-going
abp-014,abp,alternating_bit_timed,abp K=2 R=4 W=3,timed,ladder,2,hold; execs=2946 blocked=3012,finished,0,2946,3012,0,4266,,,TFSTATS execs=2946 blocked=3012 timeline_impossible=0 pruned=4266 | timed     variant=abp K=2 R=4  L=0 U=1 sd=0 W=3 dR=0 (2U+2sd+dR=2)  execs=2946    blocked=3012   delivered=19902  dups=29094  timeouts=66397  stale=0      confused=0      completed=3317   gave_up=4111   end_checks=1426   p1_fails=0    p2_fails=0    time=4.046034214s,4.0,4.0,2,1,none,3.0,32.0,2026-09-30 16:55:00,2026-09-30 16:55:05,203,/local/sramezani/v8logs/abp-014.log,--mode timed --variant abp --messages 2 --retries 4 --w-ratio 3
abp-008,abp,alternating_bit_timed,abp K=3 R=2 W=3,timed,ladder,2,hold; execs=1142 blocked=1160,finished,0,1142,1160,0,1542,,,TFSTATS execs=1142 blocked=1160 timeline_impossible=0 pruned=1542 | timed     variant=abp K=3 R=2  L=0 U=1 sd=0 W=3 dR=0 (2U+2sd+dR=2)  execs=1142    blocked=1160   delivered=10783  dups=7095   timeouts=16909  stale=0      confused=0      completed=1127   gave_up=1743   end_checks=490    p1_fails=0    p2_fails=0    time=1.299313173s,1.3,1.3,2,1,none,2.0,32.0,2026-09-30 16:55:05,2026-09-30 16:55:07,203,/local/sramezani/v8logs/abp-008.log,--mode timed --variant abp --messages 3 --retries 2 --w-ratio 3
abp-035,abp,alternating_bit_timed,par DT-Spin row K=5 R=2 W=2 (below lower edge),timed,boundary,2,"no completion: end_checks=0 WARNING, execs=27 blocked=45 ((R+1)W=6 < 7)",finished,0,27,45,0,0,,,TFSTATS execs=27 blocked=45 timeline_impossible=0 pruned=0 | timed     variant=par K=5 R=2  L=3 U=3 sd=0 W=2 dR=1 (2U+2sd+dR=7)  execs=27      blocked=45     delivered=52     dups=56     timeouts=140    stale=0      confused=0      completed=0      gave_up=70     end_checks=0      p1_fails=0    p2_fails=0    time=17.856045ms,0.0,0.0,2,1,none,1.0,32.0,2026-09-30 16:55:07,2026-09-30 16:55:08,203,/local/sramezani/v8logs/abp-035.log,--mode timed --variant par --messages 5 --retries 2 --u 3 --l-ratio 1 --proc-ratio 0.333 --w-ratio 0.6666667 --keep-going
abp-032,abp,alternating_bit_timed,par DT-Spin row K=5 R=2 W=8 (hold side),timed,boundary,2,hold p1=p2=0; execs=39215 blocked=39233,finished,0,39215,39233,0,50418,,,TFSTATS execs=39215 blocked=39233 timeline_impossible=0 pruned=50418 | timed     variant=par K=5 R=2  L=3 U=3 sd=0 W=8 dR=1 (2U+2sd+dR=7)  execs=39215   blocked=39233  delivered=622794 dups=439651 timeouts=921349 stale=0      confused=0      completed=33614  gave_up=56036  end_checks=16807  p1_fails=0    p2_fails=0    time=74.436893269s,74.4,74.4,2,1,none,50.0,32.0,2026-09-30 16:54:10,2026-09-30 16:55:25,204,/local/sramezani/v8logs/abp-032.log,--mode timed --variant par --messages 5 --retries 2 --u 3 --l-ratio 1 --proc-ratio 0.333 --w-ratio 2.6666667 --keep-going
abp-015,abp,alternating_bit_timed,abp K=2 R=4 W=3,baseline,ladder,2,hold; execs=1124640 blocked=1124706,finished,0,1124640,1124706,0,0,,"2200000 explored (1100003 execs, 1099997 blocked)",TFSTATS execs=1124640 blocked=1124706 timeline_impossible=0 pruned=0 | baseline  variant=abp K=2 R=4  L=0 U=1 sd=0 W=3 dR=0 (2U+2sd+dR=2)  execs=1124640 blocked=1124706 delivered=4492940 dups=11590036 timeouts=17209536 stale=3862010 confused=0      completed=1001718 gave_up=1247626 end_checks=500859 p1_fails=0    p2_fails=0    time=182.673236387s,182.7,182.7,2,1,none,120.0,32.0,2026-09-30 16:52:34,2026-09-30 16:55:37,206,/local/sramezani/v8logs/abp-015.log,--mode baseline --variant abp --messages 2 --retries 4 --w-ratio 3
abp-026,abp,alternating_bit_timed,abp premature K=4 R=2 W=1,timed,boundary,2,"hold, stale>0 (14321967); execs=3216945 blocked=3216963 (0.71x baseline execs but ~5x baseline wall)",finished,0,3216945,3216963,0,764588,,"6400000 explored (3200002 execs, 3199998 blocked)",TFSTATS execs=3216945 blocked=3216963 timeline_impossible=0 pruned=764588 | timed     variant=abp K=4 R=2  L=0 U=1 sd=0 W=1 dR=0 (2U+2sd+dR=2)  execs=3216945 blocked=3216963 delivered=28501382 dups=32764900 timeouts=52359021 stale=14321967 confused=0      completed=3916736 gave_up=3083578 end_checks=1809210 p1_fails=0    p2_fails=0    time=4689.888856239s,4689.9,4689.8,2,1,none,3000.0,32.0,2026-09-30 15:37:52,2026-09-30 16:56:02,205,/local/sramezani/v8logs/abp-026.log,--mode timed --variant abp --messages 4 --retries 2 --w-ratio 1
abp-023,abp,alternating_bit_timed,par K=4 R=2 W=3 keep-going,baseline,ladder,2,FIRE counted: p1_fails=14334 p2_fails=68913; execs=1383138 blocked=1397490,finished,0,1383138,1397490,0,0,,"2700000 explored (1342837 execs, 1357163 blocked)","TFSTATS execs=1383138 blocked=1397490 timeline_impossible=0 pruned=0 | baseline  variant=par K=4 R=2  L=0 U=1 sd=0 W=3 dR=0 (2U+2sd+dR=2)  execs=1383138 blocked=1397490 delivered=10686454 dups=11383482 timeouts=19240744 stale=0      confused=3998214 completed=1504254 gave_up=1276372 end_checks=749454 p1_fails=14334 p2_fails=68913 time=235.660119571s | VIOLATION (baseline): p1_fails=14334 p2_fails=68913; --keep-going explored past it, so the exit code is 0 but this is a FIRE, not a hold.",235.7,235.2,2,1,none,190.0,32.0,2026-09-30 16:52:14,2026-09-30 16:56:10,202,/local/sramezani/v8logs/abp-023.log,--mode baseline --variant par --messages 4 --retries 2 --w-ratio 3 --keep-going
brp-020,brp,brp_timed,A MAX=6 n=2 F=1 all w6 (timed only),timed,ladder,2,"HOLDS (proof), impossible=0; explored=3040420 (364 s on 7 workers)",finished,0,104066,2936354,0,1667064,,"400000 explored (12346 execs, 387654 blocked)",TFSTATS execs=104066 blocked=2936354 timeline_impossible=0 pruned=1667064 | timed    model=Dkrt n=2 MAX=6 TD=1 T1=3 TR=39 SYNC=39 k=2 F=1 DC=40 prop=All  execs=104066 blocked=2936354 impossible=0 explored=3040420 judged=104066 p2_runs=0 p2_tr_side=0 p2_sync_side=0 p4_runs=0 client_runs=0 failed_file_runs=79745 timeout_runs=104065 restart_after_fail_runs=0 first_safe_after_timeout_runs=0 probe_nontrivial_runs=79744 confused_ack_runs=0 verdict=HOLDS time=572.208541014s | NOTE: no frame reached the receiver after it timed out. With one file that is exactly what (2) needs (compare the adjacent FIRE cell); with more files it means (2) was barely tested.,572.2,3274.2,4,6,"--workers 6 (shared queue); measured: timed C1 w6 12.8 s vs 93.8 s w1 (7.3x), MAX4 w7 12.0 s vs 76 s (6.3x), MAX5 w4 3.75x, MAX6 w7 364 s on 2434 CPU-s",450.0,150.0,2026-09-30 16:51:36,2026-09-30 17:01:09,"192,193,194,197,198,199",/local/sramezani/v8logs/brp-020.log,--mode timed --n 2 --max 6 --td 1 --t1 3 --tr 39 --sync 39 --k 2 --files 1 --property all --keep-going --workers 6
brp-017,brp,brp_timed,A MAX=3 n=2 F=1 all w6,baseline,ladder,2,"VIOLATED = spurious alarms (untimed counts do not depend on TR/SYNC/TD/T1/k), exit 0 with --keep-going; explored=29943190 (339 s measured on 7 workers); log about 170 MB of panic lines",finished,0,280035,29663155,0,0,,"6100000 explored (34567 execs, 6065433 blocked)",TFSTATS execs=280035 blocked=29663155 timeline_impossible=0 pruned=0 | baseline model=Dkrt n=2 MAX=3 TD=1 T1=3 TR=21 SYNC=21 k=2 F=1 DC=22 prop=All  execs=280035 blocked=29663155 impossible=0 explored=29943190 judged=3091301 p2_runs=2382524 p2_tr_side=2382524 p2_sync_side=0 p4_runs=2122438 client_runs=1504 failed_file_runs=2405561 timeout_runs=3091300 restart_after_fail_runs=0 first_safe_after_timeout_runs=2935448 probe_nontrivial_runs=2405560 confused_ack_runs=417360 verdict=VIOLATED time=506.473152059s,506.5,2423.3,8,6,"--workers 6 (shared queue); measured: baseline C1 w6 627 s vs about 2,150-2,600 s w1, MAX3 w7 339 s vs about 1,450 s (4.3x), w5 3.46x, w4 2.77x",400.0,150.0,2026-09-30 17:01:09,2026-09-30 17:09:36,"192,193,194,197,198,199",/local/sramezani/v8logs/brp-017.log,--mode baseline --n 2 --max 3 --td 1 --t1 3 --tr 21 --sync 21 --k 2 --files 1 --property all --keep-going --workers 6
brp-040,brp,brp_timed,D n=5 MAX=1 TR=9 F=1 all w6 (timed only),timed,ladder,2,"HOLDS (proof), impossible=0; explored=1807750 (154 s on 8 workers, 1226 CPU-s)",finished,0,9134,1798616,0,384760,,"300000 explored (1505 execs, 298495 blocked)",TFSTATS execs=9134 blocked=1798616 timeline_impossible=0 pruned=384760 | timed    model=Dkrt n=5 MAX=1 TD=1 T1=3 TR=9 SYNC=9 k=2 F=1 DC=10 prop=All  execs=9134 blocked=1798616 impossible=0 explored=1807750 judged=9134 p2_runs=0 p2_tr_side=0 p2_sync_side=0 p4_runs=0 client_runs=0 failed_file_runs=5435 timeout_runs=9133 restart_after_fail_runs=0 first_safe_after_timeout_runs=0 probe_nontrivial_runs=5434 confused_ack_runs=0 verdict=HOLDS time=233.083231583s | NOTE: no frame reached the receiver after it timed out. With one file that is exactly what (2) needs (compare the adjacent FIRE cell); with more files it means (2) was barely tested.,233.1,1395.7,2,6,"--workers 6 (shared queue); measured: timed C1 w6 12.8 s vs 93.8 s w1 (7.3x), MAX4 w7 12.0 s vs 76 s (6.3x), MAX5 w4 3.75x, MAX6 w7 364 s on 2434 CPU-s",220.0,150.0,2026-09-30 17:09:36,2026-09-30 17:13:29,"192,193,194,197,198,199",/local/sramezani/v8logs/brp-040.log,--mode timed --n 5 --max 1 --td 1 --t1 3 --tr 9 --sync 9 --k 2 --files 1 --property all --keep-going --workers 6
brp-019,brp,brp_timed,A MAX=5 n=2 F=1 all w6 (timed only),timed,ladder,2,"HOLDS (proof), impossible=0; explored=681252 (62.8 s on 7 workers, 403 CPU-s)",finished,0,23362,657890,0,346616,,"100000 explored (2999 execs, 97001 blocked)",TFSTATS execs=23362 blocked=657890 timeline_impossible=0 pruned=346616 | timed    model=Dkrt n=2 MAX=5 TD=1 T1=3 TR=33 SYNC=33 k=2 F=1 DC=34 prop=All  execs=23362 blocked=657890 impossible=0 explored=681252 judged=23362 p2_runs=0 p2_tr_side=0 p2_sync_side=0 p4_runs=0 client_runs=0 failed_file_runs=17601 timeout_runs=23361 restart_after_fail_runs=0 first_safe_after_timeout_runs=0 probe_nontrivial_runs=17600 confused_ack_runs=0 verdict=HOLDS time=107.300007787s | NOTE: no frame reached the receiver after it timed out. With one file that is exactly what (2) needs (compare the adjacent FIRE cell); with more files it means (2) was barely tested.,107.3,589.3,2,6,"--workers 6 (shared queue); measured: timed C1 w6 12.8 s vs 93.8 s w1 (7.3x), MAX4 w7 12.0 s vs 76 s (6.3x), MAX5 w4 3.75x, MAX6 w7 364 s on 2434 CPU-s",80.0,150.0,2026-09-30 17:13:29,2026-09-30 17:15:17,"192,193,194,197,198,199",/local/sramezani/v8logs/brp-019.log,--mode timed --n 2 --max 5 --td 1 --t1 3 --tr 33 --sync 33 --k 2 --files 1 --property all --keep-going --workers 6
brp-008,brp,brp_timed,"C1 F=2 MAX=1 TR=9 SYNC=7 p2 w6 (parallel pair, both >=10 s)",timed,ladder,2,"HOLDS (proof), impossible=0; explored=203590 (measured 12.8 s on 6 workers)",finished,0,3855,199735,0,43269,,,TFSTATS execs=3855 blocked=199735 timeline_impossible=0 pruned=43269 | timed    model=Dkrt n=2 MAX=1 TD=1 T1=3 TR=9 SYNC=7 k=2 F=2 DC=10 prop=P2  execs=3855 blocked=199735 impossible=0 explored=203590 judged=3855 p2_runs=0 p2_tr_side=0 p2_sync_side=0 p4_runs=0 client_runs=53 failed_file_runs=2871 timeout_runs=3854 restart_after_fail_runs=1260 first_safe_after_timeout_runs=1719 probe_nontrivial_runs=0 confused_ack_runs=0 verdict=HOLDS time=19.0166718s,19.0,112.2,2,6,"--workers 6 (shared queue); measured: timed C1 w6 12.8 s vs 93.8 s w1 (7.3x), MAX4 w7 12.0 s vs 76 s (6.3x), MAX5 w4 3.75x, MAX6 w7 364 s on 2434 CPU-s",15.0,150.0,2026-09-30 17:15:17,2026-09-30 17:15:37,"192,193,194,197,198,199",/local/sramezani/v8logs/brp-008.log,--mode timed --n 2 --max 1 --td 1 --t1 3 --tr 9 --sync 7 --k 2 --files 2 --property p2 --keep-going --workers 6
brp-018,brp,brp_timed,A MAX=4 n=2 F=1 all w6 (timed only),timed,ladder,2,"HOLDS (proof), impossible=0; explored=149764 (measured 12.0 s on 7 workers)",finished,0,5154,144610,0,69112,,,TFSTATS execs=5154 blocked=144610 timeline_impossible=0 pruned=69112 | timed    model=Dkrt n=2 MAX=4 TD=1 T1=3 TR=27 SYNC=27 k=2 F=1 DC=28 prop=All  execs=5154 blocked=144610 impossible=0 explored=149764 judged=5154 p2_runs=0 p2_tr_side=0 p2_sync_side=0 p4_runs=0 client_runs=0 failed_file_runs=3809 timeout_runs=5153 restart_after_fail_runs=0 first_safe_after_timeout_runs=0 probe_nontrivial_runs=3808 confused_ack_runs=0 verdict=HOLDS time=19.517525721s | NOTE: no frame reached the receiver after it timed out. With one file that is exactly what (2) needs (compare the adjacent FIRE cell); with more files it means (2) was barely tested.,19.5,107.1,2,6,"--workers 6 (shared queue); measured: timed C1 w6 12.8 s vs 93.8 s w1 (7.3x), MAX4 w7 12.0 s vs 76 s (6.3x), MAX5 w4 3.75x, MAX6 w7 364 s on 2434 CPU-s",15.0,150.0,2026-09-30 17:15:37,2026-09-30 17:15:57,"192,193,194,197,198,199",/local/sramezani/v8logs/brp-018.log,--mode timed --n 2 --max 4 --td 1 --t1 3 --tr 27 --sync 27 --k 2 --files 1 --property all --keep-going --workers 6
brp-016,brp,brp_timed,A MAX=3 n=2 F=1 all w6,timed,ladder,2,"HOLDS (proof), impossible=0; explored=31940",finished,0,1106,30834,0,12920,,,TFSTATS execs=1106 blocked=30834 timeline_impossible=0 pruned=12920 | timed    model=Dkrt n=2 MAX=3 TD=1 T1=3 TR=21 SYNC=21 k=2 F=1 DC=22 prop=All  execs=1106 blocked=30834 impossible=0 explored=31940 judged=1106 p2_runs=0 p2_tr_side=0 p2_sync_side=0 p4_runs=0 client_runs=0 failed_file_runs=801 timeout_runs=1105 restart_after_fail_runs=0 first_safe_after_timeout_runs=0 probe_nontrivial_runs=800 confused_ack_runs=0 verdict=HOLDS time=3.261896075s | NOTE: no frame reached the receiver after it timed out. With one file that is exactly what (2) needs (compare the adjacent FIRE cell); with more files it means (2) was barely tested.,3.3,16.8,2,6,"--workers 6 (shared queue); measured: timed C1 w6 12.8 s vs 93.8 s w1 (7.3x), MAX4 w7 12.0 s vs 76 s (6.3x), MAX5 w4 3.75x, MAX6 w7 364 s on 2434 CPU-s",5.0,150.0,2026-09-30 17:15:57,2026-09-30 17:16:01,"192,193,194,197,198,199",/local/sramezani/v8logs/brp-016.log,--mode timed --n 2 --max 3 --td 1 --t1 3 --tr 21 --sync 21 --k 2 --files 1 --property all --keep-going --workers 6
stp-004,stp,spanning_tree_timed,"lost-hellos R=14 MA=3 Fd=26 (tight hold, bound MA+Fd<=28)",baseline,headline,1,"exit 0, spurious violations ~30M, execs ~48M",finished,0,47032529,66229945,0,0,29893557,"113200000 explored (47032529 execs, 66167471 blocked)",TFSTATS execs=47032529 blocked=66229945 timeline_impossible=0 pruned=0 | baseline  scenario=lost-hellos R=14 K=0  L=0 U=1 sd=0 H=2 MA=3 Fd=26  execs=47032529 blocked=66229945 lost=0 refreshed=203409043 aged_out=282726612 reverted=203409043 loop_reopened=29893557 violations=29893557 time=12746.281079134s,12746.3,12461.6,2,1,none,12500.0,32.0,2026-09-30 13:44:27,2026-09-30 17:16:53,242,/local/sramezani/v8logs/stp-004.log,--mode baseline --scenario lost-hellos --keep-going --rounds 14 --forward-delay-ratio 26
lease-007,lease,lease_timed,fenced A PAUSE=4 C=6 R=1,timed,headline,1,"hold: ~8.3e7 explored, stale>0",finished,0,787440,79674065,0,3876870,0,"17200000 explored (12371 execs, 17187629 blocked)",TFSTATS execs=787440 blocked=79674065 timeline_impossible=0 pruned=3876870 | timed      C=6 R=1 fencing=on  L=0 U=2 TTL=10 PAUSE=4 sd=1  execs=787440 blocked=79674065 grants=505138500 expired=426970033 released=77986733 applied=300294522 stale=14699219 violations=0      time=13578.169191901s,13578.2,66049.9,27,8,shared,17000.0,32.0,2026-09-30 13:44:27,2026-09-30 17:30:46,"12,13,14,15,16,17,18,19",/local/sramezani/v8logs/lease-007.log,--clients 6 --rounds 1 --mode timed --u 2 --l-ratio 0 --sd-ratio 0.5 --ttl-ratio 5 --fencing on --pause-ratio 2 --parallel shared
lease-039,lease,lease_timed,fenced E PAUSE=10 C=6 R=1,timed,ladder,2,hold: ~3e7 explored,finished,0,84480,30230144,0,19899877,0,"3400000 explored (11907 execs, 3388093 blocked)",TFSTATS execs=84480 blocked=30230144 timeline_impossible=0 pruned=19899877 | timed      C=6 R=1 fencing=on  L=2 U=2 TTL=10 PAUSE=10 sd=0  execs=84480  blocked=30230144 grants=300824128 expired=258879010 released=40346286 applied=163406670 stale=9456207 violations=0      time=13801.999108404s,13802.0,53564.2,21,8,shared,21000.0,32.0,2026-09-30 13:44:27,2026-09-30 17:34:30,"76,77,78,79,80,81,82,83",/local/sramezani/v8logs/lease-039.log,--clients 6 --rounds 1 --mode timed --u 2 --l-ratio 1 --sd-ratio 0 --ttl-ratio 5 --fencing on --pause-ratio 5 --parallel shared
brp-021,brp,brp_timed,A MAX=7 n=2 F=1 all w6 (timed only),timed,ladder,2,"HOLDS (proof), impossible=0; execs=457986 blocked=12935458 explored=13393444 (1155 s on 12 workers, 12732 CPU-s)",finished,0,457986,12935458,0,7788536,,"2300000 explored (86043 execs, 2213957 blocked)",TFSTATS execs=457986 blocked=12935458 timeline_impossible=0 pruned=7788536 | timed    model=Dkrt n=2 MAX=7 TD=1 T1=3 TR=45 SYNC=45 k=2 F=1 DC=46 prop=All  execs=457986 blocked=12935458 impossible=0 explored=13393444 judged=457986 p2_runs=0 p2_tr_side=0 p2_sync_side=0 p4_runs=0 client_runs=0 failed_file_runs=356097 timeout_runs=457985 restart_after_fail_runs=0 first_safe_after_timeout_runs=0 probe_nontrivial_runs=356096 confused_ack_runs=0 verdict=HOLDS time=3471.743382074s | NOTE: no frame reached the receiver after it timed out. With one file that is exactly what (2) needs (compare the adjacent FIRE cell); with more files it means (2) was barely tested.,3471.7,20218.6,8,6,"--workers 6 (shared queue); measured: timed C1 w6 12.8 s vs 93.8 s w1 (7.3x), MAX4 w7 12.0 s vs 76 s (6.3x), MAX5 w4 3.75x, MAX6 w7 364 s on 2434 CPU-s",2300.0,150.0,2026-09-30 16:40:30,2026-09-30 17:38:23,"185,186,187,188,189,190",/local/sramezani/v8logs/brp-021.log,--mode timed --n 2 --max 7 --td 1 --t1 3 --tr 45 --sync 45 --k 2 --files 1 --property all --keep-going --workers 6
lease-061,lease,lease_timed,boundary A PAUSE=4=bnd keep-going C=6 R=1,timed,boundary,2,"genuine FIRE counted: violations>0 (C5: 63158), execs=524880",finished,0,524880,69126545,0,2234017,2247921,"15400000 explored (8589 execs, 15391411 blocked)",TFSTATS execs=524880 blocked=69126545 timeline_impossible=0 pruned=2234017 | timed      C=6 R=1 fencing=off  L=0 U=2 TTL=10 PAUSE=4 sd=1  execs=524880 blocked=69126545 grants=430446102 expired=365024203 released=65421899 applied=259161564 stale=0      violations=2247921 time=13516.477304972s,13516.5,64587.0,27,8,shared,14500.0,32.0,2026-09-30 13:53:58,2026-09-30 17:39:16,"52,53,54,55,56,57,58,59",/local/sramezani/v8logs/lease-061.log,--clients 6 --rounds 1 --mode timed --u 2 --l-ratio 0 --sd-ratio 0.5 --ttl-ratio 5 --fencing off --pause-ratio 2 --keep-going --parallel shared
nrp-008,nrp,nrp_failure_detector_timed,"case7 switch failure, DCN2 phase 11, R=4 kg",baseline,headline,1,"violations>0 spurious, exit 0 (untimed ignores the phase, confirmed by rev_nrp_B; R=3 had 134139 of 271857); REVIEW pred range 6.5k s (power law) to 17k s (x25)",finished,0,1480338,89897939,0,0,1322526,"91300000 explored (1480338 execs, 89819662 blocked)","TFSTATS execs=1480338 blocked=89897939 timeline_impossible=0 pruned=0 | baseline variant=nrp fault=switch promote=takeover tA=30 tB=30 attack=[-,-) hb_on_change=off R=4 max=2 L=1 U=1 sd=0 H=20 P=10 phase=11  execs=1480338 blocked=89897939 completed=2802864 dual=1322526 stepdowns=1690242 promotions=1964178 shortcut=1750929 takeover_pings=531165 backup_replies=333379 lease_resets=0 lease_chances=0 nrp_changes=2740008 sw_drops=4985536 violations=1322526 time=14459.261045315s",14459.3,14445.9,2,1,none,15000.0,32.0,2026-09-30 13:44:27,2026-09-30 17:45:27,229,/local/sramezani/v8logs/nrp-008.log,--mode baseline --variant nrp --fault switch --rounds 4 --phase-ratio 11 --keep-going
swim-072,swim,swim_timed,L1 N=8 R=1 Ws=6,baseline,ladder,3,"FIRE: violations>0, exit 0 (keep-going); identical to L0 baseline, skippable",finished,0,15626,71234460,0,0,48006837,"71200000 explored (15626 execs, 71184374 blocked)",TFSTATS execs=15626 blocked=71234460 timeline_impossible=0 pruned=0 | baseline   N=8 R=1  L=1 U=2 Wp=2 Ws=6 sd=1  execs=15626  blocked=71234460 acks=8192   suspects=69091426 refuted=115499844 dead=48006837 violations=48006837 time=14262.686510897s,14262.7,14188.7,2,1,none,14404.0,32.0,2026-09-30 13:50:05,2026-09-30 17:47:48,112,/local/sramezani/v8logs/swim-072.log,--mode baseline --nodes 8 --rounds 1 --u 2 --sd-ratio 0.5 --w-probe-ratio 1 --l-ratio 0.5 --w-suspect-ratio 3.0 --keep-going
swim-038,swim,swim_timed,L0 N=8 R=1 Ws=6,baseline,ladder,2,"FIRE: violations>0 (false positives), exit 0 (keep-going)",finished,0,15626,71234460,0,0,48006837,"71200000 explored (15626 execs, 71184374 blocked)",TFSTATS execs=15626 blocked=71234460 timeline_impossible=0 pruned=0 | baseline   N=8 R=1  L=0 U=2 Wp=2 Ws=6 sd=1  execs=15626  blocked=71234460 acks=8192   suspects=69091426 refuted=115499844 dead=48006837 violations=48006837 time=14650.789334285s,14650.8,14323.0,2,1,none,14404.0,32.0,2026-09-30 13:44:28,2026-09-30 17:48:39,119,/local/sramezani/v8logs/swim-038.log,--mode baseline --nodes 8 --rounds 1 --u 2 --sd-ratio 0.5 --w-probe-ratio 1 --l-ratio 0 --w-suspect-ratio 3.0 --keep-going
lease-033,lease,lease_timed,unfenced E PAUSE=9 keep-going C=6 R=1,timed,ladder,2,"hold: execs=46080 (=6!*2^6), ~2.5e7 explored",finished,0,46080,25193984,0,16634616,0,"2800000 explored (6362 execs, 2793638 blocked)",TFSTATS execs=46080 blocked=25193984 timeline_impossible=0 pruned=16634616 | timed      C=6 R=1 fencing=off  L=2 U=2 TTL=10 PAUSE=9 sd=0  execs=46080  blocked=25193984 grants=250823694 expired=216876136 released=32664914 applied=136612711 stale=0      violations=0      time=12140.863510192s,12140.9,41127.6,21,8,shared,11000.0,32.0,2026-09-30 14:35:28,2026-09-30 17:57:49,"60,61,62,63,64,65,66,67",/local/sramezani/v8logs/lease-033.log,--clients 6 --rounds 1 --mode timed --u 2 --l-ratio 1 --sd-ratio 0 --ttl-ratio 5 --fencing off --pause-ratio 4.5 --keep-going --parallel shared
swim-009,swim,swim_timed,L0 N=3 R=9 Ws=6,timed,headline,1,"hold: violations=0, exit 0",finished,0,262144,58552503,0,0,0,"7300000 explored (38469 execs, 7261531 blocked)",TFSTATS execs=262144 blocked=58552503 timeline_impossible=0 pruned=0 | timed      N=3 R=9  L=0 U=2 Wp=2 Ws=6 sd=1  execs=262144 blocked=58552503 acks=95737539 suspects=396785442 refuted=417878171 dead=0      violations=0      time=15236.242409839s,15236.2,98130.3,30,8,shared,15683.0,32.0,2026-09-30 13:44:27,2026-09-30 17:58:24,"84,85,86,87,88,89,90,91",/local/sramezani/v8logs/swim-009.log,--mode timed --nodes 3 --rounds 9 --u 2 --sd-ratio 0.5 --w-probe-ratio 1 --l-ratio 0 --w-suspect-ratio 3.0 --keep-going --parallel shared
lease-086,lease,lease_timed,C=3 R=3 unfenced (rounds ladder),baseline,ceiling,3,spurious violations > 0,finished,0,4251528,44955456,0,0,11603400,"6100000 explored (560695 execs, 5539305 blocked)",TFSTATS execs=4251528 blocked=44955456 timeline_impossible=0 pruned=0 | baseline   C=3 R=3 fencing=off  L=0 U=2 TTL=10 PAUSE=3 sd=1  execs=4251528 blocked=44955456 grants=429317784 expired=311870592 released=117447192 applied=386503344 stale=0      violations=11603400 time=1906.6424987s,1906.6,14089.5,24,8,shared,500000.0,32.0,2026-09-30 17:39:16,2026-09-30 18:11:03,"52,53,54,55,56,57,58,59",/local/sramezani/v8logs/lease-086.log,--clients 3 --rounds 3 --mode baseline --u 2 --l-ratio 0 --sd-ratio 0.5 --ttl-ratio 5 --fencing off --pause-ratio 1.5 --keep-going --parallel shared
opt-012,opt,yarn_scheduler_timed,K=2 QS=3 DD=8 U=0 H=14 (timed-only),timed,ladder,2,"hold, violations=0 (about 3.3e6 explored)",finished,0,18160,3163131,0,98639,0,"3100000 explored (18160 execs, 3081840 blocked)",TFSTATS execs=18160 blocked=3163131 timeline_impossible=0 pruned=98639 | timed     prop=miss K=2 QS=3 DD=8 C=2..2 H=14 L=0 U=0 sd=0  execs=18160 blocked=3163131 finished=72640 dispatched=962864 done=962864 judged=633784 preempted=0 expired=0 late=0 fifth=0/0 min_queue_left=2 min_dispatch_dline=2 min_report_slack=0 tick_skips=2545574 violations=0 time=8165.854276456s,8165.9,8165.7,7,1,none,5700.0,32.0,2026-09-30 15:56:19,2026-09-30 18:12:25,246,/local/sramezani/v8logs/opt-012.log,--mode timed --ams 2 --queue-size 3 --deadline 8 --u 0 --horizon 14 --keep-going
swim-074,swim,swim_timed,L1 N=6 R=2 Ws=6,baseline,ladder,3,"FIRE: violations>0, exit 0 (keep-going); identical to L0 baseline, skippable (REVIEW: pred 10773 -> 17500)",finished,0,281092,88446334,0,0,65803563,"88700000 explored (281092 execs, 88418908 blocked)",TFSTATS execs=281092 blocked=88446334 timeline_impossible=0 pruned=0 | baseline   N=6 R=2  L=1 U=2 Wp=2 Ws=6 sd=1  execs=281092 blocked=88446334 acks=461062 suspects=167434316 refuted=235169190 dead=65803563 violations=65803563 time=16441.473858025s,16441.5,16208.4,2,1,none,17500.0,32.0,2026-09-30 13:50:05,2026-09-30 18:24:08,108,/local/sramezani/v8logs/swim-074.log,--mode baseline --nodes 6 --rounds 2 --u 2 --sd-ratio 0.5 --w-probe-ratio 1 --l-ratio 0.5 --w-suspect-ratio 3.0 --keep-going
nrp-027,nrp,nrp_failure_detector_timed,lease-not-enough boundary (header cell M=2 cut 50 R=5) phase 0,timed,boundary,2,"FIRE exit 101 certified (tie at 90); first FIRE >1200 s measured, pred a few % of the full space",finished (assertion failed: FIRE),101,,,,,,"2300000 explored (0 execs, 2300000 blocked)",thread 'main' (2422696) panicked at traceforge/src/must.rs:1728:13:,2589.7,2589.7,2,1,none,7000.0,32.0,2026-09-30 17:45:27,2026-09-30 18:28:37,229,/local/sramezani/v8logs/nrp-027.log,--mode timed --variant leasing --fault link --attack-from-ratio 0 --fail-a-ratio 50 --rounds 5 --phase-ratio 0
lease-082,lease,lease_timed,C=2 R=6 unfenced (rounds ladder),baseline,ceiling,3,spurious violations > 0,finished,0,34012224,170061120,0,0,20007188,"25400000 explored (4320299 execs, 21079701 blocked)",TFSTATS execs=34012224 blocked=170061120 timeline_impossible=0 pruned=0 | baseline   C=2 R=6 fencing=off  L=0 U=2 TTL=10 PAUSE=3 sd=1  execs=34012224 blocked=170061120 grants=2336839864 expired=1624806172 released=712033692 applied=2219464360 stale=0      violations=20007188 time=8409.333953449s,8409.3,65680.6,30,8,shared,500000.0,32.0,2026-09-30 16:44:37,2026-09-30 19:04:48,"36,37,38,39,40,41,42,43",/local/sramezani/v8logs/lease-082.log,--clients 2 --rounds 6 --mode baseline --u 2 --l-ratio 0 --sd-ratio 0.5 --ttl-ratio 5 --fencing off --pause-ratio 1.5 --keep-going --parallel shared
swim-073,swim,swim_timed,L1 N=5 R=3 Ws=6,baseline,ladder,3,"FIRE: violations>0, exit 0 (keep-going); identical to L0 baseline, skippable (REVIEW: pred 14386 -> 21000)",finished,0,1067178,103199860,0,0,74063943,"104200000 explored (1067178 execs, 103132822 blocked)",TFSTATS execs=1067178 blocked=103199860 timeline_impossible=0 pruned=0 | baseline   N=5 R=3  L=1 U=2 Wp=2 Ws=6 sd=1  execs=1067178 blocked=103199860 acks=3678198 suspects=289061436 refuted=366995502 dead=74063943 violations=74063943 time=19761.456763675s,19761.5,19660.7,2,1,none,21000.0,32.0,2026-09-30 13:50:04,2026-09-30 19:19:26,114,/local/sramezani/v8logs/swim-073.log,--mode baseline --nodes 5 --rounds 3 --u 2 --sd-ratio 0.5 --w-probe-ratio 1 --l-ratio 0.5 --w-suspect-ratio 3.0 --keep-going
opt-001,opt,retail_saga_timed,"v2 C=2 N=2 R=5 S=20 U=1 D=7 (hold side, biggest)",timed,headline,1,"hold, late=0, no task lines (about 2.5e7 explored)",finished,0,946176,24326960,0,4173524,,"25200000 explored (943504 execs, 24256496 blocked)",TFSTATS execs=946176 blocked=24326960 timeline_impossible=0 pruned=4173524 | timed     variant=v2 N=2 assign=fixed C=2 R=5 S=20 P=1 Q=2  L=0 U=1 sd=0 D=7  execs=946176  blocked=24326960 accepted=274579120 rejected=0      overlap=188902666 race_window=0      contended_reject=0      oversold=0     in_time=248270668 late=0     time=20224.128892073s,20224.1,20223.9,2,1,none,26000.0,32.0,2026-09-30 13:44:27,2026-09-30 19:21:32,244,/local/sramezani/v8logs/opt-001.log,--mode timed --variant v2 --rounds 5 --stock 20 --u 1 --deadline-ratio 7 --keep-going
opt-013,opt,retail_saga_timed,v2 C=3 N=3 R=2 S=20 U=1 D=7 (paper's 3 customers),timed,ladder,2,"hold, late=0 (measured > 1200 s; predicted 3,500-5,800 s)",finished,0,107520,5107176,0,816702,,"5200000 explored (107520 execs, 5092480 blocked)",TFSTATS execs=107520 blocked=5107176 timeline_impossible=0 pruned=816702 | timed     variant=v2 N=3 assign=fixed C=3 R=2 S=20 P=1 Q=2  L=0 U=1 sd=0 D=7  execs=107520  blocked=5107176 accepted=32592956 rejected=0      overlap=26320164 race_window=0      contended_reject=0      oversold=0     in_time=25451764 late=0     time=4160.295536718s,4160.3,4160.2,2,1,none,4800.0,32.0,2026-09-30 18:12:25,2026-09-30 19:21:47,246,/local/sramezani/v8logs/opt-013.log,--mode timed --variant v2 --order-services 3 --customers 3 --rounds 2 --stock 20 --u 1 --deadline-ratio 7 --keep-going
ct-015,ct,chandra_toueg_timed,"rounds (TKW explicit-time model, untimed) D2 P4 to=13 H=19",baseline,ladder,2,"HOLDS W*=12; execs about 7.4e8 (timed explores 694,564 at H=19)",finished,0,743277142,0,0,0,0,"743200000 explored (743200000 execs, 0 blocked)","TFSTATS execs=743277142 blocked=0 timeline_impossible=0 pruned=0 | rounds   enc=rounds control=none delta=2 phi=4 to=13 H=19  execs=743277142 blocked=0 impossible=0 explored=743277142 completed=743277142 violations=0 W*=12 (attained by 1376) steps=[4,19] receives=[1,6] deliveries=[0,6] sent=[1,6] guard_seq_events=0 guard_done_events=0 verdict=HOLDS time=12196.604828834s",12196.6,12196.4,2,1,none,7000.0,32.0,2026-09-30 16:12:17,2026-09-30 19:35:34,225,/local/sramezani/v8logs/ct-015.log,--mode rounds --delta 2 --phi 4 --to 13 --horizon 19 --keep-going
opt-015,opt,retail_saga_timed,v2 C=2 N=2 R=4 S=20 U=1 D=7,timed,ladder,2,"hold, late=0 (execs=64512 blocked=1674800)",finished,0,64512,1674800,0,288244,,"1700000 explored (63120 execs, 1636880 blocked)",TFSTATS execs=64512 blocked=1674800 timeline_impossible=0 pruned=288244 | timed     variant=v2 N=2 assign=fixed C=2 R=4 S=20 P=1 Q=2  L=0 U=1 sd=0 D=7  execs=64512   blocked=1674800 accepted=14855792 rejected=0      overlap=10008650 race_window=0      contended_reject=0      oversold=0     in_time=13040588 late=0     time=1046.746763181s,1046.7,1046.7,2,1,none,1180.0,32.0,2026-09-30 19:21:32,2026-09-30 19:38:59,244,/local/sramezani/v8logs/opt-015.log,--mode timed --variant v2 --rounds 4 --stock 20 --u 1 --deadline-ratio 7 --keep-going
opt-014,opt,retail_saga_timed,v2 C=3 N=3 R=2 S=20 U=1 D=7 (paper's 3 customers),baseline,ladder,2,late=1956936 spurious (execs=107520 blocked=5422840),finished,0,107520,5422840,0,0,,"5500000 explored (107520 execs, 5392480 blocked)","TFSTATS execs=107520 blocked=5422840 timeline_impossible=0 pruned=0 | baseline  variant=v2 N=3 assign=fixed C=3 R=2 S=20 P=1 Q=2  L=0 U=1 sd=0 D=7  execs=107520  blocked=5422840 accepted=30333024 rejected=0      overlap=24398840 race_window=0      contended_reject=0      oversold=0     in_time=22505280 late=1956936 time=1375.794549254s | VIOLATIONS (baseline, --keep-going): oversold=0 late=1956936: this run is a FIRE, not a hold; blocked also counts the executions stopped at a violation.",1375.8,1374.8,2,1,none,1160.0,32.0,2026-09-30 19:21:47,2026-09-30 19:44:42,246,/local/sramezani/v8logs/opt-014.log,--mode baseline --variant v2 --order-services 3 --customers 3 --rounds 2 --stock 20 --u 1 --deadline-ratio 7 --keep-going
nrp-019,nrp,nrp_failure_detector_timed,lease-not-enough boundary (translated M=1 cut 30 R=4) phase -3,timed,boundary,2,"hold violations=0, stepdowns=completed, lease_chances=completed (DCN1's ping at 24 resets the lease at 43); pred 12k-36k s (hand-derived, re-derived by REVIEW, not in header)",finished,0,2,22195738,0,1397778,0,"22100000 explored (2 execs, 22099998 blocked)","TFSTATS execs=2 blocked=22195738 timeline_impossible=0 pruned=1397778 | timed    variant=leasing fault=link promote=takeover tA=30 tB=30 attack=[0,-) hb_on_change=off R=4 max=1 L=1 U=1 sd=0 H=20 P=10 phase=-3  execs=2 blocked=22195738 completed=2 dual=0 stepdowns=2 promotions=0 shortcut=0 takeover_pings=6 backup_replies=6 lease_resets=4 lease_chances=2 nrp_changes=2 sw_drops=14 violations=0 time=13090.412066616s",13090.4,13090.2,2,1,none,28000.0,32.0,2026-09-30 16:12:17,2026-09-30 19:50:28,255,/local/sramezani/v8logs/nrp-019.log,--mode timed --variant leasing --fault link --attack-from-ratio 0 --max-missed 1 --fail-a-ratio 30 --rounds 4 --phase-ratio -3
nrp-017,nrp,nrp_failure_detector_timed,lease-not-enough boundary (translated M=1 cut 30 R=4) phase 1,timed,boundary,2,"hold violations=0, promotion at 71 after the step-down at 70, stepdowns=completed; pred 12k-36k s (hand-derived, re-derived by REVIEW, not in header)",finished,0,2,21902010,0,1713681,0,"21900000 explored (2 execs, 21899998 blocked)","TFSTATS execs=2 blocked=21902010 timeline_impossible=0 pruned=1713681 | timed    variant=leasing fault=link promote=takeover tA=30 tB=30 attack=[0,-) hb_on_change=off R=4 max=1 L=1 U=1 sd=0 H=20 P=10 phase=1  execs=2 blocked=21902010 completed=2 dual=0 stepdowns=2 promotions=2 shortcut=0 takeover_pings=6 backup_replies=6 lease_resets=2 lease_chances=2 nrp_changes=2 sw_drops=14 violations=0 time=13300.103248846s",13300.1,13300.0,2,1,none,28000.0,32.0,2026-09-30 16:12:17,2026-09-30 19:53:57,254,/local/sramezani/v8logs/nrp-017.log,--mode timed --variant leasing --fault link --attack-from-ratio 0 --max-missed 1 --fail-a-ratio 30 --rounds 4 --phase-ratio 1
opt-017,opt,yarn_scheduler_timed,K=2 QS=3 DD=7 U=0 H=8 (boundary FIRE side),baseline,boundary,2,"FIRE (exit 0, VIOLATIONS line); same untimed tree as DD=8: execs+violations = 781250 and blocked + 2*violations = 6997505 exactly, violations > 6850 expected",finished,0,748920,6932845,0,0,32330,"7600000 explored (748920 execs, 6851080 blocked)",TFSTATS execs=748920 blocked=6932845 timeline_impossible=0 pruned=0 | baseline  prop=miss K=2 QS=3 DD=7 C=2..2 H=8 L=0 U=0 sd=0  execs=748920 blocked=6932845 finished=3028010 dispatched=35502052 done=35469632 judged=15121800 preempted=32420 expired=9822 late=47472 fifth=0/0 min_queue_left=1 min_dispatch_dline=1 min_report_slack=0 tick_skips=552194 violations=32330 time=968.312029734s,968.3,968.3,2,1,none,900.0,32.0,2026-09-30 19:38:59,2026-09-30 19:55:08,244,/local/sramezani/v8logs/opt-017.log,--mode baseline --ams 2 --queue-size 3 --deadline 7 --u 0 --horizon 8 --keep-going
nrp-029,nrp,nrp_failure_detector_timed,lease-not-enough boundary (header cell M=2 cut 50 R=5) phase -2,timed,boundary,2,FIRE exit 101 certified (header: strict dual window); first FIRE >1200 s measured,finished (assertion failed: FIRE),101,,,,,,"4000000 explored (0 execs, 4000000 blocked)",thread 'main' (2431969) panicked at traceforge/src/must.rs:1728:13:,5233.0,5233.0,2,1,none,7000.0,32.0,2026-09-30 18:28:37,2026-09-30 19:55:50,229,/local/sramezani/v8logs/nrp-029.log,--mode timed --variant leasing --fault link --attack-from-ratio 0 --fail-a-ratio 50 --rounds 5 --phase-ratio -2
opt-019,opt,yarn_scheduler_timed,K=3 QS=4 DD=8 U=0 H=7,timed,ladder,2,"hold, violations=0 (execs=13608 blocked=708476)",finished,0,13608,708476,0,32151,0,"700000 explored (13608 execs, 686392 blocked)",TFSTATS execs=13608 blocked=708476 timeline_impossible=0 pruned=32151 | timed     prop=miss K=3 QS=4 DD=8 C=2..2 H=7 L=0 U=0 sd=0  execs=13608 blocked=708476 finished=108864 dispatched=1242432 done=1242432 judged=0 preempted=0 expired=0 late=0 fifth=0/0 min_queue_left=2 min_dispatch_dline=2 min_report_slack=- tick_skips=173203 violations=0 time=373.61794571s,373.6,373.6,2,1,none,510.0,32.0,2026-09-30 19:55:08,2026-09-30 20:01:23,244,/local/sramezani/v8logs/opt-019.log,--mode timed --ams 3 --queue-size 4 --deadline 8 --u 0 --horizon 7 --keep-going
opt-018,opt,yarn_scheduler_timed,K=2 QS=3 DD=8 U=0 H=12,timed,ladder,2,"hold, violations=0 (execs=4798 blocked=681251)",finished,0,4798,681251,0,24214,0,"600000 explored (4798 execs, 595202 blocked)",TFSTATS execs=4798 blocked=681251 timeline_impossible=0 pruned=24214 | timed     prop=miss K=2 QS=3 DD=8 C=2..2 H=12 L=0 U=0 sd=0  execs=4798 blocked=681251 finished=19192 dispatched=222048 done=222048 judged=134344 preempted=0 expired=0 late=0 fifth=0/0 min_queue_left=2 min_dispatch_dline=2 min_report_slack=0 tick_skips=521480 violations=0 time=1038.500422144s,1038.5,1038.5,6,1,none,700.0,32.0,2026-09-30 19:44:43,2026-09-30 20:02:02,246,/local/sramezani/v8logs/opt-018.log,--mode timed --ams 2 --queue-size 3 --deadline 8 --u 0 --horizon 12 --keep-going
opt-020,opt,yarn_scheduler_timed,K=1 QS=2 DD=12 L=0 U=1 H=12 (transit),timed,ladder,2,"hold, violations=0 (execs=144 blocked=49292)",finished,0,144,49292,0,784,0,,TFSTATS execs=144 blocked=49292 timeline_impossible=0 pruned=784 | timed     prop=miss K=1 QS=2 DD=12 C=2..2 H=12 L=0 U=1 sd=0  execs=144 blocked=49292 finished=288 dispatched=1362 done=1362 judged=0 preempted=0 expired=0 late=0 fifth=0/0 min_queue_left=2 min_dispatch_dline=2 min_report_slack=- tick_skips=47200 violations=0 time=91.166605023s,91.2,91.2,6,1,none,85.0,32.0,2026-09-30 20:02:02,2026-09-30 20:03:34,246,/local/sramezani/v8logs/opt-020.log,--mode timed --ams 1 --deadline 12 --u 1 --horizon 12 --keep-going
opt-022,opt,retail_saga_timed,v2 C=2 N=2 R=3 S=20 U=1 D=6 (boundary FIRE side),timed,boundary,2,"genuine FIRE: late=37368, 35168 certified violating executions (task lines)",finished,0,4480,153840,0,1752,,"100000 explored (2856 execs, 97144 blocked)","TFSTATS execs=4480 blocked=153840 timeline_impossible=0 pruned=1752 | timed     variant=v2 N=2 assign=fixed C=2 R=3 S=20 P=1 Q=2  L=0 U=1 sd=0 D=6  execs=4480    blocked=153840  accepted=853304 rejected=0      overlap=548906 race_window=0      contended_reject=0      oversold=0     in_time=703832 late=37368 time=115.360984415s | VIOLATIONS (timed, --keep-going): oversold=0 late=37368: this run is a FIRE, not a hold; blocked also counts the executions stopped at a violation.",115.4,115.3,2,1,none,81.0,32.0,2026-09-30 20:03:34,2026-09-30 20:05:30,246,/local/sramezani/v8logs/opt-022.log,--mode timed --variant v2 --rounds 3 --stock 20 --u 1 --deadline-ratio 6 --keep-going
opt-016,opt,retail_saga_timed,v2 C=2 N=2 R=4 S=20 U=1 D=7,baseline,ladder,2,late=489560 spurious (execs=64512 blocked=1854436),finished,0,64512,1854436,0,0,,"1900000 explored (63921 execs, 1836079 blocked)","TFSTATS execs=64512 blocked=1854436 timeline_impossible=0 pruned=0 | baseline  variant=v2 N=2 assign=fixed C=2 R=4 S=20 P=1 Q=2  L=0 U=1 sd=0 D=7  execs=64512   blocked=1854436 accepted=14139456 rejected=0      overlap=9448722 race_window=0      contended_reject=0      oversold=0     in_time=12181216 late=489560 time=310.545620795s | VIOLATIONS (baseline, --keep-going): oversold=0 late=489560: this run is a FIRE, not a hold; blocked also counts the executions stopped at a violation.",310.5,310.5,2,1,none,270.0,32.0,2026-09-30 20:01:23,2026-09-30 20:06:34,244,/local/sramezani/v8logs/opt-016.log,--mode baseline --variant v2 --rounds 4 --stock 20 --u 1 --deadline-ratio 7 --keep-going
opt-024,opt,yarn_scheduler_timed,K=1 QS=2 DD=7 U=0 H=12 (boundary FIRE side),timed,boundary,2,genuine FIRE: violations=16 (16 certified task lines),finished,0,16,32704,0,138,16,,TFSTATS execs=16 blocked=32704 timeline_impossible=0 pruned=138 | timed     prop=miss K=1 QS=2 DD=7 C=2..2 H=12 L=0 U=0 sd=0  execs=16 blocked=32704 finished=48 dispatched=279 done=263 judged=194 preempted=16 expired=0 late=0 fifth=0/0 min_queue_left=1 min_dispatch_dline=1 min_report_slack=0 tick_skips=32067 violations=16 time=79.595914914s,79.6,79.6,6,1,none,75.0,32.0,2026-09-30 20:05:30,2026-09-30 20:06:50,246,/local/sramezani/v8logs/opt-024.log,--mode timed --ams 1 --deadline 7 --u 0 --horizon 12 --keep-going
brp-042,brp,brp_timed,"E n=3 MAX=2 TR=15 F=1 all w1 (n x MAX compound, both >=1 min)",baseline,ladder,2,"VIOLATED = spurious alarms (untimed counts do not depend on TR/SYNC/TD/T1/k), exit 0 with --keep-going; NOT measured to completion: over 600 s on 1 core and over 1200 s on 4 workers (so over about 3300 s single); predicted about 9e7 explored, band 3300-12000 s",finished,0,1352505,234649605,0,0,,"236000000 explored (1352503 execs, 234647497 blocked)",TFSTATS execs=1352505 blocked=234649605 timeline_impossible=0 pruned=0 | baseline model=Dkrt n=3 MAX=2 TD=1 T1=3 TR=15 SYNC=15 k=2 F=1 DC=16 prop=All  execs=1352505 blocked=234649605 impossible=0 explored=236002110 judged=18790261 p2_runs=15582088 p2_tr_side=15582088 p2_sync_side=0 p4_runs=12550260 client_runs=38364 failed_file_runs=14369563 timeout_runs=18790260 restart_after_fail_runs=0 first_safe_after_timeout_runs=17490278 probe_nontrivial_runs=14369562 confused_ack_runs=10785600 verdict=VIOLATED time=22958.436217167s,22958.4,22915.6,2,1,none,6000.0,150.0,2026-09-30 13:44:27,2026-09-30 20:07:06,196,/local/sramezani/v8logs/brp-042.log,--mode baseline --n 3 --max 2 --td 1 --t1 3 --tr 15 --sync 15 --k 2 --files 1 --property all --keep-going
opt-026,opt,yarn_scheduler_timed,K=1 QS=2 DD=11 L=0 U=1 H=12 (U=1 boundary FIRE side),timed,boundary,2,"genuine FIRE: violations=4 (execs=141 blocked=49300, 4 certified task lines)",finished,0,141,49300,0,784,4,,TFSTATS execs=141 blocked=49300 timeline_impossible=0 pruned=784 | timed     prop=miss K=1 QS=2 DD=11 C=2..2 H=12 L=0 U=1 sd=0  execs=141 blocked=49300 finished=286 dispatched=1355 done=1351 judged=855 preempted=4 expired=0 late=10 fifth=0/0 min_queue_left=1 min_dispatch_dline=1 min_report_slack=0 tick_skips=47200 violations=4 time=58.26161704s,58.3,58.2,6,1,none,51.0,32.0,2026-09-30 20:06:34,2026-09-30 20:07:33,244,/local/sramezani/v8logs/opt-026.log,--mode timed --ams 1 --deadline 11 --u 1 --horizon 12 --keep-going
opt-023,opt,retail_saga_timed,v2 C=2 N=2 R=3 S=20 U=1 D=6 (boundary FIRE side),baseline,boundary,2,"FIRE: late=34424, 32224 task lines (same program as D=7 untimed)",finished,0,4480,130692,0,0,,"100000 explored (3340 execs, 96660 blocked)","TFSTATS execs=4480 blocked=130692 timeline_impossible=0 pruned=0 | baseline  variant=v2 N=2 assign=fixed C=2 R=3 S=20 P=1 Q=2  L=0 U=1 sd=0 D=6  execs=4480    blocked=130692  accepted=726112 rejected=0      overlap=466450 race_window=0      contended_reject=0      oversold=0     in_time=588416 late=34424 time=19.154080818s | VIOLATIONS (baseline, --keep-going): oversold=0 late=34424: this run is a FIRE, not a hold; blocked also counts the executions stopped at a violation.",19.1,19.1,2,1,none,25.0,32.0,2026-09-30 20:07:33,2026-09-30 20:07:53,244,/local/sramezani/v8logs/opt-023.log,--mode baseline --variant v2 --rounds 3 --stock 20 --u 1 --deadline-ratio 6 --keep-going
opt-029,opt,retail_saga_timed,v1 C=2 N=2 R=2 S=20 U=1 D=9,timed,ladder,2,"hold, late=0 (execs=4032 blocked=99840)",finished,0,4032,99840,0,17486,,"100000 explored (3908 execs, 96092 blocked)",TFSTATS execs=4032 blocked=99840 timeline_impossible=0 pruned=17486 | timed     variant=v1 N=2 assign=fixed C=2 R=2 S=20 P=1 Q=2  L=0 U=1 sd=0 D=9  execs=4032    blocked=99840   accepted=454696 rejected=0      overlap=328792 race_window=176806 contended_reject=0      oversold=0     in_time=324920 late=0     time=74.013726216s,74.0,74.0,2,1,none,45.0,32.0,2026-09-30 20:06:50,2026-09-30 20:08:04,246,/local/sramezani/v8logs/opt-029.log,--mode timed --variant v1 --rounds 2 --stock 20 --u 1 --deadline-ratio 9 --keep-going
stp-014,stp,spanning_tree_timed,"lost-hellos L=U=1 R=14 MA=3 Fd=24 (tight hold, bound MA+Fd<=26) [REVIEW: added]",baseline,ladder,2,"exit 0, spurious violations ~30M, execs ~48M (identical to the prio-1 lh R14 baseline: untimed ignores L, MA, Fd)",finished,0,47032529,66229945,0,0,29893557,"113200000 explored (47032529 execs, 66167471 blocked)",TFSTATS execs=47032529 blocked=66229945 timeline_impossible=0 pruned=0 | baseline  scenario=lost-hellos R=14 K=0  L=1 U=1 sd=0 H=2 MA=3 Fd=24  execs=47032529 blocked=66229945 lost=0 refreshed=203409043 aged_out=282726612 reverted=203409043 loop_reopened=29893557 violations=29893557 time=10273.762179985s,10273.8,10215.2,2,1,none,12500.0,32.0,2026-09-30 17:16:53,2026-09-30 20:08:07,242,/local/sramezani/v8logs/stp-014.log,--mode baseline --scenario lost-hellos --keep-going --rounds 14 --l-ratio 1 --forward-delay-ratio 24
opt-031,opt,retail_saga_timed,"v2 C=3 N=3 R=1 S=20 U=1 D=7 (paper's 3 customers, hold side)",timed,ladder,2,"hold, late=0 (execs=720 blocked=47904)",finished,0,720,47904,0,7956,,,TFSTATS execs=720 blocked=47904 timeline_impossible=0 pruned=7956 | timed     variant=v2 N=3 assign=fixed C=3 R=1 S=20 P=1 Q=2  L=0 U=1 sd=0 D=7  execs=720     blocked=47904   accepted=127780 rejected=0      overlap=84616  race_window=0      contended_reject=0      oversold=0     in_time=71682  late=0     time=16.16824936s,16.2,16.2,2,1,none,24.0,32.0,2026-09-30 20:07:53,2026-09-30 20:08:10,244,/local/sramezani/v8logs/opt-031.log,--mode timed --variant v2 --order-services 3 --customers 3 --rounds 1 --stock 20 --u 1 --deadline-ratio 7 --keep-going
opt-028,opt,yarn_scheduler_timed,K=2 QS=3 DD=7 U=0 H=8 (boundary FIRE side),timed,boundary,2,"genuine FIRE: violations=28 (execs=278 blocked=28197, 28 certified task lines)",finished,0,278,28197,0,1192,28,,TFSTATS execs=278 blocked=28197 timeline_impossible=0 pruned=1192 | timed     prop=miss K=2 QS=3 DD=7 C=2..2 H=8 L=0 U=0 sd=0  execs=278 blocked=28197 finished=1140 dispatched=9496 done=9468 judged=5680 preempted=28 expired=0 late=0 fifth=0/0 min_queue_left=1 min_dispatch_dline=1 min_report_slack=0 tick_skips=17990 violations=28 time=12.953038134s,12.9,12.9,2,1,none,20.0,32.0,2026-09-30 20:08:10,2026-09-30 20:08:24,244,/local/sramezani/v8logs/opt-028.log,--mode timed --ams 2 --queue-size 3 --deadline 7 --u 0 --horizon 8 --keep-going
opt-030,opt,retail_saga_timed,v1 C=2 N=2 R=2 S=20 U=1 D=9,baseline,ladder,2,late=24440 spurious (execs=4032 blocked=104164),finished,0,4032,104164,0,0,,"100000 explored (3742 execs, 96258 blocked)","TFSTATS execs=4032 blocked=104164 timeline_impossible=0 pruned=0 | baseline  variant=v1 N=2 assign=fixed C=2 R=2 S=20 P=1 Q=2  L=0 U=1 sd=0 D=9  execs=4032    blocked=104164  accepted=407664 rejected=0      overlap=293230 race_window=156832 contended_reject=0      oversold=0     in_time=285408 late=24440 time=22.932091879s | VIOLATIONS (baseline, --keep-going): oversold=0 late=24440: this run is a FIRE, not a hold; blocked also counts the executions stopped at a violation.",22.9,22.9,2,1,none,22.0,32.0,2026-09-30 20:08:04,2026-09-30 20:08:28,246,/local/sramezani/v8logs/opt-030.log,--mode baseline --variant v1 --rounds 2 --stock 20 --u 1 --deadline-ratio 9 --keep-going
opt-021,opt,yarn_scheduler_timed,K=1 QS=2 DD=12 L=0 U=1 H=12 (transit),baseline,ladder,2,violations=62 spurious (execs=4034 blocked=110593),finished,0,4034,110593,0,0,62,"100000 explored (4034 execs, 95966 blocked)",TFSTATS execs=4034 blocked=110593 timeline_impossible=0 pruned=0 | baseline  prop=miss K=1 QS=2 DD=12 C=2..2 H=12 L=0 U=1 sd=0  execs=4034 blocked=110593 finished=8130 dispatched=57153 done=57120 judged=0 preempted=33 expired=35 late=0 fifth=0/0 min_queue_left=1 min_dispatch_dline=1 min_report_slack=- tick_skips=86019 violations=62 time=16.298530817s,16.3,16.3,2,1,none,12.0,32.0,2026-09-30 20:08:28,2026-09-30 20:08:45,246,/local/sramezani/v8logs/opt-021.log,--mode baseline --ams 1 --deadline 12 --u 1 --horizon 12 --keep-going
opt-033,opt,retail_saga_timed,v2 C=3 N=3 R=1 S=20 U=1 D=6 (boundary FIRE side),timed,boundary,2,"genuine FIRE: late=17608, 16008 certified task lines (execs=720 blocked=63912)",finished,0,720,63912,0,792,,,"TFSTATS execs=720 blocked=63912 timeline_impossible=0 pruned=792 | timed     variant=v2 N=3 assign=fixed C=3 R=1 S=20 P=1 Q=2  L=0 U=1 sd=0 D=6  execs=720     blocked=63912   accepted=152184 rejected=0      overlap=102002 race_window=0      contended_reject=0      oversold=0     in_time=81688  late=17608 time=21.575069585s | VIOLATIONS (timed, --keep-going): oversold=0 late=17608: this run is a FIRE, not a hold; blocked also counts the executions stopped at a violation.",21.6,21.6,2,1,none,18.0,32.0,2026-09-30 20:08:24,2026-09-30 20:08:46,244,/local/sramezani/v8logs/opt-033.log,--mode timed --variant v2 --order-services 3 --customers 3 --rounds 1 --stock 20 --u 1 --deadline-ratio 6 --keep-going
opt-027,opt,yarn_scheduler_timed,K=1 QS=2 DD=11 L=0 U=1 H=12 (U=1 boundary FIRE side),baseline,boundary,2,FIRE: violations=142 (execs=3954 blocked=110593),finished,0,3954,110593,0,0,142,"100000 explored (3954 execs, 96046 blocked)",TFSTATS execs=3954 blocked=110593 timeline_impossible=0 pruned=0 | baseline  prop=miss K=1 QS=2 DD=11 C=2..2 H=12 L=0 U=1 sd=0  execs=3954 blocked=110593 finished=8050 dispatched=56823 done=56745 judged=24062 preempted=78 expired=82 late=67 fifth=0/0 min_queue_left=1 min_dispatch_dline=1 min_report_slack=0 tick_skips=86019 violations=142 time=10.631737814s,10.6,10.6,2,1,none,9.0,32.0,2026-09-30 20:08:46,2026-09-30 20:08:57,244,/local/sramezani/v8logs/opt-027.log,--mode baseline --ams 1 --deadline 11 --u 1 --horizon 12 --keep-going
opt-025,opt,yarn_scheduler_timed,K=1 QS=2 DD=7 U=0 H=12 (boundary FIRE side),baseline,boundary,2,FIRE: violations=2028 (execs=2068 blocked=110593),finished,0,2068,110593,0,0,2028,"100000 explored (2068 execs, 97932 blocked)",TFSTATS execs=2068 blocked=110593 timeline_impossible=0 pruned=0 | baseline  prop=miss K=1 QS=2 DD=7 C=2..2 H=12 L=0 U=0 sd=0  execs=2068 blocked=110593 finished=6164 dispatched=45462 done=44110 judged=29238 preempted=1352 expired=1419 late=615 fifth=0/0 min_queue_left=1 min_dispatch_dline=1 min_report_slack=0 tick_skips=86019 violations=2028 time=16.410520053s,16.4,16.4,2,1,none,10.0,32.0,2026-09-30 20:08:45,2026-09-30 20:09:02,246,/local/sramezani/v8logs/opt-025.log,--mode baseline --ams 1 --deadline 7 --u 0 --horizon 12 --keep-going
opt-032,opt,retail_saga_timed,"v2 C=3 N=3 R=1 S=20 U=1 D=7 (paper's 3 customers, hold side)",baseline,ladder,2,late=13560 spurious (execs=720 blocked=43936),finished,0,720,43936,0,0,,,"TFSTATS execs=720 blocked=43936 timeline_impossible=0 pruned=0 | baseline  variant=v2 N=3 assign=fixed C=3 R=1 S=20 P=1 Q=2  L=0 U=1 sd=0 D=7  execs=720     blocked=43936   accepted=108888 rejected=0      overlap=74044  race_window=0      contended_reject=0      oversold=0     in_time=54648  late=13560 time=5.806805691s | VIOLATIONS (baseline, --keep-going): oversold=0 late=13560: this run is a FIRE, not a hold; blocked also counts the executions stopped at a violation.",5.8,5.8,2,1,none,9.0,32.0,2026-09-30 20:08:57,2026-09-30 20:09:03,244,/local/sramezani/v8logs/opt-032.log,--mode baseline --variant v2 --order-services 3 --customers 3 --rounds 1 --stock 20 --u 1 --deadline-ratio 7 --keep-going
opt-034,opt,retail_saga_timed,v2 C=3 N=3 R=1 S=20 U=1 D=6 (boundary FIRE side),baseline,boundary,2,FIRE: late=13560 (same untimed program as D=7: execs=720 blocked=43936),finished,0,720,43936,0,0,,,"TFSTATS execs=720 blocked=43936 timeline_impossible=0 pruned=0 | baseline  variant=v2 N=3 assign=fixed C=3 R=1 S=20 P=1 Q=2  L=0 U=1 sd=0 D=6  execs=720     blocked=43936   accepted=108888 rejected=0      overlap=74044  race_window=0      contended_reject=0      oversold=0     in_time=54648  late=13560 time=9.019378075s | VIOLATIONS (baseline, --keep-going): oversold=0 late=13560: this run is a FIRE, not a hold; blocked also counts the executions stopped at a violation.",9.0,9.0,2,1,none,9.0,32.0,2026-09-30 20:09:02,2026-09-30 20:09:12,246,/local/sramezani/v8logs/opt-034.log,--mode baseline --variant v2 --order-services 3 --customers 3 --rounds 1 --stock 20 --u 1 --deadline-ratio 6 --keep-going
nrp-031,nrp,nrp_failure_detector_timed,lease-not-enough boundary (translated M=1 cut 30 R=4) phase -2,timed,boundary,2,"FIRE exit 101 (strict window [70,72)); first FIRE >1200 s measured",finished (assertion failed: FIRE),101,,,,,,"1900000 explored (0 execs, 1900000 blocked)",thread 'main' (2450732) panicked at traceforge/src/must.rs:1728:13:,2091.7,2091.7,2,1,none,3500.0,32.0,2026-09-30 19:55:50,2026-09-30 20:30:42,229,/local/sramezani/v8logs/nrp-031.log,--mode timed --variant leasing --fault link --attack-from-ratio 0 --max-missed 1 --fail-a-ratio 30 --rounds 4 --phase-ratio -2
stp-010,stp,spanning_tree_timed,"link-up R=15 Fd=45 (tight hold, bound 44)",baseline,ladder,2,"exit 0, spurious violations=2(3^R-1)=28697812, execs=3(3^R-1)/2=21523359, blocked~122227857 (same as timed)",finished,0,21523359,122227857,0,0,28697812,"143700000 explored (21523359 execs, 122176641 blocked)",TFSTATS execs=21523359 blocked=122227857 timeline_impossible=0 pruned=0 | baseline  scenario=link-up R=15 K=0  L=0 U=1 sd=0 H=2 P=2 MA=6 Bd=12 Fd=45  execs=21523359 blocked=122227857 lost=0 news_heard=43046718 settled_backup=14348906 loop_before_news=14348906 loop_in_pre_backup=14348906 violations=28697812 time=13501.610133057s,13501.6,13390.2,2,1,none,14800.0,32.0,2026-09-30 16:56:11,2026-09-30 20:41:13,202,/local/sramezani/v8logs/stp-010.log,--mode baseline --scenario link-up --keep-going --rounds 15 --forward-delay-ratio 45
stp-017,stp,spanning_tree_timed,"link-up R=13 Fd=41 (tight hold, bound 40)",timed,ladder,2,"hold exit 0, violations=0, execs=(3^R-1)/2=797161, blocked~13617285, news_heard>0, settled_backup>0",finished,0,797161,13617285,0,0,0,"14400000 explored (797161 execs, 13602839 blocked)",TFSTATS execs=797161 blocked=13617285 timeline_impossible=0 pruned=0 | timed     scenario=link-up R=13 K=0  L=0 U=1 sd=0 H=2 P=2 MA=6 Bd=12 Fd=41  execs=797161 blocked=13617285 lost=0 news_heard=3188644 settled_backup=1594322 loop_before_news=0 loop_in_pre_backup=0 violations=0 time=11119.394339063s,11119.4,11119.2,7,1,none,11500.0,32.0,2026-09-30 17:38:23,2026-09-30 20:43:43,189,/local/sramezani/v8logs/stp-017.log,--mode timed --scenario link-up --keep-going --rounds 13 --forward-delay-ratio 41
stp-016,stp,spanning_tree_timed,"lost-hellos R=13 MA=3 Fd=24 (tight hold, bound MA+Fd<=26)",baseline,ladder,2,"exit 0, spurious violations ~9.2M, execs ~14.7M",finished,0,14614628,21024692,0,0,9167358,"35600000 explored (14614628 execs, 20985372 blocked)",TFSTATS execs=14614628 blocked=21024692 timeline_impossible=0 pruned=0 | baseline  scenario=lost-hellos R=13 K=0  L=0 U=1 sd=0 H=2 MA=3 Fd=24  execs=14614628 blocked=21024692 lost=0 refreshed=58325650 aged_out=82904796 reverted=58325650 loop_reopened=9167358 violations=9167358 time=2285.282630143s,2285.3,2285.3,2,1,none,3600.0,32.0,2026-09-30 20:08:07,2026-09-30 20:46:13,242,/local/sramezani/v8logs/stp-016.log,--mode baseline --scenario lost-hellos --keep-going --rounds 13 --forward-delay-ratio 24
stp-021,stp,spanning_tree_timed,"lost-hellos R=12 MA=3 Fd=22 (tight hold, bound MA+Fd<=24)",timed,ladder,2,"hold exit 0, violations=0, execs ~1.94M, reverted>0",finished,0,1922574,5645782,0,0,0,"7500000 explored (1922574 execs, 5577426 blocked)",TFSTATS execs=1922574 blocked=5645782 timeline_impossible=0 pruned=0 | timed     scenario=lost-hellos R=12 K=0  L=0 U=1 sd=0 H=2 MA=3 Fd=22  execs=1922574 blocked=5645782 lost=0 refreshed=7148895 aged_out=10395070 reverted=6876729 loop_reopened=0 violations=0 time=4345.366663542s,4345.4,4345.3,7,1,none,5700.0,32.0,2026-09-30 19:50:28,2026-09-30 21:02:53,255,/local/sramezani/v8logs/stp-021.log,--mode timed --scenario lost-hellos --keep-going --rounds 12 --forward-delay-ratio 22
stp-035,stp,spanning_tree_timed,"lost-hellos R=12 MA=3 Fd=21 (FIRE edge, bound 24)",timed,boundary,2,"FIRE: violations=3 (loop_reopened), exit 0 under keep-going",finished,0,1922576,5734357,0,0,3,"7600000 explored (1922576 execs, 5677424 blocked)",TFSTATS execs=1922576 blocked=5734357 timeline_impossible=0 pruned=0 | timed     scenario=lost-hellos R=12 K=0  L=0 U=1 sd=0 H=2 MA=3 Fd=21  execs=1922576 blocked=5734357 lost=0 refreshed=7148895 aged_out=10483647 reverted=6876729 loop_reopened=3 violations=3 time=4378.606902433s,4378.6,4378.6,6,1,none,5700.0,32.0,2026-09-30 19:53:57,2026-09-30 21:06:57,254,/local/sramezani/v8logs/stp-035.log,--mode timed --scenario lost-hellos --keep-going --rounds 12 --forward-delay-ratio 21
nrp-033,nrp,nrp_failure_detector_timed,MARS Table 1 case 7 noopt R=4,timed,ladder,2,"hold violations=0 (doc: 2 executions, takeover_pings 2, stepdowns 2); pred 1600-3500 s (>1200 s measured)",finished,0,2,3109609,0,257125,0,"3100000 explored (2 execs, 3099998 blocked)","TFSTATS execs=2 blocked=3109609 timeline_impossible=0 pruned=257125 | timed    variant=noopt fault=switch promote=takeover tA=30 tB=30 attack=[-,-) hb_on_change=off R=4 max=2 L=1 U=1 sd=0 H=20 P=10 phase=0  execs=2 blocked=3109609 completed=2 dual=0 stepdowns=2 promotions=0 shortcut=0 takeover_pings=2 backup_replies=0 lease_resets=0 lease_chances=0 nrp_changes=2 sw_drops=12 violations=0 time=2645.005117509s",2645.0,2645.0,2,1,none,3500.0,32.0,2026-09-30 20:30:42,2026-09-30 21:14:47,229,/local/sramezani/v8logs/nrp-033.log,--mode timed --variant noopt --fault switch --rounds 4
stp-001,stp,spanning_tree_timed,"link-up R=14 Fd=43 (tight hold, bound 42)",timed,headline,1,"hold exit 0, violations=0, execs=(3^R-1)/2=2391484, blocked~40786312, news_heard>0, settled_backup>0",finished,0,2391484,40786312,0,0,0,"43100000 explored (2391484 execs, 40708516 blocked)",TFSTATS execs=2391484 blocked=40786312 timeline_impossible=0 pruned=0 | timed     scenario=link-up R=14 K=0  L=0 U=1 sd=0 H=2 P=2 MA=6 Bd=12 Fd=43  execs=2391484 blocked=40786312 lost=0 news_heard=9565936 settled_backup=4782968 loop_before_news=0 loop_in_pre_backup=0 violations=0 time=27089.054053886s,27089.0,27088.7,7,1,none,39000.0,32.0,2026-09-30 13:44:27,2026-09-30 21:15:56,241,/local/sramezani/v8logs/stp-001.log,--mode timed --scenario link-up --keep-going --rounds 14 --forward-delay-ratio 43
stp-033,stp,spanning_tree_timed,"link-up R=12 Fd=38 (FIRE edge, bound 38)",timed,boundary,2,"FIRE: violations=2 (loop_in_pre_backup), execs=265721, exit 0 under keep-going",finished,0,265721,4550021,0,0,2,"4800000 explored (265721 execs, 4534279 blocked)",TFSTATS execs=265721 blocked=4550021 timeline_impossible=0 pruned=0 | timed     scenario=link-up R=12 K=0  L=0 U=1 sd=0 H=2 P=2 MA=6 Bd=12 Fd=38  execs=265721 blocked=4550021 lost=0 news_heard=1062882 settled_backup=531440 loop_before_news=0 loop_in_pre_backup=2 violations=2 time=2294.565712886s,2294.6,2294.5,7,1,none,3400.0,32.0,2026-09-30 20:46:13,2026-09-30 21:24:29,242,/local/sramezani/v8logs/stp-033.log,--mode timed --scenario link-up --keep-going --rounds 12 --forward-delay-ratio 38
stp-020,stp,spanning_tree_timed,"lost-hellos L=U=1 R=13 MA=3 Fd=22 (tight hold, bound MA+Fd<=24)",baseline,ladder,2,"exit 0, spurious violations ~9.2M, execs ~14.7M (identical to the L=0 baseline: untimed ignores L, MA, Fd)",finished,0,14614628,21024692,0,0,9167358,"35600000 explored (14614628 execs, 20985372 blocked)",TFSTATS execs=14614628 blocked=21024692 timeline_impossible=0 pruned=0 | baseline  scenario=lost-hellos R=13 K=0  L=1 U=1 sd=0 H=2 MA=3 Fd=22  execs=14614628 blocked=21024692 lost=0 refreshed=58325650 aged_out=82904796 reverted=58325650 loop_reopened=9167358 violations=9167358 time=3056.118154348s,3056.1,3011.6,2,1,none,3600.0,32.0,2026-09-30 20:41:13,2026-09-30 21:32:09,202,/local/sramezani/v8logs/stp-020.log,--mode baseline --scenario lost-hellos --keep-going --rounds 13 --l-ratio 1 --forward-delay-ratio 22
nrp-039,nrp,nrp_failure_detector_timed,lease-not-enough boundary (translated M=1 cut 30 R=4) phase -1,timed,boundary,2,"FIRE exit 101 certified, window [70,71) (measured 771 s to first FIRE)",finished (assertion failed: FIRE),101,,,,,,"1100000 explored (0 execs, 1100000 blocked)",thread 'main' (2467803) panicked at traceforge/src/must.rs:1728:13:,1070.0,1070.0,2,1,none,1000.0,32.0,2026-09-30 21:14:47,2026-09-30 21:32:37,229,/local/sramezani/v8logs/nrp-039.log,--mode timed --variant leasing --fault link --attack-from-ratio 0 --max-missed 1 --fail-a-ratio 30 --rounds 4 --phase-ratio -1
stp-027,stp,spanning_tree_timed,"lost-hellos R=11 MA=3 Fd=20 (tight hold, bound MA+Fd<=22)",timed,ladder,2,"hold exit 0, violations=0, execs ~626k, reverted>0",finished,0,624531,1844468,0,0,0,"2400000 explored (624531 execs, 1775469 blocked)",TFSTATS execs=624531 blocked=1844468 timeline_impossible=0 pruned=0 | timed     scenario=lost-hellos R=11 K=0  L=0 U=1 sd=0 H=2 MA=3 Fd=20  execs=624531 blocked=1844468 lost=0 refreshed=2109332 aged_out=3135136 reverted=2025798 loop_reopened=0 violations=0 time=1350.209348202s,1350.2,1350.2,4,1,none,1700.0,32.0,2026-09-30 21:15:56,2026-09-30 21:38:27,241,/local/sramezani/v8logs/stp-027.log,--mode timed --scenario lost-hellos --keep-going --rounds 11 --forward-delay-ratio 20
stp-023,stp,spanning_tree_timed,"link-up R=12 Fd=39 (tight hold, bound 38)",timed,ladder,2,"hold exit 0, violations=0, execs=(3^R-1)/2=265720, blocked=4550020, news_heard>0, settled_backup>0",finished,0,265720,4550020,0,0,0,"4800000 explored (265720 execs, 4534280 blocked)",TFSTATS execs=265720 blocked=4550020 timeline_impossible=0 pruned=0 | timed     scenario=link-up R=12 K=0  L=0 U=1 sd=0 H=2 P=2 MA=6 Bd=12 Fd=39  execs=265720 blocked=4550020 lost=0 news_heard=1062880 settled_backup=531440 loop_before_news=0 loop_in_pre_backup=0 violations=0 time=3453.930942584s,3453.9,3453.9,7,1,none,3400.0,32.0,2026-09-30 20:43:43,2026-09-30 21:41:18,189,/local/sramezani/v8logs/stp-023.log,--mode timed --scenario link-up --keep-going --rounds 12 --forward-delay-ratio 39
stp-018,stp,spanning_tree_timed,"link-up R=13 Fd=41 (tight hold, bound 40)",baseline,ladder,2,"exit 0, spurious violations=2(3^R-1)=3188644, execs=3(3^R-1)/2=2391483, blocked~13617285 (same as timed)",finished,0,2391483,13617285,0,0,3188644,"16000000 explored (2391483 execs, 13608517 blocked)",TFSTATS execs=2391483 blocked=13617285 timeline_impossible=0 pruned=0 | baseline  scenario=link-up R=13 K=0  L=0 U=1 sd=0 H=2 P=2 MA=6 Bd=12 Fd=41  execs=2391483 blocked=13617285 lost=0 news_heard=4782966 settled_backup=1594322 loop_before_news=1594322 loop_in_pre_backup=1594322 violations=3188644 time=1082.545859718s,1082.5,1082.5,2,1,none,1500.0,32.0,2026-09-30 21:24:29,2026-09-30 21:42:32,242,/local/sramezani/v8logs/stp-018.log,--mode baseline --scenario link-up --keep-going --rounds 13 --forward-delay-ratio 41
lease-085,lease,lease_timed,C=3 R=3 unfenced (rounds ladder),timed,ceiling,3,hold (violations=0),finished,0,4251528,44804603,0,201151,0,"6100000 explored (567609 execs, 5532391 blocked)",TFSTATS execs=4251528 blocked=44804603 timeline_impossible=0 pruned=201151 | timed      C=3 R=3 fencing=off  L=0 U=2 TTL=10 PAUSE=3 sd=1  execs=4251528 blocked=44804603 grants=426404931 expired=309232984 released=117171947 applied=373849933 stale=0      violations=0      time=15007.933724859s,15007.9,89523.5,26,8,shared,500000.0,32.0,2026-09-30 17:34:30,2026-09-30 21:44:38,"76,77,78,79,80,81,82,83",/local/sramezani/v8logs/lease-085.log,--clients 3 --rounds 3 --mode timed --u 2 --l-ratio 0 --sd-ratio 0.5 --ttl-ratio 5 --fencing off --pause-ratio 1.5 --keep-going --parallel shared
nrp-035,nrp,nrp_failure_detector_timed,selftest R=8 no-kg,timed,ladder,2,hold violations=0 (pred x3.0-3.1/round from R7 823 s),finished,0,1,2243358,0,25149,0,"2200000 explored (1 execs, 2199999 blocked)","TFSTATS execs=1 blocked=2243358 timeline_impossible=0 pruned=25149 | timed    variant=nrp fault=none promote=takeover tA=- tB=- attack=[-,-) hb_on_change=off R=8 max=2 L=1 U=1 sd=0 H=20 P=10 phase=0  execs=1 blocked=2243358 completed=1 dual=0 stepdowns=0 promotions=0 shortcut=0 takeover_pings=0 backup_replies=0 lease_resets=0 lease_chances=0 nrp_changes=0 sw_drops=0 violations=0 time=2802.851506879s",2802.8,2802.8,2,1,none,2800.0,32.0,2026-09-30 21:02:53,2026-09-30 21:49:37,255,/local/sramezani/v8logs/nrp-035.log,--mode timed --variant nrp --fault none --rounds 8
nrp-041,nrp,nrp_failure_detector_timed,lease-not-enough boundary (translated M=1 cut 30 R=4) phase 0,timed,boundary,2,"FIRE exit 101 certified, tie at 70 (measured 690 s to first FIRE; witness: both role changes read @70)",finished (assertion failed: FIRE),101,,,,,,"1100000 explored (0 execs, 1100000 blocked)",thread 'main' (2471732) panicked at traceforge/src/must.rs:1728:13:,1053.2,1053.2,2,1,none,900.0,32.0,2026-09-30 21:32:37,2026-09-30 21:50:11,229,/local/sramezani/v8logs/nrp-041.log,--mode timed --variant leasing --fault link --attack-from-ratio 0 --max-missed 1 --fail-a-ratio 30 --rounds 4 --phase-ratio 0
stp-022,stp,spanning_tree_timed,"lost-hellos R=12 MA=3 Fd=22 (tight hold, bound MA+Fd<=24)",baseline,ladder,2,"exit 0, spurious violations 2790066, execs 4517249",finished,0,4517249,6659401,0,0,2790066,"11100000 explored (4517249 execs, 6582751 blocked)",TFSTATS execs=4517249 blocked=6659401 timeline_impossible=0 pruned=0 | baseline  scenario=lost-hellos R=12 K=0  L=0 U=1 sd=0 H=2 MA=3 Fd=22  execs=4517249 blocked=6659401 lost=0 refreshed=16518958 aged_out=24091992 reverted=16518958 loop_reopened=2790066 violations=2790066 time=714.150544331s,714.1,714.1,2,1,none,1050.0,32.0,2026-09-30 21:38:27,2026-09-30 21:50:22,241,/local/sramezani/v8logs/stp-022.log,--mode baseline --scenario lost-hellos --keep-going --rounds 12 --forward-delay-ratio 22
stp-019,stp,spanning_tree_timed,"lost-hellos L=U=1 R=13 MA=3 Fd=22 (tight hold, bound MA+Fd<=24)",timed,ladder,2,"hold exit 0, violations=0, execs=3^R=1594323, reverted>0",finished,0,1594323,8004387,0,0,0,"9500000 explored (1594323 execs, 7905677 blocked)",TFSTATS execs=1594323 blocked=8004387 timeline_impossible=0 pruned=0 | timed     scenario=lost-hellos R=13 K=0  L=1 U=1 sd=0 H=2 MA=3 Fd=22  execs=1594323 blocked=8004387 lost=0 refreshed=1582035 aged_out=3168166 reverted=784875 loop_reopened=0 violations=0 time=6220.948231335s,6220.9,6220.9,7,1,none,4700.0,32.0,2026-09-30 20:07:06,2026-09-30 21:50:48,196,/local/sramezani/v8logs/stp-019.log,--mode timed --scenario lost-hellos --keep-going --rounds 13 --l-ratio 1 --forward-delay-ratio 22
stp-036,stp,spanning_tree_timed,"lost-hellos R=12 MA=3 Fd=21 (FIRE edge, bound 24)",baseline,boundary,2,"exit 0, violations=2790066",finished,0,4517249,6659401,0,0,2790066,"11100000 explored (4517249 execs, 6582751 blocked)",TFSTATS execs=4517249 blocked=6659401 timeline_impossible=0 pruned=0 | baseline  scenario=lost-hellos R=12 K=0  L=0 U=1 sd=0 H=2 MA=3 Fd=21  execs=4517249 blocked=6659401 lost=0 refreshed=16518958 aged_out=24091992 reverted=16518958 loop_reopened=2790066 violations=2790066 time=693.410142148s,693.4,693.4,2,1,none,1050.0,32.0,2026-09-30 21:42:32,2026-09-30 21:54:06,242,/local/sramezani/v8logs/stp-036.log,--mode baseline --scenario lost-hellos --keep-going --rounds 12 --forward-delay-ratio 21
stp-045,stp,spanning_tree_timed,"lost-hellos R=10 sd=1 MA=3 Fd=18 (FIRE edge, bound 21 = (R-1)H+2U+sd)",timed,boundary,2,"FIRE: violations=3, execs=254904",finished,0,254904,648723,0,0,3,"900000 explored (254904 execs, 645096 blocked)",TFSTATS execs=254904 blocked=648723 timeline_impossible=0 pruned=0 | timed     scenario=lost-hellos R=10 K=0  L=0 U=1 sd=1 H=2 MA=3 Fd=18  execs=254904 blocked=648723 lost=0 refreshed=822789 aged_out=1220972 reverted=799055 loop_reopened=3 violations=3 time=441.11992259s,441.1,441.1,2,1,none,560.0,32.0,2026-09-30 21:50:22,2026-09-30 21:57:43,241,/local/sramezani/v8logs/stp-045.log,--mode timed --scenario lost-hellos --keep-going --rounds 10 --sd-ratio 1 --forward-delay-ratio 18
stp-026,stp,spanning_tree_timed,"lost-hellos L=U=1 R=12 MA=3 Fd=20 (tight hold, bound MA+Fd<=22)",baseline,ladder,2,"exit 0, spurious violations 2790066, execs 4517249 (identical to the L=0 baseline: untimed ignores L, MA, Fd)",finished,0,4517249,6659401,0,0,2790066,"11100000 explored (4517249 execs, 6582751 blocked)",TFSTATS execs=4517249 blocked=6659401 timeline_impossible=0 pruned=0 | baseline  scenario=lost-hellos R=12 K=0  L=1 U=1 sd=0 H=2 MA=3 Fd=20  execs=4517249 blocked=6659401 lost=0 refreshed=16518958 aged_out=24091992 reverted=16518958 loop_reopened=2790066 violations=2790066 time=1028.4270927s,1028.4,1002.7,2,1,none,1050.0,32.0,2026-09-30 21:41:18,2026-09-30 21:58:27,189,/local/sramezani/v8logs/stp-026.log,--mode baseline --scenario lost-hellos --keep-going --rounds 12 --l-ratio 1 --forward-delay-ratio 20
stp-047,stp,spanning_tree_timed,lost-hellos R=10 sd=1 MA=3 Fd=19 (hold edge),timed,boundary,2,"hold: violations=0, execs=254902",finished,0,254902,638880,0,0,0,"800000 explored (254902 execs, 545098 blocked)",TFSTATS execs=254902 blocked=638880 timeline_impossible=0 pruned=0 | timed     scenario=lost-hellos R=10 K=0  L=0 U=1 sd=1 H=2 MA=3 Fd=19  execs=254902 blocked=638880 lost=0 refreshed=822789 aged_out=1211127 reverted=799055 loop_reopened=0 violations=0 time=394.340551923s,394.3,394.3,2,1,none,560.0,32.0,2026-09-30 21:54:06,2026-09-30 22:00:40,242,/local/sramezani/v8logs/stp-047.log,--mode timed --scenario lost-hellos --keep-going --rounds 10 --sd-ratio 1 --forward-delay-ratio 19
stp-029,stp,spanning_tree_timed,"link-up R=11 Fd=37 (tight hold, bound 36)",timed,ladder,2,"hold exit 0, violations=0, execs=(3^R-1)/2=88573, blocked=1522137, news_heard>0, settled_backup>0",finished,0,88573,1522137,0,0,0,"1600000 explored (88573 execs, 1511427 blocked)",TFSTATS execs=88573 blocked=1522137 timeline_impossible=0 pruned=0 | timed     scenario=link-up R=11 K=0  L=0 U=1 sd=0 H=2 P=2 MA=6 Bd=12 Fd=37  execs=88573 blocked=1522137 lost=0 news_heard=354292 settled_backup=177146 loop_before_news=0 loop_in_pre_backup=0 violations=0 time=801.265383318s,801.3,801.2,4,1,none,1000.0,32.0,2026-09-30 21:49:37,2026-09-30 22:02:59,255,/local/sramezani/v8logs/stp-029.log,--mode timed --scenario link-up --keep-going --rounds 11 --forward-delay-ratio 37
stp-039,stp,spanning_tree_timed,"lost-hellos R=10 MA=3 Fd=17 (FIRE edge, bound 20)",timed,boundary,2,"FIRE: violations=3, execs=202376",finished,0,202376,611749,0,0,3,"800000 explored (202376 execs, 597624 blocked)",TFSTATS execs=202376 blocked=611749 timeline_impossible=0 pruned=0 | timed     scenario=lost-hellos R=10 K=0  L=0 U=1 sd=0 H=2 MA=3 Fd=17  execs=202376 blocked=611749 lost=0 refreshed=612855 aged_out=944510 reverted=587436 loop_reopened=3 violations=3 time=371.010944321s,371.0,371.0,2,1,none,490.0,32.0,2026-09-30 21:57:43,2026-09-30 22:03:55,241,/local/sramezani/v8logs/stp-039.log,--mode timed --scenario lost-hellos --keep-going --rounds 10 --forward-delay-ratio 17
stp-025,stp,spanning_tree_timed,"lost-hellos L=U=1 R=12 MA=3 Fd=20 (tight hold, bound MA+Fd<=22)",timed,ladder,2,"hold exit 0, violations=0, execs=3^R=531441, reverted>0",finished,0,531441,2673593,0,0,0,"3200000 explored (531441 execs, 2668559 blocked)",TFSTATS execs=531441 blocked=2673593 timeline_impossible=0 pruned=0 | timed     scenario=lost-hellos R=12 K=0  L=1 U=1 sd=0 H=2 MA=3 Fd=20  execs=531441 blocked=2673593 lost=0 refreshed=525297 aged_out=1052642 reverted=259578 loop_reopened=0 violations=0 time=1980.701711309s,1980.7,1980.7,6,1,none,1450.0,32.0,2026-09-30 21:32:09,2026-09-30 22:05:11,202,/local/sramezani/v8logs/stp-025.log,--mode timed --scenario lost-hellos --keep-going --rounds 12 --l-ratio 1 --forward-delay-ratio 20
stp-024,stp,spanning_tree_timed,"link-up R=12 Fd=39 (tight hold, bound 38)",baseline,ladder,2,"exit 0, spurious violations=2(3^R-1)=1062880, execs=3(3^R-1)/2=797160, blocked=4550020 (same as timed)",finished,0,797160,4550020,0,0,1062880,"5300000 explored (797160 execs, 4502840 blocked)",TFSTATS execs=797160 blocked=4550020 timeline_impossible=0 pruned=0 | baseline  scenario=link-up R=12 K=0  L=0 U=1 sd=0 H=2 P=2 MA=6 Bd=12 Fd=39  execs=797160 blocked=4550020 lost=0 news_heard=1594320 settled_backup=531440 loop_before_news=531440 loop_in_pre_backup=531440 violations=1062880 time=350.049095897s,350.1,350.0,2,1,none,480.0,32.0,2026-09-30 22:00:40,2026-09-30 22:06:31,242,/local/sramezani/v8logs/stp-024.log,--mode baseline --scenario link-up --keep-going --rounds 12 --forward-delay-ratio 39
swim-035,swim,swim_timed,L0 N=4 R=5 Ws=6,baseline,ladder,2,"FIRE: violations>0 (false positives), exit 0 (keep-going)",finished,0,4294256,152308770,0,0,94819803,"8700000 explored (292829 execs, 8407171 blocked)",TFSTATS execs=4294256 blocked=152308770 timeline_impossible=0 pruned=0 | baseline   N=4 R=5  L=0 U=2 Wp=2 Ws=6 sd=1  execs=4294256 blocked=152308770 acks=39178306 suspects=692066744 refuted=790449906 dead=94819803 violations=94819803 time=17477.665370336s,17477.7,28884.9,8,8,shared,18171.0,32.0,2026-09-30 17:16:01,2026-09-30 22:07:20,"92,93,109,113,120,121,198,199",/local/sramezani/v8logs/swim-035.log,--mode baseline --nodes 4 --rounds 5 --u 2 --sd-ratio 0.5 --w-probe-ratio 1 --l-ratio 0 --w-suspect-ratio 3.0 --keep-going --parallel shared
nrp-048,nrp,nrp_failure_detector_timed,case7 boundary U=1 L=1 phase 13 R=4,timed,boundary,2,hold violations=0 stepdowns=completed (kg 412 s),finished,0,2,595483,0,34917,0,"500000 explored (2 execs, 499998 blocked)","TFSTATS execs=2 blocked=595483 timeline_impossible=0 pruned=34917 | timed    variant=nrp fault=switch promote=takeover tA=30 tB=30 attack=[-,-) hb_on_change=off R=4 max=2 L=1 U=1 sd=0 H=20 P=10 phase=13  execs=2 blocked=595483 completed=2 dual=0 stepdowns=2 promotions=2 shortcut=2 takeover_pings=0 backup_replies=0 lease_resets=0 lease_chances=0 nrp_changes=2 sw_drops=10 violations=0 time=324.214237018s",324.2,324.2,2,1,none,480.0,32.0,2026-09-30 22:02:59,2026-09-30 22:08:23,255,/local/sramezani/v8logs/nrp-048.log,--mode timed --variant nrp --fault switch --rounds 4 --phase-ratio 13
nrp-045,nrp,nrp_failure_detector_timed,selftest R=7 kg (baseline = ceiling),timed,ladder,2,hold violations=0 execs=1 blocked=938938 (measured 823 s),finished,0,1,938938,0,12067,0,"900000 explored (1 execs, 899999 blocked)","TFSTATS execs=1 blocked=938938 timeline_impossible=0 pruned=12067 | timed    variant=nrp fault=none promote=takeover tA=- tB=- attack=[-,-) hb_on_change=off R=7 max=2 L=1 U=1 sd=0 H=20 P=10 phase=0  execs=1 blocked=938938 completed=1 dual=0 stepdowns=0 promotions=0 shortcut=0 takeover_pings=0 backup_replies=0 lease_resets=0 lease_chances=0 nrp_changes=0 sw_drops=0 violations=0 time=1130.323364598s",1130.3,1130.3,2,1,none,900.0,32.0,2026-09-30 21:50:48,2026-09-30 22:09:38,196,/local/sramezani/v8logs/nrp-045.log,--mode timed --variant nrp --fault none --rounds 7 --keep-going
stp-037,stp,spanning_tree_timed,"link-up R=10 Fd=34 (FIRE edge, bound 34)",timed,boundary,2,"FIRE: violations=2, execs=29525, blocked=510113",finished,0,29525,510113,0,0,2,"500000 explored (29525 execs, 470475 blocked)",TFSTATS execs=29525 blocked=510113 timeline_impossible=0 pruned=0 | timed     scenario=link-up R=10 K=0  L=0 U=1 sd=0 H=2 P=2 MA=6 Bd=12 Fd=34  execs=29525 blocked=510113 lost=0 news_heard=118098 settled_backup=59048 loop_before_news=0 loop_in_pre_backup=2 violations=2 time=244.518995837s,244.5,244.5,2,1,none,300.0,32.0,2026-09-30 22:06:31,2026-09-30 22:10:35,242,/local/sramezani/v8logs/stp-037.log,--mode timed --scenario link-up --keep-going --rounds 10 --forward-delay-ratio 34
stp-034,stp,spanning_tree_timed,"link-up R=12 Fd=38 (FIRE edge, bound 38)",baseline,boundary,2,"exit 0, violations=1062880 (same as hold cell)",finished,0,797160,4550020,0,0,1062880,"5300000 explored (797160 execs, 4502840 blocked)",TFSTATS execs=797160 blocked=4550020 timeline_impossible=0 pruned=0 | baseline  scenario=link-up R=12 K=0  L=0 U=1 sd=0 H=2 P=2 MA=6 Bd=12 Fd=38  execs=797160 blocked=4550020 lost=0 news_heard=1594320 settled_backup=531440 loop_before_news=531440 loop_in_pre_backup=531440 violations=1062880 time=403.508447057s,403.5,403.0,2,1,none,480.0,32.0,2026-09-30 22:03:55,2026-09-30 22:10:38,241,/local/sramezani/v8logs/stp-034.log,--mode baseline --scenario link-up --keep-going --rounds 12 --forward-delay-ratio 38
nrp-037,nrp,nrp_failure_detector_timed,case7 phase 11 R=6 no-kg,timed,ladder,2,hold violations=0 (pred x2.7-3/round from R5 812 s),finished,0,2,4420411,0,236094,0,"4400000 explored (2 execs, 4399998 blocked)","TFSTATS execs=2 blocked=4420411 timeline_impossible=0 pruned=236094 | timed    variant=nrp fault=switch promote=takeover tA=30 tB=30 attack=[-,-) hb_on_change=off R=6 max=2 L=1 U=1 sd=0 H=20 P=10 phase=11  execs=2 blocked=4420411 completed=2 dual=0 stepdowns=2 promotions=2 shortcut=2 takeover_pings=0 backup_replies=0 lease_resets=0 lease_chances=0 nrp_changes=2 sw_drops=10 violations=0 time=3926.856095919s",3926.8,3926.8,2,1,none,2600.0,32.0,2026-09-30 21:06:57,2026-09-30 22:12:24,254,/local/sramezani/v8logs/nrp-037.log,--mode timed --variant nrp --fault switch --rounds 6 --phase-ratio 11
nrp-050,nrp,nrp_failure_detector_timed,case8 R=4 kg (baseline = ceiling),timed,ladder,2,hold violations=0 execs=1 blocked=714689 (measured 352 s); lease-vacuous WARNING,finished,0,1,714689,0,52778,0,"700000 explored (1 execs, 699999 blocked)","TFSTATS execs=1 blocked=714689 timeline_impossible=0 pruned=52778 | timed    variant=leasing fault=none promote=takeover tA=- tB=- attack=[0,-) hb_on_change=off R=4 max=2 L=1 U=1 sd=0 H=20 P=10 phase=0  execs=1 blocked=714689 completed=1 dual=0 stepdowns=0 promotions=0 shortcut=0 takeover_pings=2 backup_replies=2 lease_resets=2 lease_chances=0 nrp_changes=0 sw_drops=8 violations=0 time=488.69123807s",488.7,488.7,2,1,none,400.0,32.0,2026-09-30 22:05:11,2026-09-30 22:13:20,202,/local/sramezani/v8logs/nrp-050.log,--mode timed --variant leasing --fault none --attack-from-ratio 0 --rounds 4 --keep-going
nrp-025,nrp,nrp_failure_detector_timed,selftest R=6 kg,timed,ladder,2,hold violations=0 execs=1 blocked=379722 (measured 271 s),finished,0,1,379722,0,5622,0,"300000 explored (1 execs, 299999 blocked)","TFSTATS execs=1 blocked=379722 timeline_impossible=0 pruned=5622 | timed    variant=nrp fault=none promote=takeover tA=- tB=- attack=[-,-) hb_on_change=off R=6 max=2 L=1 U=1 sd=0 H=20 P=10 phase=0  execs=1 blocked=379722 completed=1 dual=0 stepdowns=0 promotions=0 shortcut=0 takeover_pings=0 backup_replies=0 lease_resets=0 lease_chances=0 nrp_changes=0 sw_drops=0 violations=0 time=376.283561184s",376.3,376.3,2,1,none,300.0,32.0,2026-09-30 22:07:20,2026-09-30 22:13:37,199,/local/sramezani/v8logs/nrp-025.log,--mode timed --variant nrp --fault none --rounds 6 --keep-going
nrp-053,nrp,nrp_failure_detector_timed,case7 boundary U=2 L=1 phase 10.5 R=4,timed,boundary,2,hold violations=0 (measured 246 s),finished,0,2,595483,0,34917,0,"500000 explored (2 execs, 499998 blocked)","TFSTATS execs=2 blocked=595483 timeline_impossible=0 pruned=34917 | timed    variant=nrp fault=switch promote=takeover tA=60 tB=60 attack=[-,-) hb_on_change=off R=4 max=2 L=1 U=2 sd=0 H=40 P=20 phase=21  execs=2 blocked=595483 completed=2 dual=0 stepdowns=2 promotions=2 shortcut=2 takeover_pings=0 backup_replies=0 lease_resets=0 lease_chances=0 nrp_changes=2 sw_drops=10 violations=0 time=345.020556144s",345.0,345.0,2,1,none,300.0,32.0,2026-09-30 22:08:23,2026-09-30 22:14:09,255,/local/sramezani/v8logs/nrp-053.log,--mode timed --variant nrp --fault switch --rounds 4 --u 2 --l-ratio 0.5 --phase-ratio 10.5
stp-041,stp,spanning_tree_timed,"link-up R=10 sd=1 Fd=36 (FIRE edge, bound 36)",timed,boundary,2,FIRE: violations=2,finished,0,29525,510113,0,0,2,"500000 explored (29525 execs, 470475 blocked)",TFSTATS execs=29525 blocked=510113 timeline_impossible=0 pruned=0 | timed     scenario=link-up R=10 K=0  L=0 U=1 sd=1 H=2 P=2 MA=6 Bd=12 Fd=36  execs=29525 blocked=510113 lost=0 news_heard=118098 settled_backup=59048 loop_before_news=0 loop_in_pre_backup=2 violations=2 time=221.230877894s,221.2,221.2,2,1,none,300.0,32.0,2026-09-30 22:10:35,2026-09-30 22:14:17,242,/local/sramezani/v8logs/stp-041.log,--mode timed --scenario link-up --keep-going --rounds 10 --sd-ratio 1 --forward-delay-ratio 36
stp-043,stp,spanning_tree_timed,link-up R=10 sd=1 Fd=37 (hold edge),timed,boundary,2,"hold: violations=0, execs=29524",finished,0,29524,510112,0,0,0,"500000 explored (29524 execs, 470476 blocked)",TFSTATS execs=29524 blocked=510112 timeline_impossible=0 pruned=0 | timed     scenario=link-up R=10 K=0  L=0 U=1 sd=1 H=2 P=2 MA=6 Bd=12 Fd=37  execs=29524 blocked=510112 lost=0 news_heard=118096 settled_backup=59048 loop_before_news=0 loop_in_pre_backup=0 violations=0 time=286.590982692s,286.6,286.6,2,1,none,300.0,32.0,2026-09-30 22:10:38,2026-09-30 22:15:26,241,/local/sramezani/v8logs/stp-043.log,--mode timed --scenario link-up --keep-going --rounds 10 --sd-ratio 1 --forward-delay-ratio 37
stp-028,stp,spanning_tree_timed,"lost-hellos R=11 MA=3 Fd=20 (tight hold, bound MA+Fd<=22)",baseline,ladder,2,"exit 0, spurious violations 841449, execs 1387652",finished,0,1387652,2104436,0,0,841449,"3400000 explored (1387652 execs, 2012348 blocked)",TFSTATS execs=1387652 blocked=2104436 timeline_impossible=0 pruned=0 | baseline  scenario=lost-hellos R=11 K=0  L=0 U=1 sd=0 H=2 MA=3 Fd=20  execs=1387652 blocked=2104436 lost=0 refreshed=4610743 aged_out=6928416 reverted=4610743 loop_reopened=841449 violations=841449 time=225.922269257s,225.9,225.7,2,1,none,290.0,32.0,2026-09-30 22:12:24,2026-09-30 22:16:10,254,/local/sramezani/v8logs/stp-028.log,--mode baseline --scenario lost-hellos --keep-going --rounds 11 --forward-delay-ratio 20
nrp-043,nrp,nrp_failure_detector_timed,case7 phase 11 R=5 no-kg,timed,ladder,2,"hold violations=0 execs=2 blocked=1604057 (measured 812 s with kg; no-kg costs the same, rev_nrp_A)",finished,0,2,1604057,0,92191,0,"1600000 explored (2 execs, 1599998 blocked)","TFSTATS execs=2 blocked=1604057 timeline_impossible=0 pruned=92191 | timed    variant=nrp fault=switch promote=takeover tA=30 tB=30 attack=[-,-) hb_on_change=off R=5 max=2 L=1 U=1 sd=0 H=20 P=10 phase=11  execs=2 blocked=1604057 completed=2 dual=0 stepdowns=2 promotions=2 shortcut=2 takeover_pings=0 backup_replies=0 lease_resets=0 lease_chances=0 nrp_changes=2 sw_drops=10 violations=0 time=1560.503784293s",1560.5,1560.5,2,1,none,900.0,32.0,2026-09-30 21:50:11,2026-09-30 22:16:12,229,/local/sramezani/v8logs/nrp-043.log,--mode timed --variant nrp --fault switch --rounds 5 --phase-ratio 11
nrp-055,nrp,nrp_failure_detector_timed,case7 boundary U=2 L=1 phase 11.5 R=4,timed,boundary,2,hold violations=0 (kg 239 s),finished,0,2,595483,0,34917,0,"500000 explored (2 execs, 499998 blocked)","TFSTATS execs=2 blocked=595483 timeline_impossible=0 pruned=34917 | timed    variant=nrp fault=switch promote=takeover tA=60 tB=60 attack=[-,-) hb_on_change=off R=4 max=2 L=1 U=2 sd=0 H=40 P=20 phase=23  execs=2 blocked=595483 completed=2 dual=0 stepdowns=2 promotions=2 shortcut=2 takeover_pings=0 backup_replies=0 lease_resets=0 lease_chances=0 nrp_changes=2 sw_drops=10 violations=0 time=402.046067756s",402.0,402.0,2,1,none,300.0,32.0,2026-09-30 22:09:38,2026-09-30 22:16:21,196,/local/sramezani/v8logs/nrp-055.log,--mode timed --variant nrp --fault switch --rounds 4 --u 2 --l-ratio 0.5 --phase-ratio 11.5
nrp-051,nrp,nrp_failure_detector_timed,separation hb-on tA=1 sep=11 R=4,timed,boundary,2,hold violations=0 stepdowns=completed=2 (measured 319 s),finished,0,2,775409,0,48544,0,"700000 explored (2 execs, 699998 blocked)","TFSTATS execs=2 blocked=775409 timeline_impossible=0 pruned=48544 | timed    variant=nrp fault=switch promote=takeover tA=1 tB=12 attack=[-,-) hb_on_change=on R=4 max=2 L=1 U=1 sd=0 H=20 P=10 phase=0  execs=2 blocked=775409 completed=2 dual=0 stepdowns=2 promotions=0 shortcut=0 takeover_pings=2 backup_replies=0 lease_resets=0 lease_chances=0 nrp_changes=2 sw_drops=12 violations=0 time=550.392284614s",550.4,550.4,2,1,none,400.0,32.0,2026-09-30 22:07:20,2026-09-30 22:16:31,198,/local/sramezani/v8logs/nrp-051.log,--mode timed --variant nrp --fault switch --rounds 4 --hb-on-nrp-change on --fail-a-ratio 1 --sep-ratio 11
stp-051,stp,spanning_tree_timed,link-up R=10 Fd=34 no keep-going (certified witness),timed,boundary,2,"exit 101, certified timed counterexample (measured 196 s)",finished (assertion failed: FIRE),101,,,,,,"200000 explored (20067 execs, 179933 blocked)",thread 'main' (2480840) panicked at traceforge/src/must.rs:1728:13:,167.7,167.6,2,1,none,200.0,32.0,2026-09-30 22:14:17,2026-09-30 22:17:05,242,/local/sramezani/v8logs/stp-051.log,--mode timed --scenario link-up --rounds 10 --forward-delay-ratio 34
stp-030,stp,spanning_tree_timed,"link-up R=11 Fd=37 (tight hold, bound 36)",baseline,ladder,2,"exit 0, spurious violations=2(3^R-1)=354292, execs=3(3^R-1)/2=265719, blocked=1522137 (same as timed)",finished,0,265719,1522137,0,0,354292,"1700000 explored (265719 execs, 1434281 blocked)",TFSTATS execs=265719 blocked=1522137 timeline_impossible=0 pruned=0 | baseline  scenario=link-up R=11 K=0  L=0 U=1 sd=0 H=2 P=2 MA=6 Bd=12 Fd=37  execs=265719 blocked=1522137 lost=0 news_heard=531438 settled_backup=177146 loop_before_news=177146 loop_in_pre_backup=177146 violations=354292 time=119.537199335s,119.5,119.5,2,1,none,160.0,32.0,2026-09-30 22:15:26,2026-09-30 22:17:26,241,/local/sramezani/v8logs/stp-030.log,--mode baseline --scenario link-up --keep-going --rounds 11 --forward-delay-ratio 37
stp-053,stp,spanning_tree_timed,lost-hellos R=10 MA=3 Fd=17 no keep-going (certified witness),timed,boundary,2,"exit 101, certified timed counterexample (measured 216 s)",finished (assertion failed: FIRE),101,,,,,,"400000 explored (139917 execs, 260083 blocked)",thread 'main' (2480651) panicked at traceforge/src/must.rs:1728:13:,248.9,248.9,2,1,none,220.0,32.0,2026-09-30 22:14:09,2026-09-30 22:18:18,255,/local/sramezani/v8logs/stp-053.log,--mode timed --scenario lost-hellos --rounds 10 --forward-delay-ratio 17
par-021,par,par_timed,"boundary K=5 (3,3,1) To=7 tie",timed,boundary,2,"FIRE (real), p1_fails=880, explored ~4.4e5",finished,0,221638,222528,0,44037,,"400000 explored (199604 execs, 200396 blocked)",par (Bosnacki-Dams): dK=3 dL=3 dR=1 To=7 (rule To > dK+dL+dR = 7: listing FIRE) K=5 R=1 R1=1 UD=0 errs=true | TFSTATS execs=221638 blocked=222528 timeline_impossible=0 pruned=44037 | timed: execs=221638 blocked=222528 impossible=0 explored=444166 time=302.670s p1_fails=880 delivered=2307591 duplicates=997665 timeouts=1897569 ackerr=559632 msgerr=604291 confused=52376 gave_up=330018 | VIOLATION: P1 (assert(mr == me)) failed in some explored execution,302.7,302.6,2,1,none,245.0,32.0,2026-09-30 22:13:20,2026-09-30 22:18:23,202,/local/sramezani/v8logs/par-021.log,--mode timed --dk 3 --dl 3 --dr 1 --to 7 --messages 5 --retries 1 --keep-going
nrp-046,nrp,nrp_failure_detector_timed,separation hb-off tA=11 sep=41 R=5,timed,boundary,2,hold violations=0 stepdowns=completed=2 (measured 606 s),finished,0,2,1200256,0,56542,0,"1200000 explored (2 execs, 1199998 blocked)","TFSTATS execs=2 blocked=1200256 timeline_impossible=0 pruned=56542 | timed    variant=nrp fault=switch promote=takeover tA=11 tB=52 attack=[-,-) hb_on_change=off R=5 max=2 L=1 U=1 sd=0 H=20 P=10 phase=0  execs=2 blocked=1200256 completed=2 dual=0 stepdowns=2 promotions=0 shortcut=0 takeover_pings=0 backup_replies=0 lease_resets=0 lease_chances=0 nrp_changes=2 sw_drops=7 violations=0 time=1202.370823521s",1202.4,1202.3,2,1,none,700.0,32.0,2026-09-30 21:58:27,2026-09-30 22:18:30,189,/local/sramezani/v8logs/nrp-046.log,--mode timed --variant nrp --fault switch --rounds 5 --fail-a-ratio 11 --sep-ratio 41
nrp-059,nrp,nrp_failure_detector_timed,separation hb-off tA=11 sep=40 R=5,timed,boundary,2,FIRE exit 101 certified (measured 73 s),finished (assertion failed: FIRE),101,,,,,,"100000 explored (0 execs, 100000 blocked)",thread 'main' (2481316) panicked at traceforge/src/must.rs:1728:13:,122.6,122.6,2,1,none,150.0,32.0,2026-09-30 22:16:31,2026-09-30 22:18:34,198,/local/sramezani/v8logs/nrp-059.log,--mode timed --variant nrp --fault switch --rounds 5 --fail-a-ratio 11 --sep-ratio 40
par-025,par,par_timed,"boundary K=5 (30,30,10) To=70 tie",timed,boundary,2,"FIRE (real), p1_fails=880, explored ~4.4e5",finished,0,221789,222679,0,44044,,"400000 explored (199587 execs, 200413 blocked)",par (Bosnacki-Dams): dK=30 dL=30 dR=10 To=70 (rule To > dK+dL+dR = 70: listing FIRE) K=5 R=1 R1=1 UD=0 errs=true | TFSTATS execs=221789 blocked=222679 timeline_impossible=0 pruned=44044 | timed: execs=221789 blocked=222679 impossible=0 explored=444468 time=309.522s p1_fails=880 delivered=2309102 duplicates=999063 timeouts=1898388 ackerr=560712 msgerr=604476 confused=52371 gave_up=330357 | VIOLATION: P1 (assert(mr == me)) failed in some explored execution,309.5,309.5,2,1,none,235.0,32.0,2026-09-30 22:13:37,2026-09-30 22:18:47,199,/local/sramezani/v8logs/par-025.log,--mode timed --dk 30 --dl 30 --dr 10 --to 70 --messages 5 --retries 1 --keep-going
stp-031,stp,spanning_tree_timed,"lost-hellos L=U=1 R=10 MA=3 Fd=16 (tight hold, bound MA+Fd<=18)",timed,ladder,2,"hold exit 0, violations=0, execs=3^R=59049, blocked 299345, reverted>0",finished,0,59049,299345,0,0,0,"300000 explored (59049 execs, 240951 blocked)",TFSTATS execs=59049 blocked=299345 timeline_impossible=0 pruned=0 | timed     scenario=lost-hellos R=10 K=0  L=1 U=1 sd=0 H=2 MA=3 Fd=16  execs=59049 blocked=299345 lost=0 refreshed=57513 aged_out=115538 reverted=27990 loop_reopened=0 violations=0 time=160.93825093s,160.9,160.9,2,1,none,140.0,32.0,2026-09-30 22:17:05,2026-09-30 22:19:46,242,/local/sramezani/v8logs/stp-031.log,--mode timed --scenario lost-hellos --keep-going --rounds 10 --l-ratio 1 --forward-delay-ratio 16
stp-049,stp,spanning_tree_timed,"lost-hellos L=U=1 R=10 MA=3 Fd=15 (FIRE edge, bound 18)",timed,boundary,2,"FIRE: violations=3, execs=59051 (measured 119 s)",finished,0,59051,309188,0,0,3,"300000 explored (59051 execs, 240949 blocked)",TFSTATS execs=59051 blocked=309188 timeline_impossible=0 pruned=0 | timed     scenario=lost-hellos R=10 K=0  L=1 U=1 sd=0 H=2 MA=3 Fd=15  execs=59051 blocked=309188 lost=0 refreshed=57513 aged_out=125383 reverted=27990 loop_reopened=3 violations=3 time=167.708948557s,167.7,167.7,2,1,none,140.0,32.0,2026-09-30 22:17:26,2026-09-30 22:20:14,241,/local/sramezani/v8logs/stp-049.log,--mode timed --scenario lost-hellos --keep-going --rounds 10 --l-ratio 1 --forward-delay-ratio 15
par-024,par,par_timed,"boundary K=5 (3,3,1) To=8 first safe",baseline,boundary,2,spurious p1_fails=13364,finished,0,730641,744015,0,0,,"1400000 explored (693470 execs, 706530 blocked)",par (Bosnacki-Dams): dK=3 dL=3 dR=1 To=8 (rule To > dK+dL+dR = 7: listing HOLD) K=5 R=1 R1=1 UD=0 errs=true | TFSTATS execs=730641 blocked=744015 timeline_impossible=0 pruned=0 | baseline: execs=730641 blocked=744015 impossible=0 explored=1474656 time=135.879s p1_fails=13364 delivered=6718892 duplicates=3590472 timeouts=6279966 ackerr=1487984 msgerr=1821762 confused=1846768 gave_up=1087086 | VIOLATION: P1 (assert(mr == me)) failed in some explored execution,135.9,135.8,2,1,none,125.0,32.0,2026-09-30 22:18:23,2026-09-30 22:20:39,202,/local/sramezani/v8logs/par-024.log,--mode baseline --dk 3 --dl 3 --dr 1 --to 8 --messages 5 --retries 1 --keep-going
par-033,par,par_timed,"boundary K=5 (2,5,1) To=8 tie",timed,boundary,2,"FIRE (real), p1_fails=880, explored ~4.4e5",finished,0,221784,222674,0,44064,,"400000 explored (199605 execs, 200395 blocked)",par (Bosnacki-Dams): dK=2 dL=5 dR=1 To=8 (rule To > dK+dL+dR = 8: listing FIRE) K=5 R=1 R1=1 UD=0 errs=true | TFSTATS execs=221784 blocked=222674 timeline_impossible=0 pruned=44064 | timed: execs=221784 blocked=222674 impossible=0 explored=444458 time=277.264s p1_fails=880 delivered=2309180 duplicates=998957 timeouts=1898288 ackerr=560635 msgerr=604563 confused=52394 gave_up=330237 | VIOLATION: P1 (assert(mr == me)) failed in some explored execution,277.3,277.2,2,1,none,217.0,32.0,2026-09-30 22:16:10,2026-09-30 22:20:47,254,/local/sramezani/v8logs/par-033.log,--mode timed --dk 2 --dl 5 --dr 1 --to 8 --messages 5 --retries 1 --keep-going
par-022,par,par_timed,"boundary K=5 (3,3,1) To=7 tie",baseline,boundary,2,violations p1_fails=13364 (baseline is To-independent),finished,0,730641,744015,0,0,,"1400000 explored (693524 execs, 706476 blocked)",par (Bosnacki-Dams): dK=3 dL=3 dR=1 To=7 (rule To > dK+dL+dR = 7: listing FIRE) K=5 R=1 R1=1 UD=0 errs=true | TFSTATS execs=730641 blocked=744015 timeline_impossible=0 pruned=0 | baseline: execs=730641 blocked=744015 impossible=0 explored=1474656 time=151.643s p1_fails=13364 delivered=6718892 duplicates=3590472 timeouts=6279966 ackerr=1487984 msgerr=1821762 confused=1846768 gave_up=1087086 | VIOLATION: P1 (assert(mr == me)) failed in some explored execution,151.6,151.6,2,1,none,125.0,32.0,2026-09-30 22:18:18,2026-09-30 22:20:50,255,/local/sramezani/v8logs/par-022.log,--mode baseline --dk 3 --dl 3 --dr 1 --to 7 --messages 5 --retries 1 --keep-going
par-028,par,par_timed,"boundary K=5 (30,30,10) To=71 first safe",baseline,boundary,2,spurious p1_fails=13364,finished,0,730641,744015,0,0,,"1400000 explored (693469 execs, 706531 blocked)",par (Bosnacki-Dams): dK=30 dL=30 dR=10 To=71 (rule To > dK+dL+dR = 70: listing HOLD) K=5 R=1 R1=1 UD=0 errs=true | TFSTATS execs=730641 blocked=744015 timeline_impossible=0 pruned=0 | baseline: execs=730641 blocked=744015 impossible=0 explored=1474656 time=140.591s p1_fails=13364 delivered=6718892 duplicates=3590472 timeouts=6279966 ackerr=1487984 msgerr=1821762 confused=1846768 gave_up=1087086 | VIOLATION: P1 (assert(mr == me)) failed in some explored execution,140.6,140.5,2,1,none,125.0,32.0,2026-09-30 22:18:34,2026-09-30 22:20:55,198,/local/sramezani/v8logs/par-028.log,--mode baseline --dk 30 --dl 30 --dr 10 --to 71 --messages 5 --retries 1 --keep-going
stp-032,stp,spanning_tree_timed,"lost-hellos L=U=1 R=10 MA=3 Fd=16 (tight hold, bound MA+Fd<=18)",baseline,ladder,2,"exit 0, spurious violations 250959, execs 423185 (identical to the L=0 baseline: untimed ignores L, MA, Fd)",finished,0,423185,663481,0,0,250959,"1000000 explored (423185 execs, 576815 blocked)",TFSTATS execs=423185 blocked=663481 timeline_impossible=0 pruned=0 | baseline  scenario=lost-hellos R=10 K=0  L=1 U=1 sd=0 H=2 MA=3 Fd=16  execs=423185 blocked=663481 lost=0 refreshed=1264633 aged_out=1968300 reverted=1264633 loop_reopened=250959 violations=250959 time=70.104328247s,70.1,70.1,2,1,none,90.0,32.0,2026-09-30 22:19:46,2026-09-30 22:20:56,242,/local/sramezani/v8logs/stp-032.log,--mode baseline --scenario lost-hellos --keep-going --rounds 10 --l-ratio 1 --forward-delay-ratio 16
nrp-057,nrp,nrp_failure_detector_timed,separation hb-off tA=31 sep=-21 R=4,timed,boundary,2,hold violations=0 stepdowns=completed=2 (measured 141 s),finished,0,2,364126,0,20144,0,"300000 explored (2 execs, 299998 blocked)","TFSTATS execs=2 blocked=364126 timeline_impossible=0 pruned=20144 | timed    variant=nrp fault=switch promote=takeover tA=31 tB=10 attack=[-,-) hb_on_change=off R=4 max=2 L=1 U=1 sd=0 H=20 P=10 phase=0  execs=2 blocked=364126 completed=2 dual=0 stepdowns=2 promotions=0 shortcut=0 takeover_pings=1 backup_replies=0 lease_resets=0 lease_chances=0 nrp_changes=2 sw_drops=12 violations=0 time=285.265297036s",285.3,285.2,2,1,none,200.0,32.0,2026-09-30 22:16:12,2026-09-30 22:20:57,229,/local/sramezani/v8logs/nrp-057.log,--mode timed --variant nrp --fault switch --rounds 4 --fail-a-ratio 31 --sep-ratio -21
par-030,par,par_timed,"boundary K=5 (3,3,3) To=9 tie",baseline,boundary,2,violations p1_fails=13364 (baseline is To-independent),finished,0,730641,744015,0,0,,"1400000 explored (693517 execs, 706483 blocked)",par (Bosnacki-Dams): dK=3 dL=3 dR=3 To=9 (rule To > dK+dL+dR = 9: listing FIRE) K=5 R=1 R1=1 UD=0 errs=true | TFSTATS execs=730641 blocked=744015 timeline_impossible=0 pruned=0 | baseline: execs=730641 blocked=744015 impossible=0 explored=1474656 time=133.989s p1_fails=13364 delivered=6718892 duplicates=3590472 timeouts=6279966 ackerr=1487984 msgerr=1821762 confused=1846768 gave_up=1087086 | VIOLATION: P1 (assert(mr == me)) failed in some explored execution,134.0,133.9,2,1,none,125.0,32.0,2026-09-30 22:18:47,2026-09-30 22:21:01,199,/local/sramezani/v8logs/par-030.log,--mode baseline --dk 3 --dl 3 --dr 3 --to 9 --messages 5 --retries 1 --keep-going
par-026,par,par_timed,"boundary K=5 (30,30,10) To=70 tie",baseline,boundary,2,violations p1_fails=13364 (baseline is To-independent),finished,0,730641,744015,0,0,,"1400000 explored (693469 execs, 706531 blocked)",par (Bosnacki-Dams): dK=30 dL=30 dR=10 To=70 (rule To > dK+dL+dR = 70: listing FIRE) K=5 R=1 R1=1 UD=0 errs=true | TFSTATS execs=730641 blocked=744015 timeline_impossible=0 pruned=0 | baseline: execs=730641 blocked=744015 impossible=0 explored=1474656 time=160.842s p1_fails=13364 delivered=6718892 duplicates=3590472 timeouts=6279966 ackerr=1487984 msgerr=1821762 confused=1846768 gave_up=1087086 | VIOLATION: P1 (assert(mr == me)) failed in some explored execution,160.8,160.7,2,1,none,125.0,32.0,2026-09-30 22:18:30,2026-09-30 22:21:11,189,/local/sramezani/v8logs/par-026.log,--mode baseline --dk 30 --dl 30 --dr 10 --to 70 --messages 5 --retries 1 --keep-going
swim-037,swim,swim_timed,L0 N=5 R=3 Ws=6,baseline,ladder,2,"FIRE: violations>0 (false positives), exit 0 (keep-going) (REVIEW: shared 8 to match its timed pair; E about 124M, 21000 s single, 1.4-1.7 busy workers measured)",finished,0,1067178,103199860,0,0,74063943,"3000000 explored (14781 execs, 2985219 blocked)",TFSTATS execs=1067178 blocked=103199860 timeline_impossible=0 pruned=0 | baseline   N=5 R=3  L=0 U=2 Wp=2 Ws=6 sd=1  execs=1067178 blocked=103199860 acks=3678198 suspects=289061436 refuted=366995502 dead=74063943 violations=74063943 time=15773.523393945s,15773.5,19017.0,2,8,shared,15000.0,32.0,2026-09-30 17:58:24,2026-09-30 22:21:18,"84,85,86,87,88,89,90,91",/local/sramezani/v8logs/swim-037.log,--mode baseline --nodes 5 --rounds 3 --u 2 --sd-ratio 0.5 --w-probe-ratio 1 --l-ratio 0 --w-suspect-ratio 3.0 --keep-going --parallel shared
par-029,par,par_timed,"boundary K=5 (3,3,3) To=9 tie",timed,boundary,2,"FIRE (real), p1_fails=880, explored ~4.4e5",finished,0,218875,219765,0,44300,,"400000 explored (199605 execs, 200395 blocked)",par (Bosnacki-Dams): dK=3 dL=3 dR=3 To=9 (rule To > dK+dL+dR = 9: listing FIRE) K=5 R=1 R1=1 UD=0 errs=true | TFSTATS execs=218875 blocked=219765 timeline_impossible=0 pruned=44300 | timed: execs=218875 blocked=219765 impossible=0 explored=438640 time=299.147s p1_fails=880 delivered=2282153 duplicates=978611 timeouts=1884477 ackerr=546259 msgerr=599437 confused=50438 gave_up=326823 | VIOLATION: P1 (assert(mr == me)) failed in some explored execution,299.1,299.1,2,1,none,214.0,32.0,2026-09-30 22:16:21,2026-09-30 22:21:21,196,/local/sramezani/v8logs/par-029.log,--mode timed --dk 3 --dl 3 --dr 3 --to 9 --messages 5 --retries 1 --keep-going
stp-040,stp,spanning_tree_timed,"lost-hellos R=10 MA=3 Fd=17 (FIRE edge, bound 20)",baseline,boundary,2,"exit 0, violations=250959",finished,0,423185,663481,0,0,250959,"1000000 explored (423185 execs, 576815 blocked)",TFSTATS execs=423185 blocked=663481 timeline_impossible=0 pruned=0 | baseline  scenario=lost-hellos R=10 K=0  L=0 U=1 sd=0 H=2 MA=3 Fd=17  execs=423185 blocked=663481 lost=0 refreshed=1264633 aged_out=1968300 reverted=1264633 loop_reopened=250959 violations=250959 time=67.538101249s,67.5,67.5,2,1,none,90.0,32.0,2026-09-30 22:20:14,2026-09-30 22:21:23,241,/local/sramezani/v8logs/stp-040.log,--mode baseline --scenario lost-hellos --keep-going --rounds 10 --forward-delay-ratio 17
nrp-061,nrp,nrp_failure_detector_timed,separation hb-off tA=31 sep=-20 R=4,timed,boundary,2,FIRE exit 101 certified (measured 17 s),finished (assertion failed: FIRE),101,,,,,,,thread 'main' (2482240) panicked at traceforge/src/must.rs:1728:13:,35.5,35.5,2,1,none,40.0,32.0,2026-09-30 22:20:57,2026-09-30 22:21:34,229,/local/sramezani/v8logs/nrp-061.log,--mode timed --variant nrp --fault switch --rounds 4 --fail-a-ratio 31 --sep-ratio -20
stp-044,stp,spanning_tree_timed,link-up R=10 sd=1 Fd=37 (hold edge),baseline,boundary,2,"exit 0, violations=118096",finished,0,88572,510112,0,0,118096,"500000 explored (88572 execs, 411428 blocked)",TFSTATS execs=88572 blocked=510112 timeline_impossible=0 pruned=0 | baseline  scenario=link-up R=10 K=0  L=0 U=1 sd=1 H=2 P=2 MA=6 Bd=12 Fd=37  execs=88572 blocked=510112 lost=0 news_heard=177144 settled_backup=59048 loop_before_news=59048 loop_in_pre_backup=59048 violations=118096 time=41.767427986s,41.8,41.7,2,1,none,60.0,32.0,2026-09-30 22:21:23,2026-09-30 22:22:05,241,/local/sramezani/v8logs/stp-044.log,--mode baseline --scenario link-up --keep-going --rounds 10 --sd-ratio 1 --forward-delay-ratio 37
nrp-034,nrp,nrp_failure_detector_timed,MARS Table 1 case 7 noopt R=4,baseline,ladder,2,FIRE exit 101 spurious (measured 17.4 s),finished (assertion failed: FIRE),101,,,,,,"100000 explored (3507 execs, 96493 blocked)",thread 'main' (2482531) panicked at traceforge/src/lib.rs:2423:21:,30.1,30.1,2,1,none,25.0,32.0,2026-09-30 22:21:34,2026-09-30 22:22:05,229,/local/sramezani/v8logs/nrp-034.log,--mode baseline --variant noopt --fault switch --rounds 4
stp-052,stp,spanning_tree_timed,link-up R=10 Fd=34 no keep-going (certified witness),baseline,boundary,2,exit 101 in 0.02 s (first spurious violation),finished (assertion failed: FIRE),101,,,,,,,thread 'main' (2482541) panicked at traceforge/src/lib.rs:2423:21:,0.0,0.0,2,1,none,1.0,32.0,2026-09-30 22:22:05,2026-09-30 22:22:06,241,/local/sramezani/v8logs/stp-052.log,--mode baseline --scenario link-up --rounds 10 --forward-delay-ratio 34
stp-054,stp,spanning_tree_timed,lost-hellos R=10 MA=3 Fd=17 no keep-going (certified witness),baseline,boundary,2,exit 101 in 0.02 s,finished (assertion failed: FIRE),101,,,,,,,thread 'main' (2482546) panicked at traceforge/src/lib.rs:2423:21:,0.0,0.0,2,1,none,1.0,32.0,2026-09-30 22:22:06,2026-09-30 22:22:07,241,/local/sramezani/v8logs/stp-054.log,--mode baseline --scenario lost-hellos --rounds 10 --forward-delay-ratio 17
stp-048,stp,spanning_tree_timed,lost-hellos R=10 sd=1 MA=3 Fd=19 (hold edge),baseline,boundary,2,"exit 0, violations=250959",finished,0,423185,663481,0,0,250959,"1000000 explored (423185 execs, 576815 blocked)",TFSTATS execs=423185 blocked=663481 timeline_impossible=0 pruned=0 | baseline  scenario=lost-hellos R=10 K=0  L=0 U=1 sd=1 H=2 MA=3 Fd=19  execs=423185 blocked=663481 lost=0 refreshed=1264633 aged_out=1968300 reverted=1264633 loop_reopened=250959 violations=250959 time=71.810388664s,71.8,71.8,2,1,none,90.0,32.0,2026-09-30 22:20:56,2026-09-30 22:22:09,242,/local/sramezani/v8logs/stp-048.log,--mode baseline --scenario lost-hellos --keep-going --rounds 10 --sd-ratio 1 --forward-delay-ratio 19
nrp-063,nrp,nrp_failure_detector_timed,case7 boundary U=1 L=1 phase 10 R=4,timed,boundary,2,"FIRE exit 101 certified (measured 1.7 s no-kg; kg: violations=2, 281 s)",finished (assertion failed: FIRE),101,,,,,,,thread 'main' (2482537) panicked at traceforge/src/must.rs:1728:13:,3.4,3.4,2,1,none,10.0,32.0,2026-09-30 22:22:05,2026-09-30 22:22:09,229,/local/sramezani/v8logs/nrp-063.log,--mode timed --variant nrp --fault switch --rounds 4 --phase-ratio 10
stp-038,stp,spanning_tree_timed,"link-up R=10 Fd=34 (FIRE edge, bound 34)",baseline,boundary,2,"exit 0, violations=118096",finished,0,88572,510112,0,0,118096,"500000 explored (88572 execs, 411428 blocked)",TFSTATS execs=88572 blocked=510112 timeline_impossible=0 pruned=0 | baseline  scenario=link-up R=10 K=0  L=0 U=1 sd=0 H=2 P=2 MA=6 Bd=12 Fd=34  execs=88572 blocked=510112 lost=0 news_heard=177144 settled_backup=59048 loop_before_news=59048 loop_in_pre_backup=59048 violations=118096 time=58.251095112s,58.2,57.0,2,1,none,60.0,32.0,2026-09-30 22:21:11,2026-09-30 22:22:10,189,/local/sramezani/v8logs/stp-038.log,--mode baseline --scenario link-up --keep-going --rounds 10 --forward-delay-ratio 34
nrp-065,nrp,nrp_failure_detector_timed,case7 boundary U=1 L=1 phase 14 R=4,timed,boundary,2,"FIRE exit 101 certified (measured 2.0 s no-kg, reproduced by rev_nrp_C; kg: violations=2, 387 s)",finished (assertion failed: FIRE),101,,,,,,,thread 'main' (2482561) panicked at traceforge/src/must.rs:1728:13:,4.1,4.1,2,1,none,10.0,32.0,2026-09-30 22:22:09,2026-09-30 22:22:14,229,/local/sramezani/v8logs/nrp-065.log,--mode timed --variant nrp --fault switch --rounds 4 --phase-ratio 14
stp-042,stp,spanning_tree_timed,"link-up R=10 sd=1 Fd=36 (FIRE edge, bound 36)",baseline,boundary,2,"exit 0, violations=118096",finished,0,88572,510112,0,0,118096,"500000 explored (88572 execs, 411428 blocked)",TFSTATS execs=88572 blocked=510112 timeline_impossible=0 pruned=0 | baseline  scenario=link-up R=10 K=0  L=0 U=1 sd=1 H=2 P=2 MA=6 Bd=12 Fd=36  execs=88572 blocked=510112 lost=0 news_heard=177144 settled_backup=59048 loop_before_news=59048 loop_in_pre_backup=59048 violations=118096 time=55.450422419s,55.5,54.7,2,1,none,60.0,32.0,2026-09-30 22:21:21,2026-09-30 22:22:17,196,/local/sramezani/v8logs/stp-042.log,--mode baseline --scenario link-up --keep-going --rounds 10 --sd-ratio 1 --forward-delay-ratio 36
nrp-067,nrp,nrp_failure_detector_timed,case7 boundary U=2 L=1 phase 10 R=4,timed,boundary,2,"FIRE exit 101 certified (measured 1.7 s no-kg; kg: violations=2, 237 s)",finished (assertion failed: FIRE),101,,,,,,,thread 'main' (2482756) panicked at traceforge/src/must.rs:1728:13:,3.4,3.4,2,1,none,10.0,32.0,2026-09-30 22:22:14,2026-09-30 22:22:18,229,/local/sramezani/v8logs/nrp-067.log,--mode timed --variant nrp --fault switch --rounds 4 --u 2 --l-ratio 0.5 --phase-ratio 10
stp-046,stp,spanning_tree_timed,"lost-hellos R=10 sd=1 MA=3 Fd=18 (FIRE edge, bound 21 = (R-1)H+2U+sd)",baseline,boundary,2,"exit 0, violations=250959",finished,0,423185,663481,0,0,250959,"1000000 explored (423185 execs, 576815 blocked)",TFSTATS execs=423185 blocked=663481 timeline_impossible=0 pruned=0 | baseline  scenario=lost-hellos R=10 K=0  L=0 U=1 sd=1 H=2 MA=3 Fd=18  execs=423185 blocked=663481 lost=0 refreshed=1264633 aged_out=1968300 reverted=1264633 loop_reopened=250959 violations=250959 time=85.366750035s,85.4,84.3,2,1,none,90.0,32.0,2026-09-30 22:20:55,2026-09-30 22:22:21,198,/local/sramezani/v8logs/stp-046.log,--mode baseline --scenario lost-hellos --keep-going --rounds 10 --sd-ratio 1 --forward-delay-ratio 18
nrp-069,nrp,nrp_failure_detector_timed,case7 boundary U=2 L=1 phase 12 R=4,timed,boundary,2,"FIRE exit 101 certified (measured 2.0 s no-kg; kg: violations=2, 383 s)",finished (assertion failed: FIRE),101,,,,,,,thread 'main' (2482767) panicked at traceforge/src/must.rs:1728:13:,4.0,4.0,2,1,none,10.0,32.0,2026-09-30 22:22:18,2026-09-30 22:22:22,229,/local/sramezani/v8logs/nrp-069.log,--mode timed --variant nrp --fault switch --rounds 4 --u 2 --l-ratio 0.5 --phase-ratio 12
par-023,par,par_timed,"boundary K=5 (3,3,1) To=8 first safe",timed,boundary,2,"hold, execs=15621 blocked=15631",finished,0,15621,15631,0,8591,,,par (Bosnacki-Dams): dK=3 dL=3 dR=1 To=8 (rule To > dK+dL+dR = 7: listing HOLD) K=5 R=1 R1=1 UD=0 errs=true | TFSTATS execs=15621 blocked=15631 timeline_impossible=0 pruned=8591 | timed: execs=15621 blocked=15631 impossible=0 explored=31252 time=15.671s p1_fails=0 delivered=184575 duplicates=72268 timeouts=138350 ackerr=45506 msgerr=45506 confused=0 gave_up=26406,15.7,15.7,2,1,none,16.0,32.0,2026-09-30 22:22:07,2026-09-30 22:22:23,241,/local/sramezani/v8logs/par-023.log,--mode timed --dk 3 --dl 3 --dr 1 --to 8 --messages 5 --retries 1 --keep-going
nrp-073,nrp,nrp_failure_detector_timed,separation hb-on tA=1 sep=10 R=4,timed,boundary,2,FIRE exit 101 certified (measured 0.4 s),finished (assertion failed: FIRE),101,,,,,,,thread 'main' (2482777) panicked at traceforge/src/must.rs:1728:13:,0.8,0.8,2,1,none,10.0,32.0,2026-09-30 22:22:22,2026-09-30 22:22:23,229,/local/sramezani/v8logs/nrp-073.log,--mode timed --variant nrp --fault switch --rounds 4 --hb-on-nrp-change on --fail-a-ratio 1 --sep-ratio 10
nrp-014,nrp,nrp_failure_detector_timed,lease-not-enough boundary (header cell M=2 cut 50 R=5) phase 1,baseline,boundary,2,FIRE exit 101 spurious (measured 0.35 s),finished (assertion failed: FIRE),101,,,,,,,thread 'main' (2482783) panicked at traceforge/src/lib.rs:2423:21:,0.6,0.6,2,1,none,2.0,32.0,2026-09-30 22:22:23,2026-09-30 22:22:24,229,/local/sramezani/v8logs/nrp-014.log,--mode baseline --variant leasing --fault link --attack-from-ratio 0 --fail-a-ratio 50 --rounds 5 --phase-ratio 1
nrp-016,nrp,nrp_failure_detector_timed,lease-not-enough boundary (header cell M=2 cut 50 R=5) phase -3,baseline,boundary,2,FIRE exit 101 spurious (measured 0.3 s),finished (assertion failed: FIRE),101,,,,,,,thread 'main' (2482787) panicked at traceforge/src/lib.rs:2423:21:,0.6,0.6,2,1,none,2.0,32.0,2026-09-30 22:22:23,2026-09-30 22:22:24,241,/local/sramezani/v8logs/nrp-016.log,--mode baseline --variant leasing --fault link --attack-from-ratio 0 --fail-a-ratio 50 --rounds 5 --phase-ratio -3
nrp-071,nrp,nrp_failure_detector_timed,case7 boundary U=1 L=0 phase 11 R=4 (edge moves with L),timed,boundary,2,"FIRE exit 101 certified (measured 2.0 s no-kg; kg: violations=4 of 44 completed, 488 s)",finished (assertion failed: FIRE),101,,,,,,,thread 'main' (2482772) panicked at traceforge/src/must.rs:1728:13:,4.0,4.0,2,1,none,10.0,32.0,2026-09-30 22:22:21,2026-09-30 22:22:25,198,/local/sramezani/v8logs/nrp-071.log,--mode timed --variant nrp --fault switch --rounds 4 --l-ratio 0 --phase-ratio 11
nrp-018,nrp,nrp_failure_detector_timed,lease-not-enough boundary (translated M=1 cut 30 R=4) phase 1,baseline,boundary,2,FIRE exit 101 spurious (measured 0.34 s),finished (assertion failed: FIRE),101,,,,,,,thread 'main' (2482809) panicked at traceforge/src/lib.rs:2423:21:,0.6,0.6,2,1,none,2.0,32.0,2026-09-30 22:22:24,2026-09-30 22:22:25,229,/local/sramezani/v8logs/nrp-018.log,--mode baseline --variant leasing --fault link --attack-from-ratio 0 --max-missed 1 --fail-a-ratio 30 --rounds 4 --phase-ratio 1
nrp-020,nrp,nrp_failure_detector_timed,lease-not-enough boundary (translated M=1 cut 30 R=4) phase -3,baseline,boundary,2,FIRE exit 101 spurious (measured 0.29 s),finished (assertion failed: FIRE),101,,,,,,,thread 'main' (2482813) panicked at traceforge/src/lib.rs:2423:21:,0.6,0.6,2,1,none,2.0,32.0,2026-09-30 22:22:24,2026-09-30 22:22:25,241,/local/sramezani/v8logs/nrp-020.log,--mode baseline --variant leasing --fault link --attack-from-ratio 0 --max-missed 1 --fail-a-ratio 30 --rounds 4 --phase-ratio -3
nrp-022,nrp,nrp_failure_detector_timed,selftest R=10 no-kg,baseline,ladder,2,FIRE exit 101 spurious (measured 0.04 s),finished (assertion failed: FIRE),101,,,,,,,thread 'main' (2482823) panicked at traceforge/src/lib.rs:2423:21:,0.0,0.0,2,1,none,2.0,32.0,2026-09-30 22:22:25,2026-09-30 22:22:26,229,/local/sramezani/v8logs/nrp-022.log,--mode baseline --variant nrp --fault none --rounds 10
nrp-024,nrp,nrp_failure_detector_timed,case7 phase 11 R=8 no-kg,baseline,ladder,2,FIRE exit 101 spurious (measured 0.02 s),finished (assertion failed: FIRE),101,,,,,,,thread 'main' (2482828) panicked at traceforge/src/lib.rs:2423:21:,0.0,0.0,2,1,none,2.0,32.0,2026-09-30 22:22:25,2026-09-30 22:22:26,198,/local/sramezani/v8logs/nrp-024.log,--mode baseline --variant nrp --fault switch --rounds 8 --phase-ratio 11
nrp-028,nrp,nrp_failure_detector_timed,lease-not-enough boundary (header cell M=2 cut 50 R=5) phase 0,baseline,boundary,2,"FIRE exit 101 (untimed, measured 0.3 s)",finished (assertion failed: FIRE),101,,,,,,,thread 'main' (2482832) panicked at traceforge/src/lib.rs:2423:21:,0.6,0.6,2,1,none,2.0,32.0,2026-09-30 22:22:25,2026-09-30 22:22:26,241,/local/sramezani/v8logs/nrp-028.log,--mode baseline --variant leasing --fault link --attack-from-ratio 0 --fail-a-ratio 50 --rounds 5 --phase-ratio 0
nrp-030,nrp,nrp_failure_detector_timed,lease-not-enough boundary (header cell M=2 cut 50 R=5) phase -2,baseline,boundary,2,"FIRE exit 101 (untimed, instant)",finished (assertion failed: FIRE),101,,,,,,,thread 'main' (2482838) panicked at traceforge/src/lib.rs:2423:21:,0.6,0.6,2,1,none,2.0,32.0,2026-09-30 22:22:26,2026-09-30 22:22:27,229,/local/sramezani/v8logs/nrp-030.log,--mode baseline --variant leasing --fault link --attack-from-ratio 0 --fail-a-ratio 50 --rounds 5 --phase-ratio -2
nrp-032,nrp,nrp_failure_detector_timed,lease-not-enough boundary (translated M=1 cut 30 R=4) phase -2,baseline,boundary,2,"FIRE exit 101 (untimed, instant)",finished (assertion failed: FIRE),101,,,,,,,thread 'main' (2482843) panicked at traceforge/src/lib.rs:2423:21:,0.6,0.6,2,1,none,2.0,32.0,2026-09-30 22:22:26,2026-09-30 22:22:27,198,/local/sramezani/v8logs/nrp-032.log,--mode baseline --variant leasing --fault link --attack-from-ratio 0 --max-missed 1 --fail-a-ratio 30 --rounds 4 --phase-ratio -2
nrp-036,nrp,nrp_failure_detector_timed,selftest R=8 no-kg,baseline,ladder,2,FIRE exit 101 spurious (measured 0.03 s in rev_nrp_D),finished (assertion failed: FIRE),101,,,,,,,thread 'main' (2482847) panicked at traceforge/src/lib.rs:2423:21:,0.0,0.0,2,1,none,2.0,32.0,2026-09-30 22:22:26,2026-09-30 22:22:27,241,/local/sramezani/v8logs/nrp-036.log,--mode baseline --variant nrp --fault none --rounds 8
par-027,par,par_timed,"boundary K=5 (30,30,10) To=71 first safe",timed,boundary,2,"hold, execs=15621 blocked=15631",finished,0,15621,15631,0,8591,,,par (Bosnacki-Dams): dK=30 dL=30 dR=10 To=71 (rule To > dK+dL+dR = 70: listing HOLD) K=5 R=1 R1=1 UD=0 errs=true | TFSTATS execs=15621 blocked=15631 timeline_impossible=0 pruned=8591 | timed: execs=15621 blocked=15631 impossible=0 explored=31252 time=18.446s p1_fails=0 delivered=184575 duplicates=72268 timeouts=138216 ackerr=45506 msgerr=45506 confused=0 gave_up=26321,18.4,18.4,2,1,none,16.0,32.0,2026-09-30 22:22:09,2026-09-30 22:22:28,242,/local/sramezani/v8logs/par-027.log,--mode timed --dk 30 --dl 30 --dr 10 --to 71 --messages 5 --retries 1 --keep-going
nrp-038,nrp,nrp_failure_detector_timed,case7 phase 11 R=6 no-kg,baseline,ladder,2,FIRE exit 101 spurious (instant),finished (assertion failed: FIRE),101,,,,,,,thread 'main' (2482855) panicked at traceforge/src/lib.rs:2423:21:,0.0,0.0,2,1,none,2.0,32.0,2026-09-30 22:22:27,2026-09-30 22:22:28,229,/local/sramezani/v8logs/nrp-038.log,--mode baseline --variant nrp --fault switch --rounds 6 --phase-ratio 11
nrp-040,nrp,nrp_failure_detector_timed,lease-not-enough boundary (translated M=1 cut 30 R=4) phase -1,baseline,boundary,2,"FIRE exit 101 (untimed, instant)",finished (assertion failed: FIRE),101,,,,,,,thread 'main' (2482860) panicked at traceforge/src/lib.rs:2423:21:,0.6,0.6,2,1,none,2.0,32.0,2026-09-30 22:22:27,2026-09-30 22:22:28,198,/local/sramezani/v8logs/nrp-040.log,--mode baseline --variant leasing --fault link --attack-from-ratio 0 --max-missed 1 --fail-a-ratio 30 --rounds 4 --phase-ratio -1
nrp-042,nrp,nrp_failure_detector_timed,lease-not-enough boundary (translated M=1 cut 30 R=4) phase 0,baseline,boundary,2,"FIRE exit 101 (untimed, instant)",finished (assertion failed: FIRE),101,,,,,,,thread 'main' (2482864) panicked at traceforge/src/lib.rs:2423:21:,0.5,0.5,2,1,none,2.0,32.0,2026-09-30 22:22:27,2026-09-30 22:22:28,241,/local/sramezani/v8logs/nrp-042.log,--mode baseline --variant leasing --fault link --attack-from-ratio 0 --max-missed 1 --fail-a-ratio 30 --rounds 4 --phase-ratio 0
stp-050,stp,spanning_tree_timed,"lost-hellos L=U=1 R=10 MA=3 Fd=15 (FIRE edge, bound 18)",baseline,boundary,2,"exit 0, violations=250959",finished,0,423185,663481,0,0,250959,"1000000 explored (423185 execs, 576815 blocked)",TFSTATS execs=423185 blocked=663481 timeline_impossible=0 pruned=0 | baseline  scenario=lost-hellos R=10 K=0  L=1 U=1 sd=0 H=2 MA=3 Fd=15  execs=423185 blocked=663481 lost=0 refreshed=1264633 aged_out=1968300 reverted=1264633 loop_reopened=250959 violations=250959 time=87.33156792s,87.3,86.2,2,1,none,90.0,32.0,2026-09-30 22:21:01,2026-09-30 22:22:29,199,/local/sramezani/v8logs/stp-050.log,--mode baseline --scenario lost-hellos --keep-going --rounds 10 --l-ratio 1 --forward-delay-ratio 15
nrp-044,nrp,nrp_failure_detector_timed,case7 phase 11 R=5 no-kg,baseline,ladder,2,FIRE exit 101 spurious (instant),finished (assertion failed: FIRE),101,,,,,,,thread 'main' (2482878) panicked at traceforge/src/lib.rs:2423:21:,0.0,0.0,2,1,none,2.0,32.0,2026-09-30 22:22:28,2026-09-30 22:22:29,229,/local/sramezani/v8logs/nrp-044.log,--mode baseline --variant nrp --fault switch --rounds 5 --phase-ratio 11
nrp-047,nrp,nrp_failure_detector_timed,separation hb-off tA=11 sep=41 R=5,baseline,boundary,2,FIRE exit 101 spurious (measured 0.02 s),finished (assertion failed: FIRE),101,,,,,,,thread 'main' (2482884) panicked at traceforge/src/lib.rs:2423:21:,0.0,0.0,2,1,none,2.0,32.0,2026-09-30 22:22:29,2026-09-30 22:22:30,229,/local/sramezani/v8logs/nrp-047.log,--mode baseline --variant nrp --fault switch --rounds 5 --fail-a-ratio 11 --sep-ratio 41
nrp-049,nrp,nrp_failure_detector_timed,case7 boundary U=1 L=1 phase 13 R=4,baseline,boundary,2,"FIRE exit 101 spurious (untimed, instant)",finished (assertion failed: FIRE),101,,,,,,,thread 'main' (2482888) panicked at traceforge/src/lib.rs:2423:21:,0.0,0.0,2,1,none,2.0,32.0,2026-09-30 22:22:29,2026-09-30 22:22:30,199,/local/sramezani/v8logs/nrp-049.log,--mode baseline --variant nrp --fault switch --rounds 4 --phase-ratio 13
nrp-052,nrp,nrp_failure_detector_timed,separation hb-on tA=1 sep=11 R=4,baseline,boundary,2,FIRE exit 101 spurious (instant),finished (assertion failed: FIRE),101,,,,,,,thread 'main' (2482894) panicked at traceforge/src/lib.rs:2423:21:,0.0,0.0,2,1,none,2.0,32.0,2026-09-30 22:22:30,2026-09-30 22:22:31,229,/local/sramezani/v8logs/nrp-052.log,--mode baseline --variant nrp --fault switch --rounds 4 --hb-on-nrp-change on --fail-a-ratio 1 --sep-ratio 11
nrp-054,nrp,nrp_failure_detector_timed,case7 boundary U=2 L=1 phase 10.5 R=4,baseline,boundary,2,"FIRE exit 101 spurious (untimed, instant)",finished (assertion failed: FIRE),101,,,,,,,thread 'main' (2482898) panicked at traceforge/src/lib.rs:2423:21:,0.0,0.0,2,1,none,2.0,32.0,2026-09-30 22:22:30,2026-09-30 22:22:31,199,/local/sramezani/v8logs/nrp-054.log,--mode baseline --variant nrp --fault switch --rounds 4 --u 2 --l-ratio 0.5 --phase-ratio 10.5
nrp-056,nrp,nrp_failure_detector_timed,case7 boundary U=2 L=1 phase 11.5 R=4,baseline,boundary,2,FIRE exit 101 spurious (measured 0.02 s),finished (assertion failed: FIRE),101,,,,,,,thread 'main' (2482904) panicked at traceforge/src/lib.rs:2423:21:,0.0,0.0,2,1,none,2.0,32.0,2026-09-30 22:22:31,2026-09-30 22:22:32,229,/local/sramezani/v8logs/nrp-056.log,--mode baseline --variant nrp --fault switch --rounds 4 --u 2 --l-ratio 0.5 --phase-ratio 11.5
nrp-058,nrp,nrp_failure_detector_timed,separation hb-off tA=31 sep=-21 R=4,baseline,boundary,2,FIRE exit 101 spurious (instant),finished (assertion failed: FIRE),101,,,,,,,thread 'main' (2482908) panicked at traceforge/src/lib.rs:2423:21:,0.0,0.0,2,1,none,2.0,32.0,2026-09-30 22:22:31,2026-09-30 22:22:32,199,/local/sramezani/v8logs/nrp-058.log,--mode baseline --variant nrp --fault switch --rounds 4 --fail-a-ratio 31 --sep-ratio -21
par-031,par,par_timed,"boundary K=5 (3,3,3) To=10 first safe",timed,boundary,2,"hold, execs=15621 blocked=15631",finished,0,15621,15631,0,8591,,,par (Bosnacki-Dams): dK=3 dL=3 dR=3 To=10 (rule To > dK+dL+dR = 9: listing HOLD) K=5 R=1 R1=1 UD=0 errs=true | TFSTATS execs=15621 blocked=15631 timeline_impossible=0 pruned=8591 | timed: execs=15621 blocked=15631 impossible=0 explored=31252 time=22.813s p1_fails=0 delivered=184575 duplicates=72268 timeouts=138292 ackerr=45506 msgerr=45506 confused=0 gave_up=26374,22.8,22.8,2,1,none,16.0,32.0,2026-09-30 22:22:10,2026-09-30 22:22:33,189,/local/sramezani/v8logs/par-031.log,--mode timed --dk 3 --dl 3 --dr 3 --to 10 --messages 5 --retries 1 --keep-going
nrp-060,nrp,nrp_failure_detector_timed,separation hb-off tA=11 sep=40 R=5,baseline,boundary,2,FIRE exit 101 (instant),finished (assertion failed: FIRE),101,,,,,,,thread 'main' (2482914) panicked at traceforge/src/lib.rs:2423:21:,0.0,0.0,2,1,none,2.0,32.0,2026-09-30 22:22:32,2026-09-30 22:22:33,229,/local/sramezani/v8logs/nrp-060.log,--mode baseline --variant nrp --fault switch --rounds 5 --fail-a-ratio 11 --sep-ratio 40
nrp-062,nrp,nrp_failure_detector_timed,separation hb-off tA=31 sep=-20 R=4,baseline,boundary,2,FIRE exit 101 (instant),finished (assertion failed: FIRE),101,,,,,,,thread 'main' (2482918) panicked at traceforge/src/lib.rs:2423:21:,0.0,0.0,2,1,none,2.0,32.0,2026-09-30 22:22:32,2026-09-30 22:22:33,199,/local/sramezani/v8logs/nrp-062.log,--mode baseline --variant nrp --fault switch --rounds 4 --fail-a-ratio 31 --sep-ratio -20
nrp-064,nrp,nrp_failure_detector_timed,case7 boundary U=1 L=1 phase 10 R=4,baseline,boundary,2,"FIRE exit 101 (untimed, instant)",finished (assertion failed: FIRE),101,,,,,,,thread 'main' (2482924) panicked at traceforge/src/lib.rs:2423:21:,0.0,0.0,2,1,none,2.0,32.0,2026-09-30 22:22:33,2026-09-30 22:22:34,229,/local/sramezani/v8logs/nrp-064.log,--mode baseline --variant nrp --fault switch --rounds 4 --phase-ratio 10
nrp-066,nrp,nrp_failure_detector_timed,case7 boundary U=1 L=1 phase 14 R=4,baseline,boundary,2,"FIRE exit 101 (untimed, instant)",finished (assertion failed: FIRE),101,,,,,,,thread 'main' (2482929) panicked at traceforge/src/lib.rs:2423:21:,0.0,0.0,2,1,none,2.0,32.0,2026-09-30 22:22:33,2026-09-30 22:22:34,189,/local/sramezani/v8logs/nrp-066.log,--mode baseline --variant nrp --fault switch --rounds 4 --phase-ratio 14
nrp-068,nrp,nrp_failure_detector_timed,case7 boundary U=2 L=1 phase 10 R=4,baseline,boundary,2,"FIRE exit 101 (untimed, instant)",finished (assertion failed: FIRE),101,,,,,,,thread 'main' (2482933) panicked at traceforge/src/lib.rs:2423:21:,0.0,0.0,2,1,none,2.0,32.0,2026-09-30 22:22:33,2026-09-30 22:22:34,199,/local/sramezani/v8logs/nrp-068.log,--mode baseline --variant nrp --fault switch --rounds 4 --u 2 --l-ratio 0.5 --phase-ratio 10
nrp-070,nrp,nrp_failure_detector_timed,case7 boundary U=2 L=1 phase 12 R=4,baseline,boundary,2,"FIRE exit 101 (untimed, instant)",finished (assertion failed: FIRE),101,,,,,,,thread 'main' (2482939) panicked at traceforge/src/lib.rs:2423:21:,0.0,0.0,2,1,none,2.0,32.0,2026-09-30 22:22:34,2026-09-30 22:22:35,229,/local/sramezani/v8logs/nrp-070.log,--mode baseline --variant nrp --fault switch --rounds 4 --u 2 --l-ratio 0.5 --phase-ratio 12
nrp-072,nrp,nrp_failure_detector_timed,case7 boundary U=1 L=0 phase 11 R=4 (edge moves with L),baseline,boundary,2,"FIRE exit 101 (untimed, instant)",finished (assertion failed: FIRE),101,,,,,,,thread 'main' (2482944) panicked at traceforge/src/lib.rs:2423:21:,0.0,0.0,2,1,none,2.0,32.0,2026-09-30 22:22:34,2026-09-30 22:22:35,189,/local/sramezani/v8logs/nrp-072.log,--mode baseline --variant nrp --fault switch --rounds 4 --l-ratio 0 --phase-ratio 11
nrp-074,nrp,nrp_failure_detector_timed,separation hb-on tA=1 sep=10 R=4,baseline,boundary,2,FIRE exit 101 (instant),finished (assertion failed: FIRE),101,,,,,,,thread 'main' (2482948) panicked at traceforge/src/lib.rs:2423:21:,0.0,0.0,2,1,none,2.0,32.0,2026-09-30 22:22:34,2026-09-30 22:22:35,199,/local/sramezani/v8logs/nrp-074.log,--mode baseline --variant nrp --fault switch --rounds 4 --hb-on-nrp-change on --fail-a-ratio 1 --sep-ratio 10
par-035,par,par_timed,"boundary K=5 (2,5,1) To=9 first safe",timed,boundary,2,"hold, execs=15621 blocked=15631",finished,0,15621,15631,0,8591,,,par (Bosnacki-Dams): dK=2 dL=5 dR=1 To=9 (rule To > dK+dL+dR = 8: listing HOLD) K=5 R=1 R1=1 UD=0 errs=true | TFSTATS execs=15621 blocked=15631 timeline_impossible=0 pruned=8591 | timed: execs=15621 blocked=15631 impossible=0 explored=31252 time=19.599s p1_fails=0 delivered=184575 duplicates=72268 timeouts=138340 ackerr=45506 msgerr=45506 confused=0 gave_up=26391,19.6,19.6,2,1,none,16.0,32.0,2026-09-30 22:22:17,2026-09-30 22:22:37,196,/local/sramezani/v8logs/par-035.log,--mode timed --dk 2 --dl 5 --dr 1 --to 9 --messages 5 --retries 1 --keep-going
par-032,par,par_timed,"boundary K=5 (3,3,3) To=10 first safe",baseline,boundary,2,spurious p1_fails=13364,finished,0,730641,744015,0,0,,"1400000 explored (693523 execs, 706477 blocked)",par (Bosnacki-Dams): dK=3 dL=3 dR=3 To=10 (rule To > dK+dL+dR = 9: listing HOLD) K=5 R=1 R1=1 UD=0 errs=true | TFSTATS execs=730641 blocked=744015 timeline_impossible=0 pruned=0 | baseline: execs=730641 blocked=744015 impossible=0 explored=1474656 time=135.223s p1_fails=13364 delivered=6718892 duplicates=3590472 timeouts=6279966 ackerr=1487984 msgerr=1821762 confused=1846768 gave_up=1087086 | VIOLATION: P1 (assert(mr == me)) failed in some explored execution,135.2,135.2,2,1,none,125.0,32.0,2026-09-30 22:20:39,2026-09-30 22:22:55,202,/local/sramezani/v8logs/par-032.log,--mode baseline --dk 3 --dl 3 --dr 3 --to 10 --messages 5 --retries 1 --keep-going
par-034,par,par_timed,"boundary K=5 (2,5,1) To=8 tie",baseline,boundary,2,violations p1_fails=13364 (baseline is To-independent; REVIEW verified on 4c),finished,0,730641,744015,0,0,,"1400000 explored (693469 execs, 706531 blocked)",par (Bosnacki-Dams): dK=2 dL=5 dR=1 To=8 (rule To > dK+dL+dR = 8: listing FIRE) K=5 R=1 R1=1 UD=0 errs=true | TFSTATS execs=730641 blocked=744015 timeline_impossible=0 pruned=0 | baseline: execs=730641 blocked=744015 impossible=0 explored=1474656 time=128.893s p1_fails=13364 delivered=6718892 duplicates=3590472 timeouts=6279966 ackerr=1487984 msgerr=1821762 confused=1846768 gave_up=1087086 | VIOLATION: P1 (assert(mr == me)) failed in some explored execution,128.9,128.8,2,1,none,125.0,32.0,2026-09-30 22:20:47,2026-09-30 22:22:56,254,/local/sramezani/v8logs/par-034.log,--mode baseline --dk 2 --dl 5 --dr 1 --to 8 --messages 5 --retries 1 --keep-going
par-036,par,par_timed,"boundary K=5 (2,5,1) To=9 first safe",baseline,boundary,2,spurious p1_fails=13364,finished,0,730641,744015,0,0,,"1400000 explored (693522 execs, 706478 blocked)",par (Bosnacki-Dams): dK=2 dL=5 dR=1 To=9 (rule To > dK+dL+dR = 8: listing HOLD) K=5 R=1 R1=1 UD=0 errs=true | TFSTATS execs=730641 blocked=744015 timeline_impossible=0 pruned=0 | baseline: execs=730641 blocked=744015 impossible=0 explored=1474656 time=139.623s p1_fails=13364 delivered=6718892 duplicates=3590472 timeouts=6279966 ackerr=1487984 msgerr=1821762 confused=1846768 gave_up=1087086 | VIOLATION: P1 (assert(mr == me)) failed in some explored execution,139.6,139.6,2,1,none,125.0,32.0,2026-09-30 22:20:50,2026-09-30 22:23:10,255,/local/sramezani/v8logs/par-036.log,--mode baseline --dk 2 --dl 5 --dr 1 --to 9 --messages 5 --retries 1 --keep-going
stp-015,stp,spanning_tree_timed,"lost-hellos R=13 MA=3 Fd=24 (tight hold, bound MA+Fd<=26)",timed,ladder,2,"hold exit 0, violations=0, execs ~6.0M, reverted>0",finished,0,5905542,17260220,0,0,0,"23100000 explored (5905542 execs, 17194458 blocked)",TFSTATS execs=5905542 blocked=17260220 timeline_impossible=0 pruned=0 | timed     scenario=lost-hellos R=13 K=0  L=0 U=1 sd=0 H=2 MA=3 Fd=24  execs=5905542 blocked=17260220 lost=0 refreshed=23922366 aged_out=34133225 reverted=23042701 loop_reopened=0 violations=0 time=20755.164857508s,20755.2,20754.9,7,1,none,19500.0,32.0,2026-09-30 16:55:37,2026-09-30 22:41:33,206,/local/sramezani/v8logs/stp-015.log,--mode timed --scenario lost-hellos --keep-going --rounds 13 --forward-delay-ratio 24
nrp-021,nrp,nrp_failure_detector_timed,selftest R=10 no-kg,timed,ladder,2,"hold violations=0 (pred 22k-25k s, x3.0-3.1/round)",finished,0,1,11947026,0,104504,0,"11900000 explored (1 execs, 11899999 blocked)","TFSTATS execs=1 blocked=11947026 timeline_impossible=0 pruned=104504 | timed    variant=nrp fault=none promote=takeover tA=- tB=- attack=[-,-) hb_on_change=off R=10 max=2 L=1 U=1 sd=0 H=20 P=10 phase=0  execs=1 blocked=11947026 completed=1 dual=0 stepdowns=0 promotions=0 shortcut=0 takeover_pings=0 backup_replies=0 lease_resets=0 lease_chances=0 nrp_changes=0 sw_drops=0 violations=0 time=23638.683406303s",23638.7,23638.0,4,1,none,27000.0,32.0,2026-09-30 16:15:02,2026-09-30 22:49:02,249,/local/sramezani/v8logs/nrp-021.log,--mode timed --variant nrp --fault none --rounds 10
lease-090,lease,lease_timed,C=4 R=2 unfenced (rounds ladder),baseline,ceiling,3,spurious violations > 0,finished,0,3779136,95850384,0,0,37607328,"12400000 explored (479112 execs, 11920888 blocked)",TFSTATS execs=3779136 blocked=95850384 timeline_impossible=0 pruned=0 | baseline   C=4 R=2 fencing=off  L=0 U=2 TTL=10 PAUSE=3 sd=1  execs=3779136 blocked=95850384 grants=788185728 expired=598049568 released=190136160 applied=667492992 stale=0      violations=37607328 time=4067.547487543s,4067.6,28889.8,31,8,shared,500000.0,32.0,2026-09-30 21:44:38,2026-09-30 22:52:27,"76,77,78,79,80,81,82,83",/local/sramezani/v8logs/lease-090.log,--clients 4 --rounds 2 --mode baseline --u 2 --l-ratio 0 --sd-ratio 0.5 --ttl-ratio 5 --fencing off --pause-ratio 1.5 --keep-going --parallel shared
par-020,par,par_timed,no-errs K=14 R=1 To=9 4c (timed only),timed,ladder,2,"hold, execs=14348905 blocked=14348915 (extrapolated 5-7 h)",finished,0,14348905,14348915,0,16740388,,"7200000 explored (3599997 execs, 3600003 blocked)",par (Bosnacki-Dams): dK=3 dL=3 dR=1 To=9 (rule To > dK+dL+dR = 7: listing HOLD) K=14 R=1 R1=1 UD=0 errs=false | TFSTATS execs=14348905 blocked=14348915 timeline_impossible=0 pruned=16740388 | timed: execs=14348905 blocked=14348915 impossible=0 explored=28697820 time=20351.833s p1_fails=0 delivered=613415779 duplicates=203674765 timeouts=443221806 ackerr=0 msgerr=0 confused=0 gave_up=23914848,20351.8,81398.8,14,4,shared,21000.0,32.0,2026-09-30 17:16:01,2026-09-30 22:55:14,"192,193,194,197",/local/sramezani/v8logs/par-020.log,--mode timed --dk 3 --dl 3 --dr 1 --to 9 --messages 14 --retries 1 --keep-going --no-errs --parallel shared
stp-012,stp,spanning_tree_timed,"lost-hellos L=U=1 R=15 MA=3 Fd=26 (tight hold, bound MA+Fd<=28)",baseline,ladder,2,"exit 0, spurious violations ~100M, execs ~155M (identical to the L=0 baseline: untimed ignores L, MA, Fd)",finished,0,150663524,208190228,0,0,96855123,"358800000 explored (150663524 execs, 208136476 blocked)",TFSTATS execs=150663524 blocked=208190228 timeline_impossible=0 pruned=0 | baseline  scenario=lost-hellos R=15 K=0  L=1 U=1 sd=0 H=2 MA=3 Fd=26  execs=150663524 blocked=208190228 lost=0 refreshed=701900701 aged_out=956593800 reverted=701900701 loop_reopened=96855123 violations=96855123 time=24558.58012644s,24558.6,24527.1,2,1,none,44000.0,32.0,2026-09-30 16:12:17,2026-09-30 23:01:36,252,/local/sramezani/v8logs/stp-012.log,--mode baseline --scenario lost-hellos --keep-going --rounds 15 --l-ratio 1 --forward-delay-ratio 26
nrp-011,nrp,nrp_failure_detector_timed,case8 published leasing R=6 no-kg (biggest timed),timed,headline,1,"hold, violations=0; pred 26k-80k s (x8-15/round from R5)",finished,0,1,23150560,0,1420827,0,"23100000 explored (1 execs, 23099999 blocked)","TFSTATS execs=1 blocked=23150560 timeline_impossible=0 pruned=1420827 | timed    variant=leasing fault=none promote=takeover tA=- tB=- attack=[0,-) hb_on_change=off R=6 max=2 L=1 U=1 sd=0 H=20 P=10 phase=0  execs=1 blocked=23150560 completed=1 dual=0 stepdowns=0 promotions=0 shortcut=0 takeover_pings=4 backup_replies=4 lease_resets=4 lease_chances=1 nrp_changes=0 sw_drops=12 violations=0 time=34616.988332837s",34617.0,34616.3,2,1,none,40000.0,32.0,2026-09-30 13:44:27,2026-09-30 23:21:24,228,/local/sramezani/v8logs/nrp-011.log,--mode timed --variant leasing --fault none --attack-from-ratio 0 --rounds 6
stp-013,stp,spanning_tree_timed,"lost-hellos L=U=1 R=14 MA=3 Fd=24 (tight hold, bound MA+Fd<=26) [REVIEW: added]",timed,ladder,2,"hold exit 0, violations=0, execs=3^R=4782969, reverted>0",finished,0,4782969,23980385,0,0,0,"28700000 explored (4782969 execs, 23917031 blocked)",TFSTATS execs=4782969 blocked=23980385 timeline_impossible=0 pruned=0 | timed     scenario=lost-hellos R=14 K=0  L=1 U=1 sd=0 H=2 MA=3 Fd=24  execs=4782969 blocked=23980385 lost=0 refreshed=4758393 aged_out=9524978 reverted=2366910 loop_reopened=0 violations=0 time=23710.141956814s,23710.1,23709.9,7,1,none,15500.0,32.0,2026-09-30 16:56:02,2026-09-30 23:31:13,205,/local/sramezani/v8logs/stp-013.log,--mode timed --scenario lost-hellos --keep-going --rounds 14 --l-ratio 1 --forward-delay-ratio 24
abp-029,abp,alternating_bit_timed,abp premature K=5 R=2 W=2 (=edge),baseline,boundary,2,hold; bit-identical counts to the K=5 W=3 baseline headline (baseline ignores W); REVIEW: kept as the timed-hold comparison pair and as a replicate of the 8 h headline baseline (noise up to 35%),finished,0,188828658,188828676,0,0,,"377600000 explored (188800001 execs, 188799999 blocked)",TFSTATS execs=188828658 blocked=188828676 timeline_impossible=0 pruned=0 | baseline  variant=abp K=5 R=2  L=0 U=1 sd=0 W=2 dR=0 (2U+2sd+dR=2)  execs=188828658 blocked=188828676 delivered=1874410094 dups=2348881248 timeouts=3479642508 stale=1094055586 confused=0      completed=151912314 gave_up=225745018 end_checks=75956157 p1_fails=0    p2_fails=0    time=37723.356240187s,37723.3,37722.8,2,1,none,30000.0,32.0,2026-09-30 13:44:27,2026-10-01 00:13:11,209,/local/sramezani/v8logs/abp-029.log,--mode baseline --variant abp --messages 5 --retries 2 --w-ratio 2
lease-089,lease,lease_timed,C=4 R=2 unfenced (rounds ladder),timed,ceiling,3,hold (violations=0),finished,0,3779136,89050961,0,1032375,0,"11500000 explored (493625 execs, 11006375 blocked)",TFSTATS execs=3779136 blocked=89050961 timeline_impossible=0 pruned=1032375 | timed      C=4 R=2 fencing=off  L=0 U=2 TTL=10 PAUSE=3 sd=1  execs=3779136 blocked=89050961 grants=738608408 expired=558351891 released=180256517 applied=596585571 stale=0      violations=0      time=18558.685091189s,18558.7,141670.1,25,8,shared,500000.0,32.0,2026-09-30 19:04:48,2026-10-01 00:14:08,"36,37,38,39,40,41,42,43",/local/sramezani/v8logs/lease-089.log,--clients 4 --rounds 2 --mode timed --u 2 --l-ratio 0 --sd-ratio 0.5 --ttl-ratio 5 --fencing off --pause-ratio 1.5 --keep-going --parallel shared
nrp-015,nrp,nrp_failure_detector_timed,lease-not-enough boundary (header cell M=2 cut 50 R=5) phase -3,timed,boundary,2,"hold violations=0 (header: stepdowns=completed, lease_chances 2); pred 35k-110k s; REVIEW: start early (see issue 15)",finished,0,2,43909669,0,2790000,0,"43900000 explored (2 execs, 43899998 blocked)","TFSTATS execs=2 blocked=43909669 timeline_impossible=0 pruned=2790000 | timed    variant=leasing fault=link promote=takeover tA=50 tB=50 attack=[0,-) hb_on_change=off R=5 max=2 L=1 U=1 sd=0 H=20 P=10 phase=-3  execs=2 blocked=43909669 completed=2 dual=0 stepdowns=2 promotions=0 shortcut=0 takeover_pings=6 backup_replies=6 lease_resets=4 lease_chances=2 nrp_changes=2 sw_drops=18 violations=0 time=34397.558073432s",34397.6,34397.3,2,1,none,65000.0,32.0,2026-09-30 15:04:35,2026-10-01 00:37:54,231,/local/sramezani/v8logs/nrp-015.log,--mode timed --variant leasing --fault link --attack-from-ratio 0 --fail-a-ratio 50 --rounds 5 --phase-ratio -3
abp-002,abp,alternating_bit_timed,abp K=5 R=2 W=3 (U=1),baseline,headline,1,"hold; execs ~1.89e8 (x42 per K: 2543,107388,4503679), blocked ~ execs",finished,0,188828658,188828676,0,0,,"377600000 explored (188800001 execs, 188799999 blocked)",TFSTATS execs=188828658 blocked=188828676 timeline_impossible=0 pruned=0 | baseline  variant=abp K=5 R=2  L=0 U=1 sd=0 W=3 dR=0 (2U+2sd+dR=2)  execs=188828658 blocked=188828676 delivered=1874410094 dups=2348881248 timeouts=3479642508 stale=1094055586 confused=0      completed=151912314 gave_up=225745018 end_checks=75956157 p1_fails=0    p2_fails=0    time=39474.62618859s,39474.6,39474.0,2,1,none,30000.0,32.0,2026-09-30 13:44:27,2026-10-01 00:42:22,201,/local/sramezani/v8logs/abp-002.log,--mode baseline --variant abp --messages 5 --retries 2 --w-ratio 3
nrp-026,nrp,nrp_failure_detector_timed,selftest R=6 kg,baseline,ladder,2,REVIEW pred 18000 -> 10000: violations>0 spurious (exit 0); pred 5.9k s (power law R^7.5) to 16k s (x7.6/round),finished,0,1153984,129161446,0,0,1559235,"130300000 explored (1153984 execs, 129146016 blocked)","TFSTATS execs=1153984 blocked=129161446 timeline_impossible=0 pruned=0 | baseline variant=nrp fault=none promote=takeover tA=- tB=- attack=[-,-) hb_on_change=off R=6 max=2 L=1 U=1 sd=0 H=20 P=10 phase=0  execs=1153984 blocked=129161446 completed=2713219 dual=1559235 stepdowns=1989639 promotions=2497278 shortcut=2497278 takeover_pings=0 backup_replies=0 lease_resets=0 lease_chances=0 nrp_changes=2696839 sw_drops=0 violations=1559235 time=25456.506998878s",25456.5,25435.6,2,1,none,10000.0,32.0,2026-09-30 17:38:23,2026-10-01 00:42:40,190,/local/sramezani/v8logs/nrp-026.log,--mode baseline --variant nrp --fault none --rounds 6 --keep-going
sensor-048,sensor,sensor_network_timed,"T3 row4 (paper success) danger S=2 R=1 kg, p8",baseline,ladder,2,"exit 0 SPURIOUS dead>0 (no-kg finds one in 17.7 s); pred 0.25-1B explored, 7-29k s p8; may DNF",finished,0,48769644,1102522030,0,0,,"100000 explored (6194 execs, 93806 blocked)",TFSTATS execs=48769644 blocked=1102522030 timeline_impossible=0 pruned=0 | baseline  S=2 R=1 readings=danger property=rescue timers=separate cut=on  L=2 U=2 sd=0 P=1 C=4 Ds=4 Dr=7 OBST=1  execs=48769644 blocked=1102522030 impossible=0      checks_ok=1206569728 late_reports=2601573408 sensor_failures=354058880 missions=780299520 acked=5381376 rescues=774918144 reached=387459072 dead=387459072 time=33545.997452743s,33546.1,196104.7,2638,8,partitioned,15000.0,32.0,2026-09-30 15:25:16,2026-10-01 00:44:23,"156,157,158,159,160,161,162,163",/local/sramezani/v8logs/sensor-048.log,--mode baseline --table3-row 4 --readings danger --keep-going --parallel partitioned
nrp-013,nrp,nrp_failure_detector_timed,lease-not-enough boundary (header cell M=2 cut 50 R=5) phase 1,timed,boundary,2,hold violations=0 (header: promotions 2 after the step-down); pred 35k-110k s; REVIEW: start early (see issue 15),finished,0,2,43367381,0,3295551,0,"43300000 explored (2 execs, 43299998 blocked)","TFSTATS execs=2 blocked=43367381 timeline_impossible=0 pruned=3295551 | timed    variant=leasing fault=link promote=takeover tA=50 tB=50 attack=[0,-) hb_on_change=off R=5 max=2 L=1 U=1 sd=0 H=20 P=10 phase=1  execs=2 blocked=43367381 completed=2 dual=0 stepdowns=2 promotions=2 shortcut=0 takeover_pings=6 backup_replies=6 lease_resets=2 lease_chances=2 nrp_changes=2 sw_drops=18 violations=0 time=35448.651759797s",35448.7,35448.3,2,1,none,65000.0,32.0,2026-09-30 15:04:33,2026-10-01 00:55:22,230,/local/sramezani/v8logs/nrp-013.log,--mode timed --variant leasing --fault link --attack-from-ratio 0 --fail-a-ratio 50 --rounds 5 --phase-ratio 1
swim-036,swim,swim_timed,L0 N=3 R=10 Ws=6,baseline,ladder,2,"FIRE: violations>0 (false positives), exit 0 (keep-going)",finished,0,18482674,305848482,0,0,127970073,"39800000 explored (2459723 execs, 37340277 blocked)",TFSTATS execs=18482674 blocked=305848482 timeline_impossible=0 pruned=0 | baseline   N=3 R=10  L=0 U=2 Wp=2 Ws=6 sd=1  execs=18482674 blocked=305848482 acks=590235410 suspects=2460048700 refuted=2558288042 dead=127970073 violations=127970073 time=11976.66315971s,11976.7,75906.9,25,8,shared,14125.0,32.0,2026-09-30 22:21:18,2026-10-01 01:40:55,"84,85,86,87,88,89,90,91",/local/sramezani/v8logs/swim-036.log,--mode baseline --nodes 3 --rounds 10 --u 2 --sd-ratio 0.5 --w-probe-ratio 1 --l-ratio 0 --w-suspect-ratio 3.0 --keep-going --parallel shared
par-007,par,par_timed,K=10 R=1 To=9 errs 4c (biggest timed comfortably; baseline ~1e4 h),timed,headline,1,"hold, execs=48828121 blocked=48828131 impossible=0 (extrapolated 9-11 h)",finished,0,48828121,48828131,0,26855466,,"24400000 explored (12200002 execs, 12199998 blocked)",par (Bosnacki-Dams): dK=3 dL=3 dR=1 To=9 (rule To > dK+dL+dR = 7: listing HOLD) K=10 R=1 R1=1 UD=0 errs=true | TFSTATS execs=48828121 blocked=48828131 timeline_impossible=0 pruned=26855466 | timed: execs=48828121 blocked=48828131 impossible=0 explored=97656252 time=43085.829s p1_fails=0 delivered=1199340825 duplicates=474853518 timeouts=805666864 ackerr=266723631 msgerr=266723631 confused=0 gave_up=82398433,43085.8,172330.6,14,4,shared,35000.0,32.0,2026-09-30 13:44:27,2026-10-01 01:42:33,"214,215,216,217",/local/sramezani/v8logs/par-007.log,--mode timed --dk 3 --dl 3 --dr 1 --to 9 --messages 10 --retries 1 --keep-going --parallel shared
opt-002,opt,yarn_scheduler_timed,"K=2 QS=3 DD=8 U=0 H=10 (hold side, biggest two-sided)",baseline,headline,1,"exit 0 with VIOLATIONS line, spurious violations > 0 (about 1.94e8 explored), 19,700-20,400 s",finished,0,19236840,174373851,0,0,294410,"193600000 explored (19236840 execs, 174363160 blocked)",TFSTATS execs=19236840 blocked=174373851 timeline_impossible=0 pruned=0 | baseline  prop=miss K=2 QS=3 DD=8 C=2..2 H=10 L=0 U=0 sd=0  execs=19236840 blocked=174373851 finished=77241770 dispatched=1085807884 done=1085518040 judged=478875340 preempted=289844 expired=84494 late=921112 fifth=0/0 min_queue_left=1 min_dispatch_dline=1 min_report_slack=0 tick_skips=13829860 violations=294410 time=43204.790012495s,43204.8,43202.2,2,1,none,20000.0,32.0,2026-09-30 13:44:27,2026-10-01 01:44:32,245,/local/sramezani/v8logs/opt-002.log,--mode baseline --ams 2 --queue-size 3 --deadline 8 --u 0 --horizon 10 --keep-going
swim-040,swim,swim_timed,L1 N=3 R=9 Ws=6,timed,ladder,2,"hold: violations=0, exit 0",finished,0,262144,40753488,0,436906,0,"4900000 explored (38303 execs, 4861697 blocked)",TFSTATS execs=262144 blocked=40753488 timeline_impossible=0 pruned=436906 | timed      N=3 R=9  L=1 U=2 Wp=2 Ws=6 sd=1  execs=262144 blocked=40753488 acks=68339722 suspects=278271630 refuted=290313195 dead=0      violations=0      time=11587.930038312s,11587.9,65897.4,28,8,shared,10921.0,32.0,2026-09-30 22:55:14,2026-10-01 02:08:23,"120,121,192,193,194,197,206,249",/local/sramezani/v8logs/swim-040.log,--mode timed --nodes 3 --rounds 9 --u 2 --sd-ratio 0.5 --w-probe-ratio 1 --l-ratio 0.5 --w-suspect-ratio 3.0 --keep-going --parallel shared
lease-008,lease,lease_timed,fenced A PAUSE=4 C=6 R=1,baseline,headline,1,"hold: execs=97297200 (=6!*13!!), ~1.5e9 explored (~18x timed); longest job, DNF only if the prediction is >2.3x off",finished,0,97297200,1397595344,0,0,0,"171000000 explored (12462827 execs, 158537173 blocked)",TFSTATS execs=97297200 blocked=1397595344 timeline_impossible=0 pruned=0 | baseline   C=6 R=1 fencing=on  L=0 U=2 TTL=10 PAUSE=4 sd=1  execs=97297200 blocked=1397595344 grants=8969149440 expired=7997771520 released=971377920 applied=3885511680 stale=4146785280 violations=0      time=45011.076944311s,45011.1,238257.8,34,8,shared,65000.0,32.0,2026-09-30 13:44:27,2026-10-01 02:14:39,"4,5,6,7,8,9,10,11",/local/sramezani/v8logs/lease-008.log,--clients 6 --rounds 1 --mode baseline --u 2 --l-ratio 0 --sd-ratio 0.5 --ttl-ratio 5 --fencing on --pause-ratio 2 --parallel shared
swim-039,swim,swim_timed,L0 N=6 R=2 Ws=6,baseline,ladder,2,"FIRE: violations>0 (false positives), exit 0 (keep-going) (REVIEW: shared 8 to match its timed pair; E 87-100M, 17500 s single, 1.17 busy workers measured)",finished,0,281092,88446334,0,0,65803563,"81300000 explored (245590 execs, 81054410 blocked)",TFSTATS execs=281092 blocked=88446334 timeline_impossible=0 pruned=0 | baseline   N=6 R=2  L=0 U=2 Wp=2 Ws=6 sd=1  execs=281092 blocked=88446334 acks=461062 suspects=167434316 refuted=235169190 dead=65803563 violations=65803563 time=15240.164793003s,15240.2,16618.4,4,8,shared,15000.0,32.0,2026-09-30 22:07:20,2026-10-01 02:21:21,"92,93,108,109,112,113,114,119",/local/sramezani/v8logs/swim-039.log,--mode baseline --nodes 6 --rounds 2 --u 2 --sd-ratio 0.5 --w-probe-ratio 1 --l-ratio 0 --w-suspect-ratio 3.0 --keep-going --parallel shared
sensor-061,sensor,sensor_network_timed,"T3 row2 danger S=2 R=2 kg, p8",timed,ladder,2,"exit 0 HOLD; >1200 s at p8, p11 and p16 (>37M explored); pred 3-15k s p8 (S=1 analogue grew x472 R1->R2), may DNF",finished,0,840,73287179,0,3353964,,,TFSTATS execs=840 blocked=73287179 timeline_impossible=0 pruned=3353964 | timed     S=2 R=2 readings=danger property=rescue timers=separate cut=on  L=1 U=1 sd=0 P=2/3 C=4 Ds=2 Dr=4 OBST=1  execs=840    blocked=73287179 impossible=0      checks_ok=53760 late_reports=6720 sensor_failures=0 missions=26880 acked=13824 rescues=13056 reached=13056 dead=0 time=6405.089102635s,6405.1,50131.2,142,8,partitioned,15000.0,32.0,2026-10-01 00:44:23,2026-10-01 02:31:09,"156,157,158,159,160,161,162,163",/local/sramezani/v8logs/sensor-061.log,--mode timed --table3-row 2 --readings danger --rounds 2 --keep-going --parallel partitioned
par-017,par,par_timed,no-errs K=9 R=1 To=9 4c,baseline,ladder,2,"spurious violations, explored ~3.5e8 (extrapolated)",finished,0,172402867,183526037,0,0,,"83400000 explored (40583279 execs, 42816721 blocked)",TFSTATS execs=172402867 blocked=183526037 timeline_impossible=0 pruned=0 | baseline: execs=172402867 blocked=183526037 impossible=0 explored=355928904 time=15724.349s p1_fails=11123160 delivered=3024479820 duplicates=1667608330 timeouts=2873481930 ackerr=0 msgerr=0 confused=1657704520 gave_up=192468058 | VIOLATION: P1 (assert(mr == me)) failed in some explored execution,15724.4,47477.5,15,4,shared,12500.0,32.0,2026-09-30 22:22:56,2026-10-01 02:45:02,"196,199,202,254",/local/sramezani/v8logs/par-017.log,--mode baseline --dk 3 --dl 3 --dr 1 --to 9 --messages 9 --retries 1 --keep-going --no-errs --parallel shared
swim-046,swim,swim_timed,L0 N=3 R=8 Ws=5,timed,boundary,2,"FIRE: certified timed violations>0, exit 0 under --keep-going",finished,0,715714,15702049,0,0,5115339,"1900000 explored (87446 execs, 1812554 blocked)",TFSTATS execs=715714 blocked=15702049 timeline_impossible=0 pruned=0 | timed      N=3 R=8  L=0 U=2 Wp=2 Ws=5 sd=1  execs=715714 blocked=15702049 acks=23075095 suspects=98580448 refuted=103184594 dead=5115339 violations=5115339 time=4458.544537837s,4458.5,24423.4,18,8,shared,4077.0,32.0,2026-10-01 01:40:55,2026-10-01 02:55:14,"84,85,86,87,88,89,90,91",/local/sramezani/v8logs/swim-046.log,--mode timed --nodes 3 --rounds 8 --u 2 --sd-ratio 0.5 --w-probe-ratio 1 --l-ratio 0 --w-suspect-ratio 2.5 --keep-going --parallel shared
abp-007,abp,alternating_bit_timed,abp K=8 R=2 W=3 (U=1),timed,headline,1,hold; execs ~19216000 = (10/3)*7^8; biggest timed K cell (baseline side = K=6 ceiling DNF),finished,0,19216002,19216020,0,25941603,,"38400000 explored (19200003 execs, 19199997 blocked)",TFSTATS execs=19216002 blocked=19216020 timeline_impossible=0 pruned=25941603 | timed     variant=abp K=8 R=2  L=0 U=1 sd=0 W=3 dR=0 (2U+2sd+dR=2)  execs=19216002 blocked=19216020 delivered=503024644 dups=349067856 timeouts=743430601 stale=0      confused=0      completed=18941489 gave_up=29098531 end_checks=8235430 p1_fails=0    p2_fails=0    time=47531.823934613s,47531.8,47529.0,2,1,none,34000.0,32.0,2026-09-30 13:44:27,2026-10-01 02:56:39,200,/local/sramezani/v8logs/abp-007.log,--mode timed --variant abp --messages 8 --retries 2 --w-ratio 3
swim-045,swim,swim_timed,L0 N=3 R=8 Ws=6,baseline,ladder,2,"FIRE: violations>0 (false positives), exit 0 (keep-going)",finished,0,715714,11974422,0,0,4812093,"1500000 explored (101515 execs, 1398485 blocked)",TFSTATS execs=715714 blocked=11974422 timeline_impossible=0 pruned=0 | baseline   N=3 R=8  L=0 U=2 Wp=2 Ws=6 sd=1  execs=715714 blocked=11974422 acks=17967136 suspects=76021568 refuted=79148986 dead=4812093 violations=4812093 time=494.378278791s,494.4,2680.7,20,8,shared,489.0,32.0,2026-10-01 02:55:14,2026-10-01 03:03:30,"84,85,86,87,88,89,90,91",/local/sramezani/v8logs/swim-045.log,--mode baseline --nodes 3 --rounds 8 --u 2 --sd-ratio 0.5 --w-probe-ratio 1 --l-ratio 0 --w-suspect-ratio 3.0 --keep-going --parallel shared
ct-005,ct,chandra_toueg_timed,D2 P4 to=13 H=31 kg w7 (largest timed that finishes),timed,headline,1,"HOLDS violations=0 W*=12; execs about 0.56M, explored about 1.5e8; timeline_impossible=0",finished,0,549919,154497322,0,6526822,0,"21500000 explored (70022 execs, 21429978 blocked)","TFSTATS execs=549919 blocked=154497322 timeline_impossible=0 pruned=6526822 | timed    enc=buffer control=none delta=2 phi=4 to=13 H=31  execs=549919 blocked=154497322 impossible=0 explored=155047241 completed=549919 violations=0 W*=12 (attained by 14902) steps=[7,31] receives=[2,10] deliveries=[1,10] sent=[10,10] guard_seq_events=90042191 guard_done_events=15693454 verdict=HOLDS time=48021.586986288s",48021.6,259332.1,38,7,shared --workers 7,40000.0,32.0,2026-09-30 13:44:27,2026-10-01 03:04:49,"218,219,220,221,222,223,224",/local/sramezani/v8logs/ct-005.log,--mode timed --delta 2 --phi 4 --to 13 --horizon 31 --keep-going --workers 7
ct-013,ct,chandra_toueg_timed,D2 P4 to=13 H=34 kg w7,baseline,ladder,2,"VIOLATED spurious: violations about 1.1M of execs about 15.5M, explored about 3.2e8; about 2.2 GB of generator panic noise on stderr (see issues)",finished,0,15600884,299765359,0,0,1073254,"44700000 explored (2297492 execs, 42402508 blocked)","TFSTATS execs=15600884 blocked=299765359 timeline_impossible=0 pruned=0 | baseline enc=buffer control=none delta=2 phi=4 to=13 H=34  execs=15600884 blocked=299765359 impossible=0 explored=315366243 completed=15600884 violations=1073254 W*=14 (attained by 166) steps=[0,34] receives=[0,11] deliveries=[0,11] sent=[11,11] guard_seq_events=153691934 guard_done_events=28592420 verdict=VIOLATED time=13242.408168509s",13242.4,75927.2,35,7,shared --workers 7,10000.0,32.0,2026-09-30 23:31:13,2026-10-01 03:11:56,"225,226,227,205,228,252,255",/local/sramezani/v8logs/ct-013.log,--mode baseline --delta 2 --phi 4 --to 13 --horizon 34 --keep-going --workers 7
swim-048,swim,swim_timed,L0 N=3 R=8 Ws=5,baseline,boundary,2,"FIRE: violations>0, exit 0 (keep-going); same counts as Ws=6 baseline",finished,0,715714,11974422,0,0,4812093,"1500000 explored (86436 execs, 1413564 blocked)",TFSTATS execs=715714 blocked=11974422 timeline_impossible=0 pruned=0 | baseline   N=3 R=8  L=0 U=2 Wp=2 Ws=5 sd=1  execs=715714 blocked=11974422 acks=17967136 suspects=76021568 refuted=79148986 dead=4812093 violations=4812093 time=507.914554641s,507.9,2670.1,18,8,shared,489.0,32.0,2026-10-01 03:03:30,2026-10-01 03:11:59,"84,85,86,87,88,89,90,91",/local/sramezani/v8logs/swim-048.log,--mode baseline --nodes 3 --rounds 8 --u 2 --sd-ratio 0.5 --w-probe-ratio 1 --l-ratio 0 --w-suspect-ratio 2.5 --keep-going --parallel shared
nisshi-004,nisshi,nisshi_txn_timed,T=2 R=5 L=1 U=5 W=1 B=0 shared4,baseline,headline,1,"ec=0, spurious violations>0; predicted coverage ~0.9G (x56 per retry), not measured; plausible range 30000-45000 s",finished,0,5181139,844538804,0,0,3127442,"213800000 explored (829621 execs, 212970379 blocked)",TFSTATS execs=5181139 blocked=844538804 timeline_impossible=0 pruned=0 | baseline  fix=None T=2 R=5 L=1 U=5 sd=0 W=1 B=0  execs=5181139 blocked=844538804 timeouts=4217784714 completed_txns=1678204584 fatal=0 stray_commits=1149972 dirty_reads=1977470 violations=3127442 time=48515.779205805s,48515.8,193712.6,20,4,shared,36000.0,32.0,2026-09-30 13:44:27,2026-10-01 03:13:03,"232,233,234,235",/local/sramezani/v8logs/nisshi-004.log,--mode baseline --txns 2 --retries 5 --l 1 --u 5 --w 1 --backoff 0 --keep-going --parallel shared
swim-044,swim,swim_timed,L0 N=3 R=8 Ws=6,timed,ladder,2,"hold: violations=0, exit 0",finished,0,65536,11561977,0,0,0,"1400000 explored (9758 execs, 1390242 blocked)",TFSTATS execs=65536 blocked=11561977 timeline_impossible=0 pruned=0 | timed      N=3 R=8  L=0 U=2 Wp=2 Ws=6 sd=1  execs=65536  blocked=11561977 acks=16581723 suspects=69176928 refuted=73008087 dead=0      violations=0      time=3470.616607346s,3470.6,17301.8,20,8,shared,2912.0,32.0,2026-10-01 02:21:21,2026-10-01 03:19:12,"92,93,108,109,112,113,114,119",/local/sramezani/v8logs/swim-044.log,--mode timed --nodes 3 --rounds 8 --u 2 --sd-ratio 0.5 --w-probe-ratio 1 --l-ratio 0 --w-suspect-ratio 3.0 --keep-going --parallel shared
swim-042,swim,swim_timed,L0 N=3 R=7 Ws=6,timed,ladder,2,"hold: violations=0, exit 0",finished,0,16384,2275283,0,0,0,"400000 explored (128 execs, 399872 blocked)",TFSTATS execs=16384 blocked=2275283 timeline_impossible=0 pruned=0 | timed      N=3 R=7  L=0 U=2 Wp=2 Ws=6 sd=1  execs=16384  blocked=2275283 acks=2806417 suspects=11807934 refuted=12485787 dead=0      violations=0      time=514.320150563s,514.3,2613.3,12,8,shared,450.0,32.0,2026-10-01 03:11:59,2026-10-01 03:20:34,"84,85,86,87,88,89,90,91",/local/sramezani/v8logs/swim-042.log,--mode timed --nodes 3 --rounds 7 --u 2 --sd-ratio 0.5 --w-probe-ratio 1 --l-ratio 0 --w-suspect-ratio 3.0 --keep-going --parallel shared
swim-043,swim,swim_timed,L0 N=3 R=7 Ws=6,baseline,ladder,2,"FIRE: violations>0 (false positives), exit 0 (keep-going)",finished,0,139866,2358844,0,0,919819,"300000 explored (18010 execs, 281990 blocked)",TFSTATS execs=139866 blocked=2358844 timeline_impossible=0 pruned=0 | baseline   N=3 R=7  L=0 U=2 Wp=2 Ws=6 sd=1  execs=139866 blocked=2358844 acks=3033614 suspects=12977074 refuted=13505350 dead=919819 violations=919819 time=122.675233948s,122.7,491.9,12,8,shared,124.0,32.0,2026-10-01 03:19:12,2026-10-01 03:21:16,"92,93,108,109,112,113,114,119",/local/sramezani/v8logs/swim-043.log,--mode baseline --nodes 3 --rounds 7 --u 2 --sd-ratio 0.5 --w-probe-ratio 1 --l-ratio 0 --w-suspect-ratio 3.0 --keep-going --parallel shared
nisshi-070,nisshi,nisshi_txn_timed,T=2 R=4 L=1 U=8 W=1 B=0 fix=epoch-bump shared4,baseline,boundary,2,hold with fix on the untimed side too: violations=0; measured execs=364955 blocked=29088610 (961 s with shared on 4 cores),finished,0,364955,29088610,0,0,0,"7100000 explored (103301 execs, 6996699 blocked)",TFSTATS execs=364955 blocked=29088610 timeline_impossible=0 pruned=0 | baseline  fix=EpochBump T=2 R=4 L=1 U=8 sd=0 W=1 B=0  execs=364955 blocked=29088610 timeouts=116776878 completed_txns=57602494 fatal=0 stray_commits=0 dirty_reads=0 violations=0 time=1438.97458644s,1439.0,5750.6,12,4,shared,1150.0,32.0,2026-10-01 03:13:03,2026-10-01 03:37:03,"232,233,234,235",/local/sramezani/v8logs/nisshi-070.log,--mode baseline --txns 2 --retries 4 --l 1 --u 8 --w 1 --backoff 0 --fix epoch-bump --keep-going --parallel shared
opt-011,opt,yarn_scheduler_timed,K=2 QS=3 DD=8 U=0 H=16 (timed-only ladder top),timed,ladder,2,"hold, violations=0 (about 1.6e7 explored); may need up to 2x (DNF acceptable as ladder top)",finished,0,68858,14327547,0,389232,0,"14300000 explored (68858 execs, 14231142 blocked)",TFSTATS execs=68858 blocked=14327547 timeline_impossible=0 pruned=389232 | timed     prop=miss K=2 QS=3 DD=8 C=2..2 H=16 L=0 U=0 sd=0  execs=68858 blocked=14327547 finished=275432 dispatched=4112664 done=4112664 judged=2853184 preempted=0 expired=0 late=0 fifth=0/0 min_queue_left=2 min_dispatch_dline=2 min_report_slack=0 tick_skips=11960392 violations=0 time=48338.310358851s,48338.3,48337.4,7,1,none,46500.0,32.0,2026-09-30 14:17:16,2026-10-01 03:42:55,247,/local/sramezani/v8logs/opt-011.log,--mode timed --ams 2 --queue-size 3 --deadline 8 --u 0 --horizon 16 --keep-going
lease-087,lease,lease_timed,C=3 R=3 fenced (rounds ladder),timed,ceiling,3,hold,finished,0,10360232,89354843,0,3094578,0,"12400000 explored (1301198 execs, 11098802 blocked)",TFSTATS execs=10360232 blocked=89354843 timeline_impossible=0 pruned=3094578 | timed      C=3 R=3 fencing=on  L=0 U=2 TTL=10 PAUSE=4 sd=1  execs=10360232 blocked=89354843 grants=897657414 expired=654147164 released=243367021 applied=731960176 stale=66683979 violations=0      time=35113.174148893s,35113.2,169115.3,30,8,shared,500000.0,32.0,2026-09-30 17:57:49,2026-10-01 03:43:03,"60,61,62,63,64,65,66,67",/local/sramezani/v8logs/lease-087.log,--clients 3 --rounds 3 --mode timed --u 2 --l-ratio 0 --sd-ratio 0.5 --ttl-ratio 5 --fencing on --pause-ratio 2 --keep-going --parallel shared
nisshi-028,nisshi,nisshi_txn_timed,T=8 R=4 L=1 U=5 W=1 B=0 shared4,timed,ladder,2,"hold: ec=0, violations=0; measured execs/blocked=2224/1126533 (768 s partitioned on 4 cores; shared predicted 570-750 s). REVIEW: added; its baseline is the prio-3 ceiling",finished,0,2224,1126533,0,66043,0,"300000 explored (316 execs, 299684 blocked)",TFSTATS execs=2224 blocked=1126533 timeline_impossible=0 pruned=66043 | timed     fix=None T=8 R=4 L=1 U=5 sd=0 W=1 B=0  execs=2224 blocked=1126533 timeouts=4777045 completed_txns=6811032 fatal=0 stray_commits=0 dirty_reads=0 violations=0 time=913.331757811s,913.3,3497.8,38,4,shared,800.0,32.0,2026-10-01 03:37:03,2026-10-01 03:52:16,"232,233,234,235",/local/sramezani/v8logs/nisshi-028.log,--mode timed --txns 8 --retries 4 --l 1 --u 5 --w 1 --backoff 0 --keep-going --parallel shared
nisshi-010,nisshi,nisshi_txn_timed,T=2 R=4 L=1 U=5 W=1 B=0 shared4,baseline,ladder,2,"ec=0, spurious violations>0; measured execs=184723 blocked=15196486 stray=46344 dirty=75632",finished,0,184723,15196486,0,0,121976,"3700000 explored (44723 execs, 3655277 blocked)",TFSTATS execs=184723 blocked=15196486 timeline_impossible=0 pruned=0 | baseline  fix=None T=2 R=4 L=1 U=5 sd=0 W=1 B=0  execs=184723 blocked=15196486 timeouts=60892680 completed_txns=29891354 fatal=0 stray_commits=46344 dirty_reads=75632 violations=121976 time=755.010286094s,755.0,3015.7,12,4,shared,610.0,32.0,2026-10-01 03:52:16,2026-10-01 04:04:52,"232,233,234,235",/local/sramezani/v8logs/nisshi-010.log,--mode baseline --txns 2 --retries 4 --l 1 --u 5 --w 1 --backoff 0 --keep-going --parallel shared
par-011,par,par_timed,K=7 R=1 To=9 errs 4c,baseline,ladder,2,"spurious violations, explored ~2.5e8 (extrapolated x16.5 from K6)",finished,0,123549930,127306292,0,0,,"59400000 explored (29326757 execs, 30073243 blocked)",TFSTATS execs=123549930 blocked=127306292 timeline_impossible=0 pruned=0 | baseline: execs=123549930 blocked=127306292 impossible=0 explored=250856222 time=8652.721s p1_fails=3756352 delivered=1623868382 duplicates=871326600 timeouts=1438151194 ackerr=340194088 msgerr=419122122 confused=635153172 gave_up=183587098 | VIOLATION: P1 (assert(mr == me)) failed in some explored execution,8652.7,30643.5,16,4,shared,6600.0,32.0,2026-10-01 01:42:33,2026-10-01 04:06:46,"214,215,216,217",/local/sramezani/v8logs/par-011.log,--mode baseline --dk 3 --dl 3 --dr 1 --to 9 --messages 7 --retries 1 --keep-going --parallel shared
swim-034,swim,swim_timed,L1 N=6 R=2 Ws=6,timed,ladder,2,"hold: violations=0, exit 0 (REVIEW: pred 28555 -> 60000, E about 45M)",finished,0,6724,39293404,0,88154,0,"39300000 explored (6724 execs, 39293276 blocked)",TFSTATS execs=6724 blocked=39293404 timeline_impossible=0 pruned=88154 | timed      N=6 R=2  L=1 U=2 Wp=2 Ws=6 sd=1  execs=6724   blocked=39293404 acks=284806 suspects=74020686 refuted=107099414 dead=0      violations=0      time=51881.258779224s,51881.3,51880.1,2,1,none,60000.0,32.0,2026-09-30 13:44:27,2026-10-01 04:09:09,155,/local/sramezani/v8logs/swim-034.log,--mode timed --nodes 6 --rounds 2 --u 2 --sd-ratio 0.5 --w-probe-ratio 1 --l-ratio 0.5 --w-suspect-ratio 3.0 --keep-going
nisshi-060,nisshi,nisshi_txn_timed,T=2 R=4 L=1 U=6 W=1 B=0 shared4,baseline,boundary,2,"ec=0, spurious violations>0; repeat of T2R4 comparison baseline (184723/15196486)",finished,0,184723,15196486,0,0,121976,"3700000 explored (39717 execs, 3660283 blocked)",TFSTATS execs=184723 blocked=15196486 timeline_impossible=0 pruned=0 | baseline  fix=None T=2 R=4 L=1 U=6 sd=0 W=1 B=0  execs=184723 blocked=15196486 timeouts=60892680 completed_txns=29891354 fatal=0 stray_commits=46344 dirty_reads=75632 violations=121976 time=745.753071735s,745.8,2979.9,12,4,shared,610.0,32.0,2026-10-01 04:04:52,2026-10-01 04:17:19,"232,233,234,235",/local/sramezani/v8logs/nisshi-060.log,--mode baseline --txns 2 --retries 4 --l 1 --u 6 --w 1 --backoff 0 --keep-going --parallel shared
nisshi-062,nisshi,nisshi_txn_timed,T=2 R=4 L=1 U=7 W=1 B=0 shared4,baseline,boundary,2,"ec=0, spurious violations>0; repeat of T2R4 comparison baseline (184723/15196486)",finished,0,184723,15196486,0,0,121976,"4200000 explored (39780 execs, 4160220 blocked)",TFSTATS execs=184723 blocked=15196486 timeline_impossible=0 pruned=0 | baseline  fix=None T=2 R=4 L=1 U=7 sd=0 W=1 B=0  execs=184723 blocked=15196486 timeouts=60892680 completed_txns=29891354 fatal=0 stray_commits=46344 dirty_reads=75632 violations=121976 time=742.495178808s,742.5,2966.9,12,4,shared,610.0,32.0,2026-10-01 04:17:19,2026-10-01 04:29:42,"232,233,234,235",/local/sramezani/v8logs/nisshi-062.log,--mode baseline --txns 2 --retries 4 --l 1 --u 7 --w 1 --backoff 0 --keep-going --parallel shared
par-019,par,par_timed,no-errs K=12 R=1 To=9 4c (timed only),timed,ladder,2,"hold, execs=1594321 blocked=1594331 (8c measured 730 s)",finished,0,1594321,1594331,0,1860040,,"800000 explored (399996 execs, 400004 blocked)",par (Bosnacki-Dams): dK=3 dL=3 dR=1 To=9 (rule To > dK+dL+dR = 7: listing HOLD) K=12 R=1 R1=1 UD=0 errs=false | TFSTATS execs=1594321 blocked=1594331 timeline_impossible=0 pruned=1860040 | timed: execs=1594321 blocked=1594331 impossible=0 explored=3188652 time=1579.753s p1_fails=0 delivered=58059934 duplicates=19264738 timeouts=42515292 ackerr=0 msgerr=0 confused=0 gave_up=2657208,1579.8,6318.2,10,4,shared,1460.0,32.0,2026-10-01 04:06:46,2026-10-01 04:33:07,"214,215,216,217",/local/sramezani/v8logs/par-019.log,--mode timed --dk 3 --dl 3 --dr 1 --to 9 --messages 12 --retries 1 --keep-going --no-errs --parallel shared
nisshi-064,nisshi,nisshi_txn_timed,T=2 R=4 L=1 U=8 W=1 B=0 shared4,baseline,boundary,2,"ec=0, spurious violations>0; repeat of T2R4 comparison baseline (184723/15196486)",finished,0,184723,15196486,0,0,121976,"4100000 explored (57816 execs, 4042184 blocked)",TFSTATS execs=184723 blocked=15196486 timeline_impossible=0 pruned=0 | baseline  fix=None T=2 R=4 L=1 U=8 sd=0 W=1 B=0  execs=184723 blocked=15196486 timeouts=60892680 completed_txns=29891354 fatal=0 stray_commits=46344 dirty_reads=75632 violations=121976 time=722.492852024s,722.5,2887.0,12,4,shared,610.0,32.0,2026-10-01 04:29:42,2026-10-01 04:41:46,"232,233,234,235",/local/sramezani/v8logs/nisshi-064.log,--mode baseline --txns 2 --retries 4 --l 1 --u 8 --w 1 --backoff 0 --keep-going --parallel shared
par-012,par,par_timed,K=9 R=1 To=9 errs 4c (timed only; baseline ~450 h),timed,ladder,2,"hold, execs=9765621 blocked=9765631 (extrapolated)",finished,0,9765621,9765631,0,5371091,,"5600000 explored (2800004 execs, 2799996 blocked)",par (Bosnacki-Dams): dK=3 dL=3 dR=1 To=9 (rule To > dK+dL+dR = 7: listing HOLD) K=9 R=1 R1=1 UD=0 errs=true | TFSTATS execs=9765621 blocked=9765631 timeline_impossible=0 pruned=5371091 | timed: execs=9765621 blocked=9765631 impossible=0 explored=19531252 time=7128.539s p1_fails=0 delivered=214965825 duplicates=85009768 timeouts=146190575 ackerr=48364256 msgerr=48364256 confused=0 gave_up=16478836,7128.5,28489.6,12,4,shared,5700.0,32.0,2026-10-01 02:45:02,2026-10-01 04:43:51,"196,199,202,254",/local/sramezani/v8logs/par-012.log,--mode timed --dk 3 --dl 3 --dr 1 --to 9 --messages 9 --retries 1 --keep-going --parallel shared
nisshi-024,nisshi,nisshi_txn_timed,T=8 R=3 L=1 U=5 W=1 B=0 shared4,baseline,ladder,2,"ec=0, spurious violations>0; measured execs=642673 blocked=33136942 stray=641088 dirty=1023148 (388x timed coverage)",finished,0,642673,33136942,0,0,1664236,"8200000 explored (164271 execs, 8035729 blocked)",TFSTATS execs=642673 blocked=33136942 timeline_impossible=0 pruned=0 | baseline  fix=None T=8 R=3 L=1 U=5 sd=0 W=1 B=0  execs=642673 blocked=33136942 timeouts=100864056 completed_txns=250167340 fatal=0 stray_commits=641088 dirty_reads=1023148 violations=1664236 time=5656.60083382s,5656.6,11309.8,30,4,shared,2300.0,32.0,2026-10-01 03:11:56,2026-10-01 04:46:13,"200,205,228,252",/local/sramezani/v8logs/nisshi-024.log,--mode baseline --txns 8 --retries 3 --l 1 --u 5 --w 1 --backoff 0 --keep-going --parallel shared
sensor-044,sensor,sensor_network_timed,"T3 row1 Listing 6 verbatim (random) S=2 R=1 kg, p8",baseline,ladder,2,"exit 0, same program as the row-2 random baseline (dead>0); a repeat of it, droppable if lanes are short",finished,0,15184032,302642048,0,0,,,TFSTATS execs=15184032 blocked=302642048 timeline_impossible=0 pruned=0 | baseline  S=2 R=1 readings=random property=rescue timers=separate cut=on  L=1 U=1 sd=0 P=2/3 C=4 Ds=2 Dr=3 OBST=1  execs=15184032 blocked=302642048 impossible=0      checks_ok=366003200 late_reports=476756480 sensor_failures=119885824 missions=242718720 acked=3809280 rescues=238909440 reached=119454720 dead=119454720 time=8538.471131162s,8538.5,58579.8,552,8,partitioned,11000.0,32.0,2026-10-01 02:31:09,2026-10-01 04:53:28,"156,157,158,159,160,161,162,163",/local/sramezani/v8logs/sensor-044.log,--mode baseline --table3-row 1 --keep-going --parallel partitioned
nisshi-066,nisshi,nisshi_txn_timed,"T=2 R=4 L=1 U=9 W=5 B=0 (hold, larger W) shared4",baseline,boundary,2,"ec=0, spurious violations>0; identical to T2R4 comparison baseline",finished,0,184723,15196486,0,0,121976,"4100000 explored (35456 execs, 4064544 blocked)",TFSTATS execs=184723 blocked=15196486 timeline_impossible=0 pruned=0 | baseline  fix=None T=2 R=4 L=1 U=9 sd=0 W=5 B=0  execs=184723 blocked=15196486 timeouts=60892680 completed_txns=29891354 fatal=0 stray_commits=46344 dirty_reads=75632 violations=121976 time=763.7544051s,763.8,3051.2,12,4,shared,610.0,32.0,2026-10-01 04:41:46,2026-10-01 04:54:31,"232,233,234,235",/local/sramezani/v8logs/nisshi-066.log,--mode baseline --txns 2 --retries 4 --l 1 --u 9 --w 5 --backoff 0 --keep-going --parallel shared
par-015,par,par_timed,no-errs K=8 R=1 To=9 4c,baseline,ladder,2,"spurious p1_fails=1227080, execs=21318413 blocked=22545503 (measured 1189 s)",finished,0,21318413,22545503,0,0,,"10400000 explored (5070473 execs, 5329527 blocked)",par (Bosnacki-Dams): dK=3 dL=3 dR=1 To=9 (rule To > dK+dL+dR = 7: listing HOLD) K=8 R=1 R1=1 UD=0 errs=false | TFSTATS execs=21318413 blocked=22545503 timeline_impossible=0 pruned=0 | baseline: execs=21318413 blocked=22545503 impossible=0 explored=43863916 time=1384.661s p1_fails=1227080 delivered=329838556 duplicates=182654112 timeouts=317614194 ackerr=0 msgerr=0 confused=168204800 gave_up=23877566 | VIOLATION: P1 (assert(mr == me)) failed in some explored execution,1384.7,4753.9,14,4,shared,1190.0,32.0,2026-10-01 04:33:07,2026-10-01 04:56:12,"214,215,216,217",/local/sramezani/v8logs/par-015.log,--mode baseline --dk 3 --dl 3 --dr 1 --to 9 --messages 8 --retries 1 --keep-going --no-errs --parallel shared
par-037,par,par_timed,"boundary K=6 (3,3,1) To=7 tie 4c",timed,boundary,2,"FIRE (real), p1_fails=8080, execs=1986670 blocked=1994760 (measured 602 s)",finished,0,1986670,1994760,0,397752,,"1200000 explored (598869 execs, 601131 blocked)",par (Bosnacki-Dams): dK=3 dL=3 dR=1 To=7 (rule To > dK+dL+dR = 7: listing FIRE) K=6 R=1 R1=1 UD=0 errs=true | TFSTATS execs=1986670 blocked=1994760 timeline_impossible=0 pruned=397752 | timed: execs=1986670 blocked=1994760 impossible=0 explored=3981430 time=899.563s p1_fails=8080 delivered=25076192 duplicates=10819469 timeouts=20023630 ackerr=5857869 msgerr=6397864 confused=578513 gave_up=2960984 | VIOLATION: P1 (assert(mr == me)) failed in some explored execution,899.6,3583.2,10,4,shared,602.0,32.0,2026-10-01 04:46:13,2026-10-01 05:01:14,"200,205,228,252",/local/sramezani/v8logs/par-037.log,--mode timed --dk 3 --dl 3 --dr 1 --to 7 --messages 6 --retries 1 --keep-going --parallel shared
nisshi-069,nisshi,nisshi_txn_timed,T=2 R=4 L=1 U=8 W=1 B=0 fix=epoch-bump shared4,timed,boundary,2,hold with fix: violations=0; measured execs=9744 blocked=1891129,finished,0,9744,1891129,0,26651,0,"500000 explored (2608 execs, 497392 blocked)",TFSTATS execs=9744 blocked=1891129 timeline_impossible=0 pruned=26651 | timed     fix=EpochBump T=2 R=4 L=1 U=8 sd=0 W=1 B=0  execs=9744 blocked=1891129 timeouts=7707439 completed_txns=3471806 fatal=0 stray_commits=0 dirty_reads=0 violations=0 time=623.216449018s,623.2,2486.2,14,4,shared,470.0,32.0,2026-10-01 04:54:31,2026-10-01 05:04:54,"232,233,234,235",/local/sramezani/v8logs/nisshi-069.log,--mode timed --txns 2 --retries 4 --l 1 --u 8 --w 1 --backoff 0 --fix epoch-bump --keep-going --parallel shared
par-009,par,par_timed,K=6 R=1 To=9 errs 4c,baseline,ladder,2,spurious p1_fails=234684 (measured 400 s),finished,0,9414551,9649245,0,0,,"5600000 explored (2750385 execs, 2849615 blocked)",par (Bosnacki-Dams): dK=3 dL=3 dR=1 To=9 (rule To > dK+dL+dR = 7: listing HOLD) K=6 R=1 R1=1 UD=0 errs=true | TFSTATS execs=9414551 blocked=9649245 timeline_impossible=0 pruned=0 | baseline: execs=9414551 blocked=9649245 impossible=0 explored=19063796 time=549.009s p1_fails=234684 delivered=105045512 duplicates=56352826 timeouts=95256500 ackerr=22512036 msgerr=27723216 confused=35484304 gave_up=13996742 | VIOLATION: P1 (assert(mr == me)) failed in some explored execution,549.0,1976.1,12,4,shared,400.0,32.0,2026-10-01 04:56:12,2026-10-01 05:05:21,"214,215,216,217",/local/sramezani/v8logs/par-009.log,--mode baseline --dk 3 --dl 3 --dr 1 --to 9 --messages 6 --retries 1 --keep-going --parallel shared
nisshi-027,nisshi,nisshi_txn_timed,T=4 R=4 L=1 U=5 W=1 B=0 shared4,baseline,ladder,2,"ec=0, spurious violations>0; baseline not measured, predicted T2R4 x ~11-13 (range 5000-10000 s)",finished,0,1900529,160023738,0,0,2845226,"38800000 explored (484438 execs, 38315562 blocked)",TFSTATS execs=1900529 blocked=160023738 timeline_impossible=0 pruned=0 | baseline  fix=None T=4 R=4 L=1 U=5 sd=0 W=1 B=0  execs=1900529 blocked=160023738 timeouts=643194959 completed_txns=628445996 fatal=0 stray_commits=1072170 dirty_reads=1773056 violations=2845226 time=15882.188820024s,15882.2,41504.0,22,4,shared,7000.0,32.0,2026-10-01 00:42:40,2026-10-01 05:07:23,"190,201,209,231",/local/sramezani/v8logs/nisshi-027.log,--mode baseline --txns 4 --retries 4 --l 1 --u 5 --w 1 --backoff 0 --keep-going --parallel shared
nisshi-020,nisshi,nisshi_txn_timed,T=32 R=2 L=1 U=5 W=1 B=0 shared4,baseline,ladder,2,"ec=0, spurious violations>0; baseline not measured, predicted from a T-doubling wall factor of ~29-35 (range 8000-16000 s)",finished,0,844545,69320946,0,0,3513664,"18000000 explored (213112 execs, 17786888 blocked)",TFSTATS execs=844545 blocked=69320946 timeline_impossible=0 pruned=0 | baseline  fix=None T=32 R=2 L=1 U=5 sd=0 W=1 B=0  execs=844545 blocked=69320946 timeouts=140221840 completed_txns=1882250560 fatal=0 stray_commits=1389792 dirty_reads=2123872 violations=3513664 time=24417.338259991s,24417.3,62901.4,175,4,shared,12000.0,32.0,2026-09-30 22:22:28,2026-10-01 05:09:26,"238,198,241,242",/local/sramezani/v8logs/nisshi-020.log,--mode baseline --txns 32 --retries 2 --l 1 --u 5 --w 1 --backoff 0 --keep-going --parallel shared
nisshi-018,nisshi,nisshi_txn_timed,T=16 R=2 L=1 U=5 W=1 B=0 shared4,baseline,ladder,2,"ec=0, spurious violations>0; measured execs=79105 blocked=4170242 stray=109680 dirty=168880",finished,0,79105,4170242,0,0,278560,"1000000 explored (18290 execs, 981710 blocked)",TFSTATS execs=79105 blocked=4170242 timeline_impossible=0 pruned=0 | baseline  fix=None T=16 R=2 L=1 U=5 sd=0 W=1 B=0  execs=79105 blocked=4170242 timeouts=8478536 completed_txns=57194912 fatal=0 stray_commits=109680 dirty_reads=168880 violations=278560 time=484.68435654s,484.7,1935.5,60,4,shared,420.0,32.0,2026-10-01 05:04:54,2026-10-01 05:13:00,"232,233,234,235",/local/sramezani/v8logs/nisshi-018.log,--mode baseline --txns 16 --retries 2 --l 1 --u 5 --w 1 --backoff 0 --keep-going --parallel shared
par-038,par,par_timed,"boundary K=6 (3,3,1) To=7 tie 4c",baseline,boundary,2,violations p1_fails=234684,finished,0,9414551,9649245,0,0,,"4400000 explored (2178388 execs, 2221612 blocked)",par (Bosnacki-Dams): dK=3 dL=3 dR=1 To=7 (rule To > dK+dL+dR = 7: listing FIRE) K=6 R=1 R1=1 UD=0 errs=true | TFSTATS execs=9414551 blocked=9649245 timeline_impossible=0 pruned=0 | baseline: execs=9414551 blocked=9649245 impossible=0 explored=19063796 time=526.534s p1_fails=234684 delivered=105045512 duplicates=56352826 timeouts=95256500 ackerr=22512036 msgerr=27723216 confused=35484304 gave_up=13996742 | VIOLATION: P1 (assert(mr == me)) failed in some explored execution,526.5,1834.8,12,4,shared,400.0,32.0,2026-10-01 05:05:21,2026-10-01 05:14:09,"214,215,216,217",/local/sramezani/v8logs/par-038.log,--mode baseline --dk 3 --dl 3 --dr 1 --to 7 --messages 6 --retries 1 --keep-going --parallel shared
par-013,par,par_timed,K=4 R=2 To=9 errs 4c (retry dimension),timed,ladder,2,"hold, execs=816817 blocked=816835 (measured 208 s)",finished,0,816817,816835,0,466752,,"400000 explored (200000 execs, 200000 blocked)",par (Bosnacki-Dams): dK=3 dL=3 dR=1 To=9 (rule To > dK+dL+dR = 7: listing HOLD) K=4 R=2 R1=2 UD=0 errs=true | TFSTATS execs=816817 blocked=816835 timeline_impossible=0 pruned=466752 | timed: execs=816817 blocked=816835 impossible=0 explored=1633652 time=233.333s p1_fails=0 delivered=8160424 duplicates=6808504 timeouts=11930114 ackerr=3948796 msgerr=3948796 confused=0 gave_up=1306448,233.3,932.9,6,4,shared,208.0,32.0,2026-10-01 05:14:09,2026-10-01 05:18:03,"214,215,216,217",/local/sramezani/v8logs/par-013.log,--mode timed --dk 3 --dl 3 --dr 1 --to 9 --messages 4 --retries 2 --keep-going --parallel shared
nisshi-026,nisshi,nisshi_txn_timed,T=4 R=4 L=1 U=5 W=1 B=0 shared4,timed,ladder,2,"hold: ec=0, violations=0; measured execs/blocked=2224/818049",finished,0,2224,818049,0,31567,0,"200000 explored (660 execs, 199340 blocked)",TFSTATS execs=2224 blocked=818049 timeline_impossible=0 pruned=31567 | timed     fix=None T=4 R=4 L=1 U=5 sd=0 W=1 B=0  execs=2224 blocked=818049 timeouts=3405205 completed_txns=2719596 fatal=0 stray_commits=0 dirty_reads=0 violations=0 time=390.896438329s,390.9,1467.4,24,4,shared,320.0,32.0,2026-10-01 05:13:00,2026-10-01 05:19:31,"232,233,234,235",/local/sramezani/v8logs/nisshi-026.log,--mode timed --txns 4 --retries 4 --l 1 --u 5 --w 1 --backoff 0 --keep-going --parallel shared
par-010,par,par_timed,K=7 R=1 To=9 errs 4c,timed,ladder,2,"hold, execs=390621 blocked=390631 (measured 153 s)",finished,0,390621,390631,0,214841,,"200000 explored (99996 execs, 100004 blocked)",par (Bosnacki-Dams): dK=3 dL=3 dR=1 To=9 (rule To > dK+dL+dR = 7: listing HOLD) K=7 R=1 R1=1 UD=0 errs=true | TFSTATS execs=390621 blocked=390631 timeline_impossible=0 pruned=214841 | timed: execs=390621 blocked=390631 impossible=0 explored=781252 time=158.809s p1_fails=0 delivered=6606450 duplicates=2603518 timeouts=4652357 ackerr=1536131 msgerr=1536131 confused=0 gave_up=659203,158.8,634.3,8,4,shared,153.0,32.0,2026-10-01 05:18:03,2026-10-01 05:20:42,"214,215,216,217",/local/sramezani/v8logs/par-010.log,--mode timed --dk 3 --dl 3 --dr 1 --to 9 --messages 7 --retries 1 --keep-going --parallel shared
nisshi-065,nisshi,nisshi_txn_timed,"T=2 R=4 L=1 U=9 W=5 B=0 (hold, larger W) shared4",timed,boundary,2,"hold: ec=0, violations=0; measured execs=4441 blocked=1651830 (356 s with shared on 4 cores)",finished,0,4441,1651830,0,22912,0,"400000 explored (1146 execs, 398854 blocked)",TFSTATS execs=4441 blocked=1651830 timeline_impossible=0 pruned=22912 | timed     fix=None T=2 R=4 L=1 U=9 sd=0 W=5 B=0  execs=4441 blocked=1651830 timeouts=6532168 completed_txns=3179970 fatal=0 stray_commits=0 dirty_reads=0 violations=0 time=1189.186515413s,1189.2,2408.5,16,4,shared,430.0,32.0,2026-10-01 05:01:14,2026-10-01 05:21:04,"200,205,228,252",/local/sramezani/v8logs/nisshi-065.log,--mode timed --txns 2 --retries 4 --l 1 --u 9 --w 5 --backoff 0 --keep-going --parallel shared
par-040,par,par_timed,"boundary K=6 (3,3,1) To=8 first safe 4c",baseline,boundary,2,spurious p1_fails=234684,finished,0,9414551,9649245,0,0,,"4500000 explored (2228353 execs, 2271647 blocked)",par (Bosnacki-Dams): dK=3 dL=3 dR=1 To=8 (rule To > dK+dL+dR = 7: listing HOLD) K=6 R=1 R1=1 UD=0 errs=true | TFSTATS execs=9414551 blocked=9649245 timeline_impossible=0 pruned=0 | baseline: execs=9414551 blocked=9649245 impossible=0 explored=19063796 time=848.069s p1_fails=234684 delivered=105045512 duplicates=56352826 timeouts=95256500 ackerr=22512036 msgerr=27723216 confused=35484304 gave_up=13996742 | VIOLATION: P1 (assert(mr == me)) failed in some explored execution,848.1,1944.7,12,4,shared,400.0,32.0,2026-10-01 05:07:23,2026-10-01 05:21:32,"190,201,209,231",/local/sramezani/v8logs/par-040.log,--mode baseline --dk 3 --dl 3 --dr 1 --to 8 --messages 6 --retries 1 --keep-going --parallel shared
par-018,par,par_timed,no-errs K=10 R=1 To=9 4c,timed,ladder,2,"hold, execs=177145 blocked=177155 (measured 105 s)",finished,0,177145,177155,0,206668,,,par (Bosnacki-Dams): dK=3 dL=3 dR=1 To=9 (rule To > dK+dL+dR = 7: listing HOLD) K=10 R=1 R1=1 UD=0 errs=false | TFSTATS execs=177145 blocked=177155 timeline_impossible=0 pruned=206668 | timed: execs=177145 blocked=177155 impossible=0 explored=354300 time=130.302s p1_fails=0 delivered=5329177 duplicates=1766551 timeouts=3975978 ackerr=0 msgerr=0 confused=0 gave_up=295248,130.3,520.9,10,4,shared,105.0,32.0,2026-10-01 05:20:42,2026-10-01 05:22:53,"214,215,216,217",/local/sramezani/v8logs/par-018.log,--mode timed --dk 3 --dl 3 --dr 1 --to 9 --messages 10 --retries 1 --keep-going --no-errs --parallel shared
par-016,par,par_timed,no-errs K=9 R=1 To=9 4c,timed,ladder,2,"hold, execs=59047 blocked=59057 (measured 29 s)",finished,0,59047,59057,0,68887,,,par (Bosnacki-Dams): dK=3 dL=3 dR=1 To=9 (rule To > dK+dL+dR = 7: listing HOLD) K=9 R=1 R1=1 UD=0 errs=false | TFSTATS execs=59047 blocked=59057 timeline_impossible=0 pruned=68887 | timed: execs=59047 blocked=59057 impossible=0 explored=118104 time=35.272s p1_fails=0 delivered=1589407 duplicates=526522 timeouts=1200675 ackerr=0 msgerr=0 confused=0 gave_up=98418,35.3,140.4,8,4,shared,29.0,32.0,2026-10-01 05:22:53,2026-10-01 05:23:29,"214,215,216,217",/local/sramezani/v8logs/par-016.log,--mode timed --dk 3 --dl 3 --dr 1 --to 9 --messages 9 --retries 1 --keep-going --no-errs --parallel shared
par-039,par,par_timed,"boundary K=6 (3,3,1) To=8 first safe 4c",timed,boundary,2,"hold, execs=78121 blocked=78131 (measured 21.5 s)",finished,0,78121,78131,0,42966,,,par (Bosnacki-Dams): dK=3 dL=3 dR=1 To=8 (rule To > dK+dL+dR = 7: listing HOLD) K=6 R=1 R1=1 UD=0 errs=true | TFSTATS execs=78121 blocked=78131 timeline_impossible=0 pruned=42966 | timed: execs=78121 blocked=78131 impossible=0 explored=156252 time=25.769s p1_fails=0 delivered=1122075 duplicates=441018 timeouts=810895 ackerr=267381 msgerr=267381 confused=0 gave_up=131825,25.8,102.1,8,4,shared,22.0,32.0,2026-10-01 05:23:29,2026-10-01 05:23:55,"214,215,216,217",/local/sramezani/v8logs/par-039.log,--mode timed --dk 3 --dl 3 --dr 1 --to 8 --messages 6 --retries 1 --keep-going --parallel shared
nisshi-061,nisshi,nisshi_txn_timed,T=2 R=4 L=1 U=7 W=1 B=0 shared4,timed,boundary,2,"timed dirty only: measured execs=3472 blocked=899459 dirty=2206 stray=0, ec=0 with --keep-going",finished,0,3472,899459,0,17165,2206,"200000 explored (1084 execs, 198916 blocked)",TFSTATS execs=3472 blocked=899459 timeline_impossible=0 pruned=17165 | timed     fix=None T=2 R=4 L=1 U=7 sd=0 W=1 B=0  execs=3472 blocked=899459 timeouts=3677973 completed_txns=1611352 fatal=0 stray_commits=0 dirty_reads=2206 violations=2206 time=286.85905498s,286.9,1133.3,18,4,shared,230.0,32.0,2026-10-01 05:19:31,2026-10-01 05:24:18,"232,233,234,235",/local/sramezani/v8logs/nisshi-061.log,--mode timed --txns 2 --retries 4 --l 1 --u 7 --w 1 --backoff 0 --keep-going --parallel shared
par-008,par,par_timed,K=6 R=1 To=9 errs 4c,timed,ladder,2,"hold, execs=78121 blocked=78131 (measured 21 s)",finished,0,78121,78131,0,42966,,,par (Bosnacki-Dams): dK=3 dL=3 dR=1 To=9 (rule To > dK+dL+dR = 7: listing HOLD) K=6 R=1 R1=1 UD=0 errs=true | TFSTATS execs=78121 blocked=78131 timeline_impossible=0 pruned=42966 | timed: execs=78121 blocked=78131 impossible=0 explored=156252 time=25.769s p1_fails=0 delivered=1122075 duplicates=441018 timeouts=810894 ackerr=267381 msgerr=267381 confused=0 gave_up=131792,25.8,103.0,4,4,shared,21.0,32.0,2026-10-01 05:23:55,2026-10-01 05:24:21,"214,215,216,217",/local/sramezani/v8logs/par-008.log,--mode timed --dk 3 --dl 3 --dr 1 --to 9 --messages 6 --retries 1 --keep-going --parallel shared
par-014,par,par_timed,no-errs K=8 R=1 To=9 4c,timed,ladder,2,"hold, execs=19681 blocked=19691 (REVIEW measured 7.8 s on 4c)",finished,0,19681,19691,0,22960,,,par (Bosnacki-Dams): dK=3 dL=3 dR=1 To=9 (rule To > dK+dL+dR = 7: listing HOLD) K=8 R=1 R1=1 UD=0 errs=false | TFSTATS execs=19681 blocked=19691 timeline_impossible=0 pruned=22960 | timed: execs=19681 blocked=19691 impossible=0 explored=39372 time=11.014s p1_fails=0 delivered=467476 duplicates=154732 timeouts=358680 ackerr=0 msgerr=0 confused=0 gave_up=32808,11.0,43.8,4,4,shared,8.0,32.0,2026-10-01 05:24:21,2026-10-01 05:24:33,"214,215,216,217",/local/sramezani/v8logs/par-014.log,--mode timed --dk 3 --dl 3 --dr 1 --to 9 --messages 8 --retries 1 --keep-going --no-errs --parallel shared
nisshi-059,nisshi,nisshi_txn_timed,T=2 R=4 L=1 U=6 W=1 B=0 shared4,timed,boundary,2,"timed dirty only: measured execs=2224 blocked=671781 dirty=1746 stray=0, ec=0 with --keep-going",finished,0,2224,671781,0,14615,1746,"100000 explored (504 execs, 99496 blocked)",TFSTATS execs=2224 blocked=671781 timeline_impossible=0 pruned=14615 | timed     fix=None T=2 R=4 L=1 U=6 sd=0 W=1 B=0  execs=2224 blocked=671781 timeouts=2752225 completed_txns=1195768 fatal=0 stray_commits=0 dirty_reads=1746 violations=1746 time=305.661389199s,305.7,942.7,16,4,shared,195.0,32.0,2026-10-01 05:21:04,2026-10-01 05:26:10,"200,205,228,252",/local/sramezani/v8logs/nisshi-059.log,--mode timed --txns 2 --retries 4 --l 1 --u 6 --w 1 --backoff 0 --keep-going --parallel shared
sensor-053,sensor,sensor_network_timed,"T3 row4 R=1 exact: timed random-relevant kg, p8",timed,ladder,2,exit 0 HOLD (paper: success): execs=7680 blocked=18744960 dead=0 (601 s p16; >1200 s p8),finished,0,7680,18744960,0,1416522,,"100000 explored (0 execs, 100000 blocked)",TFSTATS execs=7680 blocked=18744960 timeline_impossible=0 pruned=1416522 | timed     S=2 R=1 readings=random-relevant property=rescue timers=separate cut=on  L=2 U=2 sd=0 P=1 C=4 Ds=4 Dr=7 OBST=1  execs=7680   blocked=18744960 impossible=0      checks_ok=245760 late_reports=122880 sensor_failures=0 missions=110592 acked=36864 rescues=73728 reached=73728 dead=0 time=2041.659341568s,2041.7,15908.1,38,8,partitioned,1800.0,32.0,2026-10-01 04:53:28,2026-10-01 05:27:31,"156,157,158,159,160,161,162,163",/local/sramezani/v8logs/sensor-053.log,--mode timed --table3-row 4 --readings random-relevant --keep-going --parallel partitioned
nisshi-025,nisshi,nisshi_txn_timed,T=16 R=3 L=1 U=5 W=1 B=0 shared4,timed,ladder,2,"hold: ec=0, violations=0; measured execs/blocked=312/149612",finished,0,312,149612,0,10949,0,,TFSTATS execs=312 blocked=149612 timeline_impossible=0 pruned=10949 | timed     fix=None T=16 R=3 L=1 U=5 sd=0 W=1 B=0  execs=312 blocked=149612 timeouts=482387 completed_txns=1477424 fatal=0 stray_commits=0 dirty_reads=0 violations=0 time=192.576332531s,192.6,655.3,42,4,shared,185.0,32.0,2026-10-01 05:24:18,2026-10-01 05:27:31,"232,233,234,235",/local/sramezani/v8logs/nisshi-025.log,--mode timed --txns 16 --retries 3 --l 1 --u 5 --w 1 --backoff 0 --keep-going --parallel shared
nisshi-009,nisshi,nisshi_txn_timed,T=2 R=4 L=1 U=5 W=1 B=0 shared4,timed,ladder,2,"hold: ec=0, violations=0; measured execs/blocked=2224/663807",finished,0,2224,663807,0,14329,0,"100000 explored (332 execs, 99668 blocked)",TFSTATS execs=2224 blocked=663807 timeline_impossible=0 pruned=14329 | timed     fix=None T=2 R=4 L=1 U=5 sd=0 W=1 B=0  execs=2224 blocked=663807 timeouts=2719285 completed_txns=1188318 fatal=0 stray_commits=0 dirty_reads=0 violations=0 time=394.440150262s,394.4,864.6,16,4,shared,190.0,32.0,2026-10-01 05:21:32,2026-10-01 05:28:07,"190,201,209,231",/local/sramezani/v8logs/nisshi-009.log,--mode timed --txns 2 --retries 4 --l 1 --u 5 --w 1 --backoff 0 --keep-going --parallel shared
nisshi-023,nisshi,nisshi_txn_timed,T=8 R=3 L=1 U=5 W=1 B=0 shared4,timed,ladder,2,"hold: ec=0, violations=0; measured execs/blocked=312/86756",finished,0,312,86756,0,5357,0,,TFSTATS execs=312 blocked=86756 timeline_impossible=0 pruned=5357 | timed     fix=None T=8 R=3 L=1 U=5 sd=0 W=1 B=0  execs=312 blocked=86756 timeouts=277043 completed_txns=464920 fatal=0 stray_commits=0 dirty_reads=0 violations=0 time=56.029431091s,56.0,188.0,20,4,shared,55.0,32.0,2026-10-01 05:27:31,2026-10-01 05:28:27,"232,233,234,235",/local/sramezani/v8logs/nisshi-023.log,--mode timed --txns 8 --retries 3 --l 1 --u 5 --w 1 --backoff 0 --keep-going --parallel shared
nisshi-017,nisshi,nisshi_txn_timed,T=16 R=2 L=1 U=5 W=1 B=0 shared4,timed,ladder,2,"hold: ec=0, violations=0; measured execs/blocked=44/13823 (review: 13.3 s with shared on 4 cores)",finished,0,44,13823,0,799,0,,TFSTATS execs=44 blocked=13823 timeline_impossible=0 pruned=799 | timed     fix=None T=16 R=2 L=1 U=5 sd=0 W=1 B=0  execs=44 blocked=13823 timeouts=29296 completed_txns=125296 fatal=0 stray_commits=0 dirty_reads=0 violations=0 time=24.526992885s,24.5,55.7,4,4,shared,20.0,32.0,2026-10-01 05:28:07,2026-10-01 05:28:32,"190,201,209,231",/local/sramezani/v8logs/nisshi-017.log,--mode timed --txns 16 --retries 2 --l 1 --u 5 --w 1 --backoff 0 --keep-going --parallel shared
nisshi-019,nisshi,nisshi_txn_timed,T=32 R=2 L=1 U=5 W=1 B=0 shared4,timed,ladder,2,"hold: ec=0, violations=0; measured execs/blocked=44/26639",finished,0,44,26639,0,1615,0,,TFSTATS execs=44 blocked=26639 timeline_impossible=0 pruned=1615 | timed     fix=None T=32 R=2 L=1 U=5 sd=0 W=1 B=0  execs=44 blocked=26639 timeouts=56560 completed_txns=468704 fatal=0 stray_commits=0 dirty_reads=0 violations=0 time=223.036804479s,223.0,223.0,14,4,shared,80.0,32.0,2026-10-01 05:26:10,2026-10-01 05:29:54,"200,205,228,252",/local/sramezani/v8logs/nisshi-019.log,--mode timed --txns 32 --retries 2 --l 1 --u 5 --w 1 --backoff 0 --keep-going --parallel shared
nisshi-063,nisshi,nisshi_txn_timed,T=2 R=4 L=1 U=8 W=1 B=0 shared4,timed,boundary,2,"timed stray+dirty: measured execs=6544 blocked=1438139 stray=6860 dirty=10290, ec=0 with --keep-going",finished,0,6544,1438139,0,23747,17150,"300000 explored (1646 execs, 298354 blocked)",TFSTATS execs=6544 blocked=1438139 timeline_impossible=0 pruned=23747 | timed     fix=None T=2 R=4 L=1 U=8 sd=0 W=1 B=0  execs=6544 blocked=1438139 timeouts=5871063 completed_txns=2572220 fatal=0 stray_commits=6860 dirty_reads=10290 violations=17150 time=1255.858058547s,1255.9,2506.0,18,4,shared,370.0,32.0,2026-10-01 05:09:26,2026-10-01 05:30:23,"238,198,241,242",/local/sramezani/v8logs/nisshi-063.log,--mode timed --txns 2 --retries 4 --l 1 --u 8 --w 1 --backoff 0 --keep-going --parallel shared
ct-011,ct,chandra_toueg_timed,D2 P4 to=13 H=28 kg w7,timed,ladder,2,"HOLDS W*=12; execs about 0.18M, explored about 4e7",finished,0,179646,40550528,0,1793227,0,"6900000 explored (0 execs, 6900000 blocked)","TFSTATS execs=179646 blocked=40550528 timeline_impossible=0 pruned=1793227 | timed    enc=buffer control=none delta=2 phi=4 to=13 H=28  execs=179646 blocked=40550528 impossible=0 explored=40730174 completed=179646 violations=0 W*=12 (attained by 3878) steps=[6,28] receives=[2,9] deliveries=[1,9] sent=[9,9] guard_seq_events=22716675 guard_done_events=4373669 verdict=HOLDS time=9063.877681296s",9063.9,55544.0,32,7,shared --workers 7,8000.0,32.0,2026-10-01 03:04:49,2026-10-01 05:35:54,"218,219,220,221,222,223,224",/local/sramezani/v8logs/ct-011.log,--mode timed --delta 2 --phi 4 --to 13 --horizon 28 --keep-going --workers 7
ct-018,ct,chandra_toueg_timed,boundary D1 P4 H=26 (R_diam) to=13 (thr) kg w7,timed,boundary,2,HOLDS W*=12 (W*+1=13=TLC thr); execs=70647 blocked=12559125,finished,0,70647,12559125,0,555349,0,"1700000 explored (11301 execs, 1688699 blocked)","TFSTATS execs=70647 blocked=12559125 timeline_impossible=0 pruned=555349 | timed    enc=buffer control=none delta=1 phi=4 to=13 H=26  execs=70647 blocked=12559125 impossible=0 explored=12629772 completed=70647 violations=0 W*=12 (attained by 1238) steps=[6,26] receives=[2,9] deliveries=[1,8] sent=[8,8] guard_seq_events=6530870 guard_done_events=1046806 verdict=HOLDS time=3305.805973932s",3305.8,18264.2,24,7,shared --workers 7,1600.0,32.0,2026-10-01 04:43:51,2026-10-01 05:38:57,"225,226,227,196,199,202,247",/local/sramezani/v8logs/ct-018.log,--mode timed --delta 1 --phi 4 --to 13 --horizon 26 --keep-going --workers 7
lease-088,lease,lease_timed,C=3 R=3 fenced (rounds ladder),baseline,ceiling,3,hold,finished,0,250047000,986872656,0,0,0,"154200000 explored (31697910 execs, 122502090 blocked)",TFSTATS execs=250047000 blocked=986872656 timeline_impossible=0 pruned=0 | baseline   C=3 R=3 fencing=on  L=0 U=2 TTL=10 PAUSE=4 sd=1  execs=250047000 blocked=986872656 grants=11022019416 expired=8841362640 released=2180656776 applied=7067695584 stale=3253578936 violations=0      time=41861.664128633s,41861.7,318086.0,28,8,shared,500000.0,32.0,2026-09-30 18:11:03,2026-10-01 05:48:46,"52,53,54,55,56,57,58,59",/local/sramezani/v8logs/lease-088.log,--clients 3 --rounds 3 --mode baseline --u 2 --l-ratio 0 --sd-ratio 0.5 --ttl-ratio 5 --fencing on --pause-ratio 2 --keep-going --parallel shared
sensor-051,sensor,sensor_network_timed,"published model, P=3 (7 readings/sensor), S=2 R=1 danger, both properties, kg, p8 (REVIEW: top of PUB ladder)",timed,ladder,2,exit 0 HOLD: execs=128 blocked=4022465 sf=0 dead=0 (580 s p4; p4 = p8 at P=5),finished,0,128,4022465,0,41814,,,TFSTATS execs=128 blocked=4022465 timeline_impossible=0 pruned=41814 | timed     S=2 R=1 readings=danger property=both timers=self cut=on  L=1 U=1 sd=0 P=3 C=15 Ds=5 Dr=5 OBST=1  execs=128    blocked=4022465 impossible=0      checks_ok=1024 late_reports=0 sensor_failures=0 missions=512 acked=512 rescues=0 reached=0 dead=0 time=723.185950172s,723.2,3219.7,6,8,partitioned,600.0,32.0,2026-10-01 05:38:57,2026-10-01 05:51:01,"196,198,199,202,238,241,242,247",/local/sramezani/v8logs/sensor-051.log,--mode timed --period-ratio 3 --keep-going --parallel partitioned
sensor-045,sensor,sensor_network_timed,"published timers, sensor property, S=2 R=4 kg, p8",timed,ladder,2,"exit 0 HOLD: execs=256 blocked=21143141 sf=0 (1040 s p8, 472 s p15, >1200 s p4)",finished,0,256,21143141,0,155705,,,TFSTATS execs=256 blocked=21143141 timeline_impossible=0 pruned=155705 | timed     S=2 R=4 readings=safe property=sensor timers=self cut=on  L=1 U=1 sd=0 P=10 C=15 Ds=5 Dr=5 OBST=1  execs=256    blocked=21143141 impossible=0      checks_ok=8192 late_reports=0 sensor_failures=0 missions=0 acked=0 rescues=0 reached=0 dead=0 time=1534.936268353s,1534.9,11454.8,26,8,partitioned,1250.0,32.0,2026-10-01 05:27:31,2026-10-01 05:53:07,"156,157,158,159,160,161,162,163",/local/sramezani/v8logs/sensor-045.log,--mode timed --readings safe --property sensor --rounds 4 --keep-going --parallel partitioned
sensor-043,sensor,sensor_network_timed,"T3 row1 Listing 6 verbatim (random) S=2 R=1 kg, p8",timed,ladder,2,exit 0 FIRE counted: execs=3328 blocked=5006656 dead=12288 (219 s p8),finished,0,3328,5006656,0,254882,,,TFSTATS execs=3328 blocked=5006656 timeline_impossible=0 pruned=254882 | timed     S=2 R=1 readings=random property=rescue timers=separate cut=on  L=1 U=1 sd=0 P=2/3 C=4 Ds=2 Dr=3 OBST=1  execs=3328   blocked=5006656 impossible=0      checks_ok=106496 late_reports=26624 sensor_failures=0 missions=49152 acked=12288 rescues=36864 reached=24576 dead=12288 time=380.911405647s,380.9,2427.6,6,8,partitioned,260.0,32.0,2026-10-01 05:51:01,2026-10-01 05:57:23,"56,57,58,59,196,198,199,202",/local/sramezani/v8logs/sensor-043.log,--mode timed --table3-row 1 --keep-going --parallel partitioned
sensor-050,sensor,sensor_network_timed,"published model, 1 sensor, R=2 danger both, kg, p8",baseline,ladder,2,exit 0 SPURIOUS: execs=1130976 blocked=12216961 sf=2336448 dead=4176248 (220 s p8),finished,0,1130976,12216961,0,0,,,TFSTATS execs=1130976 blocked=12216961 timeline_impossible=0 pruned=0 | baseline  S=1 R=2 readings=danger property=both timers=self cut=on  L=1 U=1 sd=0 P=10 C=15 Ds=5 Dr=5 OBST=1  execs=1130976 blocked=12216961 impossible=0      checks_ok=6711360 late_reports=6260536 sensor_failures=2336448 missions=9041612 acked=484340 rescues=8557272 reached=4381024 dead=4176248 time=364.77587478s,364.8,2210.2,38,8,partitioned,260.0,32.0,2026-10-01 05:53:07,2026-10-01 05:59:13,"156,157,158,159,160,161,162,163",/local/sramezani/v8logs/sensor-050.log,--mode baseline --sensors 1 --rounds 2 --keep-going --parallel partitioned
sensor-049,sensor,sensor_network_timed,"published model, 1 sensor, R=2 danger both, kg, p8",timed,ladder,2,exit 0 HOLD: execs=1 blocked=109334 (31.8 s seq),finished,0,1,109334,0,14832,,,TFSTATS execs=1 blocked=109334 timeline_impossible=0 pruned=14832 | timed     S=1 R=2 readings=danger property=both timers=self cut=on  L=1 U=1 sd=0 P=10 C=15 Ds=5 Dr=5 OBST=1  execs=1      blocked=109334 impossible=0      checks_ok=8 late_reports=0 sensor_failures=0 missions=8 acked=8 rescues=0 reached=0 dead=0 time=40.424098741s,40.4,65.0,2,8,partitioned,25.0,32.0,2026-10-01 05:59:13,2026-10-01 05:59:54,"156,157,158,159,160,161,162,163",/local/sramezani/v8logs/sensor-049.log,--mode timed --sensors 1 --rounds 2 --keep-going --parallel partitioned
ct-012,ct,chandra_toueg_timed,D2 P4 to=13 H=28 kg w7,baseline,ladder,2,"VIOLATED spurious: violations=45064 of execs=1058134, blocked=18845188 (counts measured at w8, 359 s)",finished,0,1058134,18845188,0,0,45064,"2800000 explored (145547 execs, 2654453 blocked)","TFSTATS execs=1058134 blocked=18845188 timeline_impossible=0 pruned=0 | baseline enc=buffer control=none delta=2 phi=4 to=13 H=28  execs=1058134 blocked=18845188 impossible=0 explored=19903322 completed=1058134 violations=45064 W*=13 (attained by 45064) steps=[0,28] receives=[0,9] deliveries=[0,9] sent=[9,9] guard_seq_events=8970570 guard_done_events=1947747 verdict=VIOLATED time=702.375531196s",702.4,4596.0,26,7,shared --workers 7,500.0,32.0,2026-10-01 05:48:46,2026-10-01 06:00:29,"225,226,227,52,53,54,55",/local/sramezani/v8logs/ct-012.log,--mode baseline --delta 2 --phi 4 --to 13 --horizon 28 --keep-going --workers 7
abp-021,abp,alternating_bit_timed,abp K=2 R=10 W=3,timed,ladder,2,hold; execs ~12574725 = (3+1/1023)*2047^2; biggest timed R cell,finished,0,12574722,12578820,0,18839607,,"25100000 explored (12550001 execs, 12549999 blocked)",TFSTATS execs=12574722 blocked=12578820 timeline_impossible=0 pruned=18839607 | timed     variant=abp K=2 R=10  L=0 U=1 sd=0 W=3 dR=0 (2U+2sd+dR=2)  execs=12574722 blocked=12578820 delivered=87945297 dups=382588043 timeouts=800808099 stale=0      confused=0      completed=14662661 gave_up=16778239 end_checks=6284290 p1_fails=0    p2_fails=0    time=58570.064365686s,58570.1,58568.0,4,1,none,33000.0,32.0,2026-09-30 13:44:27,2026-10-01 06:00:37,208,/local/sramezani/v8logs/abp-021.log,--mode timed --variant abp --messages 2 --retries 10 --w-ratio 3
sensor-047,sensor,sensor_network_timed,"T3 row4 (paper success) danger S=2 R=1 kg, p8",timed,ladder,2,exit 0 HOLD: execs=576 blocked=2316593 dead=0 (161 s p8),finished,0,576,2316593,0,166899,,,TFSTATS execs=576 blocked=2316593 timeline_impossible=0 pruned=166899 | timed     S=2 R=1 readings=danger property=rescue timers=separate cut=on  L=2 U=2 sd=0 P=1 C=4 Ds=4 Dr=7 OBST=1  execs=576    blocked=2316593 impossible=0      checks_ok=18432 late_reports=9216 sensor_failures=0 missions=9216 acked=3072 rescues=6144 reached=6144 dead=0 time=263.13477457s,263.1,1702.3,6,8,partitioned,190.0,32.0,2026-10-01 05:57:23,2026-10-01 06:01:47,"56,57,58,59,196,198,199,202",/local/sramezani/v8logs/sensor-047.log,--mode timed --table3-row 4 --readings danger --keep-going --parallel partitioned
ct-023,ct,chandra_toueg_timed,boundary D3 P4 H=24 (R_diam) to=15 (thr) kg w7,baseline,boundary,2,"VIOLATED spurious: violations=4377 of execs=228501, blocked=4176364 (REVIEW: measured 70.3 s at w7)",finished,0,228501,4176364,0,0,4377,"600000 explored (32598 execs, 567402 blocked)","TFSTATS execs=228501 blocked=4176364 timeline_impossible=0 pruned=0 | baseline enc=buffer control=none delta=3 phi=4 to=15 H=24  execs=228501 blocked=4176364 impossible=0 explored=4404865 completed=228501 violations=4377 W*=15 (attained by 4377) steps=[0,24] receives=[0,8] deliveries=[0,8] sent=[8,8] guard_seq_events=1941079 guard_done_events=446317 verdict=VIOLATED time=152.670286728s",152.7,982.1,20,7,shared --workers 7,90.0,32.0,2026-10-01 06:01:47,2026-10-01 06:04:20,"56,57,58,59,196,198,199",/local/sramezani/v8logs/ct-023.log,--mode baseline --delta 3 --phi 4 --to 15 --horizon 24 --keep-going --workers 7
ct-019,ct,chandra_toueg_timed,boundary D1 P4 H=26 (R_diam) to=13 (thr) kg w7,baseline,boundary,2,"VIOLATED spurious: violations=14520 of execs=369499, blocked=6257367",finished,0,369499,6257367,0,0,14520,"1000000 explored (50311 execs, 949689 blocked)","TFSTATS execs=369499 blocked=6257367 timeline_impossible=0 pruned=0 | baseline enc=buffer control=none delta=1 phi=4 to=13 H=26  execs=369499 blocked=6257367 impossible=0 explored=6626866 completed=369499 violations=14520 W*=13 (attained by 14520) steps=[0,26] receives=[0,9] deliveries=[0,8] sent=[8,8] guard_seq_events=2663842 guard_done_events=697789 verdict=VIOLATED time=244.71460915s",244.7,1579.1,24,7,shared --workers 7,130.0,32.0,2026-10-01 06:00:29,2026-10-01 06:04:35,"225,226,227,52,53,54,55",/local/sramezani/v8logs/ct-019.log,--mode baseline --delta 1 --phi 4 --to 13 --horizon 26 --keep-going --workers 7
stp-003,stp,spanning_tree_timed,"lost-hellos R=14 MA=3 Fd=26 (tight hold, bound MA+Fd<=28)",timed,headline,1,"hold exit 0, violations=0, execs ~18.6M, reverted>0",finished,0,18104409,52702478,0,0,0,"70800000 explored (18104409 execs, 52695591 blocked)",TFSTATS execs=18104409 blocked=52702478 timeline_impossible=0 pruned=0 | timed     scenario=lost-hellos R=14 K=0  L=0 U=1 sd=0 H=2 MA=3 Fd=26  execs=18104409 blocked=52702478 lost=0 refreshed=79199820 aged_out=111154353 reverted=76376028 loop_reopened=0 violations=0 time=58864.397102846s,58864.4,58862.4,6,1,none,66000.0,32.0,2026-09-30 13:44:27,2026-10-01 06:05:32,240,/local/sramezani/v8logs/stp-003.log,--mode timed --scenario lost-hellos --keep-going --rounds 14 --forward-delay-ratio 26
ct-022,ct,chandra_toueg_timed,boundary D3 P4 H=24 (R_diam) to=15 (thr) kg w7,timed,boundary,2,HOLDS W*=14 (W*+1=15=TLC thr); execs=49772 blocked=9817843,finished,0,49772,9817843,0,457480,0,"1300000 explored (8467 execs, 1291533 blocked)","TFSTATS execs=49772 blocked=9817843 timeline_impossible=0 pruned=457480 | timed    enc=buffer control=none delta=3 phi=4 to=15 H=24  execs=49772 blocked=9817843 impossible=0 explored=9867615 completed=49772 violations=0 W*=14 (attained by 288) steps=[5,24] receives=[2,8] deliveries=[0,8] sent=[8,8] guard_seq_events=5369563 guard_done_events=1095250 verdict=HOLDS time=1793.822645962s",1793.8,10756.6,22,7,shared --workers 7,1400.0,32.0,2026-10-01 05:35:54,2026-10-01 06:05:48,"218,219,220,221,222,223,224",/local/sramezani/v8logs/ct-022.log,--mode timed --delta 3 --phi 4 --to 15 --horizon 24 --keep-going --workers 7
swim-081,swim,swim_timed,L1 N=3 R=9 Ws=6,baseline,ladder,3,"FIRE: violations>0, exit 0 (keep-going); identical to L0 baseline",finished,0,3644106,60592984,0,0,24912439,"7800000 explored (476928 execs, 7323072 blocked)",TFSTATS execs=3644106 blocked=60592984 timeline_impossible=0 pruned=0 | baseline   N=3 R=9  L=1 U=2 Wp=2 Ws=6 sd=1  execs=3644106 blocked=60592984 acks=103923900 suspects=436023822 refuted=453801734 dead=24912439 violations=24912439 time=2785.646415965s,2785.6,10519.1,25,8,shared,2587.0,32.0,2026-10-01 05:29:54,2026-10-01 06:16:21,"120,121,155,200,205,228,252,254",/local/sramezani/v8logs/swim-081.log,--mode baseline --nodes 3 --rounds 9 --u 2 --sd-ratio 0.5 --w-probe-ratio 1 --l-ratio 0.5 --w-suspect-ratio 3.0 --keep-going --parallel shared
stp-011,stp,spanning_tree_timed,"lost-hellos L=U=1 R=15 MA=3 Fd=26 (tight hold, bound MA+Fd<=28)",timed,ladder,2,"hold exit 0, violations=0, execs=3^R=14348907, reverted>0",finished,0,14348907,71875611,0,0,0,"86200000 explored (14348907 execs, 71851093 blocked)",TFSTATS execs=14348907 blocked=71875611 timeline_impossible=0 pruned=0 | timed     scenario=lost-hellos R=15 K=0  L=1 U=1 sd=0 H=2 MA=3 Fd=26  execs=14348907 blocked=71875611 lost=0 refreshed=14299755 aged_out=28615894 reverted=7125303 loop_reopened=0 violations=0 time=52547.507115081s,52547.5,52547.0,7,1,none,51000.0,32.0,2026-09-30 16:00:45,2026-10-01 06:36:33,253,/local/sramezani/v8logs/stp-011.log,--mode timed --scenario lost-hellos --keep-going --rounds 15 --l-ratio 1 --forward-delay-ratio 26
lease-040,lease,lease_timed,fenced E PAUSE=10 C=6 R=1,baseline,ladder,2,"hold: execs=97297200, ~1.5e9 explored (~50x timed); count-identical to fenced A C6 baseline, first to drop if share is tight",finished,0,97297200,1397595344,0,0,0,"171800000 explored (12614839 execs, 159185161 blocked)",TFSTATS execs=97297200 blocked=1397595344 timeline_impossible=0 pruned=0 | baseline   C=6 R=1 fencing=on  L=2 U=2 TTL=10 PAUSE=10 sd=0  execs=97297200 blocked=1397595344 grants=8969149440 expired=7997771520 released=971377920 applied=3885511680 stale=4146785280 violations=0      time=60744.072175352s,60744.1,312071.9,34,8,shared,65000.0,32.0,2026-09-30 13:44:27,2026-10-01 06:36:52,"68,69,70,71,72,73,74,75",/local/sramezani/v8logs/lease-040.log,--clients 6 --rounds 1 --mode baseline --u 2 --l-ratio 1 --sd-ratio 0 --ttl-ratio 5 --fencing on --pause-ratio 5 --parallel shared
swim-032,swim,swim_timed,L1 N=8 R=1 Ws=6,timed,ladder,2,"hold: violations=0, exit 0",finished,0,730,34901414,0,3990,0,"34900000 explored (730 execs, 34899270 blocked)",TFSTATS execs=730 blocked=34901414 timeline_impossible=0 pruned=3990 | timed      N=8 R=1  L=1 U=2 Wp=2 Ws=6 sd=1  execs=730    blocked=34901414 acks=8192   suspects=33820672 refuted=59703296 dead=0      violations=0      time=60835.237267359s,60835.2,60834.7,2,1,none,38418.0,32.0,2026-09-30 13:44:28,2026-10-01 06:38:24,118,/local/sramezani/v8logs/swim-032.log,--mode timed --nodes 8 --rounds 1 --u 2 --sd-ratio 0.5 --w-probe-ratio 1 --l-ratio 0.5 --w-suspect-ratio 3.0 --keep-going
sensor-046,sensor,sensor_network_timed,"published timers, sensor property, S=2 R=4 kg, p8",baseline,ladder,2,exit 0 SPURIOUS sf>0; pred 0.64-1.07B explored at ~66k/s p8 (9.7-16k s),finished,0,62355150,1001174733,0,0,,,TFSTATS execs=62355150 blocked=1001174733 timeline_impossible=0 pruned=0 | baseline  S=2 R=4 readings=safe property=sensor timers=self cut=on  L=1 U=1 sd=0 P=10 C=15 Ds=5 Dr=5 OBST=1  execs=62355150 blocked=1001174733 impossible=0      checks_ok=1330243200 late_reports=1130706720 sensor_failures=665121600 missions=0 acked=0 rescues=0 reached=0 dead=0 time=16852.705241104s,16852.8,132682.2,4092,8,partitioned,14000.0,32.0,2026-10-01 02:14:39,2026-10-01 06:55:34,"4,5,6,7,8,9,10,11",/local/sramezani/v8logs/sensor-046.log,--mode baseline --readings safe --property sensor --rounds 4 --keep-going --parallel partitioned
swim-082,swim,swim_timed,L1 N=3 R=10 Ws=6,baseline,ladder,3,"FIRE: violations>0, exit 0 (keep-going); identical to L0 baseline, skippable",finished,0,18482674,305848482,0,0,127970073,"39400000 explored (2469760 execs, 36930240 blocked)",TFSTATS execs=18482674 blocked=305848482 timeline_impossible=0 pruned=0 | baseline   N=3 R=10  L=1 U=2 Wp=2 Ws=6 sd=1  execs=18482674 blocked=305848482 acks=590235410 suspects=2460048700 refuted=2558288042 dead=127970073 violations=127970073 time=13202.80909163s,13202.8,66500.6,27,8,shared,14125.0,32.0,2026-10-01 03:21:16,2026-10-01 07:01:20,"92,93,108,109,112,113,114,119",/local/sramezani/v8logs/swim-082.log,--mode baseline --nodes 3 --rounds 10 --u 2 --sd-ratio 0.5 --w-probe-ratio 1 --l-ratio 0.5 --w-suspect-ratio 3.0 --keep-going --parallel shared
swim-071,swim,swim_timed,L1 N=4 R=5 Ws=6,baseline,ladder,3,"FIRE: violations>0, exit 0 (keep-going); identical to L0 baseline, skippable",finished,0,4294256,152308770,0,0,94819803,"7500000 explored (351019 execs, 7148981 blocked)",TFSTATS execs=4294256 blocked=152308770 timeline_impossible=0 pruned=0 | baseline   N=4 R=5  L=1 U=2 Wp=2 Ws=6 sd=1  execs=4294256 blocked=152308770 acks=39178306 suspects=692066744 refuted=790449906 dead=94819803 violations=94819803 time=14042.251546603s,14042.2,25187.2,8,8,shared,18171.0,32.0,2026-10-01 03:20:34,2026-10-01 07:14:36,"84,85,86,87,88,89,90,91",/local/sramezani/v8logs/swim-071.log,--mode baseline --nodes 4 --rounds 5 --u 2 --sd-ratio 0.5 --w-probe-ratio 1 --l-ratio 0.5 --w-suspect-ratio 3.0 --keep-going --parallel shared
sensor-062,sensor,sensor_network_timed,"published timers, sensor property, S=2 R=5 kg, p8 (top of timed ladder)",timed,ladder,2,exit 0 HOLD; pred 250-420M explored at 20-25k/s p8 (10-21k s),finished,0,512,184913765,0,813270,,"100000 explored (0 execs, 100000 blocked)",TFSTATS execs=512 blocked=184913765 timeline_impossible=0 pruned=813270 | timed     S=2 R=5 readings=safe property=sensor timers=self cut=on  L=1 U=1 sd=0 P=10 C=15 Ds=5 Dr=5 OBST=1  execs=512    blocked=184913765 impossible=0      checks_ok=20480 late_reports=0 sensor_failures=0 missions=0 acked=0 rescues=0 reached=0 dead=0 time=18527.221706325s,18527.2,103087.3,202,8,partitioned,15000.0,32.0,2026-10-01 02:08:23,2026-10-01 07:17:11,"192,193,194,197,206,230,245,249",/local/sramezani/v8logs/sensor-062.log,--mode timed --readings safe --property sensor --rounds 5 --keep-going --parallel partitioned
swim-028,swim,swim_timed,L1 N=4 R=5 Ws=6,timed,ladder,2,"hold: violations=0, exit 0 (REVIEW: pred 55346 -> 65000)",finished,0,100000,77992184,0,986534,0,"5600000 explored (8936 execs, 5591064 blocked)",TFSTATS execs=100000 blocked=77992184 timeline_impossible=0 pruned=986534 | timed      N=4 R=5  L=1 U=2 Wp=2 Ws=6 sd=1  execs=100000 blocked=77992184 acks=21222966 suspects=345505138 refuted=396010104 dead=0      violations=0      time=63679.897599495s,63679.9,122118.5,20,8,shared,65000.0,32.0,2026-09-30 14:15:36,2026-10-01 07:56:57,"102,103,104,105,106,107,115,116",/local/sramezani/v8logs/swim-028.log,--mode timed --nodes 4 --rounds 5 --u 2 --sd-ratio 0.5 --w-probe-ratio 1 --l-ratio 0.5 --w-suspect-ratio 3.0 --keep-going --parallel shared
sensor-054,sensor,sensor_network_timed,"T3 row4 R=1: baseline random (random-relevant refused), no keep-going, p8",baseline,ladder,2,exit 101 SPURIOUS FIRE; not found in 900 s seq nor 1200 s p4 (drop-first order); may DNF,finished (assertion failed: FIRE),101,,,,,,"100000 explored (0 execs, 100000 blocked)",,15278.8,57067.2,936,8,partitioned,6000.0,32.0,2026-10-01 03:43:03,2026-10-01 07:57:43,"60,61,62,63,64,65,66,67",/local/sramezani/v8logs/sensor-054.log,--mode baseline --table3-row 4 --parallel partitioned
swim-033,swim,swim_timed,L1 N=5 R=3 Ws=6,timed,ladder,2,"hold: violations=0, exit 0 (REVIEW: pred 38590 -> 58500, E about 52M)",finished,0,21952,46939152,0,325310,0,"46900000 explored (21952 execs, 46878048 blocked)",TFSTATS execs=21952 blocked=46939152 timeline_impossible=0 pruned=325310 | timed      N=5 R=3  L=1 U=2 Wp=2 Ws=6 sd=1  execs=21952  blocked=46939152 acks=1995238 suspects=130010018 refuted=167666117 dead=0      violations=0      time=66614.70841763s,66614.7,66612.3,2,1,none,58500.0,32.0,2026-09-30 13:44:28,2026-10-01 08:14:43,117,/local/sramezani/v8logs/swim-033.log,--mode timed --nodes 5 --rounds 3 --u 2 --sd-ratio 0.5 --w-probe-ratio 1 --l-ratio 0.5 --w-suspect-ratio 3.0 --keep-going
par-041,par,par_timed,K=4 R=2 To=9 errs 4c (retry dimension),baseline,ceiling,3,"spurious violations; >1200 s on 8c measured, explored >7e7; pred 1-6 h, uncertain",finished,0,197941403,198695513,0,0,,"108600000 explored (54225676 execs, 54374324 blocked)",TFSTATS execs=197941403 blocked=198695513 timeline_impossible=0 pruned=0 | baseline: execs=197941403 blocked=198695513 impossible=0 explored=396636916 time=15883.862s p1_fails=754092 delivered=1521999842 duplicates=1564966940 timeouts=2504121478 ackerr=757944724 msgerr=741475704 confused=343890850 gave_up=275302942 | VIOLATION: P1 (assert(mr == me)) failed in some explored execution,15883.9,32453.4,16,4,shared,16000.0,32.0,2026-10-01 05:28:32,2026-10-01 09:53:16,"190,201,209,231",/local/sramezani/v8logs/par-041.log,--mode baseline --dk 3 --dl 3 --dr 1 --to 9 --messages 4 --retries 2 --keep-going --parallel shared
