protocol,N,rounds,cell,side,variant,execs,block,extra,violations,verdict,expected,wall_s,cpu_s,rss_mb,workers,started,finished,cmd
lease_timed,2,1,U=1 L=0 sd=0 TTL=8 pause=5 fence=off,baseline,boundary,,,,,FIRE,FIRE,0.1,0.0,4,2,2026-09-14 13:06:27,2026-09-14 13:06:27,lease_timed --clients 2 --rounds 1 --u 1 --l-ratio 0.0 --sd-ratio 0.0 --ttl-ratio 8.0 --pause-ratio 5.0 --fencing off --mode baseline
lease_timed,2,1,U=1 L=0 sd=0 TTL=6 pause=4 fence=on,baseline,boundary,12,0,,0,hold,hold,0.1,0.0,4,2,2026-09-14 13:06:27,2026-09-14 13:06:27,lease_timed --clients 2 --rounds 1 --u 1 --l-ratio 0.0 --sd-ratio 0.0 --ttl-ratio 6.0 --pause-ratio 4.0 --fencing on --mode baseline
lease_timed,2,1,U=1 L=0 sd=0 TTL=10 pause=8 fence=on,baseline,boundary,12,0,,0,hold,hold,0.0,0.0,4,2,2026-09-14 13:06:27,2026-09-14 13:06:27,lease_timed --clients 2 --rounds 1 --u 1 --l-ratio 0.0 --sd-ratio 0.0 --ttl-ratio 10.0 --pause-ratio 8.0 --fencing on --mode baseline
lease_timed,2,1,U=1 L=0 sd=0 TTL=6 pause=4 fence=off,baseline,boundary,,,,,FIRE,FIRE,0.1,0.0,4,2,2026-09-14 13:06:27,2026-09-14 13:06:27,lease_timed --clients 2 --rounds 1 --u 1 --l-ratio 0.0 --sd-ratio 0.0 --ttl-ratio 6.0 --pause-ratio 4.0 --fencing off --mode baseline
lease_timed,2,1,U=1 L=0 sd=0 TTL=10 pause=7 fence=off,baseline,boundary,,,,,FIRE,FIRE,0.0,0.0,4,2,2026-09-14 13:06:27,2026-09-14 13:06:27,lease_timed --clients 2 --rounds 1 --u 1 --l-ratio 0.0 --sd-ratio 0.0 --ttl-ratio 10.0 --pause-ratio 7.0 --fencing off --mode baseline
lease_timed,2,1,U=1 L=0 sd=0 TTL=8 pause=6 fence=on,baseline,boundary,12,0,,0,hold,hold,0.1,0.0,4,2,2026-09-14 13:06:27,2026-09-14 13:06:27,lease_timed --clients 2 --rounds 1 --u 1 --l-ratio 0.0 --sd-ratio 0.0 --ttl-ratio 8.0 --pause-ratio 6.0 --fencing on --mode baseline
lease_timed,2,1,U=1 L=0 sd=0 TTL=6 pause=3 fence=off,baseline,boundary,,,,,FIRE,FIRE,0.1,0.0,4,2,2026-09-14 13:06:27,2026-09-14 13:06:27,lease_timed --clients 2 --rounds 1 --u 1 --l-ratio 0.0 --sd-ratio 0.0 --ttl-ratio 6.0 --pause-ratio 3.0 --fencing off --mode baseline
lease_timed,2,1,U=1 L=0 sd=0 TTL=8 pause=6 fence=off,baseline,boundary,,,,,FIRE,FIRE,0.1,0.0,4,2,2026-09-14 13:06:27,2026-09-14 13:06:27,lease_timed --clients 2 --rounds 1 --u 1 --l-ratio 0.0 --sd-ratio 0.0 --ttl-ratio 8.0 --pause-ratio 6.0 --fencing off --mode baseline
lease_timed,2,1,U=1 L=0 sd=0 TTL=12 pause=10 fence=off,baseline,boundary,,,,,FIRE,FIRE,0.0,0.0,4,2,2026-09-14 13:06:27,2026-09-14 13:06:27,lease_timed --clients 2 --rounds 1 --u 1 --l-ratio 0.0 --sd-ratio 0.0 --ttl-ratio 12.0 --pause-ratio 10.0 --fencing off --mode baseline
lease_timed,2,1,U=1 L=0 sd=1 TTL=6 pause=2 fence=off,baseline,boundary,,,,,FIRE,FIRE,0.1,0.0,4,2,2026-09-14 13:06:27,2026-09-14 13:06:27,lease_timed --clients 2 --rounds 1 --u 1 --l-ratio 0.0 --sd-ratio 1.0 --ttl-ratio 6.0 --pause-ratio 2.0 --fencing off --mode baseline
lease_timed,2,1,U=1 L=0 sd=0 TTL=10 pause=8 fence=off,baseline,boundary,,,,,FIRE,FIRE,0.1,0.0,4,2,2026-09-14 13:06:27,2026-09-14 13:06:27,lease_timed --clients 2 --rounds 1 --u 1 --l-ratio 0.0 --sd-ratio 0.0 --ttl-ratio 10.0 --pause-ratio 8.0 --fencing off --mode baseline
lease_timed,2,1,U=1 L=0 sd=0 TTL=12 pause=10 fence=on,baseline,boundary,12,0,,0,hold,hold,0.1,0.0,4,2,2026-09-14 13:06:27,2026-09-14 13:06:27,lease_timed --clients 2 --rounds 1 --u 1 --l-ratio 0.0 --sd-ratio 0.0 --ttl-ratio 12.0 --pause-ratio 10.0 --fencing on --mode baseline
lease_timed,2,1,U=1 L=0 sd=1 TTL=6 pause=1 fence=off,baseline,boundary,,,,,FIRE,FIRE,0.0,0.0,4,2,2026-09-14 13:06:27,2026-09-14 13:06:27,lease_timed --clients 2 --rounds 1 --u 1 --l-ratio 0.0 --sd-ratio 1.0 --ttl-ratio 6.0 --pause-ratio 1.0 --fencing off --mode baseline
lease_timed,2,1,U=1 L=0 sd=0 TTL=12 pause=9 fence=off,baseline,boundary,,,,,FIRE,FIRE,0.1,0.0,4,2,2026-09-14 13:06:27,2026-09-14 13:06:27,lease_timed --clients 2 --rounds 1 --u 1 --l-ratio 0.0 --sd-ratio 0.0 --ttl-ratio 12.0 --pause-ratio 9.0 --fencing off --mode baseline
lease_timed,2,1,U=1 L=0 sd=1 TTL=8 pause=4 fence=off,baseline,boundary,,,,,FIRE,FIRE,0.0,0.0,4,2,2026-09-14 13:06:27,2026-09-14 13:06:27,lease_timed --clients 2 --rounds 1 --u 1 --l-ratio 0.0 --sd-ratio 1.0 --ttl-ratio 8.0 --pause-ratio 4.0 --fencing off --mode baseline
lease_timed,2,1,U=1 L=0 sd=1 TTL=8 pause=4 fence=on,baseline,boundary,12,0,,0,hold,hold,0.0,0.0,4,2,2026-09-14 13:06:27,2026-09-14 13:06:27,lease_timed --clients 2 --rounds 1 --u 1 --l-ratio 0.0 --sd-ratio 1.0 --ttl-ratio 8.0 --pause-ratio 4.0 --fencing on --mode baseline
lease_timed,2,1,U=1 L=0 sd=1 TTL=8 pause=3 fence=off,baseline,boundary,,,,,FIRE,FIRE,0.1,0.0,4,2,2026-09-14 13:06:27,2026-09-14 13:06:27,lease_timed --clients 2 --rounds 1 --u 1 --l-ratio 0.0 --sd-ratio 1.0 --ttl-ratio 8.0 --pause-ratio 3.0 --fencing off --mode baseline
lease_timed,2,1,U=1 L=0 sd=1 TTL=10 pause=6 fence=off,baseline,boundary,,,,,FIRE,FIRE,0.1,0.0,4,2,2026-09-14 13:06:27,2026-09-14 13:06:27,lease_timed --clients 2 --rounds 1 --u 1 --l-ratio 0.0 --sd-ratio 1.0 --ttl-ratio 10.0 --pause-ratio 6.0 --fencing off --mode baseline
lease_timed,2,1,U=1 L=0 sd=1 TTL=10 pause=6 fence=on,baseline,boundary,12,0,,0,hold,hold,0.1,0.0,4,2,2026-09-14 13:06:27,2026-09-14 13:06:27,lease_timed --clients 2 --rounds 1 --u 1 --l-ratio 0.0 --sd-ratio 1.0 --ttl-ratio 10.0 --pause-ratio 6.0 --fencing on --mode baseline
lease_timed,2,1,U=1 L=0 sd=1 TTL=12 pause=8 fence=off,baseline,boundary,,,,,FIRE,FIRE,0.0,0.0,4,2,2026-09-14 13:06:27,2026-09-14 13:06:27,lease_timed --clients 2 --rounds 1 --u 1 --l-ratio 0.0 --sd-ratio 1.0 --ttl-ratio 12.0 --pause-ratio 8.0 --fencing off --mode baseline
lease_timed,2,1,U=1 L=0 sd=1 TTL=10 pause=5 fence=off,baseline,boundary,,,,,FIRE,FIRE,0.1,0.0,4,2,2026-09-14 13:06:27,2026-09-14 13:06:27,lease_timed --clients 2 --rounds 1 --u 1 --l-ratio 0.0 --sd-ratio 1.0 --ttl-ratio 10.0 --pause-ratio 5.0 --fencing off --mode baseline
lease_timed,2,1,U=1 L=0 sd=1 TTL=6 pause=2 fence=on,baseline,boundary,12,0,,0,hold,hold,0.1,0.0,4,2,2026-09-14 13:06:27,2026-09-14 13:06:27,lease_timed --clients 2 --rounds 1 --u 1 --l-ratio 0.0 --sd-ratio 1.0 --ttl-ratio 6.0 --pause-ratio 2.0 --fencing on --mode baseline
lease_timed,2,1,U=1 L=0 sd=1 TTL=12 pause=7 fence=off,baseline,boundary,,,,,FIRE,FIRE,0.1,0.0,4,2,2026-09-14 13:06:27,2026-09-14 13:06:27,lease_timed --clients 2 --rounds 1 --u 1 --l-ratio 0.0 --sd-ratio 1.0 --ttl-ratio 12.0 --pause-ratio 7.0 --fencing off --mode baseline
lease_timed,2,1,U=1 L=1 sd=0 TTL=6 pause=5 fence=off,baseline,boundary,,,,,FIRE,FIRE,0.0,0.0,4,2,2026-09-14 13:06:27,2026-09-14 13:06:27,lease_timed --clients 2 --rounds 1 --u 1 --l-ratio 1.0 --sd-ratio 0.0 --ttl-ratio 6.0 --pause-ratio 5.0 --fencing off --mode baseline
lease_timed,2,1,U=1 L=0 sd=1 TTL=12 pause=8 fence=on,baseline,boundary,12,0,,0,hold,hold,0.0,0.0,4,2,2026-09-14 13:06:27,2026-09-14 13:06:27,lease_timed --clients 2 --rounds 1 --u 1 --l-ratio 0.0 --sd-ratio 1.0 --ttl-ratio 12.0 --pause-ratio 8.0 --fencing on --mode baseline
lease_timed,2,1,U=1 L=1 sd=0 TTL=8 pause=8 fence=off,baseline,boundary,,,,,FIRE,FIRE,0.0,0.0,4,2,2026-09-14 13:06:27,2026-09-14 13:06:27,lease_timed --clients 2 --rounds 1 --u 1 --l-ratio 1.0 --sd-ratio 0.0 --ttl-ratio 8.0 --pause-ratio 8.0 --fencing off --mode baseline
lease_timed,2,1,U=1 L=1 sd=0 TTL=6 pause=6 fence=on,baseline,boundary,12,0,,0,hold,hold,0.1,0.0,4,2,2026-09-14 13:06:27,2026-09-14 13:06:27,lease_timed --clients 2 --rounds 1 --u 1 --l-ratio 1.0 --sd-ratio 0.0 --ttl-ratio 6.0 --pause-ratio 6.0 --fencing on --mode baseline
lease_timed,2,1,U=1 L=1 sd=0 TTL=6 pause=6 fence=off,baseline,boundary,,,,,FIRE,FIRE,0.1,0.0,4,2,2026-09-14 13:06:27,2026-09-14 13:06:27,lease_timed --clients 2 --rounds 1 --u 1 --l-ratio 1.0 --sd-ratio 0.0 --ttl-ratio 6.0 --pause-ratio 6.0 --fencing off --mode baseline
lease_timed,2,1,U=1 L=1 sd=0 TTL=8 pause=8 fence=on,baseline,boundary,12,0,,0,hold,hold,0.1,0.0,4,2,2026-09-14 13:06:27,2026-09-14 13:06:27,lease_timed --clients 2 --rounds 1 --u 1 --l-ratio 1.0 --sd-ratio 0.0 --ttl-ratio 8.0 --pause-ratio 8.0 --fencing on --mode baseline
lease_timed,2,1,U=1 L=1 sd=0 TTL=8 pause=7 fence=off,baseline,boundary,,,,,FIRE,FIRE,0.0,0.0,4,2,2026-09-14 13:06:27,2026-09-14 13:06:27,lease_timed --clients 2 --rounds 1 --u 1 --l-ratio 1.0 --sd-ratio 0.0 --ttl-ratio 8.0 --pause-ratio 7.0 --fencing off --mode baseline
lease_timed,2,1,U=1 L=1 sd=0 TTL=10 pause=10 fence=off,baseline,boundary,,,,,FIRE,FIRE,0.0,0.0,4,2,2026-09-14 13:06:27,2026-09-14 13:06:27,lease_timed --clients 2 --rounds 1 --u 1 --l-ratio 1.0 --sd-ratio 0.0 --ttl-ratio 10.0 --pause-ratio 10.0 --fencing off --mode baseline
lease_timed,2,1,U=1 L=1 sd=0 TTL=10 pause=9 fence=off,baseline,boundary,,,,,FIRE,FIRE,0.0,0.0,4,2,2026-09-14 13:06:27,2026-09-14 13:06:27,lease_timed --clients 2 --rounds 1 --u 1 --l-ratio 1.0 --sd-ratio 0.0 --ttl-ratio 10.0 --pause-ratio 9.0 --fencing off --mode baseline
lease_timed,2,1,U=1 L=1 sd=0 TTL=10 pause=10 fence=on,baseline,boundary,12,0,,0,hold,hold,0.0,0.0,4,2,2026-09-14 13:06:27,2026-09-14 13:06:27,lease_timed --clients 2 --rounds 1 --u 1 --l-ratio 1.0 --sd-ratio 0.0 --ttl-ratio 10.0 --pause-ratio 10.0 --fencing on --mode baseline
lease_timed,2,1,U=1 L=1 sd=0 TTL=12 pause=12 fence=off,baseline,boundary,,,,,FIRE,FIRE,0.0,0.0,4,2,2026-09-14 13:06:27,2026-09-14 13:06:27,lease_timed --clients 2 --rounds 1 --u 1 --l-ratio 1.0 --sd-ratio 0.0 --ttl-ratio 12.0 --pause-ratio 12.0 --fencing off --mode baseline
lease_timed,2,1,U=1 L=1 sd=1 TTL=6 pause=4 fence=off,baseline,boundary,,,,,FIRE,FIRE,0.0,0.0,4,2,2026-09-14 13:06:27,2026-09-14 13:06:27,lease_timed --clients 2 --rounds 1 --u 1 --l-ratio 1.0 --sd-ratio 1.0 --ttl-ratio 6.0 --pause-ratio 4.0 --fencing off --mode baseline
lease_timed,2,1,U=1 L=1 sd=0 TTL=12 pause=12 fence=on,baseline,boundary,12,0,,0,hold,hold,0.1,0.0,3,2,2026-09-14 13:06:27,2026-09-14 13:06:27,lease_timed --clients 2 --rounds 1 --u 1 --l-ratio 1.0 --sd-ratio 0.0 --ttl-ratio 12.0 --pause-ratio 12.0 --fencing on --mode baseline
lease_timed,2,1,U=1 L=1 sd=1 TTL=6 pause=3 fence=off,baseline,boundary,,,,,FIRE,FIRE,0.1,0.0,4,2,2026-09-14 13:06:27,2026-09-14 13:06:27,lease_timed --clients 2 --rounds 1 --u 1 --l-ratio 1.0 --sd-ratio 1.0 --ttl-ratio 6.0 --pause-ratio 3.0 --fencing off --mode baseline
lease_timed,2,1,U=1 L=1 sd=1 TTL=6 pause=4 fence=on,baseline,boundary,12,0,,0,hold,hold,0.0,0.0,3,2,2026-09-14 13:06:27,2026-09-14 13:06:27,lease_timed --clients 2 --rounds 1 --u 1 --l-ratio 1.0 --sd-ratio 1.0 --ttl-ratio 6.0 --pause-ratio 4.0 --fencing on --mode baseline
lease_timed,2,1,U=1 L=1 sd=0 TTL=12 pause=11 fence=off,baseline,boundary,,,,,FIRE,FIRE,0.1,0.0,4,2,2026-09-14 13:06:27,2026-09-14 13:06:27,lease_timed --clients 2 --rounds 1 --u 1 --l-ratio 1.0 --sd-ratio 0.0 --ttl-ratio 12.0 --pause-ratio 11.0 --fencing off --mode baseline
lease_timed,2,1,U=1 L=1 sd=1 TTL=8 pause=5 fence=off,baseline,boundary,,,,,FIRE,FIRE,0.0,0.0,4,2,2026-09-14 13:06:27,2026-09-14 13:06:27,lease_timed --clients 2 --rounds 1 --u 1 --l-ratio 1.0 --sd-ratio 1.0 --ttl-ratio 8.0 --pause-ratio 5.0 --fencing off --mode baseline
lease_timed,2,1,U=1 L=1 sd=1 TTL=8 pause=6 fence=off,baseline,boundary,,,,,FIRE,FIRE,0.1,0.0,4,2,2026-09-14 13:06:27,2026-09-14 13:06:27,lease_timed --clients 2 --rounds 1 --u 1 --l-ratio 1.0 --sd-ratio 1.0 --ttl-ratio 8.0 --pause-ratio 6.0 --fencing off --mode baseline
lease_timed,2,1,U=1 L=1 sd=1 TTL=8 pause=6 fence=on,baseline,boundary,12,0,,0,hold,hold,0.0,0.0,4,2,2026-09-14 13:06:27,2026-09-14 13:06:27,lease_timed --clients 2 --rounds 1 --u 1 --l-ratio 1.0 --sd-ratio 1.0 --ttl-ratio 8.0 --pause-ratio 6.0 --fencing on --mode baseline
lease_timed,2,1,U=1 L=1 sd=1 TTL=10 pause=7 fence=off,baseline,boundary,,,,,FIRE,FIRE,0.0,0.0,4,2,2026-09-14 13:06:27,2026-09-14 13:06:27,lease_timed --clients 2 --rounds 1 --u 1 --l-ratio 1.0 --sd-ratio 1.0 --ttl-ratio 10.0 --pause-ratio 7.0 --fencing off --mode baseline
lease_timed,2,1,U=1 L=1 sd=1 TTL=10 pause=8 fence=off,baseline,boundary,,,,,FIRE,FIRE,0.0,0.0,4,2,2026-09-14 13:06:27,2026-09-14 13:06:27,lease_timed --clients 2 --rounds 1 --u 1 --l-ratio 1.0 --sd-ratio 1.0 --ttl-ratio 10.0 --pause-ratio 8.0 --fencing off --mode baseline
lease_timed,2,1,U=1 L=1 sd=1 TTL=10 pause=8 fence=on,baseline,boundary,12,0,,0,hold,hold,0.0,0.0,4,2,2026-09-14 13:06:27,2026-09-14 13:06:27,lease_timed --clients 2 --rounds 1 --u 1 --l-ratio 1.0 --sd-ratio 1.0 --ttl-ratio 10.0 --pause-ratio 8.0 --fencing on --mode baseline
lease_timed,2,1,U=1 L=1 sd=1 TTL=12 pause=10 fence=on,baseline,boundary,12,0,,0,hold,hold,0.0,0.0,4,2,2026-09-14 13:06:27,2026-09-14 13:06:27,lease_timed --clients 2 --rounds 1 --u 1 --l-ratio 1.0 --sd-ratio 1.0 --ttl-ratio 12.0 --pause-ratio 10.0 --fencing on --mode baseline
lease_timed,2,1,U=2 L=0 sd=0 TTL=6 pause=1 fence=off,baseline,boundary,,,,,FIRE,FIRE,0.0,0.0,4,2,2026-09-14 13:06:27,2026-09-14 13:06:27,lease_timed --clients 2 --rounds 1 --u 2 --l-ratio 0.0 --sd-ratio 0.0 --ttl-ratio 3.0 --pause-ratio 0.5 --fencing off --mode baseline
lease_timed,2,1,U=2 L=0 sd=0 TTL=6 pause=2 fence=on,baseline,boundary,12,0,,0,hold,hold,0.0,0.0,4,2,2026-09-14 13:06:27,2026-09-14 13:06:28,lease_timed --clients 2 --rounds 1 --u 2 --l-ratio 0.0 --sd-ratio 0.0 --ttl-ratio 3.0 --pause-ratio 1.0 --fencing on --mode baseline
lease_timed,2,1,U=2 L=0 sd=0 TTL=8 pause=3 fence=off,baseline,boundary,,,,,FIRE,FIRE,0.0,0.0,4,2,2026-09-14 13:06:27,2026-09-14 13:06:28,lease_timed --clients 2 --rounds 1 --u 2 --l-ratio 0.0 --sd-ratio 0.0 --ttl-ratio 4.0 --pause-ratio 1.5 --fencing off --mode baseline
lease_timed,2,1,U=2 L=0 sd=0 TTL=8 pause=4 fence=off,baseline,boundary,,,,,FIRE,FIRE,0.0,0.0,4,2,2026-09-14 13:06:27,2026-09-14 13:06:28,lease_timed --clients 2 --rounds 1 --u 2 --l-ratio 0.0 --sd-ratio 0.0 --ttl-ratio 4.0 --pause-ratio 2.0 --fencing off --mode baseline
lease_timed,2,1,U=1 L=1 sd=1 TTL=12 pause=10 fence=off,baseline,boundary,,,,,FIRE,FIRE,0.1,0.0,4,2,2026-09-14 13:06:27,2026-09-14 13:06:28,lease_timed --clients 2 --rounds 1 --u 1 --l-ratio 1.0 --sd-ratio 1.0 --ttl-ratio 12.0 --pause-ratio 10.0 --fencing off --mode baseline
lease_timed,2,1,U=2 L=0 sd=0 TTL=8 pause=4 fence=on,baseline,boundary,12,0,,0,hold,hold,0.0,0.0,3,2,2026-09-14 13:06:28,2026-09-14 13:06:28,lease_timed --clients 2 --rounds 1 --u 2 --l-ratio 0.0 --sd-ratio 0.0 --ttl-ratio 4.0 --pause-ratio 2.0 --fencing on --mode baseline
lease_timed,2,1,U=2 L=0 sd=0 TTL=10 pause=6 fence=on,baseline,boundary,12,0,,0,hold,hold,0.0,0.0,4,2,2026-09-14 13:06:28,2026-09-14 13:06:28,lease_timed --clients 2 --rounds 1 --u 2 --l-ratio 0.0 --sd-ratio 0.0 --ttl-ratio 5.0 --pause-ratio 3.0 --fencing on --mode baseline
lease_timed,2,1,U=2 L=0 sd=0 TTL=10 pause=6 fence=off,baseline,boundary,,,,,FIRE,FIRE,0.0,0.0,4,2,2026-09-14 13:06:28,2026-09-14 13:06:28,lease_timed --clients 2 --rounds 1 --u 2 --l-ratio 0.0 --sd-ratio 0.0 --ttl-ratio 5.0 --pause-ratio 3.0 --fencing off --mode baseline
lease_timed,2,1,U=2 L=0 sd=0 TTL=6 pause=2 fence=off,baseline,boundary,,,,,FIRE,FIRE,0.1,0.0,4,2,2026-09-14 13:06:27,2026-09-14 13:06:28,lease_timed --clients 2 --rounds 1 --u 2 --l-ratio 0.0 --sd-ratio 0.0 --ttl-ratio 3.0 --pause-ratio 1.0 --fencing off --mode baseline
lease_timed,2,1,U=2 L=0 sd=0 TTL=12 pause=8 fence=off,baseline,boundary,,,,,FIRE,FIRE,0.0,0.0,4,2,2026-09-14 13:06:28,2026-09-14 13:06:28,lease_timed --clients 2 --rounds 1 --u 2 --l-ratio 0.0 --sd-ratio 0.0 --ttl-ratio 6.0 --pause-ratio 4.0 --fencing off --mode baseline
lease_timed,2,1,U=2 L=0 sd=0 TTL=10 pause=5 fence=off,baseline,boundary,,,,,FIRE,FIRE,0.1,0.0,4,2,2026-09-14 13:06:28,2026-09-14 13:06:28,lease_timed --clients 2 --rounds 1 --u 2 --l-ratio 0.0 --sd-ratio 0.0 --ttl-ratio 5.0 --pause-ratio 2.5 --fencing off --mode baseline
lease_timed,2,1,U=1 L=1 sd=1 TTL=12 pause=9 fence=off,baseline,boundary,,,,,FIRE,FIRE,0.1,0.0,4,2,2026-09-14 13:06:27,2026-09-14 13:06:28,lease_timed --clients 2 --rounds 1 --u 1 --l-ratio 1.0 --sd-ratio 1.0 --ttl-ratio 12.0 --pause-ratio 9.0 --fencing off --mode baseline
lease_timed,2,1,U=2 L=0 sd=1 TTL=6 pause=0 fence=off,baseline,boundary,,,,,FIRE,FIRE,0.0,0.0,4,2,2026-09-14 13:06:28,2026-09-14 13:06:28,lease_timed --clients 2 --rounds 1 --u 2 --l-ratio 0.0 --sd-ratio 0.5 --ttl-ratio 3.0 --pause-ratio 0.0 --fencing off --mode baseline
lease_timed,2,1,U=2 L=0 sd=0 TTL=12 pause=7 fence=off,baseline,boundary,,,,,FIRE,FIRE,0.0,0.0,4,2,2026-09-14 13:06:28,2026-09-14 13:06:28,lease_timed --clients 2 --rounds 1 --u 2 --l-ratio 0.0 --sd-ratio 0.0 --ttl-ratio 6.0 --pause-ratio 3.5 --fencing off --mode baseline
lease_timed,2,1,U=2 L=0 sd=0 TTL=12 pause=8 fence=on,baseline,boundary,12,0,,0,hold,hold,0.0,0.0,4,2,2026-09-14 13:06:28,2026-09-14 13:06:28,lease_timed --clients 2 --rounds 1 --u 2 --l-ratio 0.0 --sd-ratio 0.0 --ttl-ratio 6.0 --pause-ratio 4.0 --fencing on --mode baseline
lease_timed,2,1,U=2 L=0 sd=1 TTL=8 pause=2 fence=off,baseline,boundary,,,,,FIRE,FIRE,0.0,0.0,4,2,2026-09-14 13:06:28,2026-09-14 13:06:28,lease_timed --clients 2 --rounds 1 --u 2 --l-ratio 0.0 --sd-ratio 0.5 --ttl-ratio 4.0 --pause-ratio 1.0 --fencing off --mode baseline
lease_timed,2,1,U=2 L=0 sd=1 TTL=6 pause=0 fence=on,baseline,boundary,12,0,,0,hold,hold,0.0,0.0,4,2,2026-09-14 13:06:28,2026-09-14 13:06:28,lease_timed --clients 2 --rounds 1 --u 2 --l-ratio 0.0 --sd-ratio 0.5 --ttl-ratio 3.0 --pause-ratio 0.0 --fencing on --mode baseline
lease_timed,2,1,U=2 L=0 sd=1 TTL=8 pause=1 fence=off,baseline,boundary,,,,,FIRE,FIRE,0.0,0.0,4,2,2026-09-14 13:06:28,2026-09-14 13:06:28,lease_timed --clients 2 --rounds 1 --u 2 --l-ratio 0.0 --sd-ratio 0.5 --ttl-ratio 4.0 --pause-ratio 0.5 --fencing off --mode baseline
lease_timed,2,1,U=2 L=0 sd=1 TTL=8 pause=2 fence=on,baseline,boundary,12,0,,0,hold,hold,0.0,0.0,4,2,2026-09-14 13:06:28,2026-09-14 13:06:28,lease_timed --clients 2 --rounds 1 --u 2 --l-ratio 0.0 --sd-ratio 0.5 --ttl-ratio 4.0 --pause-ratio 1.0 --fencing on --mode baseline
lease_timed,2,1,U=2 L=0 sd=1 TTL=10 pause=3 fence=off,baseline,boundary,,,,,FIRE,FIRE,0.0,0.0,4,2,2026-09-14 13:06:28,2026-09-14 13:06:28,lease_timed --clients 2 --rounds 1 --u 2 --l-ratio 0.0 --sd-ratio 0.5 --ttl-ratio 5.0 --pause-ratio 1.5 --fencing off --mode baseline
lease_timed,2,1,U=2 L=0 sd=1 TTL=10 pause=4 fence=off,baseline,boundary,,,,,FIRE,FIRE,0.0,0.0,4,2,2026-09-14 13:06:28,2026-09-14 13:06:28,lease_timed --clients 2 --rounds 1 --u 2 --l-ratio 0.0 --sd-ratio 0.5 --ttl-ratio 5.0 --pause-ratio 2.0 --fencing off --mode baseline
lease_timed,2,1,U=2 L=0 sd=1 TTL=10 pause=4 fence=on,baseline,boundary,12,0,,0,hold,hold,0.0,0.0,4,2,2026-09-14 13:06:28,2026-09-14 13:06:28,lease_timed --clients 2 --rounds 1 --u 2 --l-ratio 0.0 --sd-ratio 0.5 --ttl-ratio 5.0 --pause-ratio 2.0 --fencing on --mode baseline
lease_timed,2,1,U=2 L=0 sd=1 TTL=12 pause=6 fence=off,baseline,boundary,,,,,FIRE,FIRE,0.0,0.0,4,2,2026-09-14 13:06:28,2026-09-14 13:06:28,lease_timed --clients 2 --rounds 1 --u 2 --l-ratio 0.0 --sd-ratio 0.5 --ttl-ratio 6.0 --pause-ratio 3.0 --fencing off --mode baseline
lease_timed,2,1,U=2 L=0 sd=1 TTL=12 pause=5 fence=off,baseline,boundary,,,,,FIRE,FIRE,0.0,0.0,4,2,2026-09-14 13:06:28,2026-09-14 13:06:28,lease_timed --clients 2 --rounds 1 --u 2 --l-ratio 0.0 --sd-ratio 0.5 --ttl-ratio 6.0 --pause-ratio 2.5 --fencing off --mode baseline
lease_timed,2,1,U=2 L=0 sd=1 TTL=12 pause=6 fence=on,baseline,boundary,12,0,,0,hold,hold,0.0,0.0,4,2,2026-09-14 13:06:28,2026-09-14 13:06:28,lease_timed --clients 2 --rounds 1 --u 2 --l-ratio 0.0 --sd-ratio 0.5 --ttl-ratio 6.0 --pause-ratio 3.0 --fencing on --mode baseline
lease_timed,2,1,U=2 L=2 sd=0 TTL=6 pause=5 fence=off,baseline,boundary,,,,,FIRE,FIRE,0.0,0.0,4,2,2026-09-14 13:06:28,2026-09-14 13:06:28,lease_timed --clients 2 --rounds 1 --u 2 --l-ratio 1.0 --sd-ratio 0.0 --ttl-ratio 3.0 --pause-ratio 2.5 --fencing off --mode baseline
lease_timed,2,1,U=2 L=2 sd=0 TTL=6 pause=6 fence=off,baseline,boundary,,,,,FIRE,FIRE,0.1,0.0,4,2,2026-09-14 13:06:28,2026-09-14 13:06:28,lease_timed --clients 2 --rounds 1 --u 2 --l-ratio 1.0 --sd-ratio 0.0 --ttl-ratio 3.0 --pause-ratio 3.0 --fencing off --mode baseline
lease_timed,2,1,U=2 L=2 sd=0 TTL=6 pause=6 fence=on,baseline,boundary,12,0,,0,hold,hold,0.1,0.0,4,2,2026-09-14 13:06:28,2026-09-14 13:06:28,lease_timed --clients 2 --rounds 1 --u 2 --l-ratio 1.0 --sd-ratio 0.0 --ttl-ratio 3.0 --pause-ratio 3.0 --fencing on --mode baseline
lease_timed,2,1,U=2 L=2 sd=0 TTL=10 pause=10 fence=off,baseline,boundary,,,,,FIRE,FIRE,0.0,0.0,4,2,2026-09-14 13:06:28,2026-09-14 13:06:28,lease_timed --clients 2 --rounds 1 --u 2 --l-ratio 1.0 --sd-ratio 0.0 --ttl-ratio 5.0 --pause-ratio 5.0 --fencing off --mode baseline
lease_timed,2,1,U=2 L=2 sd=0 TTL=8 pause=8 fence=on,baseline,boundary,12,0,,0,hold,hold,0.0,0.0,4,2,2026-09-14 13:06:28,2026-09-14 13:06:28,lease_timed --clients 2 --rounds 1 --u 2 --l-ratio 1.0 --sd-ratio 0.0 --ttl-ratio 4.0 --pause-ratio 4.0 --fencing on --mode baseline
lease_timed,2,1,U=2 L=2 sd=0 TTL=8 pause=7 fence=off,baseline,boundary,,,,,FIRE,FIRE,0.0,0.0,4,2,2026-09-14 13:06:28,2026-09-14 13:06:28,lease_timed --clients 2 --rounds 1 --u 2 --l-ratio 1.0 --sd-ratio 0.0 --ttl-ratio 4.0 --pause-ratio 3.5 --fencing off --mode baseline
lease_timed,2,1,U=2 L=2 sd=0 TTL=8 pause=8 fence=off,baseline,boundary,,,,,FIRE,FIRE,0.1,0.0,4,2,2026-09-14 13:06:28,2026-09-14 13:06:28,lease_timed --clients 2 --rounds 1 --u 2 --l-ratio 1.0 --sd-ratio 0.0 --ttl-ratio 4.0 --pause-ratio 4.0 --fencing off --mode baseline
lease_timed,2,1,U=2 L=2 sd=0 TTL=10 pause=10 fence=on,baseline,boundary,12,0,,0,hold,hold,0.0,0.0,3,2,2026-09-14 13:06:28,2026-09-14 13:06:28,lease_timed --clients 2 --rounds 1 --u 2 --l-ratio 1.0 --sd-ratio 0.0 --ttl-ratio 5.0 --pause-ratio 5.0 --fencing on --mode baseline
lease_timed,2,1,U=2 L=2 sd=0 TTL=10 pause=9 fence=off,baseline,boundary,,,,,FIRE,FIRE,0.1,0.0,4,2,2026-09-14 13:06:28,2026-09-14 13:06:28,lease_timed --clients 2 --rounds 1 --u 2 --l-ratio 1.0 --sd-ratio 0.0 --ttl-ratio 5.0 --pause-ratio 4.5 --fencing off --mode baseline
lease_timed,2,1,U=2 L=2 sd=0 TTL=12 pause=12 fence=off,baseline,boundary,,,,,FIRE,FIRE,0.0,0.0,4,2,2026-09-14 13:06:28,2026-09-14 13:06:28,lease_timed --clients 2 --rounds 1 --u 2 --l-ratio 1.0 --sd-ratio 0.0 --ttl-ratio 6.0 --pause-ratio 6.0 --fencing off --mode baseline
lease_timed,2,1,U=2 L=2 sd=1 TTL=6 pause=4 fence=off,baseline,boundary,,,,,FIRE,FIRE,0.0,0.0,4,2,2026-09-14 13:06:28,2026-09-14 13:06:28,lease_timed --clients 2 --rounds 1 --u 2 --l-ratio 1.0 --sd-ratio 0.5 --ttl-ratio 3.0 --pause-ratio 2.0 --fencing off --mode baseline
lease_timed,2,1,U=2 L=2 sd=0 TTL=12 pause=11 fence=off,baseline,boundary,,,,,FIRE,FIRE,0.1,0.0,4,2,2026-09-14 13:06:28,2026-09-14 13:06:28,lease_timed --clients 2 --rounds 1 --u 2 --l-ratio 1.0 --sd-ratio 0.0 --ttl-ratio 6.0 --pause-ratio 5.5 --fencing off --mode baseline
lease_timed,2,1,U=2 L=2 sd=0 TTL=12 pause=12 fence=on,baseline,boundary,12,0,,0,hold,hold,0.1,0.0,4,2,2026-09-14 13:06:28,2026-09-14 13:06:28,lease_timed --clients 2 --rounds 1 --u 2 --l-ratio 1.0 --sd-ratio 0.0 --ttl-ratio 6.0 --pause-ratio 6.0 --fencing on --mode baseline
lease_timed,2,1,U=2 L=2 sd=1 TTL=6 pause=3 fence=off,baseline,boundary,,,,,FIRE,FIRE,0.0,0.0,4,2,2026-09-14 13:06:28,2026-09-14 13:06:28,lease_timed --clients 2 --rounds 1 --u 2 --l-ratio 1.0 --sd-ratio 0.5 --ttl-ratio 3.0 --pause-ratio 1.5 --fencing off --mode baseline
lease_timed,2,1,U=2 L=2 sd=1 TTL=6 pause=4 fence=on,baseline,boundary,12,0,,0,hold,hold,0.0,0.0,4,2,2026-09-14 13:06:28,2026-09-14 13:06:28,lease_timed --clients 2 --rounds 1 --u 2 --l-ratio 1.0 --sd-ratio 0.5 --ttl-ratio 3.0 --pause-ratio 2.0 --fencing on --mode baseline
lease_timed,2,1,U=2 L=2 sd=1 TTL=8 pause=5 fence=off,baseline,boundary,,,,,FIRE,FIRE,0.0,0.0,4,2,2026-09-14 13:06:28,2026-09-14 13:06:28,lease_timed --clients 2 --rounds 1 --u 2 --l-ratio 1.0 --sd-ratio 0.5 --ttl-ratio 4.0 --pause-ratio 2.5 --fencing off --mode baseline
lease_timed,2,1,U=2 L=2 sd=1 TTL=8 pause=6 fence=off,baseline,boundary,,,,,FIRE,FIRE,0.0,0.0,4,2,2026-09-14 13:06:28,2026-09-14 13:06:28,lease_timed --clients 2 --rounds 1 --u 2 --l-ratio 1.0 --sd-ratio 0.5 --ttl-ratio 4.0 --pause-ratio 3.0 --fencing off --mode baseline
lease_timed,2,1,U=2 L=2 sd=1 TTL=8 pause=6 fence=on,baseline,boundary,12,0,,0,hold,hold,0.0,0.0,3,2,2026-09-14 13:06:28,2026-09-14 13:06:28,lease_timed --clients 2 --rounds 1 --u 2 --l-ratio 1.0 --sd-ratio 0.5 --ttl-ratio 4.0 --pause-ratio 3.0 --fencing on --mode baseline
lease_timed,2,1,U=2 L=2 sd=1 TTL=10 pause=7 fence=off,baseline,boundary,,,,,FIRE,FIRE,0.0,0.0,4,2,2026-09-14 13:06:28,2026-09-14 13:06:28,lease_timed --clients 2 --rounds 1 --u 2 --l-ratio 1.0 --sd-ratio 0.5 --ttl-ratio 5.0 --pause-ratio 3.5 --fencing off --mode baseline
lease_timed,2,1,U=2 L=2 sd=1 TTL=10 pause=8 fence=off,baseline,boundary,,,,,FIRE,FIRE,0.0,0.0,4,2,2026-09-14 13:06:28,2026-09-14 13:06:28,lease_timed --clients 2 --rounds 1 --u 2 --l-ratio 1.0 --sd-ratio 0.5 --ttl-ratio 5.0 --pause-ratio 4.0 --fencing off --mode baseline
lease_timed,2,1,U=2 L=2 sd=1 TTL=10 pause=8 fence=on,baseline,boundary,12,0,,0,hold,hold,0.0,0.0,4,2,2026-09-14 13:06:28,2026-09-14 13:06:28,lease_timed --clients 2 --rounds 1 --u 2 --l-ratio 1.0 --sd-ratio 0.5 --ttl-ratio 5.0 --pause-ratio 4.0 --fencing on --mode baseline
lease_timed,2,1,U=2 L=2 sd=1 TTL=12 pause=10 fence=off,baseline,boundary,,,,,FIRE,FIRE,0.0,0.0,4,2,2026-09-14 13:06:28,2026-09-14 13:06:28,lease_timed --clients 2 --rounds 1 --u 2 --l-ratio 1.0 --sd-ratio 0.5 --ttl-ratio 6.0 --pause-ratio 5.0 --fencing off --mode baseline
lease_timed,2,1,U=2 L=2 sd=1 TTL=12 pause=9 fence=off,baseline,boundary,,,,,FIRE,FIRE,0.0,0.0,4,2,2026-09-14 13:06:28,2026-09-14 13:06:28,lease_timed --clients 2 --rounds 1 --u 2 --l-ratio 1.0 --sd-ratio 0.5 --ttl-ratio 6.0 --pause-ratio 4.5 --fencing off --mode baseline
lease_timed,2,1,U=2 L=2 sd=1 TTL=12 pause=10 fence=on,baseline,boundary,12,0,,0,hold,hold,0.0,0.0,4,2,2026-09-14 13:06:28,2026-09-14 13:06:28,lease_timed --clients 2 --rounds 1 --u 2 --l-ratio 1.0 --sd-ratio 0.5 --ttl-ratio 6.0 --pause-ratio 5.0 --fencing on --mode baseline
lease_timed,2,1,U=1 L=0 sd=0 TTL=6 pause=3 fence=off,timed,boundary,8,6,,0,hold,hold,0.0,0.0,4,2,2026-09-14 13:06:28,2026-09-14 13:06:28,lease_timed --clients 2 --rounds 1 --u 1 --l-ratio 0.0 --sd-ratio 0.0 --ttl-ratio 6.0 --pause-ratio 3.0 --fencing off --mode timed
lease_timed,2,1,U=1 L=0 sd=0 TTL=8 pause=6 fence=off,timed,boundary,,,,,FIRE,FIRE,0.0,0.0,4,2,2026-09-14 13:06:28,2026-09-14 13:06:28,lease_timed --clients 2 --rounds 1 --u 1 --l-ratio 0.0 --sd-ratio 0.0 --ttl-ratio 8.0 --pause-ratio 6.0 --fencing off --mode timed
lease_timed,2,1,U=1 L=0 sd=0 TTL=6 pause=4 fence=off,timed,boundary,,,,,FIRE,FIRE,0.1,0.0,4,2,2026-09-14 13:06:28,2026-09-14 13:06:28,lease_timed --clients 2 --rounds 1 --u 1 --l-ratio 0.0 --sd-ratio 0.0 --ttl-ratio 6.0 --pause-ratio 4.0 --fencing off --mode timed
lease_timed,2,1,U=1 L=0 sd=0 TTL=6 pause=4 fence=on,timed,boundary,10,6,,0,hold,hold,0.1,0.0,4,2,2026-09-14 13:06:28,2026-09-14 13:06:28,lease_timed --clients 2 --rounds 1 --u 1 --l-ratio 0.0 --sd-ratio 0.0 --ttl-ratio 6.0 --pause-ratio 4.0 --fencing on --mode timed
lease_timed,2,1,U=1 L=0 sd=0 TTL=8 pause=5 fence=off,timed,boundary,8,6,,0,hold,hold,0.1,0.0,4,2,2026-09-14 13:06:28,2026-09-14 13:06:28,lease_timed --clients 2 --rounds 1 --u 1 --l-ratio 0.0 --sd-ratio 0.0 --ttl-ratio 8.0 --pause-ratio 5.0 --fencing off --mode timed
lease_timed,2,1,U=1 L=0 sd=0 TTL=10 pause=8 fence=off,timed,boundary,,,,,FIRE,FIRE,0.0,0.0,4,2,2026-09-14 13:06:28,2026-09-14 13:06:28,lease_timed --clients 2 --rounds 1 --u 1 --l-ratio 0.0 --sd-ratio 0.0 --ttl-ratio 10.0 --pause-ratio 8.0 --fencing off --mode timed
lease_timed,2,1,U=1 L=0 sd=0 TTL=8 pause=6 fence=on,timed,boundary,10,6,,0,hold,hold,0.1,0.0,4,2,2026-09-14 13:06:28,2026-09-14 13:06:28,lease_timed --clients 2 --rounds 1 --u 1 --l-ratio 0.0 --sd-ratio 0.0 --ttl-ratio 8.0 --pause-ratio 6.0 --fencing on --mode timed
lease_timed,2,1,U=1 L=0 sd=0 TTL=10 pause=7 fence=off,timed,boundary,8,6,,0,hold,hold,0.0,0.0,4,2,2026-09-14 13:06:28,2026-09-14 13:06:28,lease_timed --clients 2 --rounds 1 --u 1 --l-ratio 0.0 --sd-ratio 0.0 --ttl-ratio 10.0 --pause-ratio 7.0 --fencing off --mode timed
lease_timed,2,1,U=1 L=0 sd=0 TTL=10 pause=8 fence=on,timed,boundary,10,6,,0,hold,hold,0.0,0.0,4,2,2026-09-14 13:06:28,2026-09-14 13:06:28,lease_timed --clients 2 --rounds 1 --u 1 --l-ratio 0.0 --sd-ratio 0.0 --ttl-ratio 10.0 --pause-ratio 8.0 --fencing on --mode timed
lease_timed,2,1,U=1 L=0 sd=1 TTL=6 pause=2 fence=off,timed,boundary,,,,,FIRE,FIRE,0.0,0.0,4,2,2026-09-14 13:06:28,2026-09-14 13:06:28,lease_timed --clients 2 --rounds 1 --u 1 --l-ratio 0.0 --sd-ratio 1.0 --ttl-ratio 6.0 --pause-ratio 2.0 --fencing off --mode timed
lease_timed,2,1,U=1 L=0 sd=0 TTL=12 pause=10 fence=off,timed,boundary,,,,,FIRE,FIRE,0.1,0.0,4,2,2026-09-14 13:06:28,2026-09-14 13:06:28,lease_timed --clients 2 --rounds 1 --u 1 --l-ratio 0.0 --sd-ratio 0.0 --ttl-ratio 12.0 --pause-ratio 10.0 --fencing off --mode timed
lease_timed,2,1,U=1 L=0 sd=0 TTL=12 pause=9 fence=off,timed,boundary,8,6,,0,hold,hold,0.1,0.0,4,2,2026-09-14 13:06:28,2026-09-14 13:06:28,lease_timed --clients 2 --rounds 1 --u 1 --l-ratio 0.0 --sd-ratio 0.0 --ttl-ratio 12.0 --pause-ratio 9.0 --fencing off --mode timed
lease_timed,2,1,U=1 L=0 sd=0 TTL=12 pause=10 fence=on,timed,boundary,10,6,,0,hold,hold,0.1,0.0,4,2,2026-09-14 13:06:28,2026-09-14 13:06:28,lease_timed --clients 2 --rounds 1 --u 1 --l-ratio 0.0 --sd-ratio 0.0 --ttl-ratio 12.0 --pause-ratio 10.0 --fencing on --mode timed
lease_timed,2,1,U=1 L=0 sd=1 TTL=6 pause=2 fence=on,timed,boundary,10,6,,0,hold,hold,0.1,0.0,4,2,2026-09-14 13:06:28,2026-09-14 13:06:28,lease_timed --clients 2 --rounds 1 --u 1 --l-ratio 0.0 --sd-ratio 1.0 --ttl-ratio 6.0 --pause-ratio 2.0 --fencing on --mode timed
lease_timed,2,1,U=1 L=0 sd=1 TTL=6 pause=1 fence=off,timed,boundary,8,6,,0,hold,hold,0.1,0.0,4,2,2026-09-14 13:06:28,2026-09-14 13:06:28,lease_timed --clients 2 --rounds 1 --u 1 --l-ratio 0.0 --sd-ratio 1.0 --ttl-ratio 6.0 --pause-ratio 1.0 --fencing off --mode timed
lease_timed,2,1,U=1 L=0 sd=1 TTL=8 pause=4 fence=off,timed,boundary,,,,,FIRE,FIRE,0.0,0.0,4,2,2026-09-14 13:06:28,2026-09-14 13:06:28,lease_timed --clients 2 --rounds 1 --u 1 --l-ratio 0.0 --sd-ratio 1.0 --ttl-ratio 8.0 --pause-ratio 4.0 --fencing off --mode timed
lease_timed,2,1,U=1 L=0 sd=1 TTL=8 pause=3 fence=off,timed,boundary,8,6,,0,hold,hold,0.0,0.0,4,2,2026-09-14 13:06:28,2026-09-14 13:06:28,lease_timed --clients 2 --rounds 1 --u 1 --l-ratio 0.0 --sd-ratio 1.0 --ttl-ratio 8.0 --pause-ratio 3.0 --fencing off --mode timed
lease_timed,2,1,U=1 L=0 sd=1 TTL=10 pause=6 fence=off,timed,boundary,,,,,FIRE,FIRE,0.0,0.0,4,2,2026-09-14 13:06:28,2026-09-14 13:06:28,lease_timed --clients 2 --rounds 1 --u 1 --l-ratio 0.0 --sd-ratio 1.0 --ttl-ratio 10.0 --pause-ratio 6.0 --fencing off --mode timed
lease_timed,2,1,U=1 L=0 sd=1 TTL=8 pause=4 fence=on,timed,boundary,10,6,,0,hold,hold,0.1,0.0,4,2,2026-09-14 13:06:28,2026-09-14 13:06:28,lease_timed --clients 2 --rounds 1 --u 1 --l-ratio 0.0 --sd-ratio 1.0 --ttl-ratio 8.0 --pause-ratio 4.0 --fencing on --mode timed
lease_timed,2,1,U=1 L=0 sd=1 TTL=12 pause=8 fence=off,timed,boundary,,,,,FIRE,FIRE,0.0,0.0,4,2,2026-09-14 13:06:28,2026-09-14 13:06:28,lease_timed --clients 2 --rounds 1 --u 1 --l-ratio 0.0 --sd-ratio 1.0 --ttl-ratio 12.0 --pause-ratio 8.0 --fencing off --mode timed
lease_timed,2,1,U=1 L=0 sd=1 TTL=10 pause=5 fence=off,timed,boundary,8,6,,0,hold,hold,0.1,0.0,4,2,2026-09-14 13:06:28,2026-09-14 13:06:28,lease_timed --clients 2 --rounds 1 --u 1 --l-ratio 0.0 --sd-ratio 1.0 --ttl-ratio 10.0 --pause-ratio 5.0 --fencing off --mode timed
lease_timed,2,1,U=1 L=0 sd=1 TTL=10 pause=6 fence=on,timed,boundary,10,6,,0,hold,hold,0.1,0.0,4,2,2026-09-14 13:06:28,2026-09-14 13:06:28,lease_timed --clients 2 --rounds 1 --u 1 --l-ratio 0.0 --sd-ratio 1.0 --ttl-ratio 10.0 --pause-ratio 6.0 --fencing on --mode timed
lease_timed,2,1,U=1 L=0 sd=1 TTL=12 pause=7 fence=off,timed,boundary,8,6,,0,hold,hold,0.1,0.0,4,2,2026-09-14 13:06:28,2026-09-14 13:06:28,lease_timed --clients 2 --rounds 1 --u 1 --l-ratio 0.0 --sd-ratio 1.0 --ttl-ratio 12.0 --pause-ratio 7.0 --fencing off --mode timed
lease_timed,2,1,U=1 L=1 sd=0 TTL=6 pause=6 fence=off,timed,boundary,,,,,FIRE,FIRE,0.0,0.0,4,2,2026-09-14 13:06:28,2026-09-14 13:06:28,lease_timed --clients 2 --rounds 1 --u 1 --l-ratio 1.0 --sd-ratio 0.0 --ttl-ratio 6.0 --pause-ratio 6.0 --fencing off --mode timed
lease_timed,2,1,U=1 L=0 sd=1 TTL=12 pause=8 fence=on,timed,boundary,10,6,,0,hold,hold,0.1,0.0,4,2,2026-09-14 13:06:28,2026-09-14 13:06:28,lease_timed --clients 2 --rounds 1 --u 1 --l-ratio 0.0 --sd-ratio 1.0 --ttl-ratio 12.0 --pause-ratio 8.0 --fencing on --mode timed
lease_timed,2,1,U=1 L=1 sd=0 TTL=6 pause=5 fence=off,timed,boundary,4,3,,0,hold,hold,0.1,0.0,4,2,2026-09-14 13:06:28,2026-09-14 13:06:28,lease_timed --clients 2 --rounds 1 --u 1 --l-ratio 1.0 --sd-ratio 0.0 --ttl-ratio 6.0 --pause-ratio 5.0 --fencing off --mode timed
lease_timed,2,1,U=1 L=1 sd=0 TTL=8 pause=8 fence=off,timed,boundary,,,,,FIRE,FIRE,0.0,0.0,4,2,2026-09-14 13:06:28,2026-09-14 13:06:28,lease_timed --clients 2 --rounds 1 --u 1 --l-ratio 1.0 --sd-ratio 0.0 --ttl-ratio 8.0 --pause-ratio 8.0 --fencing off --mode timed
lease_timed,2,1,U=1 L=1 sd=0 TTL=6 pause=6 fence=on,timed,boundary,6,1,,0,hold,hold,0.1,0.0,4,2,2026-09-14 13:06:28,2026-09-14 13:06:28,lease_timed --clients 2 --rounds 1 --u 1 --l-ratio 1.0 --sd-ratio 0.0 --ttl-ratio 6.0 --pause-ratio 6.0 --fencing on --mode timed
lease_timed,2,1,U=1 L=1 sd=0 TTL=8 pause=7 fence=off,timed,boundary,4,3,,0,hold,hold,0.0,0.0,4,2,2026-09-14 13:06:28,2026-09-14 13:06:28,lease_timed --clients 2 --rounds 1 --u 1 --l-ratio 1.0 --sd-ratio 0.0 --ttl-ratio 8.0 --pause-ratio 7.0 --fencing off --mode timed
lease_timed,2,1,U=1 L=1 sd=0 TTL=10 pause=10 fence=off,timed,boundary,,,,,FIRE,FIRE,0.0,0.0,4,2,2026-09-14 13:06:28,2026-09-14 13:06:28,lease_timed --clients 2 --rounds 1 --u 1 --l-ratio 1.0 --sd-ratio 0.0 --ttl-ratio 10.0 --pause-ratio 10.0 --fencing off --mode timed
lease_timed,2,1,U=1 L=1 sd=0 TTL=8 pause=8 fence=on,timed,boundary,6,1,,0,hold,hold,0.1,0.0,4,2,2026-09-14 13:06:28,2026-09-14 13:06:28,lease_timed --clients 2 --rounds 1 --u 1 --l-ratio 1.0 --sd-ratio 0.0 --ttl-ratio 8.0 --pause-ratio 8.0 --fencing on --mode timed
lease_timed,2,1,U=1 L=1 sd=0 TTL=12 pause=12 fence=off,timed,boundary,,,,,FIRE,FIRE,0.0,0.0,4,2,2026-09-14 13:06:28,2026-09-14 13:06:28,lease_timed --clients 2 --rounds 1 --u 1 --l-ratio 1.0 --sd-ratio 0.0 --ttl-ratio 12.0 --pause-ratio 12.0 --fencing off --mode timed
lease_timed,2,1,U=1 L=1 sd=0 TTL=10 pause=9 fence=off,timed,boundary,4,3,,0,hold,hold,0.1,0.0,4,2,2026-09-14 13:06:28,2026-09-14 13:06:28,lease_timed --clients 2 --rounds 1 --u 1 --l-ratio 1.0 --sd-ratio 0.0 --ttl-ratio 10.0 --pause-ratio 9.0 --fencing off --mode timed
lease_timed,2,1,U=1 L=1 sd=0 TTL=10 pause=10 fence=on,timed,boundary,6,1,,0,hold,hold,0.1,0.0,4,2,2026-09-14 13:06:28,2026-09-14 13:06:28,lease_timed --clients 2 --rounds 1 --u 1 --l-ratio 1.0 --sd-ratio 0.0 --ttl-ratio 10.0 --pause-ratio 10.0 --fencing on --mode timed
lease_timed,2,1,U=1 L=1 sd=0 TTL=12 pause=11 fence=off,timed,boundary,4,3,,0,hold,hold,0.1,0.0,4,2,2026-09-14 13:06:28,2026-09-14 13:06:28,lease_timed --clients 2 --rounds 1 --u 1 --l-ratio 1.0 --sd-ratio 0.0 --ttl-ratio 12.0 --pause-ratio 11.0 --fencing off --mode timed
lease_timed,2,1,U=1 L=1 sd=1 TTL=6 pause=4 fence=on,timed,boundary,6,5,,0,hold,hold,0.0,0.0,4,2,2026-09-14 13:06:28,2026-09-14 13:06:28,lease_timed --clients 2 --rounds 1 --u 1 --l-ratio 1.0 --sd-ratio 1.0 --ttl-ratio 6.0 --pause-ratio 4.0 --fencing on --mode timed
lease_timed,2,1,U=1 L=1 sd=0 TTL=12 pause=12 fence=on,timed,boundary,6,1,,0,hold,hold,0.1,0.0,4,2,2026-09-14 13:06:28,2026-09-14 13:06:28,lease_timed --clients 2 --rounds 1 --u 1 --l-ratio 1.0 --sd-ratio 0.0 --ttl-ratio 12.0 --pause-ratio 12.0 --fencing on --mode timed
lease_timed,2,1,U=1 L=1 sd=1 TTL=6 pause=4 fence=off,timed,boundary,,,,,FIRE,FIRE,0.1,0.0,4,2,2026-09-14 13:06:28,2026-09-14 13:06:28,lease_timed --clients 2 --rounds 1 --u 1 --l-ratio 1.0 --sd-ratio 1.0 --ttl-ratio 6.0 --pause-ratio 4.0 --fencing off --mode timed
lease_timed,2,1,U=1 L=1 sd=1 TTL=8 pause=6 fence=on,timed,boundary,6,5,,0,hold,hold,0.0,0.0,4,2,2026-09-14 13:06:28,2026-09-14 13:06:28,lease_timed --clients 2 --rounds 1 --u 1 --l-ratio 1.0 --sd-ratio 1.0 --ttl-ratio 8.0 --pause-ratio 6.0 --fencing on --mode timed
lease_timed,2,1,U=1 L=1 sd=1 TTL=6 pause=3 fence=off,timed,boundary,4,5,,0,hold,hold,0.1,0.0,4,2,2026-09-14 13:06:28,2026-09-14 13:06:28,lease_timed --clients 2 --rounds 1 --u 1 --l-ratio 1.0 --sd-ratio 1.0 --ttl-ratio 6.0 --pause-ratio 3.0 --fencing off --mode timed
lease_timed,2,1,U=1 L=1 sd=1 TTL=10 pause=8 fence=off,timed,boundary,,,,,FIRE,FIRE,0.1,0.0,4,2,2026-09-14 13:06:28,2026-09-14 13:06:28,lease_timed --clients 2 --rounds 1 --u 1 --l-ratio 1.0 --sd-ratio 1.0 --ttl-ratio 10.0 --pause-ratio 8.0 --fencing off --mode timed
lease_timed,2,1,U=1 L=1 sd=1 TTL=8 pause=6 fence=off,timed,boundary,,,,,FIRE,FIRE,0.1,0.0,4,2,2026-09-14 13:06:28,2026-09-14 13:06:28,lease_timed --clients 2 --rounds 1 --u 1 --l-ratio 1.0 --sd-ratio 1.0 --ttl-ratio 8.0 --pause-ratio 6.0 --fencing off --mode timed
lease_timed,2,1,U=1 L=1 sd=1 TTL=8 pause=5 fence=off,timed,boundary,4,5,,0,hold,hold,0.1,0.0,4,2,2026-09-14 13:06:28,2026-09-14 13:06:28,lease_timed --clients 2 --rounds 1 --u 1 --l-ratio 1.0 --sd-ratio 1.0 --ttl-ratio 8.0 --pause-ratio 5.0 --fencing off --mode timed
lease_timed,2,1,U=1 L=1 sd=1 TTL=10 pause=8 fence=on,timed,boundary,6,5,,0,hold,hold,0.1,0.0,4,2,2026-09-14 13:06:28,2026-09-14 13:06:28,lease_timed --clients 2 --rounds 1 --u 1 --l-ratio 1.0 --sd-ratio 1.0 --ttl-ratio 10.0 --pause-ratio 8.0 --fencing on --mode timed
lease_timed,2,1,U=1 L=1 sd=1 TTL=10 pause=7 fence=off,timed,boundary,4,5,,0,hold,hold,0.1,0.0,4,2,2026-09-14 13:06:28,2026-09-14 13:06:28,lease_timed --clients 2 --rounds 1 --u 1 --l-ratio 1.0 --sd-ratio 1.0 --ttl-ratio 10.0 --pause-ratio 7.0 --fencing off --mode timed
lease_timed,2,1,U=1 L=1 sd=1 TTL=12 pause=10 fence=off,timed,boundary,,,,,FIRE,FIRE,0.1,0.0,4,2,2026-09-14 13:06:28,2026-09-14 13:06:28,lease_timed --clients 2 --rounds 1 --u 1 --l-ratio 1.0 --sd-ratio 1.0 --ttl-ratio 12.0 --pause-ratio 10.0 --fencing off --mode timed
lease_timed,2,1,U=1 L=1 sd=1 TTL=12 pause=9 fence=off,timed,boundary,4,5,,0,hold,hold,0.1,0.0,4,2,2026-09-14 13:06:28,2026-09-14 13:06:28,lease_timed --clients 2 --rounds 1 --u 1 --l-ratio 1.0 --sd-ratio 1.0 --ttl-ratio 12.0 --pause-ratio 9.0 --fencing off --mode timed
lease_timed,2,1,U=1 L=1 sd=1 TTL=12 pause=10 fence=on,timed,boundary,6,5,,0,hold,hold,0.1,0.0,4,2,2026-09-14 13:06:28,2026-09-14 13:06:28,lease_timed --clients 2 --rounds 1 --u 1 --l-ratio 1.0 --sd-ratio 1.0 --ttl-ratio 12.0 --pause-ratio 10.0 --fencing on --mode timed
lease_timed,2,1,U=2 L=0 sd=0 TTL=6 pause=2 fence=off,timed,boundary,,,,,FIRE,FIRE,0.0,0.0,4,2,2026-09-14 13:06:28,2026-09-14 13:06:28,lease_timed --clients 2 --rounds 1 --u 2 --l-ratio 0.0 --sd-ratio 0.0 --ttl-ratio 3.0 --pause-ratio 1.0 --fencing off --mode timed
lease_timed,2,1,U=2 L=0 sd=0 TTL=8 pause=4 fence=off,timed,boundary,,,,,FIRE,FIRE,0.0,0.0,4,2,2026-09-14 13:06:28,2026-09-14 13:06:28,lease_timed --clients 2 --rounds 1 --u 2 --l-ratio 0.0 --sd-ratio 0.0 --ttl-ratio 4.0 --pause-ratio 2.0 --fencing off --mode timed
lease_timed,2,1,U=2 L=0 sd=0 TTL=6 pause=2 fence=on,timed,boundary,10,6,,0,hold,hold,0.1,0.0,4,2,2026-09-14 13:06:28,2026-09-14 13:06:28,lease_timed --clients 2 --rounds 1 --u 2 --l-ratio 0.0 --sd-ratio 0.0 --ttl-ratio 3.0 --pause-ratio 1.0 --fencing on --mode timed
lease_timed,2,1,U=2 L=0 sd=0 TTL=10 pause=6 fence=off,timed,boundary,,,,,FIRE,FIRE,0.0,0.0,4,2,2026-09-14 13:06:28,2026-09-14 13:06:28,lease_timed --clients 2 --rounds 1 --u 2 --l-ratio 0.0 --sd-ratio 0.0 --ttl-ratio 5.0 --pause-ratio 3.0 --fencing off --mode timed
lease_timed,2,1,U=2 L=0 sd=0 TTL=8 pause=3 fence=off,timed,boundary,8,6,,0,hold,hold,0.1,0.0,4,2,2026-09-14 13:06:28,2026-09-14 13:06:28,lease_timed --clients 2 --rounds 1 --u 2 --l-ratio 0.0 --sd-ratio 0.0 --ttl-ratio 4.0 --pause-ratio 1.5 --fencing off --mode timed
lease_timed,2,1,U=2 L=0 sd=0 TTL=8 pause=4 fence=on,timed,boundary,10,6,,0,hold,hold,0.1,0.0,4,2,2026-09-14 13:06:28,2026-09-14 13:06:28,lease_timed --clients 2 --rounds 1 --u 2 --l-ratio 0.0 --sd-ratio 0.0 --ttl-ratio 4.0 --pause-ratio 2.0 --fencing on --mode timed
lease_timed,2,1,U=2 L=0 sd=0 TTL=6 pause=1 fence=off,timed,boundary,8,6,,0,hold,hold,0.1,0.0,4,2,2026-09-14 13:06:28,2026-09-14 13:06:28,lease_timed --clients 2 --rounds 1 --u 2 --l-ratio 0.0 --sd-ratio 0.0 --ttl-ratio 3.0 --pause-ratio 0.5 --fencing off --mode timed
lease_timed,2,1,U=2 L=0 sd=0 TTL=10 pause=5 fence=off,timed,boundary,8,6,,0,hold,hold,0.1,0.0,4,2,2026-09-14 13:06:28,2026-09-14 13:06:28,lease_timed --clients 2 --rounds 1 --u 2 --l-ratio 0.0 --sd-ratio 0.0 --ttl-ratio 5.0 --pause-ratio 2.5 --fencing off --mode timed
lease_timed,2,1,U=2 L=0 sd=0 TTL=10 pause=6 fence=on,timed,boundary,10,6,,0,hold,hold,0.1,0.0,4,2,2026-09-14 13:06:28,2026-09-14 13:06:28,lease_timed --clients 2 --rounds 1 --u 2 --l-ratio 0.0 --sd-ratio 0.0 --ttl-ratio 5.0 --pause-ratio 3.0 --fencing on --mode timed
lease_timed,2,1,U=2 L=0 sd=0 TTL=12 pause=8 fence=off,timed,boundary,,,,,FIRE,FIRE,0.0,0.0,4,2,2026-09-14 13:06:28,2026-09-14 13:06:28,lease_timed --clients 2 --rounds 1 --u 2 --l-ratio 0.0 --sd-ratio 0.0 --ttl-ratio 6.0 --pause-ratio 4.0 --fencing off --mode timed
lease_timed,2,1,U=2 L=0 sd=1 TTL=6 pause=0 fence=off,timed,boundary,,,,,FIRE,FIRE,0.0,0.0,4,2,2026-09-14 13:06:28,2026-09-14 13:06:28,lease_timed --clients 2 --rounds 1 --u 2 --l-ratio 0.0 --sd-ratio 0.5 --ttl-ratio 3.0 --pause-ratio 0.0 --fencing off --mode timed
lease_timed,2,1,U=2 L=0 sd=1 TTL=8 pause=2 fence=off,timed,boundary,,,,,FIRE,FIRE,0.0,0.0,4,2,2026-09-14 13:06:28,2026-09-14 13:06:28,lease_timed --clients 2 --rounds 1 --u 2 --l-ratio 0.0 --sd-ratio 0.5 --ttl-ratio 4.0 --pause-ratio 1.0 --fencing off --mode timed
lease_timed,2,1,U=2 L=0 sd=0 TTL=12 pause=7 fence=off,timed,boundary,8,6,,0,hold,hold,0.1,0.0,4,2,2026-09-14 13:06:28,2026-09-14 13:06:28,lease_timed --clients 2 --rounds 1 --u 2 --l-ratio 0.0 --sd-ratio 0.0 --ttl-ratio 6.0 --pause-ratio 3.5 --fencing off --mode timed
lease_timed,2,1,U=2 L=0 sd=0 TTL=12 pause=8 fence=on,timed,boundary,10,6,,0,hold,hold,0.1,0.0,4,2,2026-09-14 13:06:28,2026-09-14 13:06:28,lease_timed --clients 2 --rounds 1 --u 2 --l-ratio 0.0 --sd-ratio 0.0 --ttl-ratio 6.0 --pause-ratio 4.0 --fencing on --mode timed
lease_timed,2,1,U=2 L=0 sd=1 TTL=6 pause=0 fence=on,timed,boundary,12,6,,0,hold,hold,0.1,0.0,4,2,2026-09-14 13:06:28,2026-09-14 13:06:28,lease_timed --clients 2 --rounds 1 --u 2 --l-ratio 0.0 --sd-ratio 0.5 --ttl-ratio 3.0 --pause-ratio 0.0 --fencing on --mode timed
lease_timed,2,1,U=2 L=0 sd=1 TTL=8 pause=1 fence=off,timed,boundary,8,6,,0,hold,hold,0.1,0.0,4,2,2026-09-14 13:06:28,2026-09-14 13:06:28,lease_timed --clients 2 --rounds 1 --u 2 --l-ratio 0.0 --sd-ratio 0.5 --ttl-ratio 4.0 --pause-ratio 0.5 --fencing off --mode timed
lease_timed,2,1,U=2 L=0 sd=1 TTL=10 pause=4 fence=off,timed,boundary,,,,,FIRE,FIRE,0.0,0.0,4,2,2026-09-14 13:06:28,2026-09-14 13:06:28,lease_timed --clients 2 --rounds 1 --u 2 --l-ratio 0.0 --sd-ratio 0.5 --ttl-ratio 5.0 --pause-ratio 2.0 --fencing off --mode timed
lease_timed,2,1,U=2 L=0 sd=1 TTL=8 pause=2 fence=on,timed,boundary,10,6,,0,hold,hold,0.1,0.0,4,2,2026-09-14 13:06:28,2026-09-14 13:06:28,lease_timed --clients 2 --rounds 1 --u 2 --l-ratio 0.0 --sd-ratio 0.5 --ttl-ratio 4.0 --pause-ratio 1.0 --fencing on --mode timed
lease_timed,2,1,U=2 L=0 sd=1 TTL=12 pause=6 fence=off,timed,boundary,,,,,FIRE,FIRE,0.0,0.0,4,2,2026-09-14 13:06:28,2026-09-14 13:06:29,lease_timed --clients 2 --rounds 1 --u 2 --l-ratio 0.0 --sd-ratio 0.5 --ttl-ratio 6.0 --pause-ratio 3.0 --fencing off --mode timed
lease_timed,2,1,U=2 L=0 sd=1 TTL=10 pause=3 fence=off,timed,boundary,8,6,,0,hold,hold,0.1,0.0,4,2,2026-09-14 13:06:28,2026-09-14 13:06:29,lease_timed --clients 2 --rounds 1 --u 2 --l-ratio 0.0 --sd-ratio 0.5 --ttl-ratio 5.0 --pause-ratio 1.5 --fencing off --mode timed
lease_timed,2,1,U=2 L=0 sd=1 TTL=10 pause=4 fence=on,timed,boundary,10,6,,0,hold,hold,0.1,0.0,4,2,2026-09-14 13:06:28,2026-09-14 13:06:29,lease_timed --clients 2 --rounds 1 --u 2 --l-ratio 0.0 --sd-ratio 0.5 --ttl-ratio 5.0 --pause-ratio 2.0 --fencing on --mode timed
lease_timed,2,1,U=2 L=2 sd=0 TTL=6 pause=6 fence=off,timed,boundary,,,,,FIRE,FIRE,0.0,0.0,4,2,2026-09-14 13:06:28,2026-09-14 13:06:29,lease_timed --clients 2 --rounds 1 --u 2 --l-ratio 1.0 --sd-ratio 0.0 --ttl-ratio 3.0 --pause-ratio 3.0 --fencing off --mode timed
lease_timed,2,1,U=2 L=2 sd=0 TTL=6 pause=5 fence=off,timed,boundary,2,2,,0,hold,hold,0.0,0.0,4,2,2026-09-14 13:06:29,2026-09-14 13:06:29,lease_timed --clients 2 --rounds 1 --u 2 --l-ratio 1.0 --sd-ratio 0.0 --ttl-ratio 3.0 --pause-ratio 2.5 --fencing off --mode timed
lease_timed,2,1,U=2 L=2 sd=0 TTL=6 pause=6 fence=on,timed,boundary,3,1,,0,hold,hold,0.0,0.0,4,2,2026-09-14 13:06:29,2026-09-14 13:06:29,lease_timed --clients 2 --rounds 1 --u 2 --l-ratio 1.0 --sd-ratio 0.0 --ttl-ratio 3.0 --pause-ratio 3.0 --fencing on --mode timed
lease_timed,2,1,U=2 L=0 sd=1 TTL=12 pause=5 fence=off,timed,boundary,8,6,,0,hold,hold,0.1,0.0,4,2,2026-09-14 13:06:28,2026-09-14 13:06:29,lease_timed --clients 2 --rounds 1 --u 2 --l-ratio 0.0 --sd-ratio 0.5 --ttl-ratio 6.0 --pause-ratio 2.5 --fencing off --mode timed
lease_timed,2,1,U=2 L=2 sd=0 TTL=8 pause=8 fence=off,timed,boundary,,,,,FIRE,FIRE,0.0,0.0,4,2,2026-09-14 13:06:29,2026-09-14 13:06:29,lease_timed --clients 2 --rounds 1 --u 2 --l-ratio 1.0 --sd-ratio 0.0 --ttl-ratio 4.0 --pause-ratio 4.0 --fencing off --mode timed
lease_timed,2,1,U=2 L=2 sd=0 TTL=8 pause=7 fence=off,timed,boundary,4,3,,0,hold,hold,0.1,0.0,4,2,2026-09-14 13:06:29,2026-09-14 13:06:29,lease_timed --clients 2 --rounds 1 --u 2 --l-ratio 1.0 --sd-ratio 0.0 --ttl-ratio 4.0 --pause-ratio 3.5 --fencing off --mode timed
lease_timed,2,1,U=2 L=2 sd=0 TTL=8 pause=8 fence=on,timed,boundary,6,1,,0,hold,hold,0.0,0.0,4,2,2026-09-14 13:06:29,2026-09-14 13:06:29,lease_timed --clients 2 --rounds 1 --u 2 --l-ratio 1.0 --sd-ratio 0.0 --ttl-ratio 4.0 --pause-ratio 4.0 --fencing on --mode timed
lease_timed,2,1,U=2 L=2 sd=0 TTL=10 pause=10 fence=off,timed,boundary,,,,,FIRE,FIRE,0.0,0.0,4,2,2026-09-14 13:06:29,2026-09-14 13:06:29,lease_timed --clients 2 --rounds 1 --u 2 --l-ratio 1.0 --sd-ratio 0.0 --ttl-ratio 5.0 --pause-ratio 5.0 --fencing off --mode timed
lease_timed,2,1,U=2 L=2 sd=0 TTL=12 pause=11 fence=off,timed,boundary,4,3,,0,hold,hold,0.0,0.0,4,2,2026-09-14 13:06:29,2026-09-14 13:06:29,lease_timed --clients 2 --rounds 1 --u 2 --l-ratio 1.0 --sd-ratio 0.0 --ttl-ratio 6.0 --pause-ratio 5.5 --fencing off --mode timed
lease_timed,2,1,U=2 L=0 sd=1 TTL=12 pause=6 fence=on,timed,boundary,10,6,,0,hold,hold,0.1,0.0,4,2,2026-09-14 13:06:28,2026-09-14 13:06:29,lease_timed --clients 2 --rounds 1 --u 2 --l-ratio 0.0 --sd-ratio 0.5 --ttl-ratio 6.0 --pause-ratio 3.0 --fencing on --mode timed
lease_timed,2,1,U=2 L=2 sd=0 TTL=10 pause=9 fence=off,timed,boundary,4,3,,0,hold,hold,0.1,0.0,4,2,2026-09-14 13:06:29,2026-09-14 13:06:29,lease_timed --clients 2 --rounds 1 --u 2 --l-ratio 1.0 --sd-ratio 0.0 --ttl-ratio 5.0 --pause-ratio 4.5 --fencing off --mode timed
lease_timed,2,1,U=2 L=2 sd=0 TTL=10 pause=10 fence=on,timed,boundary,6,1,,0,hold,hold,0.1,0.0,4,2,2026-09-14 13:06:29,2026-09-14 13:06:29,lease_timed --clients 2 --rounds 1 --u 2 --l-ratio 1.0 --sd-ratio 0.0 --ttl-ratio 5.0 --pause-ratio 5.0 --fencing on --mode timed
lease_timed,2,1,U=2 L=2 sd=0 TTL=12 pause=12 fence=on,timed,boundary,6,1,,0,hold,hold,0.0,0.0,4,2,2026-09-14 13:06:29,2026-09-14 13:06:29,lease_timed --clients 2 --rounds 1 --u 2 --l-ratio 1.0 --sd-ratio 0.0 --ttl-ratio 6.0 --pause-ratio 6.0 --fencing on --mode timed
lease_timed,2,1,U=2 L=2 sd=0 TTL=12 pause=12 fence=off,timed,boundary,,,,,FIRE,FIRE,0.1,0.0,4,2,2026-09-14 13:06:29,2026-09-14 13:06:29,lease_timed --clients 2 --rounds 1 --u 2 --l-ratio 1.0 --sd-ratio 0.0 --ttl-ratio 6.0 --pause-ratio 6.0 --fencing off --mode timed
lease_timed,2,1,U=2 L=2 sd=1 TTL=6 pause=4 fence=off,timed,boundary,,,,,FIRE,FIRE,0.0,0.0,4,2,2026-09-14 13:06:29,2026-09-14 13:06:29,lease_timed --clients 2 --rounds 1 --u 2 --l-ratio 1.0 --sd-ratio 0.5 --ttl-ratio 3.0 --pause-ratio 2.0 --fencing off --mode timed
lease_timed,2,1,U=2 L=2 sd=1 TTL=8 pause=6 fence=off,timed,boundary,,,,,FIRE,FIRE,0.0,0.0,4,2,2026-09-14 13:06:29,2026-09-14 13:06:29,lease_timed --clients 2 --rounds 1 --u 2 --l-ratio 1.0 --sd-ratio 0.5 --ttl-ratio 4.0 --pause-ratio 3.0 --fencing off --mode timed
lease_timed,2,1,U=2 L=2 sd=1 TTL=6 pause=3 fence=off,timed,boundary,2,4,,0,hold,hold,0.1,0.0,4,2,2026-09-14 13:06:29,2026-09-14 13:06:29,lease_timed --clients 2 --rounds 1 --u 2 --l-ratio 1.0 --sd-ratio 0.5 --ttl-ratio 3.0 --pause-ratio 1.5 --fencing off --mode timed
lease_timed,2,1,U=2 L=2 sd=1 TTL=6 pause=4 fence=on,timed,boundary,3,4,,0,hold,hold,0.1,0.0,4,2,2026-09-14 13:06:29,2026-09-14 13:06:29,lease_timed --clients 2 --rounds 1 --u 2 --l-ratio 1.0 --sd-ratio 0.5 --ttl-ratio 3.0 --pause-ratio 2.0 --fencing on --mode timed
lease_timed,2,1,U=2 L=2 sd=1 TTL=8 pause=5 fence=off,timed,boundary,4,5,,0,hold,hold,0.1,0.0,4,2,2026-09-14 13:06:29,2026-09-14 13:06:29,lease_timed --clients 2 --rounds 1 --u 2 --l-ratio 1.0 --sd-ratio 0.5 --ttl-ratio 4.0 --pause-ratio 2.5 --fencing off --mode timed
lease_timed,2,1,U=2 L=2 sd=1 TTL=12 pause=10 fence=off,timed,boundary,,,,,FIRE,FIRE,0.0,0.0,4,2,2026-09-14 13:06:29,2026-09-14 13:06:29,lease_timed --clients 2 --rounds 1 --u 2 --l-ratio 1.0 --sd-ratio 0.5 --ttl-ratio 6.0 --pause-ratio 5.0 --fencing off --mode timed
lease_timed,2,1,U=2 L=2 sd=1 TTL=12 pause=10 fence=on,timed,boundary,6,5,,0,hold,hold,0.0,0.0,4,2,2026-09-14 13:06:29,2026-09-14 13:06:29,lease_timed --clients 2 --rounds 1 --u 2 --l-ratio 1.0 --sd-ratio 0.5 --ttl-ratio 6.0 --pause-ratio 5.0 --fencing on --mode timed
lease_timed,2,1,U=2 L=2 sd=1 TTL=10 pause=8 fence=on,timed,boundary,6,5,,0,hold,hold,0.1,0.0,4,2,2026-09-14 13:06:29,2026-09-14 13:06:29,lease_timed --clients 2 --rounds 1 --u 2 --l-ratio 1.0 --sd-ratio 0.5 --ttl-ratio 5.0 --pause-ratio 4.0 --fencing on --mode timed
lease_timed,2,1,U=2 L=2 sd=1 TTL=12 pause=9 fence=off,timed,boundary,4,5,,0,hold,hold,0.0,0.0,4,2,2026-09-14 13:06:29,2026-09-14 13:06:29,lease_timed --clients 2 --rounds 1 --u 2 --l-ratio 1.0 --sd-ratio 0.5 --ttl-ratio 6.0 --pause-ratio 4.5 --fencing off --mode timed
lease_timed,2,1,U=2 L=2 sd=1 TTL=8 pause=6 fence=on,timed,boundary,6,5,,0,hold,hold,0.1,0.0,4,2,2026-09-14 13:06:29,2026-09-14 13:06:29,lease_timed --clients 2 --rounds 1 --u 2 --l-ratio 1.0 --sd-ratio 0.5 --ttl-ratio 4.0 --pause-ratio 3.0 --fencing on --mode timed
lease_timed,2,1,U=2 L=2 sd=1 TTL=10 pause=8 fence=off,timed,boundary,,,,,FIRE,FIRE,0.1,0.0,4,2,2026-09-14 13:06:29,2026-09-14 13:06:29,lease_timed --clients 2 --rounds 1 --u 2 --l-ratio 1.0 --sd-ratio 0.5 --ttl-ratio 5.0 --pause-ratio 4.0 --fencing off --mode timed
swim_timed,3,1,U=1 L=0 sd=0 Wp=1 Ws=2,baseline,boundary,,,,,FIRE,FIRE,0.0,0.0,4,2,2026-09-14 13:06:29,2026-09-14 13:06:29,swim_timed --nodes 3 --rounds 1 --u 1 --l-ratio 0.0 --sd-ratio 0.0 --w-probe-ratio 1.0 --w-suspect-ratio 2.0 --mode baseline
swim_timed,3,1,U=1 L=0 sd=1 Wp=1 Ws=4,baseline,boundary,,,,,FIRE,FIRE,0.1,0.0,4,2,2026-09-14 13:06:29,2026-09-14 13:06:29,swim_timed --nodes 3 --rounds 1 --u 1 --l-ratio 0.0 --sd-ratio 1.0 --w-probe-ratio 1.0 --w-suspect-ratio 4.0 --mode baseline
swim_timed,3,1,U=1 L=0 sd=0 Wp=1 Ws=3,baseline,boundary,,,,,FIRE,FIRE,0.0,0.0,3,2,2026-09-14 13:06:29,2026-09-14 13:06:29,swim_timed --nodes 3 --rounds 1 --u 1 --l-ratio 0.0 --sd-ratio 0.0 --w-probe-ratio 1.0 --w-suspect-ratio 3.0 --mode baseline
lease_timed,2,1,U=2 L=2 sd=1 TTL=10 pause=7 fence=off,timed,boundary,4,5,,0,hold,hold,0.2,0.0,4,2,2026-09-14 13:06:29,2026-09-14 13:06:29,lease_timed --clients 2 --rounds 1 --u 2 --l-ratio 1.0 --sd-ratio 0.5 --ttl-ratio 5.0 --pause-ratio 3.5 --fencing off --mode timed
swim_timed,3,1,U=1 L=1 sd=0 Wp=1 Ws=2,baseline,boundary,,,,,FIRE,FIRE,0.0,0.0,4,2,2026-09-14 13:06:29,2026-09-14 13:06:29,swim_timed --nodes 3 --rounds 1 --u 1 --l-ratio 1.0 --sd-ratio 0.0 --w-probe-ratio 1.0 --w-suspect-ratio 2.0 --mode baseline
swim_timed,3,1,U=1 L=1 sd=1 Wp=1 Ws=4,baseline,boundary,,,,,FIRE,FIRE,0.0,0.0,4,2,2026-09-14 13:06:29,2026-09-14 13:06:29,swim_timed --nodes 3 --rounds 1 --u 1 --l-ratio 1.0 --sd-ratio 1.0 --w-probe-ratio 1.0 --w-suspect-ratio 4.0 --mode baseline
swim_timed,3,1,U=1 L=1 sd=1 Wp=1 Ws=3,baseline,boundary,,,,,FIRE,FIRE,0.0,0.0,4,2,2026-09-14 13:06:29,2026-09-14 13:06:29,swim_timed --nodes 3 --rounds 1 --u 1 --l-ratio 1.0 --sd-ratio 1.0 --w-probe-ratio 1.0 --w-suspect-ratio 3.0 --mode baseline
swim_timed,3,1,U=2 L=0 sd=0 Wp=2 Ws=4,baseline,boundary,,,,,FIRE,FIRE,0.0,0.0,4,2,2026-09-14 13:06:29,2026-09-14 13:06:29,swim_timed --nodes 3 --rounds 1 --u 2 --l-ratio 0.0 --sd-ratio 0.0 --w-probe-ratio 1.0 --w-suspect-ratio 2.0 --mode baseline
swim_timed,3,1,U=1 L=0 sd=1 Wp=1 Ws=5,baseline,boundary,,,,,FIRE,FIRE,0.1,0.0,4,2,2026-09-14 13:06:29,2026-09-14 13:06:29,swim_timed --nodes 3 --rounds 1 --u 1 --l-ratio 0.0 --sd-ratio 1.0 --w-probe-ratio 1.0 --w-suspect-ratio 5.0 --mode baseline
swim_timed,3,1,U=2 L=0 sd=0 Wp=2 Ws=5,baseline,boundary,,,,,FIRE,FIRE,0.0,0.0,4,2,2026-09-14 13:06:29,2026-09-14 13:06:29,swim_timed --nodes 3 --rounds 1 --u 2 --l-ratio 0.0 --sd-ratio 0.0 --w-probe-ratio 1.0 --w-suspect-ratio 2.5 --mode baseline
swim_timed,3,1,U=1 L=1 sd=0 Wp=1 Ws=1,baseline,boundary,,,,,FIRE,FIRE,0.1,0.0,4,2,2026-09-14 13:06:29,2026-09-14 13:06:29,swim_timed --nodes 3 --rounds 1 --u 1 --l-ratio 1.0 --sd-ratio 0.0 --w-probe-ratio 1.0 --w-suspect-ratio 1.0 --mode baseline
swim_timed,3,1,U=2 L=0 sd=1 Wp=2 Ws=6,baseline,boundary,,,,,FIRE,FIRE,0.0,0.0,4,2,2026-09-14 13:06:29,2026-09-14 13:06:29,swim_timed --nodes 3 --rounds 1 --u 2 --l-ratio 0.0 --sd-ratio 0.5 --w-probe-ratio 1.0 --w-suspect-ratio 3.0 --mode baseline
swim_timed,3,1,U=2 L=0 sd=1 Wp=2 Ws=7,baseline,boundary,,,,,FIRE,FIRE,0.0,0.0,4,2,2026-09-14 13:06:29,2026-09-14 13:06:29,swim_timed --nodes 3 --rounds 1 --u 2 --l-ratio 0.0 --sd-ratio 0.5 --w-probe-ratio 1.0 --w-suspect-ratio 3.5 --mode baseline
swim_timed,3,1,U=2 L=2 sd=0 Wp=2 Ws=3,baseline,boundary,,,,,FIRE,FIRE,0.0,0.0,4,2,2026-09-14 13:06:29,2026-09-14 13:06:29,swim_timed --nodes 3 --rounds 1 --u 2 --l-ratio 1.0 --sd-ratio 0.0 --w-probe-ratio 1.0 --w-suspect-ratio 1.5 --mode baseline
swim_timed,3,1,U=2 L=2 sd=0 Wp=2 Ws=2,baseline,boundary,,,,,FIRE,FIRE,0.1,0.0,4,2,2026-09-14 13:06:29,2026-09-14 13:06:29,swim_timed --nodes 3 --rounds 1 --u 2 --l-ratio 1.0 --sd-ratio 0.0 --w-probe-ratio 1.0 --w-suspect-ratio 1.0 --mode baseline
swim_timed,3,1,U=2 L=2 sd=1 Wp=2 Ws=4,baseline,boundary,,,,,FIRE,FIRE,0.1,0.0,4,2,2026-09-14 13:06:29,2026-09-14 13:06:29,swim_timed --nodes 3 --rounds 1 --u 2 --l-ratio 1.0 --sd-ratio 0.5 --w-probe-ratio 1.0 --w-suspect-ratio 2.0 --mode baseline
swim_timed,3,1,U=4 L=3 sd=0 Wp=4 Ws=7,baseline,boundary,,,,,FIRE,FIRE,0.0,0.0,3,2,2026-09-14 13:06:29,2026-09-14 13:06:29,swim_timed --nodes 3 --rounds 1 --u 4 --l-ratio 0.75 --sd-ratio 0.0 --w-probe-ratio 1.0 --w-suspect-ratio 1.75 --mode baseline
swim_timed,3,1,U=4 L=3 sd=0 Wp=4 Ws=6,baseline,boundary,,,,,FIRE,FIRE,0.1,0.0,4,2,2026-09-14 13:06:29,2026-09-14 13:06:29,swim_timed --nodes 3 --rounds 1 --u 4 --l-ratio 0.75 --sd-ratio 0.0 --w-probe-ratio 1.0 --w-suspect-ratio 1.5 --mode baseline
swim_timed,3,1,U=2 L=2 sd=1 Wp=2 Ws=5,baseline,boundary,,,,,FIRE,FIRE,0.1,0.0,4,2,2026-09-14 13:06:29,2026-09-14 13:06:29,swim_timed --nodes 3 --rounds 1 --u 2 --l-ratio 1.0 --sd-ratio 0.5 --w-probe-ratio 1.0 --w-suspect-ratio 2.5 --mode baseline
swim_timed,3,1,U=3 L=2 sd=0 Wp=3 Ws=5,baseline,boundary,,,,,FIRE,FIRE,0.1,0.0,4,2,2026-09-14 13:06:29,2026-09-14 13:06:29,swim_timed --nodes 3 --rounds 1 --u 3 --l-ratio 0.6666666666666666 --sd-ratio 0.0 --w-probe-ratio 1.0 --w-suspect-ratio 1.6666666666666667 --mode baseline
swim_timed,3,1,U=3 L=2 sd=0 Wp=3 Ws=6,baseline,boundary,,,,,FIRE,FIRE,0.1,0.0,4,2,2026-09-14 13:06:29,2026-09-14 13:06:29,swim_timed --nodes 3 --rounds 1 --u 3 --l-ratio 0.6666666666666666 --sd-ratio 0.0 --w-probe-ratio 1.0 --w-suspect-ratio 2.0 --mode baseline
swim_timed,3,1,U=1 L=0 sd=0 Wp=1 Ws=2,timed,boundary,,,,,FIRE,FIRE,0.1,0.0,4,2,2026-09-14 13:06:29,2026-09-14 13:06:29,swim_timed --nodes 3 --rounds 1 --u 1 --l-ratio 0.0 --sd-ratio 0.0 --w-probe-ratio 1.0 --w-suspect-ratio 2.0 --mode timed
swim_timed,3,1,U=1 L=0 sd=0 Wp=1 Ws=3,timed,boundary,2,6,,0,hold,hold,0.1,0.0,4,2,2026-09-14 13:06:29,2026-09-14 13:06:29,swim_timed --nodes 3 --rounds 1 --u 1 --l-ratio 0.0 --sd-ratio 0.0 --w-probe-ratio 1.0 --w-suspect-ratio 3.0 --mode timed
swim_timed,3,1,U=1 L=0 sd=1 Wp=1 Ws=4,timed,boundary,,,,,FIRE,FIRE,0.1,0.0,4,2,2026-09-14 13:06:29,2026-09-14 13:06:29,swim_timed --nodes 3 --rounds 1 --u 1 --l-ratio 0.0 --sd-ratio 1.0 --w-probe-ratio 1.0 --w-suspect-ratio 4.0 --mode timed
swim_timed,3,1,U=1 L=0 sd=1 Wp=1 Ws=5,timed,boundary,2,4,,0,hold,hold,0.0,0.0,4,2,2026-09-14 13:06:29,2026-09-14 13:06:29,swim_timed --nodes 3 --rounds 1 --u 1 --l-ratio 0.0 --sd-ratio 1.0 --w-probe-ratio 1.0 --w-suspect-ratio 5.0 --mode timed
swim_timed,3,1,U=1 L=1 sd=0 Wp=1 Ws=2,timed,boundary,1,3,,0,hold,hold,0.0,0.0,4,2,2026-09-14 13:06:29,2026-09-14 13:06:29,swim_timed --nodes 3 --rounds 1 --u 1 --l-ratio 1.0 --sd-ratio 0.0 --w-probe-ratio 1.0 --w-suspect-ratio 2.0 --mode timed
swim_timed,3,1,U=1 L=1 sd=1 Wp=1 Ws=3,timed,boundary,,,,,FIRE,FIRE,0.0,0.0,4,2,2026-09-14 13:06:29,2026-09-14 13:06:29,swim_timed --nodes 3 --rounds 1 --u 1 --l-ratio 1.0 --sd-ratio 1.0 --w-probe-ratio 1.0 --w-suspect-ratio 3.0 --mode timed
swim_timed,3,1,U=1 L=1 sd=0 Wp=1 Ws=1,timed,boundary,,,,,FIRE,FIRE,0.1,0.0,4,2,2026-09-14 13:06:29,2026-09-14 13:06:29,swim_timed --nodes 3 --rounds 1 --u 1 --l-ratio 1.0 --sd-ratio 0.0 --w-probe-ratio 1.0 --w-suspect-ratio 1.0 --mode timed
swim_timed,3,1,U=2 L=0 sd=0 Wp=2 Ws=4,timed,boundary,,,,,FIRE,FIRE,0.0,0.0,4,2,2026-09-14 13:06:29,2026-09-14 13:06:29,swim_timed --nodes 3 --rounds 1 --u 2 --l-ratio 0.0 --sd-ratio 0.0 --w-probe-ratio 1.0 --w-suspect-ratio 2.0 --mode timed
swim_timed,3,1,U=1 L=1 sd=1 Wp=1 Ws=4,timed,boundary,1,3,,0,hold,hold,0.0,0.0,4,2,2026-09-14 13:06:29,2026-09-14 13:06:29,swim_timed --nodes 3 --rounds 1 --u 1 --l-ratio 1.0 --sd-ratio 1.0 --w-probe-ratio 1.0 --w-suspect-ratio 4.0 --mode timed
swim_timed,3,1,U=2 L=0 sd=0 Wp=2 Ws=5,timed,boundary,2,6,,0,hold,hold,0.0,0.0,4,2,2026-09-14 13:06:29,2026-09-14 13:06:29,swim_timed --nodes 3 --rounds 1 --u 2 --l-ratio 0.0 --sd-ratio 0.0 --w-probe-ratio 1.0 --w-suspect-ratio 2.5 --mode timed
swim_timed,3,1,U=2 L=0 sd=1 Wp=2 Ws=6,timed,boundary,,,,,FIRE,FIRE,0.0,0.0,4,2,2026-09-14 13:06:29,2026-09-14 13:06:29,swim_timed --nodes 3 --rounds 1 --u 2 --l-ratio 0.0 --sd-ratio 0.5 --w-probe-ratio 1.0 --w-suspect-ratio 3.0 --mode timed
swim_timed,3,1,U=2 L=2 sd=0 Wp=2 Ws=2,timed,boundary,,,,,FIRE,FIRE,0.0,0.0,4,2,2026-09-14 13:06:29,2026-09-14 13:06:29,swim_timed --nodes 3 --rounds 1 --u 2 --l-ratio 1.0 --sd-ratio 0.0 --w-probe-ratio 1.0 --w-suspect-ratio 1.0 --mode timed
swim_timed,3,1,U=2 L=2 sd=0 Wp=2 Ws=3,timed,boundary,1,3,,0,hold,hold,0.0,0.0,4,2,2026-09-14 13:06:29,2026-09-14 13:06:29,swim_timed --nodes 3 --rounds 1 --u 2 --l-ratio 1.0 --sd-ratio 0.0 --w-probe-ratio 1.0 --w-suspect-ratio 1.5 --mode timed
swim_timed,3,1,U=2 L=2 sd=1 Wp=2 Ws=4,timed,boundary,,,,,FIRE,FIRE,0.0,0.0,4,2,2026-09-14 13:06:29,2026-09-14 13:06:29,swim_timed --nodes 3 --rounds 1 --u 2 --l-ratio 1.0 --sd-ratio 0.5 --w-probe-ratio 1.0 --w-suspect-ratio 2.0 --mode timed
swim_timed,3,1,U=2 L=0 sd=1 Wp=2 Ws=7,timed,boundary,2,6,,0,hold,hold,0.1,0.0,4,2,2026-09-14 13:06:29,2026-09-14 13:06:29,swim_timed --nodes 3 --rounds 1 --u 2 --l-ratio 0.0 --sd-ratio 0.5 --w-probe-ratio 1.0 --w-suspect-ratio 3.5 --mode timed
swim_timed,3,1,U=4 L=3 sd=0 Wp=4 Ws=6,timed,boundary,,,,,FIRE,FIRE,0.0,0.0,4,2,2026-09-14 13:06:29,2026-09-14 13:06:29,swim_timed --nodes 3 --rounds 1 --u 4 --l-ratio 0.75 --sd-ratio 0.0 --w-probe-ratio 1.0 --w-suspect-ratio 1.5 --mode timed
swim_timed,3,1,U=2 L=2 sd=1 Wp=2 Ws=5,timed,boundary,1,3,,0,hold,hold,0.1,0.0,4,2,2026-09-14 13:06:29,2026-09-14 13:06:29,swim_timed --nodes 3 --rounds 1 --u 2 --l-ratio 1.0 --sd-ratio 0.5 --w-probe-ratio 1.0 --w-suspect-ratio 2.5 --mode timed
swim_timed,3,1,U=4 L=3 sd=0 Wp=4 Ws=7,timed,boundary,1,3,,0,hold,hold,0.1,0.0,4,2,2026-09-14 13:06:29,2026-09-14 13:06:29,swim_timed --nodes 3 --rounds 1 --u 4 --l-ratio 0.75 --sd-ratio 0.0 --w-probe-ratio 1.0 --w-suspect-ratio 1.75 --mode timed
swim_timed,3,1,U=3 L=2 sd=0 Wp=3 Ws=6,timed,boundary,1,3,,0,hold,hold,0.1,0.0,4,2,2026-09-14 13:06:29,2026-09-14 13:06:29,swim_timed --nodes 3 --rounds 1 --u 3 --l-ratio 0.6666666666666666 --sd-ratio 0.0 --w-probe-ratio 1.0 --w-suspect-ratio 2.0 --mode timed
lease_timed,2,2,U=1 L=0 sd=0 TTL=6 pause=4 fence=off,baseline,boundary,,,,,FIRE,FIRE,0.1,0.0,4,2,2026-09-14 13:06:29,2026-09-14 13:06:29,lease_timed --clients 2 --rounds 2 --u 1 --l-ratio 0.0 --sd-ratio 0.0 --ttl-ratio 6.0 --pause-ratio 4.0 --fencing off --mode baseline
lease_timed,2,2,U=1 L=0 sd=0 TTL=6 pause=3 fence=off,baseline,boundary,,,,,FIRE,FIRE,0.0,0.0,4,2,2026-09-14 13:06:29,2026-09-14 13:06:29,lease_timed --clients 2 --rounds 2 --u 1 --l-ratio 0.0 --sd-ratio 0.0 --ttl-ratio 6.0 --pause-ratio 3.0 --fencing off --mode baseline
swim_timed,3,1,U=3 L=2 sd=0 Wp=3 Ws=5,timed,boundary,,,,,FIRE,FIRE,0.1,0.0,4,2,2026-09-14 13:06:29,2026-09-14 13:06:29,swim_timed --nodes 3 --rounds 1 --u 3 --l-ratio 0.6666666666666666 --sd-ratio 0.0 --w-probe-ratio 1.0 --w-suspect-ratio 1.6666666666666667 --mode timed
lease_timed,2,2,U=1 L=0 sd=0 TTL=8 pause=6 fence=off,baseline,boundary,,,,,FIRE,FIRE,0.0,0.0,4,2,2026-09-14 13:06:29,2026-09-14 13:06:29,lease_timed --clients 2 --rounds 2 --u 1 --l-ratio 0.0 --sd-ratio 0.0 --ttl-ratio 8.0 --pause-ratio 6.0 --fencing off --mode baseline
lease_timed,2,2,U=1 L=0 sd=0 TTL=8 pause=5 fence=off,baseline,boundary,,,,,FIRE,FIRE,0.0,0.0,4,2,2026-09-14 13:06:29,2026-09-14 13:06:29,lease_timed --clients 2 --rounds 2 --u 1 --l-ratio 0.0 --sd-ratio 0.0 --ttl-ratio 8.0 --pause-ratio 5.0 --fencing off --mode baseline
lease_timed,2,2,U=1 L=0 sd=0 TTL=10 pause=7 fence=off,baseline,boundary,,,,,FIRE,FIRE,0.0,0.0,4,2,2026-09-14 13:06:29,2026-09-14 13:06:29,lease_timed --clients 2 --rounds 2 --u 1 --l-ratio 0.0 --sd-ratio 0.0 --ttl-ratio 10.0 --pause-ratio 7.0 --fencing off --mode baseline
lease_timed,2,2,U=1 L=0 sd=0 TTL=10 pause=8 fence=off,baseline,boundary,,,,,FIRE,FIRE,0.0,0.0,4,2,2026-09-14 13:06:29,2026-09-14 13:06:29,lease_timed --clients 2 --rounds 2 --u 1 --l-ratio 0.0 --sd-ratio 0.0 --ttl-ratio 10.0 --pause-ratio 8.0 --fencing off --mode baseline
lease_timed,2,2,U=1 L=0 sd=0 TTL=12 pause=10 fence=off,baseline,boundary,,,,,FIRE,FIRE,0.0,0.0,4,2,2026-09-14 13:06:29,2026-09-14 13:06:29,lease_timed --clients 2 --rounds 2 --u 1 --l-ratio 0.0 --sd-ratio 0.0 --ttl-ratio 12.0 --pause-ratio 10.0 --fencing off --mode baseline
lease_timed,2,2,U=1 L=0 sd=1 TTL=6 pause=2 fence=off,baseline,boundary,,,,,FIRE,FIRE,0.0,0.0,4,2,2026-09-14 13:06:29,2026-09-14 13:06:29,lease_timed --clients 2 --rounds 2 --u 1 --l-ratio 0.0 --sd-ratio 1.0 --ttl-ratio 6.0 --pause-ratio 2.0 --fencing off --mode baseline
lease_timed,2,2,U=1 L=0 sd=0 TTL=12 pause=9 fence=off,baseline,boundary,,,,,FIRE,FIRE,0.1,0.0,4,2,2026-09-14 13:06:29,2026-09-14 13:06:29,lease_timed --clients 2 --rounds 2 --u 1 --l-ratio 0.0 --sd-ratio 0.0 --ttl-ratio 12.0 --pause-ratio 9.0 --fencing off --mode baseline
lease_timed,2,2,U=1 L=0 sd=0 TTL=6 pause=4 fence=on,baseline,boundary,144,0,,0,hold,hold,0.2,0.1,4,2,2026-09-14 13:06:29,2026-09-14 13:06:29,lease_timed --clients 2 --rounds 2 --u 1 --l-ratio 0.0 --sd-ratio 0.0 --ttl-ratio 6.0 --pause-ratio 4.0 --fencing on --mode baseline
lease_timed,2,2,U=1 L=0 sd=1 TTL=6 pause=1 fence=off,baseline,boundary,,,,,FIRE,FIRE,0.0,0.0,4,2,2026-09-14 13:06:29,2026-09-14 13:06:29,lease_timed --clients 2 --rounds 2 --u 1 --l-ratio 0.0 --sd-ratio 1.0 --ttl-ratio 6.0 --pause-ratio 1.0 --fencing off --mode baseline
lease_timed,2,2,U=1 L=0 sd=0 TTL=12 pause=10 fence=on,baseline,boundary,144,0,,0,hold,hold,0.1,0.1,4,2,2026-09-14 13:06:29,2026-09-14 13:06:29,lease_timed --clients 2 --rounds 2 --u 1 --l-ratio 0.0 --sd-ratio 0.0 --ttl-ratio 12.0 --pause-ratio 10.0 --fencing on --mode baseline
lease_timed,2,2,U=1 L=0 sd=1 TTL=8 pause=4 fence=off,baseline,boundary,,,,,FIRE,FIRE,0.0,0.0,4,2,2026-09-14 13:06:29,2026-09-14 13:06:29,lease_timed --clients 2 --rounds 2 --u 1 --l-ratio 0.0 --sd-ratio 1.0 --ttl-ratio 8.0 --pause-ratio 4.0 --fencing off --mode baseline
lease_timed,2,2,U=1 L=0 sd=0 TTL=8 pause=6 fence=on,baseline,boundary,144,0,,0,hold,hold,0.2,0.1,4,2,2026-09-14 13:06:29,2026-09-14 13:06:29,lease_timed --clients 2 --rounds 2 --u 1 --l-ratio 0.0 --sd-ratio 0.0 --ttl-ratio 8.0 --pause-ratio 6.0 --fencing on --mode baseline
lease_timed,2,2,U=1 L=0 sd=1 TTL=8 pause=3 fence=off,baseline,boundary,,,,,FIRE,FIRE,0.0,0.0,4,2,2026-09-14 13:06:29,2026-09-14 13:06:29,lease_timed --clients 2 --rounds 2 --u 1 --l-ratio 0.0 --sd-ratio 1.0 --ttl-ratio 8.0 --pause-ratio 3.0 --fencing off --mode baseline
lease_timed,2,2,U=1 L=0 sd=1 TTL=10 pause=6 fence=off,baseline,boundary,,,,,FIRE,FIRE,0.0,0.0,4,2,2026-09-14 13:06:29,2026-09-14 13:06:29,lease_timed --clients 2 --rounds 2 --u 1 --l-ratio 0.0 --sd-ratio 1.0 --ttl-ratio 10.0 --pause-ratio 6.0 --fencing off --mode baseline
lease_timed,2,2,U=1 L=0 sd=1 TTL=10 pause=5 fence=off,baseline,boundary,,,,,FIRE,FIRE,0.0,0.0,4,2,2026-09-14 13:06:29,2026-09-14 13:06:29,lease_timed --clients 2 --rounds 2 --u 1 --l-ratio 0.0 --sd-ratio 1.0 --ttl-ratio 10.0 --pause-ratio 5.0 --fencing off --mode baseline
lease_timed,2,2,U=1 L=0 sd=1 TTL=6 pause=2 fence=on,baseline,boundary,144,0,,0,hold,hold,0.1,0.1,4,2,2026-09-14 13:06:29,2026-09-14 13:06:29,lease_timed --clients 2 --rounds 2 --u 1 --l-ratio 0.0 --sd-ratio 1.0 --ttl-ratio 6.0 --pause-ratio 2.0 --fencing on --mode baseline
lease_timed,2,2,U=1 L=0 sd=0 TTL=10 pause=8 fence=on,baseline,boundary,144,0,,0,hold,hold,0.2,0.1,4,2,2026-09-14 13:06:29,2026-09-14 13:06:29,lease_timed --clients 2 --rounds 2 --u 1 --l-ratio 0.0 --sd-ratio 0.0 --ttl-ratio 10.0 --pause-ratio 8.0 --fencing on --mode baseline
lease_timed,2,2,U=1 L=0 sd=1 TTL=12 pause=8 fence=off,baseline,boundary,,,,,FIRE,FIRE,0.0,0.0,4,2,2026-09-14 13:06:29,2026-09-14 13:06:29,lease_timed --clients 2 --rounds 2 --u 1 --l-ratio 0.0 --sd-ratio 1.0 --ttl-ratio 12.0 --pause-ratio 8.0 --fencing off --mode baseline
lease_timed,2,2,U=1 L=1 sd=0 TTL=6 pause=6 fence=off,baseline,boundary,,,,,FIRE,FIRE,0.0,0.0,4,2,2026-09-14 13:06:29,2026-09-14 13:06:29,lease_timed --clients 2 --rounds 2 --u 1 --l-ratio 1.0 --sd-ratio 0.0 --ttl-ratio 6.0 --pause-ratio 6.0 --fencing off --mode baseline
lease_timed,2,2,U=1 L=0 sd=1 TTL=12 pause=7 fence=off,baseline,boundary,,,,,FIRE,FIRE,0.1,0.0,4,2,2026-09-14 13:06:29,2026-09-14 13:06:29,lease_timed --clients 2 --rounds 2 --u 1 --l-ratio 0.0 --sd-ratio 1.0 --ttl-ratio 12.0 --pause-ratio 7.0 --fencing off --mode baseline
lease_timed,2,2,U=1 L=1 sd=0 TTL=6 pause=5 fence=off,baseline,boundary,,,,,FIRE,FIRE,0.0,0.0,4,2,2026-09-14 13:06:29,2026-09-14 13:06:29,lease_timed --clients 2 --rounds 2 --u 1 --l-ratio 1.0 --sd-ratio 0.0 --ttl-ratio 6.0 --pause-ratio 5.0 --fencing off --mode baseline
lease_timed,2,2,U=1 L=1 sd=0 TTL=8 pause=7 fence=off,baseline,boundary,,,,,FIRE,FIRE,0.0,0.0,4,2,2026-09-14 13:06:29,2026-09-14 13:06:29,lease_timed --clients 2 --rounds 2 --u 1 --l-ratio 1.0 --sd-ratio 0.0 --ttl-ratio 8.0 --pause-ratio 7.0 --fencing off --mode baseline
lease_timed,2,2,U=1 L=1 sd=0 TTL=8 pause=8 fence=off,baseline,boundary,,,,,FIRE,FIRE,0.0,0.0,4,2,2026-09-14 13:06:29,2026-09-14 13:06:29,lease_timed --clients 2 --rounds 2 --u 1 --l-ratio 1.0 --sd-ratio 0.0 --ttl-ratio 8.0 --pause-ratio 8.0 --fencing off --mode baseline
lease_timed,2,2,U=1 L=0 sd=1 TTL=8 pause=4 fence=on,baseline,boundary,144,0,,0,hold,hold,0.2,0.1,4,2,2026-09-14 13:06:29,2026-09-14 13:06:29,lease_timed --clients 2 --rounds 2 --u 1 --l-ratio 0.0 --sd-ratio 1.0 --ttl-ratio 8.0 --pause-ratio 4.0 --fencing on --mode baseline
lease_timed,2,2,U=1 L=0 sd=1 TTL=12 pause=8 fence=on,baseline,boundary,144,0,,0,hold,hold,0.1,0.1,4,2,2026-09-14 13:06:29,2026-09-14 13:06:29,lease_timed --clients 2 --rounds 2 --u 1 --l-ratio 0.0 --sd-ratio 1.0 --ttl-ratio 12.0 --pause-ratio 8.0 --fencing on --mode baseline
lease_timed,2,2,U=1 L=1 sd=0 TTL=10 pause=9 fence=off,baseline,boundary,,,,,FIRE,FIRE,0.0,0.0,4,2,2026-09-14 13:06:29,2026-09-14 13:06:30,lease_timed --clients 2 --rounds 2 --u 1 --l-ratio 1.0 --sd-ratio 0.0 --ttl-ratio 10.0 --pause-ratio 9.0 --fencing off --mode baseline
lease_timed,2,2,U=1 L=0 sd=1 TTL=10 pause=6 fence=on,baseline,boundary,144,0,,0,hold,hold,0.2,0.1,4,2,2026-09-14 13:06:29,2026-09-14 13:06:30,lease_timed --clients 2 --rounds 2 --u 1 --l-ratio 0.0 --sd-ratio 1.0 --ttl-ratio 10.0 --pause-ratio 6.0 --fencing on --mode baseline
lease_timed,2,2,U=1 L=1 sd=0 TTL=12 pause=12 fence=off,baseline,boundary,,,,,FIRE,FIRE,0.0,0.0,4,2,2026-09-14 13:06:30,2026-09-14 13:06:30,lease_timed --clients 2 --rounds 2 --u 1 --l-ratio 1.0 --sd-ratio 0.0 --ttl-ratio 12.0 --pause-ratio 12.0 --fencing off --mode baseline
lease_timed,2,2,U=1 L=1 sd=0 TTL=12 pause=11 fence=off,baseline,boundary,,,,,FIRE,FIRE,0.0,0.0,4,2,2026-09-14 13:06:30,2026-09-14 13:06:30,lease_timed --clients 2 --rounds 2 --u 1 --l-ratio 1.0 --sd-ratio 0.0 --ttl-ratio 12.0 --pause-ratio 11.0 --fencing off --mode baseline
lease_timed,2,2,U=1 L=1 sd=0 TTL=6 pause=6 fence=on,baseline,boundary,144,0,,0,hold,hold,0.1,0.1,4,2,2026-09-14 13:06:29,2026-09-14 13:06:30,lease_timed --clients 2 --rounds 2 --u 1 --l-ratio 1.0 --sd-ratio 0.0 --ttl-ratio 6.0 --pause-ratio 6.0 --fencing on --mode baseline
lease_timed,2,2,U=1 L=1 sd=0 TTL=10 pause=10 fence=off,baseline,boundary,,,,,FIRE,FIRE,0.1,0.0,4,2,2026-09-14 13:06:29,2026-09-14 13:06:30,lease_timed --clients 2 --rounds 2 --u 1 --l-ratio 1.0 --sd-ratio 0.0 --ttl-ratio 10.0 --pause-ratio 10.0 --fencing off --mode baseline
lease_timed,2,2,U=1 L=1 sd=1 TTL=6 pause=4 fence=off,baseline,boundary,,,,,FIRE,FIRE,0.0,0.0,4,2,2026-09-14 13:06:30,2026-09-14 13:06:30,lease_timed --clients 2 --rounds 2 --u 1 --l-ratio 1.0 --sd-ratio 1.0 --ttl-ratio 6.0 --pause-ratio 4.0 --fencing off --mode baseline
lease_timed,2,2,U=1 L=1 sd=1 TTL=6 pause=3 fence=off,baseline,boundary,,,,,FIRE,FIRE,0.0,0.0,4,2,2026-09-14 13:06:30,2026-09-14 13:06:30,lease_timed --clients 2 --rounds 2 --u 1 --l-ratio 1.0 --sd-ratio 1.0 --ttl-ratio 6.0 --pause-ratio 3.0 --fencing off --mode baseline
lease_timed,2,2,U=1 L=1 sd=0 TTL=8 pause=8 fence=on,baseline,boundary,144,0,,0,hold,hold,0.2,0.1,4,2,2026-09-14 13:06:29,2026-09-14 13:06:30,lease_timed --clients 2 --rounds 2 --u 1 --l-ratio 1.0 --sd-ratio 0.0 --ttl-ratio 8.0 --pause-ratio 8.0 --fencing on --mode baseline
lease_timed,2,2,U=1 L=1 sd=1 TTL=8 pause=6 fence=off,baseline,boundary,,,,,FIRE,FIRE,0.0,0.0,4,2,2026-09-14 13:06:30,2026-09-14 13:06:30,lease_timed --clients 2 --rounds 2 --u 1 --l-ratio 1.0 --sd-ratio 1.0 --ttl-ratio 8.0 --pause-ratio 6.0 --fencing off --mode baseline
lease_timed,2,2,U=1 L=1 sd=1 TTL=8 pause=5 fence=off,baseline,boundary,,,,,FIRE,FIRE,0.0,0.0,4,2,2026-09-14 13:06:30,2026-09-14 13:06:30,lease_timed --clients 2 --rounds 2 --u 1 --l-ratio 1.0 --sd-ratio 1.0 --ttl-ratio 8.0 --pause-ratio 5.0 --fencing off --mode baseline
lease_timed,2,2,U=1 L=1 sd=0 TTL=10 pause=10 fence=on,baseline,boundary,144,0,,0,hold,hold,0.1,0.1,4,2,2026-09-14 13:06:29,2026-09-14 13:06:30,lease_timed --clients 2 --rounds 2 --u 1 --l-ratio 1.0 --sd-ratio 0.0 --ttl-ratio 10.0 --pause-ratio 10.0 --fencing on --mode baseline
lease_timed,2,2,U=1 L=1 sd=1 TTL=6 pause=4 fence=on,baseline,boundary,144,0,,0,hold,hold,0.1,0.1,4,2,2026-09-14 13:06:30,2026-09-14 13:06:30,lease_timed --clients 2 --rounds 2 --u 1 --l-ratio 1.0 --sd-ratio 1.0 --ttl-ratio 6.0 --pause-ratio 4.0 --fencing on --mode baseline
lease_timed,2,2,U=1 L=1 sd=1 TTL=10 pause=7 fence=off,baseline,boundary,,,,,FIRE,FIRE,0.0,0.0,4,2,2026-09-14 13:06:30,2026-09-14 13:06:30,lease_timed --clients 2 --rounds 2 --u 1 --l-ratio 1.0 --sd-ratio 1.0 --ttl-ratio 10.0 --pause-ratio 7.0 --fencing off --mode baseline
lease_timed,2,2,U=1 L=1 sd=1 TTL=10 pause=8 fence=off,baseline,boundary,,,,,FIRE,FIRE,0.0,0.0,4,2,2026-09-14 13:06:30,2026-09-14 13:06:30,lease_timed --clients 2 --rounds 2 --u 1 --l-ratio 1.0 --sd-ratio 1.0 --ttl-ratio 10.0 --pause-ratio 8.0 --fencing off --mode baseline
lease_timed,2,2,U=1 L=1 sd=1 TTL=12 pause=10 fence=off,baseline,boundary,,,,,FIRE,FIRE,0.0,0.0,4,2,2026-09-14 13:06:30,2026-09-14 13:06:30,lease_timed --clients 2 --rounds 2 --u 1 --l-ratio 1.0 --sd-ratio 1.0 --ttl-ratio 12.0 --pause-ratio 10.0 --fencing off --mode baseline
lease_timed,2,2,U=1 L=1 sd=1 TTL=12 pause=9 fence=off,baseline,boundary,,,,,FIRE,FIRE,0.0,0.0,4,2,2026-09-14 13:06:30,2026-09-14 13:06:30,lease_timed --clients 2 --rounds 2 --u 1 --l-ratio 1.0 --sd-ratio 1.0 --ttl-ratio 12.0 --pause-ratio 9.0 --fencing off --mode baseline
lease_timed,2,2,U=1 L=1 sd=0 TTL=12 pause=12 fence=on,baseline,boundary,144,0,,0,hold,hold,0.2,0.1,4,2,2026-09-14 13:06:30,2026-09-14 13:06:30,lease_timed --clients 2 --rounds 2 --u 1 --l-ratio 1.0 --sd-ratio 0.0 --ttl-ratio 12.0 --pause-ratio 12.0 --fencing on --mode baseline
lease_timed,2,2,U=2 L=0 sd=0 TTL=6 pause=2 fence=off,baseline,boundary,,,,,FIRE,FIRE,0.0,0.0,4,2,2026-09-14 13:06:30,2026-09-14 13:06:30,lease_timed --clients 2 --rounds 2 --u 2 --l-ratio 0.0 --sd-ratio 0.0 --ttl-ratio 3.0 --pause-ratio 1.0 --fencing off --mode baseline
lease_timed,2,2,U=2 L=0 sd=0 TTL=6 pause=1 fence=off,baseline,boundary,,,,,FIRE,FIRE,0.0,0.0,4,2,2026-09-14 13:06:30,2026-09-14 13:06:30,lease_timed --clients 2 --rounds 2 --u 2 --l-ratio 0.0 --sd-ratio 0.0 --ttl-ratio 3.0 --pause-ratio 0.5 --fencing off --mode baseline
lease_timed,2,2,U=2 L=0 sd=0 TTL=8 pause=4 fence=off,baseline,boundary,,,,,FIRE,FIRE,0.0,0.0,4,2,2026-09-14 13:06:30,2026-09-14 13:06:30,lease_timed --clients 2 --rounds 2 --u 2 --l-ratio 0.0 --sd-ratio 0.0 --ttl-ratio 4.0 --pause-ratio 2.0 --fencing off --mode baseline
lease_timed,2,2,U=1 L=1 sd=1 TTL=8 pause=6 fence=on,baseline,boundary,144,0,,0,hold,hold,0.1,0.1,4,2,2026-09-14 13:06:30,2026-09-14 13:06:30,lease_timed --clients 2 --rounds 2 --u 1 --l-ratio 1.0 --sd-ratio 1.0 --ttl-ratio 8.0 --pause-ratio 6.0 --fencing on --mode baseline
lease_timed,2,2,U=2 L=0 sd=0 TTL=8 pause=3 fence=off,baseline,boundary,,,,,FIRE,FIRE,0.0,0.0,4,2,2026-09-14 13:06:30,2026-09-14 13:06:30,lease_timed --clients 2 --rounds 2 --u 2 --l-ratio 0.0 --sd-ratio 0.0 --ttl-ratio 4.0 --pause-ratio 1.5 --fencing off --mode baseline
lease_timed,2,2,U=2 L=0 sd=0 TTL=10 pause=6 fence=off,baseline,boundary,,,,,FIRE,FIRE,0.0,0.0,4,2,2026-09-14 13:06:30,2026-09-14 13:06:30,lease_timed --clients 2 --rounds 2 --u 2 --l-ratio 0.0 --sd-ratio 0.0 --ttl-ratio 5.0 --pause-ratio 3.0 --fencing off --mode baseline
lease_timed,2,2,U=1 L=1 sd=1 TTL=10 pause=8 fence=on,baseline,boundary,144,0,,0,hold,hold,0.2,0.1,4,2,2026-09-14 13:06:30,2026-09-14 13:06:30,lease_timed --clients 2 --rounds 2 --u 1 --l-ratio 1.0 --sd-ratio 1.0 --ttl-ratio 10.0 --pause-ratio 8.0 --fencing on --mode baseline
lease_timed,2,2,U=1 L=1 sd=1 TTL=12 pause=10 fence=on,baseline,boundary,144,0,,0,hold,hold,0.1,0.1,4,2,2026-09-14 13:06:30,2026-09-14 13:06:30,lease_timed --clients 2 --rounds 2 --u 1 --l-ratio 1.0 --sd-ratio 1.0 --ttl-ratio 12.0 --pause-ratio 10.0 --fencing on --mode baseline
lease_timed,2,2,U=2 L=0 sd=0 TTL=10 pause=5 fence=off,baseline,boundary,,,,,FIRE,FIRE,0.0,0.0,4,2,2026-09-14 13:06:30,2026-09-14 13:06:30,lease_timed --clients 2 --rounds 2 --u 2 --l-ratio 0.0 --sd-ratio 0.0 --ttl-ratio 5.0 --pause-ratio 2.5 --fencing off --mode baseline
lease_timed,2,2,U=2 L=0 sd=0 TTL=6 pause=2 fence=on,baseline,boundary,144,0,,0,hold,hold,0.1,0.1,4,2,2026-09-14 13:06:30,2026-09-14 13:06:30,lease_timed --clients 2 --rounds 2 --u 2 --l-ratio 0.0 --sd-ratio 0.0 --ttl-ratio 3.0 --pause-ratio 1.0 --fencing on --mode baseline
lease_timed,2,2,U=2 L=0 sd=0 TTL=12 pause=7 fence=off,baseline,boundary,,,,,FIRE,FIRE,0.0,0.0,4,2,2026-09-14 13:06:30,2026-09-14 13:06:30,lease_timed --clients 2 --rounds 2 --u 2 --l-ratio 0.0 --sd-ratio 0.0 --ttl-ratio 6.0 --pause-ratio 3.5 --fencing off --mode baseline
lease_timed,2,2,U=2 L=0 sd=0 TTL=12 pause=8 fence=off,baseline,boundary,,,,,FIRE,FIRE,0.0,0.0,4,2,2026-09-14 13:06:30,2026-09-14 13:06:30,lease_timed --clients 2 --rounds 2 --u 2 --l-ratio 0.0 --sd-ratio 0.0 --ttl-ratio 6.0 --pause-ratio 4.0 --fencing off --mode baseline
lease_timed,2,2,U=2 L=0 sd=1 TTL=6 pause=0 fence=off,baseline,boundary,,,,,FIRE,FIRE,0.0,0.0,4,2,2026-09-14 13:06:30,2026-09-14 13:06:30,lease_timed --clients 2 --rounds 2 --u 2 --l-ratio 0.0 --sd-ratio 0.5 --ttl-ratio 3.0 --pause-ratio 0.0 --fencing off --mode baseline
lease_timed,2,2,U=2 L=0 sd=1 TTL=8 pause=2 fence=off,baseline,boundary,,,,,FIRE,FIRE,0.0,0.0,4,2,2026-09-14 13:06:30,2026-09-14 13:06:30,lease_timed --clients 2 --rounds 2 --u 2 --l-ratio 0.0 --sd-ratio 0.5 --ttl-ratio 4.0 --pause-ratio 1.0 --fencing off --mode baseline
lease_timed,2,2,U=2 L=0 sd=1 TTL=8 pause=1 fence=off,baseline,boundary,,,,,FIRE,FIRE,0.0,0.0,4,2,2026-09-14 13:06:30,2026-09-14 13:06:30,lease_timed --clients 2 --rounds 2 --u 2 --l-ratio 0.0 --sd-ratio 0.5 --ttl-ratio 4.0 --pause-ratio 0.5 --fencing off --mode baseline
lease_timed,2,2,U=2 L=0 sd=0 TTL=8 pause=4 fence=on,baseline,boundary,144,0,,0,hold,hold,0.2,0.1,4,2,2026-09-14 13:06:30,2026-09-14 13:06:30,lease_timed --clients 2 --rounds 2 --u 2 --l-ratio 0.0 --sd-ratio 0.0 --ttl-ratio 4.0 --pause-ratio 2.0 --fencing on --mode baseline
lease_timed,2,2,U=2 L=0 sd=0 TTL=10 pause=6 fence=on,baseline,boundary,144,0,,0,hold,hold,0.1,0.1,4,2,2026-09-14 13:06:30,2026-09-14 13:06:30,lease_timed --clients 2 --rounds 2 --u 2 --l-ratio 0.0 --sd-ratio 0.0 --ttl-ratio 5.0 --pause-ratio 3.0 --fencing on --mode baseline
lease_timed,2,2,U=2 L=0 sd=1 TTL=10 pause=4 fence=off,baseline,boundary,,,,,FIRE,FIRE,0.0,0.0,4,2,2026-09-14 13:06:30,2026-09-14 13:06:30,lease_timed --clients 2 --rounds 2 --u 2 --l-ratio 0.0 --sd-ratio 0.5 --ttl-ratio 5.0 --pause-ratio 2.0 --fencing off --mode baseline
lease_timed,2,2,U=2 L=0 sd=1 TTL=6 pause=0 fence=on,baseline,boundary,144,0,,0,hold,hold,0.1,0.1,4,2,2026-09-14 13:06:30,2026-09-14 13:06:30,lease_timed --clients 2 --rounds 2 --u 2 --l-ratio 0.0 --sd-ratio 0.5 --ttl-ratio 3.0 --pause-ratio 0.0 --fencing on --mode baseline
lease_timed,2,2,U=2 L=0 sd=1 TTL=10 pause=3 fence=off,baseline,boundary,,,,,FIRE,FIRE,0.0,0.0,4,2,2026-09-14 13:06:30,2026-09-14 13:06:30,lease_timed --clients 2 --rounds 2 --u 2 --l-ratio 0.0 --sd-ratio 0.5 --ttl-ratio 5.0 --pause-ratio 1.5 --fencing off --mode baseline
lease_timed,2,2,U=2 L=0 sd=0 TTL=12 pause=8 fence=on,baseline,boundary,144,0,,0,hold,hold,0.1,0.1,4,2,2026-09-14 13:06:30,2026-09-14 13:06:30,lease_timed --clients 2 --rounds 2 --u 2 --l-ratio 0.0 --sd-ratio 0.0 --ttl-ratio 6.0 --pause-ratio 4.0 --fencing on --mode baseline
lease_timed,2,2,U=2 L=0 sd=1 TTL=12 pause=6 fence=off,baseline,boundary,,,,,FIRE,FIRE,0.0,0.0,4,2,2026-09-14 13:06:30,2026-09-14 13:06:30,lease_timed --clients 2 --rounds 2 --u 2 --l-ratio 0.0 --sd-ratio 0.5 --ttl-ratio 6.0 --pause-ratio 3.0 --fencing off --mode baseline
lease_timed,2,2,U=2 L=0 sd=1 TTL=8 pause=2 fence=on,baseline,boundary,144,0,,0,hold,hold,0.1,0.1,4,2,2026-09-14 13:06:30,2026-09-14 13:06:30,lease_timed --clients 2 --rounds 2 --u 2 --l-ratio 0.0 --sd-ratio 0.5 --ttl-ratio 4.0 --pause-ratio 1.0 --fencing on --mode baseline
lease_timed,2,2,U=2 L=0 sd=1 TTL=12 pause=5 fence=off,baseline,boundary,,,,,FIRE,FIRE,0.0,0.0,4,2,2026-09-14 13:06:30,2026-09-14 13:06:30,lease_timed --clients 2 --rounds 2 --u 2 --l-ratio 0.0 --sd-ratio 0.5 --ttl-ratio 6.0 --pause-ratio 2.5 --fencing off --mode baseline
lease_timed,2,2,U=2 L=2 sd=0 TTL=6 pause=6 fence=off,baseline,boundary,,,,,FIRE,FIRE,0.0,0.0,4,2,2026-09-14 13:06:30,2026-09-14 13:06:30,lease_timed --clients 2 --rounds 2 --u 2 --l-ratio 1.0 --sd-ratio 0.0 --ttl-ratio 3.0 --pause-ratio 3.0 --fencing off --mode baseline
lease_timed,2,2,U=2 L=2 sd=0 TTL=6 pause=5 fence=off,baseline,boundary,,,,,FIRE,FIRE,0.0,0.0,4,2,2026-09-14 13:06:30,2026-09-14 13:06:30,lease_timed --clients 2 --rounds 2 --u 2 --l-ratio 1.0 --sd-ratio 0.0 --ttl-ratio 3.0 --pause-ratio 2.5 --fencing off --mode baseline
lease_timed,2,2,U=2 L=2 sd=0 TTL=8 pause=8 fence=off,baseline,boundary,,,,,FIRE,FIRE,0.0,0.0,4,2,2026-09-14 13:06:30,2026-09-14 13:06:30,lease_timed --clients 2 --rounds 2 --u 2 --l-ratio 1.0 --sd-ratio 0.0 --ttl-ratio 4.0 --pause-ratio 4.0 --fencing off --mode baseline
lease_timed,2,2,U=2 L=2 sd=0 TTL=8 pause=7 fence=off,baseline,boundary,,,,,FIRE,FIRE,0.0,0.0,4,2,2026-09-14 13:06:30,2026-09-14 13:06:30,lease_timed --clients 2 --rounds 2 --u 2 --l-ratio 1.0 --sd-ratio 0.0 --ttl-ratio 4.0 --pause-ratio 3.5 --fencing off --mode baseline
lease_timed,2,2,U=2 L=0 sd=1 TTL=12 pause=6 fence=on,baseline,boundary,144,0,,0,hold,hold,0.1,0.1,4,2,2026-09-14 13:06:30,2026-09-14 13:06:30,lease_timed --clients 2 --rounds 2 --u 2 --l-ratio 0.0 --sd-ratio 0.5 --ttl-ratio 6.0 --pause-ratio 3.0 --fencing on --mode baseline
lease_timed,2,2,U=2 L=2 sd=0 TTL=10 pause=9 fence=off,baseline,boundary,,,,,FIRE,FIRE,0.0,0.0,4,2,2026-09-14 13:06:30,2026-09-14 13:06:30,lease_timed --clients 2 --rounds 2 --u 2 --l-ratio 1.0 --sd-ratio 0.0 --ttl-ratio 5.0 --pause-ratio 4.5 --fencing off --mode baseline
lease_timed,2,2,U=2 L=2 sd=0 TTL=10 pause=10 fence=off,baseline,boundary,,,,,FIRE,FIRE,0.0,0.0,4,2,2026-09-14 13:06:30,2026-09-14 13:06:30,lease_timed --clients 2 --rounds 2 --u 2 --l-ratio 1.0 --sd-ratio 0.0 --ttl-ratio 5.0 --pause-ratio 5.0 --fencing off --mode baseline
lease_timed,2,2,U=2 L=0 sd=1 TTL=10 pause=4 fence=on,baseline,boundary,144,0,,0,hold,hold,0.2,0.1,4,2,2026-09-14 13:06:30,2026-09-14 13:06:30,lease_timed --clients 2 --rounds 2 --u 2 --l-ratio 0.0 --sd-ratio 0.5 --ttl-ratio 5.0 --pause-ratio 2.0 --fencing on --mode baseline
lease_timed,2,2,U=2 L=2 sd=0 TTL=12 pause=12 fence=off,baseline,boundary,,,,,FIRE,FIRE,0.0,0.0,4,2,2026-09-14 13:06:30,2026-09-14 13:06:30,lease_timed --clients 2 --rounds 2 --u 2 --l-ratio 1.0 --sd-ratio 0.0 --ttl-ratio 6.0 --pause-ratio 6.0 --fencing off --mode baseline
lease_timed,2,2,U=2 L=2 sd=0 TTL=6 pause=6 fence=on,baseline,boundary,144,0,,0,hold,hold,0.1,0.1,4,2,2026-09-14 13:06:30,2026-09-14 13:06:30,lease_timed --clients 2 --rounds 2 --u 2 --l-ratio 1.0 --sd-ratio 0.0 --ttl-ratio 3.0 --pause-ratio 3.0 --fencing on --mode baseline
lease_timed,2,2,U=2 L=2 sd=0 TTL=12 pause=11 fence=off,baseline,boundary,,,,,FIRE,FIRE,0.0,0.0,4,2,2026-09-14 13:06:30,2026-09-14 13:06:30,lease_timed --clients 2 --rounds 2 --u 2 --l-ratio 1.0 --sd-ratio 0.0 --ttl-ratio 6.0 --pause-ratio 5.5 --fencing off --mode baseline
lease_timed,2,2,U=2 L=2 sd=1 TTL=6 pause=3 fence=off,baseline,boundary,,,,,FIRE,FIRE,0.0,0.0,4,2,2026-09-14 13:06:30,2026-09-14 13:06:30,lease_timed --clients 2 --rounds 2 --u 2 --l-ratio 1.0 --sd-ratio 0.5 --ttl-ratio 3.0 --pause-ratio 1.5 --fencing off --mode baseline
lease_timed,2,2,U=2 L=2 sd=0 TTL=8 pause=8 fence=on,baseline,boundary,144,0,,0,hold,hold,0.1,0.1,4,2,2026-09-14 13:06:30,2026-09-14 13:06:30,lease_timed --clients 2 --rounds 2 --u 2 --l-ratio 1.0 --sd-ratio 0.0 --ttl-ratio 4.0 --pause-ratio 4.0 --fencing on --mode baseline
lease_timed,2,2,U=2 L=2 sd=0 TTL=12 pause=12 fence=on,baseline,boundary,144,0,,0,hold,hold,0.1,0.1,4,2,2026-09-14 13:06:30,2026-09-14 13:06:30,lease_timed --clients 2 --rounds 2 --u 2 --l-ratio 1.0 --sd-ratio 0.0 --ttl-ratio 6.0 --pause-ratio 6.0 --fencing on --mode baseline
lease_timed,2,2,U=2 L=2 sd=0 TTL=10 pause=10 fence=on,baseline,boundary,144,0,,0,hold,hold,0.1,0.1,4,2,2026-09-14 13:06:30,2026-09-14 13:06:30,lease_timed --clients 2 --rounds 2 --u 2 --l-ratio 1.0 --sd-ratio 0.0 --ttl-ratio 5.0 --pause-ratio 5.0 --fencing on --mode baseline
lease_timed,2,2,U=2 L=2 sd=1 TTL=6 pause=4 fence=off,baseline,boundary,,,,,FIRE,FIRE,0.1,0.0,4,2,2026-09-14 13:06:30,2026-09-14 13:06:30,lease_timed --clients 2 --rounds 2 --u 2 --l-ratio 1.0 --sd-ratio 0.5 --ttl-ratio 3.0 --pause-ratio 2.0 --fencing off --mode baseline
lease_timed,2,2,U=2 L=2 sd=1 TTL=8 pause=6 fence=off,baseline,boundary,,,,,FIRE,FIRE,0.0,0.0,4,2,2026-09-14 13:06:30,2026-09-14 13:06:30,lease_timed --clients 2 --rounds 2 --u 2 --l-ratio 1.0 --sd-ratio 0.5 --ttl-ratio 4.0 --pause-ratio 3.0 --fencing off --mode baseline
lease_timed,2,2,U=2 L=2 sd=1 TTL=6 pause=4 fence=on,baseline,boundary,144,0,,0,hold,hold,0.1,0.1,4,2,2026-09-14 13:06:30,2026-09-14 13:06:30,lease_timed --clients 2 --rounds 2 --u 2 --l-ratio 1.0 --sd-ratio 0.5 --ttl-ratio 3.0 --pause-ratio 2.0 --fencing on --mode baseline
lease_timed,2,2,U=2 L=2 sd=1 TTL=10 pause=8 fence=off,baseline,boundary,,,,,FIRE,FIRE,0.0,0.0,4,2,2026-09-14 13:06:30,2026-09-14 13:06:30,lease_timed --clients 2 --rounds 2 --u 2 --l-ratio 1.0 --sd-ratio 0.5 --ttl-ratio 5.0 --pause-ratio 4.0 --fencing off --mode baseline
lease_timed,2,2,U=2 L=2 sd=1 TTL=8 pause=5 fence=off,baseline,boundary,,,,,FIRE,FIRE,0.0,0.0,4,2,2026-09-14 13:06:30,2026-09-14 13:06:30,lease_timed --clients 2 --rounds 2 --u 2 --l-ratio 1.0 --sd-ratio 0.5 --ttl-ratio 4.0 --pause-ratio 2.5 --fencing off --mode baseline
lease_timed,2,2,U=2 L=2 sd=1 TTL=10 pause=7 fence=off,baseline,boundary,,,,,FIRE,FIRE,0.0,0.0,4,2,2026-09-14 13:06:30,2026-09-14 13:06:30,lease_timed --clients 2 --rounds 2 --u 2 --l-ratio 1.0 --sd-ratio 0.5 --ttl-ratio 5.0 --pause-ratio 3.5 --fencing off --mode baseline
lease_timed,2,2,U=2 L=2 sd=1 TTL=12 pause=10 fence=off,baseline,boundary,,,,,FIRE,FIRE,0.0,0.0,4,2,2026-09-14 13:06:30,2026-09-14 13:06:30,lease_timed --clients 2 --rounds 2 --u 2 --l-ratio 1.0 --sd-ratio 0.5 --ttl-ratio 6.0 --pause-ratio 5.0 --fencing off --mode baseline
lease_timed,2,2,U=2 L=2 sd=1 TTL=12 pause=9 fence=off,baseline,boundary,,,,,FIRE,FIRE,0.0,0.0,4,2,2026-09-14 13:06:30,2026-09-14 13:06:30,lease_timed --clients 2 --rounds 2 --u 2 --l-ratio 1.0 --sd-ratio 0.5 --ttl-ratio 6.0 --pause-ratio 4.5 --fencing off --mode baseline
lease_timed,2,2,U=1 L=0 sd=0 TTL=6 pause=4 fence=off,timed,boundary,,,,,FIRE,FIRE,0.1,0.0,4,2,2026-09-14 13:06:30,2026-09-14 13:06:30,lease_timed --clients 2 --rounds 2 --u 1 --l-ratio 0.0 --sd-ratio 0.0 --ttl-ratio 6.0 --pause-ratio 4.0 --fencing off --mode timed
lease_timed,2,2,U=2 L=2 sd=1 TTL=8 pause=6 fence=on,baseline,boundary,144,0,,0,hold,hold,0.2,0.0,4,2,2026-09-14 13:06:30,2026-09-14 13:06:30,lease_timed --clients 2 --rounds 2 --u 2 --l-ratio 1.0 --sd-ratio 0.5 --ttl-ratio 4.0 --pause-ratio 3.0 --fencing on --mode baseline
lease_timed,2,2,U=2 L=2 sd=1 TTL=10 pause=8 fence=on,baseline,boundary,144,0,,0,hold,hold,0.1,0.1,4,2,2026-09-14 13:06:30,2026-09-14 13:06:30,lease_timed --clients 2 --rounds 2 --u 2 --l-ratio 1.0 --sd-ratio 0.5 --ttl-ratio 5.0 --pause-ratio 4.0 --fencing on --mode baseline
lease_timed,2,2,U=1 L=0 sd=0 TTL=8 pause=6 fence=off,timed,boundary,,,,,FIRE,FIRE,0.1,0.0,4,2,2026-09-14 13:06:30,2026-09-14 13:06:30,lease_timed --clients 2 --rounds 2 --u 1 --l-ratio 0.0 --sd-ratio 0.0 --ttl-ratio 8.0 --pause-ratio 6.0 --fencing off --mode timed
lease_timed,2,2,U=1 L=0 sd=0 TTL=10 pause=8 fence=off,timed,boundary,,,,,FIRE,FIRE,0.0,0.0,4,2,2026-09-14 13:06:30,2026-09-14 13:06:30,lease_timed --clients 2 --rounds 2 --u 1 --l-ratio 0.0 --sd-ratio 0.0 --ttl-ratio 10.0 --pause-ratio 8.0 --fencing off --mode timed
lease_timed,2,2,U=2 L=2 sd=1 TTL=12 pause=10 fence=on,baseline,boundary,144,0,,0,hold,hold,0.2,0.1,4,2,2026-09-14 13:06:30,2026-09-14 13:06:30,lease_timed --clients 2 --rounds 2 --u 2 --l-ratio 1.0 --sd-ratio 0.5 --ttl-ratio 6.0 --pause-ratio 5.0 --fencing on --mode baseline
lease_timed,2,2,U=1 L=0 sd=0 TTL=6 pause=3 fence=off,timed,boundary,64,54,,0,hold,hold,0.3,0.2,4,2,2026-09-14 13:06:30,2026-09-14 13:06:31,lease_timed --clients 2 --rounds 2 --u 1 --l-ratio 0.0 --sd-ratio 0.0 --ttl-ratio 6.0 --pause-ratio 3.0 --fencing off --mode timed
lease_timed,2,2,U=1 L=0 sd=0 TTL=12 pause=10 fence=off,timed,boundary,,,,,FIRE,FIRE,0.1,0.0,4,2,2026-09-14 13:06:31,2026-09-14 13:06:31,lease_timed --clients 2 --rounds 2 --u 1 --l-ratio 0.0 --sd-ratio 0.0 --ttl-ratio 12.0 --pause-ratio 10.0 --fencing off --mode timed
lease_timed,2,2,U=1 L=0 sd=0 TTL=10 pause=7 fence=off,timed,boundary,64,54,,0,hold,hold,0.2,0.2,4,2,2026-09-14 13:06:30,2026-09-14 13:06:31,lease_timed --clients 2 --rounds 2 --u 1 --l-ratio 0.0 --sd-ratio 0.0 --ttl-ratio 10.0 --pause-ratio 7.0 --fencing off --mode timed
lease_timed,2,2,U=1 L=0 sd=0 TTL=6 pause=4 fence=on,timed,boundary,100,71,,0,hold,hold,0.4,0.3,4,2,2026-09-14 13:06:30,2026-09-14 13:06:31,lease_timed --clients 2 --rounds 2 --u 1 --l-ratio 0.0 --sd-ratio 0.0 --ttl-ratio 6.0 --pause-ratio 4.0 --fencing on --mode timed
lease_timed,2,2,U=1 L=0 sd=0 TTL=10 pause=8 fence=on,timed,boundary,100,71,,0,hold,hold,0.3,0.3,4,2,2026-09-14 13:06:30,2026-09-14 13:06:31,lease_timed --clients 2 --rounds 2 --u 1 --l-ratio 0.0 --sd-ratio 0.0 --ttl-ratio 10.0 --pause-ratio 8.0 --fencing on --mode timed
lease_timed,2,2,U=1 L=0 sd=1 TTL=6 pause=2 fence=off,timed,boundary,,,,,FIRE,FIRE,0.0,0.0,4,2,2026-09-14 13:06:31,2026-09-14 13:06:31,lease_timed --clients 2 --rounds 2 --u 1 --l-ratio 0.0 --sd-ratio 1.0 --ttl-ratio 6.0 --pause-ratio 2.0 --fencing off --mode timed
lease_timed,2,2,U=1 L=0 sd=0 TTL=8 pause=5 fence=off,timed,boundary,64,54,,0,hold,hold,0.6,0.2,4,2,2026-09-14 13:06:30,2026-09-14 13:06:31,lease_timed --clients 2 --rounds 2 --u 1 --l-ratio 0.0 --sd-ratio 0.0 --ttl-ratio 8.0 --pause-ratio 5.0 --fencing off --mode timed
lease_timed,2,2,U=1 L=0 sd=1 TTL=8 pause=4 fence=off,timed,boundary,,,,,FIRE,FIRE,0.1,0.0,4,2,2026-09-14 13:06:31,2026-09-14 13:06:31,lease_timed --clients 2 --rounds 2 --u 1 --l-ratio 0.0 --sd-ratio 1.0 --ttl-ratio 8.0 --pause-ratio 4.0 --fencing off --mode timed
lease_timed,2,2,U=1 L=0 sd=0 TTL=12 pause=9 fence=off,timed,boundary,64,54,,0,hold,hold,0.4,0.2,4,2,2026-09-14 13:06:31,2026-09-14 13:06:31,lease_timed --clients 2 --rounds 2 --u 1 --l-ratio 0.0 --sd-ratio 0.0 --ttl-ratio 12.0 --pause-ratio 9.0 --fencing off --mode timed
lease_timed,2,2,U=1 L=0 sd=0 TTL=8 pause=6 fence=on,timed,boundary,100,71,,0,hold,hold,0.7,0.3,4,2,2026-09-14 13:06:30,2026-09-14 13:06:31,lease_timed --clients 2 --rounds 2 --u 1 --l-ratio 0.0 --sd-ratio 0.0 --ttl-ratio 8.0 --pause-ratio 6.0 --fencing on --mode timed
lease_timed,2,2,U=1 L=0 sd=1 TTL=6 pause=1 fence=off,timed,boundary,64,54,,0,hold,hold,0.4,0.2,4,2,2026-09-14 13:06:31,2026-09-14 13:06:31,lease_timed --clients 2 --rounds 2 --u 1 --l-ratio 0.0 --sd-ratio 1.0 --ttl-ratio 6.0 --pause-ratio 1.0 --fencing off --mode timed
lease_timed,2,2,U=1 L=0 sd=1 TTL=6 pause=2 fence=on,timed,boundary,100,71,,0,hold,hold,0.5,0.3,4,2,2026-09-14 13:06:31,2026-09-14 13:06:31,lease_timed --clients 2 --rounds 2 --u 1 --l-ratio 0.0 --sd-ratio 1.0 --ttl-ratio 6.0 --pause-ratio 2.0 --fencing on --mode timed
lease_timed,2,2,U=1 L=0 sd=1 TTL=10 pause=6 fence=off,timed,boundary,,,,,FIRE,FIRE,0.1,0.0,4,2,2026-09-14 13:06:31,2026-09-14 13:06:31,lease_timed --clients 2 --rounds 2 --u 1 --l-ratio 0.0 --sd-ratio 1.0 --ttl-ratio 10.0 --pause-ratio 6.0 --fencing off --mode timed
lease_timed,2,2,U=1 L=0 sd=0 TTL=12 pause=10 fence=on,timed,boundary,100,71,,0,hold,hold,0.6,0.3,4,2,2026-09-14 13:06:31,2026-09-14 13:06:31,lease_timed --clients 2 --rounds 2 --u 1 --l-ratio 0.0 --sd-ratio 0.0 --ttl-ratio 12.0 --pause-ratio 10.0 --fencing on --mode timed
lease_timed,2,2,U=1 L=0 sd=1 TTL=12 pause=8 fence=off,timed,boundary,,,,,FIRE,FIRE,0.1,0.0,4,2,2026-09-14 13:06:31,2026-09-14 13:06:31,lease_timed --clients 2 --rounds 2 --u 1 --l-ratio 0.0 --sd-ratio 1.0 --ttl-ratio 12.0 --pause-ratio 8.0 --fencing off --mode timed
lease_timed,2,2,U=1 L=0 sd=1 TTL=8 pause=3 fence=off,timed,boundary,64,54,,0,hold,hold,0.4,0.2,4,2,2026-09-14 13:06:31,2026-09-14 13:06:31,lease_timed --clients 2 --rounds 2 --u 1 --l-ratio 0.0 --sd-ratio 1.0 --ttl-ratio 8.0 --pause-ratio 3.0 --fencing off --mode timed
lease_timed,2,2,U=1 L=0 sd=1 TTL=10 pause=5 fence=off,timed,boundary,64,54,,0,hold,hold,0.2,0.2,4,2,2026-09-14 13:06:31,2026-09-14 13:06:31,lease_timed --clients 2 --rounds 2 --u 1 --l-ratio 0.0 --sd-ratio 1.0 --ttl-ratio 10.0 --pause-ratio 5.0 --fencing off --mode timed
lease_timed,2,2,U=1 L=1 sd=0 TTL=6 pause=6 fence=off,timed,boundary,,,,,FIRE,FIRE,0.1,0.0,4,2,2026-09-14 13:06:31,2026-09-14 13:06:31,lease_timed --clients 2 --rounds 2 --u 1 --l-ratio 1.0 --sd-ratio 0.0 --ttl-ratio 6.0 --pause-ratio 6.0 --fencing off --mode timed
lease_timed,2,2,U=1 L=0 sd=1 TTL=8 pause=4 fence=on,timed,boundary,100,71,,0,hold,hold,0.4,0.3,4,2,2026-09-14 13:06:31,2026-09-14 13:06:31,lease_timed --clients 2 --rounds 2 --u 1 --l-ratio 0.0 --sd-ratio 1.0 --ttl-ratio 8.0 --pause-ratio 4.0 --fencing on --mode timed
lease_timed,2,2,U=1 L=0 sd=1 TTL=12 pause=7 fence=off,timed,boundary,64,54,,0,hold,hold,0.2,0.2,4,2,2026-09-14 13:06:31,2026-09-14 13:06:32,lease_timed --clients 2 --rounds 2 --u 1 --l-ratio 0.0 --sd-ratio 1.0 --ttl-ratio 12.0 --pause-ratio 7.0 --fencing off --mode timed
lease_timed,2,2,U=1 L=1 sd=0 TTL=8 pause=8 fence=off,timed,boundary,,,,,FIRE,FIRE,0.1,0.0,4,2,2026-09-14 13:06:31,2026-09-14 13:06:32,lease_timed --clients 2 --rounds 2 --u 1 --l-ratio 1.0 --sd-ratio 0.0 --ttl-ratio 8.0 --pause-ratio 8.0 --fencing off --mode timed
lease_timed,2,2,U=1 L=1 sd=0 TTL=6 pause=5 fence=off,timed,boundary,8,11,,0,hold,hold,0.1,0.1,4,2,2026-09-14 13:06:31,2026-09-14 13:06:32,lease_timed --clients 2 --rounds 2 --u 1 --l-ratio 1.0 --sd-ratio 0.0 --ttl-ratio 6.0 --pause-ratio 5.0 --fencing off --mode timed
lease_timed,2,2,U=1 L=0 sd=1 TTL=10 pause=6 fence=on,timed,boundary,100,71,,0,hold,hold,0.4,0.3,4,2,2026-09-14 13:06:31,2026-09-14 13:06:32,lease_timed --clients 2 --rounds 2 --u 1 --l-ratio 0.0 --sd-ratio 1.0 --ttl-ratio 10.0 --pause-ratio 6.0 --fencing on --mode timed
lease_timed,2,2,U=1 L=1 sd=0 TTL=10 pause=10 fence=off,timed,boundary,,,,,FIRE,FIRE,0.1,0.0,4,2,2026-09-14 13:06:32,2026-09-14 13:06:32,lease_timed --clients 2 --rounds 2 --u 1 --l-ratio 1.0 --sd-ratio 0.0 --ttl-ratio 10.0 --pause-ratio 10.0 --fencing off --mode timed
lease_timed,2,2,U=1 L=1 sd=0 TTL=8 pause=7 fence=off,timed,boundary,8,11,,0,hold,hold,0.1,0.1,4,2,2026-09-14 13:06:32,2026-09-14 13:06:32,lease_timed --clients 2 --rounds 2 --u 1 --l-ratio 1.0 --sd-ratio 0.0 --ttl-ratio 8.0 --pause-ratio 7.0 --fencing off --mode timed
lease_timed,2,2,U=1 L=1 sd=0 TTL=6 pause=6 fence=on,timed,boundary,24,7,,0,hold,hold,0.2,0.1,4,2,2026-09-14 13:06:31,2026-09-14 13:06:32,lease_timed --clients 2 --rounds 2 --u 1 --l-ratio 1.0 --sd-ratio 0.0 --ttl-ratio 6.0 --pause-ratio 6.0 --fencing on --mode timed
lease_timed,2,2,U=1 L=1 sd=0 TTL=12 pause=12 fence=off,timed,boundary,,,,,FIRE,FIRE,0.0,0.0,4,2,2026-09-14 13:06:32,2026-09-14 13:06:32,lease_timed --clients 2 --rounds 2 --u 1 --l-ratio 1.0 --sd-ratio 0.0 --ttl-ratio 12.0 --pause-ratio 12.0 --fencing off --mode timed
lease_timed,2,2,U=1 L=1 sd=0 TTL=10 pause=9 fence=off,timed,boundary,8,11,,0,hold,hold,0.1,0.1,4,2,2026-09-14 13:06:32,2026-09-14 13:06:32,lease_timed --clients 2 --rounds 2 --u 1 --l-ratio 1.0 --sd-ratio 0.0 --ttl-ratio 10.0 --pause-ratio 9.0 --fencing off --mode timed
lease_timed,2,2,U=1 L=1 sd=0 TTL=10 pause=10 fence=on,timed,boundary,24,7,,0,hold,hold,0.1,0.1,4,2,2026-09-14 13:06:32,2026-09-14 13:06:32,lease_timed --clients 2 --rounds 2 --u 1 --l-ratio 1.0 --sd-ratio 0.0 --ttl-ratio 10.0 --pause-ratio 10.0 --fencing on --mode timed
lease_timed,2,2,U=1 L=1 sd=1 TTL=6 pause=4 fence=off,timed,boundary,,,,,FIRE,FIRE,0.1,0.0,4,2,2026-09-14 13:06:32,2026-09-14 13:06:32,lease_timed --clients 2 --rounds 2 --u 1 --l-ratio 1.0 --sd-ratio 1.0 --ttl-ratio 6.0 --pause-ratio 4.0 --fencing off --mode timed
lease_timed,2,2,U=1 L=1 sd=0 TTL=8 pause=8 fence=on,timed,boundary,24,7,,0,hold,hold,0.2,0.1,4,2,2026-09-14 13:06:32,2026-09-14 13:06:32,lease_timed --clients 2 --rounds 2 --u 1 --l-ratio 1.0 --sd-ratio 0.0 --ttl-ratio 8.0 --pause-ratio 8.0 --fencing on --mode timed
lease_timed,2,2,U=1 L=0 sd=1 TTL=12 pause=8 fence=on,timed,boundary,100,71,,0,hold,hold,0.5,0.3,4,2,2026-09-14 13:06:31,2026-09-14 13:06:32,lease_timed --clients 2 --rounds 2 --u 1 --l-ratio 0.0 --sd-ratio 1.0 --ttl-ratio 12.0 --pause-ratio 8.0 --fencing on --mode timed
lease_timed,2,2,U=1 L=1 sd=0 TTL=12 pause=12 fence=on,timed,boundary,24,7,,0,hold,hold,0.1,0.1,4,2,2026-09-14 13:06:32,2026-09-14 13:06:32,lease_timed --clients 2 --rounds 2 --u 1 --l-ratio 1.0 --sd-ratio 0.0 --ttl-ratio 12.0 --pause-ratio 12.0 --fencing on --mode timed
lease_timed,2,2,U=1 L=1 sd=1 TTL=8 pause=6 fence=off,timed,boundary,,,,,FIRE,FIRE,0.1,0.0,4,2,2026-09-14 13:06:32,2026-09-14 13:06:32,lease_timed --clients 2 --rounds 2 --u 1 --l-ratio 1.0 --sd-ratio 1.0 --ttl-ratio 8.0 --pause-ratio 6.0 --fencing off --mode timed
lease_timed,2,2,U=1 L=1 sd=0 TTL=12 pause=11 fence=off,timed,boundary,8,11,,0,hold,hold,0.2,0.1,4,2,2026-09-14 13:06:32,2026-09-14 13:06:32,lease_timed --clients 2 --rounds 2 --u 1 --l-ratio 1.0 --sd-ratio 0.0 --ttl-ratio 12.0 --pause-ratio 11.0 --fencing off --mode timed
lease_timed,2,2,U=1 L=1 sd=1 TTL=10 pause=8 fence=off,timed,boundary,,,,,FIRE,FIRE,0.1,0.0,4,2,2026-09-14 13:06:32,2026-09-14 13:06:32,lease_timed --clients 2 --rounds 2 --u 1 --l-ratio 1.0 --sd-ratio 1.0 --ttl-ratio 10.0 --pause-ratio 8.0 --fencing off --mode timed
lease_timed,2,2,U=1 L=1 sd=1 TTL=8 pause=5 fence=off,timed,boundary,16,28,,0,hold,hold,0.2,0.1,4,2,2026-09-14 13:06:32,2026-09-14 13:06:32,lease_timed --clients 2 --rounds 2 --u 1 --l-ratio 1.0 --sd-ratio 1.0 --ttl-ratio 8.0 --pause-ratio 5.0 --fencing off --mode timed
lease_timed,2,2,U=1 L=1 sd=1 TTL=6 pause=3 fence=off,timed,boundary,16,28,,0,hold,hold,0.2,0.1,4,2,2026-09-14 13:06:32,2026-09-14 13:06:32,lease_timed --clients 2 --rounds 2 --u 1 --l-ratio 1.0 --sd-ratio 1.0 --ttl-ratio 6.0 --pause-ratio 3.0 --fencing off --mode timed
lease_timed,2,2,U=1 L=1 sd=1 TTL=12 pause=10 fence=off,timed,boundary,,,,,FIRE,FIRE,0.0,0.0,4,2,2026-09-14 13:06:32,2026-09-14 13:06:32,lease_timed --clients 2 --rounds 2 --u 1 --l-ratio 1.0 --sd-ratio 1.0 --ttl-ratio 12.0 --pause-ratio 10.0 --fencing off --mode timed
lease_timed,2,2,U=1 L=1 sd=1 TTL=10 pause=7 fence=off,timed,boundary,16,28,,0,hold,hold,0.3,0.1,4,2,2026-09-14 13:06:32,2026-09-14 13:06:32,lease_timed --clients 2 --rounds 2 --u 1 --l-ratio 1.0 --sd-ratio 1.0 --ttl-ratio 10.0 --pause-ratio 7.0 --fencing off --mode timed
lease_timed,2,2,U=1 L=1 sd=1 TTL=6 pause=4 fence=on,timed,boundary,36,38,,0,hold,hold,0.4,0.2,4,2,2026-09-14 13:06:32,2026-09-14 13:06:32,lease_timed --clients 2 --rounds 2 --u 1 --l-ratio 1.0 --sd-ratio 1.0 --ttl-ratio 6.0 --pause-ratio 4.0 --fencing on --mode timed
lease_timed,2,2,U=2 L=0 sd=0 TTL=6 pause=2 fence=off,timed,boundary,,,,,FIRE,FIRE,0.1,0.0,4,2,2026-09-14 13:06:32,2026-09-14 13:06:32,lease_timed --clients 2 --rounds 2 --u 2 --l-ratio 0.0 --sd-ratio 0.0 --ttl-ratio 3.0 --pause-ratio 1.0 --fencing off --mode timed
lease_timed,2,2,U=1 L=1 sd=1 TTL=8 pause=6 fence=on,timed,boundary,36,38,,0,hold,hold,0.4,0.2,4,2,2026-09-14 13:06:32,2026-09-14 13:06:32,lease_timed --clients 2 --rounds 2 --u 1 --l-ratio 1.0 --sd-ratio 1.0 --ttl-ratio 8.0 --pause-ratio 6.0 --fencing on --mode timed
lease_timed,2,2,U=1 L=1 sd=1 TTL=12 pause=10 fence=on,timed,boundary,36,38,,0,hold,hold,0.2,0.1,4,2,2026-09-14 13:06:32,2026-09-14 13:06:32,lease_timed --clients 2 --rounds 2 --u 1 --l-ratio 1.0 --sd-ratio 1.0 --ttl-ratio 12.0 --pause-ratio 10.0 --fencing on --mode timed
lease_timed,2,2,U=2 L=0 sd=0 TTL=8 pause=4 fence=off,timed,boundary,,,,,FIRE,FIRE,0.1,0.0,4,2,2026-09-14 13:06:32,2026-09-14 13:06:32,lease_timed --clients 2 --rounds 2 --u 2 --l-ratio 0.0 --sd-ratio 0.0 --ttl-ratio 4.0 --pause-ratio 2.0 --fencing off --mode timed
lease_timed,2,2,U=1 L=1 sd=1 TTL=12 pause=9 fence=off,timed,boundary,16,28,,0,hold,hold,0.3,0.1,4,2,2026-09-14 13:06:32,2026-09-14 13:06:32,lease_timed --clients 2 --rounds 2 --u 1 --l-ratio 1.0 --sd-ratio 1.0 --ttl-ratio 12.0 --pause-ratio 9.0 --fencing off --mode timed
lease_timed,2,2,U=1 L=1 sd=1 TTL=10 pause=8 fence=on,timed,boundary,36,38,,0,hold,hold,0.4,0.2,4,2,2026-09-14 13:06:32,2026-09-14 13:06:32,lease_timed --clients 2 --rounds 2 --u 1 --l-ratio 1.0 --sd-ratio 1.0 --ttl-ratio 10.0 --pause-ratio 8.0 --fencing on --mode timed
lease_timed,2,2,U=2 L=0 sd=0 TTL=10 pause=6 fence=off,timed,boundary,,,,,FIRE,FIRE,0.1,0.0,4,2,2026-09-14 13:06:32,2026-09-14 13:06:32,lease_timed --clients 2 --rounds 2 --u 2 --l-ratio 0.0 --sd-ratio 0.0 --ttl-ratio 5.0 --pause-ratio 3.0 --fencing off --mode timed
lease_timed,2,2,U=2 L=0 sd=0 TTL=6 pause=1 fence=off,timed,boundary,64,58,,0,hold,hold,0.3,0.2,4,2,2026-09-14 13:06:32,2026-09-14 13:06:32,lease_timed --clients 2 --rounds 2 --u 2 --l-ratio 0.0 --sd-ratio 0.0 --ttl-ratio 3.0 --pause-ratio 0.5 --fencing off --mode timed
lease_timed,2,2,U=2 L=0 sd=0 TTL=12 pause=8 fence=off,timed,boundary,,,,,FIRE,FIRE,0.1,0.0,4,2,2026-09-14 13:06:32,2026-09-14 13:06:32,lease_timed --clients 2 --rounds 2 --u 2 --l-ratio 0.0 --sd-ratio 0.0 --ttl-ratio 6.0 --pause-ratio 4.0 --fencing off --mode timed
lease_timed,2,2,U=2 L=0 sd=0 TTL=8 pause=3 fence=off,timed,boundary,64,58,,0,hold,hold,0.3,0.2,4,2,2026-09-14 13:06:32,2026-09-14 13:06:33,lease_timed --clients 2 --rounds 2 --u 2 --l-ratio 0.0 --sd-ratio 0.0 --ttl-ratio 4.0 --pause-ratio 1.5 --fencing off --mode timed
lease_timed,2,2,U=2 L=0 sd=0 TTL=8 pause=4 fence=on,timed,boundary,100,71,,0,hold,hold,0.4,0.3,4,2,2026-09-14 13:06:32,2026-09-14 13:06:33,lease_timed --clients 2 --rounds 2 --u 2 --l-ratio 0.0 --sd-ratio 0.0 --ttl-ratio 4.0 --pause-ratio 2.0 --fencing on --mode timed
lease_timed,2,2,U=2 L=0 sd=1 TTL=6 pause=0 fence=off,timed,boundary,,,,,FIRE,FIRE,0.0,0.0,4,2,2026-09-14 13:06:33,2026-09-14 13:06:33,lease_timed --clients 2 --rounds 2 --u 2 --l-ratio 0.0 --sd-ratio 0.5 --ttl-ratio 3.0 --pause-ratio 0.0 --fencing off --mode timed
lease_timed,2,2,U=2 L=0 sd=0 TTL=10 pause=5 fence=off,timed,boundary,64,58,,0,hold,hold,0.5,0.2,4,2,2026-09-14 13:06:32,2026-09-14 13:06:33,lease_timed --clients 2 --rounds 2 --u 2 --l-ratio 0.0 --sd-ratio 0.0 --ttl-ratio 5.0 --pause-ratio 2.5 --fencing off --mode timed
lease_timed,2,2,U=2 L=0 sd=1 TTL=8 pause=2 fence=off,timed,boundary,,,,,FIRE,FIRE,0.0,0.0,4,2,2026-09-14 13:06:33,2026-09-14 13:06:33,lease_timed --clients 2 --rounds 2 --u 2 --l-ratio 0.0 --sd-ratio 0.5 --ttl-ratio 4.0 --pause-ratio 1.0 --fencing off --mode timed
lease_timed,2,2,U=2 L=0 sd=0 TTL=10 pause=6 fence=on,timed,boundary,100,71,,0,hold,hold,0.5,0.3,4,2,2026-09-14 13:06:32,2026-09-14 13:06:33,lease_timed --clients 2 --rounds 2 --u 2 --l-ratio 0.0 --sd-ratio 0.0 --ttl-ratio 5.0 --pause-ratio 3.0 --fencing on --mode timed
lease_timed,2,2,U=2 L=0 sd=0 TTL=6 pause=2 fence=on,timed,boundary,100,71,,0,hold,hold,0.8,0.3,4,2,2026-09-14 13:06:32,2026-09-14 13:06:33,lease_timed --clients 2 --rounds 2 --u 2 --l-ratio 0.0 --sd-ratio 0.0 --ttl-ratio 3.0 --pause-ratio 1.0 --fencing on --mode timed
lease_timed,2,2,U=2 L=0 sd=0 TTL=12 pause=7 fence=off,timed,boundary,64,58,,0,hold,hold,0.5,0.2,4,2,2026-09-14 13:06:32,2026-09-14 13:06:33,lease_timed --clients 2 --rounds 2 --u 2 --l-ratio 0.0 --sd-ratio 0.0 --ttl-ratio 6.0 --pause-ratio 3.5 --fencing off --mode timed
lease_timed,2,2,U=2 L=0 sd=1 TTL=10 pause=4 fence=off,timed,boundary,,,,,FIRE,FIRE,0.1,0.0,4,2,2026-09-14 13:06:33,2026-09-14 13:06:33,lease_timed --clients 2 --rounds 2 --u 2 --l-ratio 0.0 --sd-ratio 0.5 --ttl-ratio 5.0 --pause-ratio 2.0 --fencing off --mode timed
lease_timed,2,2,U=2 L=0 sd=0 TTL=12 pause=8 fence=on,timed,boundary,100,71,,0,hold,hold,0.4,0.3,4,2,2026-09-14 13:06:33,2026-09-14 13:06:33,lease_timed --clients 2 --rounds 2 --u 2 --l-ratio 0.0 --sd-ratio 0.0 --ttl-ratio 6.0 --pause-ratio 4.0 --fencing on --mode timed
lease_timed,2,2,U=2 L=0 sd=1 TTL=12 pause=6 fence=off,timed,boundary,,,,,FIRE,FIRE,0.1,0.0,4,2,2026-09-14 13:06:33,2026-09-14 13:06:33,lease_timed --clients 2 --rounds 2 --u 2 --l-ratio 0.0 --sd-ratio 0.5 --ttl-ratio 6.0 --pause-ratio 3.0 --fencing off --mode timed
lease_timed,2,2,U=2 L=0 sd=1 TTL=8 pause=2 fence=on,timed,boundary,100,71,,0,hold,hold,0.4,0.3,4,2,2026-09-14 13:06:33,2026-09-14 13:06:33,lease_timed --clients 2 --rounds 2 --u 2 --l-ratio 0.0 --sd-ratio 0.5 --ttl-ratio 4.0 --pause-ratio 1.0 --fencing on --mode timed
lease_timed,2,2,U=2 L=0 sd=1 TTL=6 pause=0 fence=on,timed,boundary,144,88,,0,hold,hold,0.5,0.3,4,2,2026-09-14 13:06:33,2026-09-14 13:06:33,lease_timed --clients 2 --rounds 2 --u 2 --l-ratio 0.0 --sd-ratio 0.5 --ttl-ratio 3.0 --pause-ratio 0.0 --fencing on --mode timed
lease_timed,2,2,U=2 L=0 sd=1 TTL=8 pause=1 fence=off,timed,boundary,64,58,,0,hold,hold,0.4,0.2,4,2,2026-09-14 13:06:33,2026-09-14 13:06:33,lease_timed --clients 2 --rounds 2 --u 2 --l-ratio 0.0 --sd-ratio 0.5 --ttl-ratio 4.0 --pause-ratio 0.5 --fencing off --mode timed
lease_timed,2,2,U=2 L=2 sd=0 TTL=6 pause=6 fence=off,timed,boundary,,,,,FIRE,FIRE,0.1,0.0,4,2,2026-09-14 13:06:33,2026-09-14 13:06:33,lease_timed --clients 2 --rounds 2 --u 2 --l-ratio 1.0 --sd-ratio 0.0 --ttl-ratio 3.0 --pause-ratio 3.0 --fencing off --mode timed
lease_timed,2,2,U=2 L=2 sd=0 TTL=6 pause=5 fence=off,timed,boundary,2,5,,0,hold,hold,0.1,0.0,4,2,2026-09-14 13:06:33,2026-09-14 13:06:33,lease_timed --clients 2 --rounds 2 --u 2 --l-ratio 1.0 --sd-ratio 0.0 --ttl-ratio 3.0 --pause-ratio 2.5 --fencing off --mode timed
lease_timed,2,2,U=2 L=0 sd=1 TTL=10 pause=3 fence=off,timed,boundary,64,58,,0,hold,hold,0.4,0.2,4,2,2026-09-14 13:06:33,2026-09-14 13:06:33,lease_timed --clients 2 --rounds 2 --u 2 --l-ratio 0.0 --sd-ratio 0.5 --ttl-ratio 5.0 --pause-ratio 1.5 --fencing off --mode timed
lease_timed,2,2,U=2 L=2 sd=0 TTL=6 pause=6 fence=on,timed,boundary,6,4,,0,hold,hold,0.1,0.0,4,2,2026-09-14 13:06:33,2026-09-14 13:06:33,lease_timed --clients 2 --rounds 2 --u 2 --l-ratio 1.0 --sd-ratio 0.0 --ttl-ratio 3.0 --pause-ratio 3.0 --fencing on --mode timed
lease_timed,2,2,U=2 L=2 sd=0 TTL=8 pause=8 fence=off,timed,boundary,,,,,FIRE,FIRE,0.0,0.0,4,2,2026-09-14 13:06:33,2026-09-14 13:06:33,lease_timed --clients 2 --rounds 2 --u 2 --l-ratio 1.0 --sd-ratio 0.0 --ttl-ratio 4.0 --pause-ratio 4.0 --fencing off --mode timed
lease_timed,2,2,U=2 L=2 sd=0 TTL=10 pause=10 fence=off,timed,boundary,,,,,FIRE,FIRE,0.0,0.0,4,2,2026-09-14 13:06:33,2026-09-14 13:06:33,lease_timed --clients 2 --rounds 2 --u 2 --l-ratio 1.0 --sd-ratio 0.0 --ttl-ratio 5.0 --pause-ratio 5.0 --fencing off --mode timed
lease_timed,2,2,U=2 L=0 sd=1 TTL=10 pause=4 fence=on,timed,boundary,100,71,,0,hold,hold,0.5,0.3,4,2,2026-09-14 13:06:33,2026-09-14 13:06:33,lease_timed --clients 2 --rounds 2 --u 2 --l-ratio 0.0 --sd-ratio 0.5 --ttl-ratio 5.0 --pause-ratio 2.0 --fencing on --mode timed
lease_timed,2,2,U=2 L=0 sd=1 TTL=12 pause=5 fence=off,timed,boundary,64,58,,0,hold,hold,0.5,0.2,4,2,2026-09-14 13:06:33,2026-09-14 13:06:34,lease_timed --clients 2 --rounds 2 --u 2 --l-ratio 0.0 --sd-ratio 0.5 --ttl-ratio 6.0 --pause-ratio 2.5 --fencing off --mode timed
lease_timed,2,2,U=2 L=2 sd=0 TTL=12 pause=12 fence=off,timed,boundary,,,,,FIRE,FIRE,0.0,0.0,4,2,2026-09-14 13:06:34,2026-09-14 13:06:34,lease_timed --clients 2 --rounds 2 --u 2 --l-ratio 1.0 --sd-ratio 0.0 --ttl-ratio 6.0 --pause-ratio 6.0 --fencing off --mode timed
lease_timed,2,2,U=2 L=2 sd=0 TTL=8 pause=7 fence=off,timed,boundary,8,11,,0,hold,hold,0.2,0.1,4,2,2026-09-14 13:06:33,2026-09-14 13:06:34,lease_timed --clients 2 --rounds 2 --u 2 --l-ratio 1.0 --sd-ratio 0.0 --ttl-ratio 4.0 --pause-ratio 3.5 --fencing off --mode timed
lease_timed,2,2,U=2 L=2 sd=0 TTL=10 pause=9 fence=off,timed,boundary,8,11,,0,hold,hold,0.2,0.1,4,2,2026-09-14 13:06:33,2026-09-14 13:06:34,lease_timed --clients 2 --rounds 2 --u 2 --l-ratio 1.0 --sd-ratio 0.0 --ttl-ratio 5.0 --pause-ratio 4.5 --fencing off --mode timed
lease_timed,2,2,U=2 L=2 sd=0 TTL=12 pause=11 fence=off,timed,boundary,8,11,,0,hold,hold,0.1,0.1,4,2,2026-09-14 13:06:34,2026-09-14 13:06:34,lease_timed --clients 2 --rounds 2 --u 2 --l-ratio 1.0 --sd-ratio 0.0 --ttl-ratio 6.0 --pause-ratio 5.5 --fencing off --mode timed
lease_timed,2,2,U=2 L=2 sd=1 TTL=6 pause=4 fence=off,timed,boundary,,,,,FIRE,FIRE,0.1,0.0,4,2,2026-09-14 13:06:34,2026-09-14 13:06:34,lease_timed --clients 2 --rounds 2 --u 2 --l-ratio 1.0 --sd-ratio 0.5 --ttl-ratio 3.0 --pause-ratio 2.0 --fencing off --mode timed
lease_timed,2,2,U=2 L=2 sd=0 TTL=8 pause=8 fence=on,timed,boundary,24,7,,0,hold,hold,0.3,0.1,4,2,2026-09-14 13:06:33,2026-09-14 13:06:34,lease_timed --clients 2 --rounds 2 --u 2 --l-ratio 1.0 --sd-ratio 0.0 --ttl-ratio 4.0 --pause-ratio 4.0 --fencing on --mode timed
lease_timed,2,2,U=2 L=2 sd=0 TTL=10 pause=10 fence=on,timed,boundary,24,7,,0,hold,hold,0.2,0.1,4,2,2026-09-14 13:06:33,2026-09-14 13:06:34,lease_timed --clients 2 --rounds 2 --u 2 --l-ratio 1.0 --sd-ratio 0.0 --ttl-ratio 5.0 --pause-ratio 5.0 --fencing on --mode timed
lease_timed,2,2,U=2 L=2 sd=1 TTL=8 pause=6 fence=off,timed,boundary,,,,,FIRE,FIRE,0.0,0.0,4,2,2026-09-14 13:06:34,2026-09-14 13:06:34,lease_timed --clients 2 --rounds 2 --u 2 --l-ratio 1.0 --sd-ratio 0.5 --ttl-ratio 4.0 --pause-ratio 3.0 --fencing off --mode timed
lease_timed,2,2,U=2 L=0 sd=1 TTL=12 pause=6 fence=on,timed,boundary,100,71,,0,hold,hold,0.5,0.3,4,2,2026-09-14 13:06:33,2026-09-14 13:06:34,lease_timed --clients 2 --rounds 2 --u 2 --l-ratio 0.0 --sd-ratio 0.5 --ttl-ratio 6.0 --pause-ratio 3.0 --fencing on --mode timed
lease_timed,2,2,U=2 L=2 sd=1 TTL=6 pause=3 fence=off,timed,boundary,4,13,,0,hold,hold,0.1,0.0,4,2,2026-09-14 13:06:34,2026-09-14 13:06:34,lease_timed --clients 2 --rounds 2 --u 2 --l-ratio 1.0 --sd-ratio 0.5 --ttl-ratio 3.0 --pause-ratio 1.5 --fencing off --mode timed
lease_timed,2,2,U=2 L=2 sd=1 TTL=10 pause=8 fence=off,timed,boundary,,,,,FIRE,FIRE,0.0,0.0,4,2,2026-09-14 13:06:34,2026-09-14 13:06:34,lease_timed --clients 2 --rounds 2 --u 2 --l-ratio 1.0 --sd-ratio 0.5 --ttl-ratio 5.0 --pause-ratio 4.0 --fencing off --mode timed
lease_timed,2,2,U=2 L=2 sd=1 TTL=6 pause=4 fence=on,timed,boundary,6,13,,0,hold,hold,0.1,0.0,4,2,2026-09-14 13:06:34,2026-09-14 13:06:34,lease_timed --clients 2 --rounds 2 --u 2 --l-ratio 1.0 --sd-ratio 0.5 --ttl-ratio 3.0 --pause-ratio 2.0 --fencing on --mode timed
lease_timed,2,2,U=2 L=2 sd=0 TTL=12 pause=12 fence=on,timed,boundary,24,7,,0,hold,hold,0.2,0.1,4,2,2026-09-14 13:06:34,2026-09-14 13:06:34,lease_timed --clients 2 --rounds 2 --u 2 --l-ratio 1.0 --sd-ratio 0.0 --ttl-ratio 6.0 --pause-ratio 6.0 --fencing on --mode timed
lease_timed,2,2,U=2 L=2 sd=1 TTL=12 pause=10 fence=off,timed,boundary,,,,,FIRE,FIRE,0.0,0.0,4,2,2026-09-14 13:06:34,2026-09-14 13:06:34,lease_timed --clients 2 --rounds 2 --u 2 --l-ratio 1.0 --sd-ratio 0.5 --ttl-ratio 6.0 --pause-ratio 5.0 --fencing off --mode timed
lease_timed,2,2,U=2 L=2 sd=1 TTL=10 pause=8 fence=on,timed,boundary,24,27,,0,hold,hold,0.2,0.1,4,2,2026-09-14 13:06:34,2026-09-14 13:06:34,lease_timed --clients 2 --rounds 2 --u 2 --l-ratio 1.0 --sd-ratio 0.5 --ttl-ratio 5.0 --pause-ratio 4.0 --fencing on --mode timed
lease_timed,2,2,U=2 L=2 sd=1 TTL=8 pause=5 fence=off,timed,boundary,16,26,,0,hold,hold,0.3,0.1,4,2,2026-09-14 13:06:34,2026-09-14 13:06:34,lease_timed --clients 2 --rounds 2 --u 2 --l-ratio 1.0 --sd-ratio 0.5 --ttl-ratio 4.0 --pause-ratio 2.5 --fencing off --mode timed
swim_timed,3,2,U=1 L=0 sd=0 Wp=1 Ws=2,baseline,boundary,,,,,FIRE,FIRE,0.0,0.0,4,2,2026-09-14 13:06:34,2026-09-14 13:06:34,swim_timed --nodes 3 --rounds 2 --u 1 --l-ratio 0.0 --sd-ratio 0.0 --w-probe-ratio 1.0 --w-suspect-ratio 2.0 --mode baseline
swim_timed,3,2,U=1 L=0 sd=0 Wp=1 Ws=3,baseline,boundary,,,,,FIRE,FIRE,0.0,0.0,4,2,2026-09-14 13:06:34,2026-09-14 13:06:34,swim_timed --nodes 3 --rounds 2 --u 1 --l-ratio 0.0 --sd-ratio 0.0 --w-probe-ratio 1.0 --w-suspect-ratio 3.0 --mode baseline
swim_timed,3,2,U=1 L=0 sd=1 Wp=1 Ws=4,baseline,boundary,,,,,FIRE,FIRE,0.0,0.0,4,2,2026-09-14 13:06:34,2026-09-14 13:06:34,swim_timed --nodes 3 --rounds 2 --u 1 --l-ratio 0.0 --sd-ratio 1.0 --w-probe-ratio 1.0 --w-suspect-ratio 4.0 --mode baseline
lease_timed,2,2,U=2 L=2 sd=1 TTL=10 pause=7 fence=off,timed,boundary,16,26,,0,hold,hold,0.2,0.1,4,2,2026-09-14 13:06:34,2026-09-14 13:06:34,lease_timed --clients 2 --rounds 2 --u 2 --l-ratio 1.0 --sd-ratio 0.5 --ttl-ratio 5.0 --pause-ratio 3.5 --fencing off --mode timed
swim_timed,3,2,U=1 L=0 sd=1 Wp=1 Ws=5,baseline,boundary,,,,,FIRE,FIRE,0.0,0.0,4,2,2026-09-14 13:06:34,2026-09-14 13:06:34,swim_timed --nodes 3 --rounds 2 --u 1 --l-ratio 0.0 --sd-ratio 1.0 --w-probe-ratio 1.0 --w-suspect-ratio 5.0 --mode baseline
swim_timed,3,2,U=1 L=1 sd=0 Wp=1 Ws=1,baseline,boundary,,,,,FIRE,FIRE,0.0,0.0,4,2,2026-09-14 13:06:34,2026-09-14 13:06:34,swim_timed --nodes 3 --rounds 2 --u 1 --l-ratio 1.0 --sd-ratio 0.0 --w-probe-ratio 1.0 --w-suspect-ratio 1.0 --mode baseline
swim_timed,3,2,U=1 L=1 sd=0 Wp=1 Ws=2,baseline,boundary,,,,,FIRE,FIRE,0.0,0.0,4,2,2026-09-14 13:06:34,2026-09-14 13:06:34,swim_timed --nodes 3 --rounds 2 --u 1 --l-ratio 1.0 --sd-ratio 0.0 --w-probe-ratio 1.0 --w-suspect-ratio 2.0 --mode baseline
lease_timed,2,2,U=2 L=2 sd=1 TTL=8 pause=6 fence=on,timed,boundary,24,27,,0,hold,hold,0.3,0.1,4,2,2026-09-14 13:06:34,2026-09-14 13:06:34,lease_timed --clients 2 --rounds 2 --u 2 --l-ratio 1.0 --sd-ratio 0.5 --ttl-ratio 4.0 --pause-ratio 3.0 --fencing on --mode timed
lease_timed,2,2,U=2 L=2 sd=1 TTL=12 pause=10 fence=on,timed,boundary,24,27,,0,hold,hold,0.2,0.1,4,2,2026-09-14 13:06:34,2026-09-14 13:06:34,lease_timed --clients 2 --rounds 2 --u 2 --l-ratio 1.0 --sd-ratio 0.5 --ttl-ratio 6.0 --pause-ratio 5.0 --fencing on --mode timed
swim_timed,3,2,U=2 L=0 sd=1 Wp=2 Ws=6,baseline,boundary,,,,,FIRE,FIRE,0.0,0.0,4,2,2026-09-14 13:06:34,2026-09-14 13:06:34,swim_timed --nodes 3 --rounds 2 --u 2 --l-ratio 0.0 --sd-ratio 0.5 --w-probe-ratio 1.0 --w-suspect-ratio 3.0 --mode baseline
swim_timed,3,2,U=1 L=1 sd=1 Wp=1 Ws=3,baseline,boundary,,,,,FIRE,FIRE,0.0,0.0,4,2,2026-09-14 13:06:34,2026-09-14 13:06:34,swim_timed --nodes 3 --rounds 2 --u 1 --l-ratio 1.0 --sd-ratio 1.0 --w-probe-ratio 1.0 --w-suspect-ratio 3.0 --mode baseline
lease_timed,2,2,U=2 L=2 sd=1 TTL=12 pause=9 fence=off,timed,boundary,16,26,,0,hold,hold,0.3,0.1,4,2,2026-09-14 13:06:34,2026-09-14 13:06:34,lease_timed --clients 2 --rounds 2 --u 2 --l-ratio 1.0 --sd-ratio 0.5 --ttl-ratio 6.0 --pause-ratio 4.5 --fencing off --mode timed
swim_timed,3,2,U=2 L=0 sd=0 Wp=2 Ws=4,baseline,boundary,,,,,FIRE,FIRE,0.0,0.0,4,2,2026-09-14 13:06:34,2026-09-14 13:06:34,swim_timed --nodes 3 --rounds 2 --u 2 --l-ratio 0.0 --sd-ratio 0.0 --w-probe-ratio 1.0 --w-suspect-ratio 2.0 --mode baseline
swim_timed,3,2,U=1 L=1 sd=1 Wp=1 Ws=4,baseline,boundary,,,,,FIRE,FIRE,0.0,0.0,4,2,2026-09-14 13:06:34,2026-09-14 13:06:34,swim_timed --nodes 3 --rounds 2 --u 1 --l-ratio 1.0 --sd-ratio 1.0 --w-probe-ratio 1.0 --w-suspect-ratio 4.0 --mode baseline
swim_timed,3,2,U=2 L=0 sd=1 Wp=2 Ws=7,baseline,boundary,,,,,FIRE,FIRE,0.0,0.0,4,2,2026-09-14 13:06:34,2026-09-14 13:06:34,swim_timed --nodes 3 --rounds 2 --u 2 --l-ratio 0.0 --sd-ratio 0.5 --w-probe-ratio 1.0 --w-suspect-ratio 3.5 --mode baseline
swim_timed,3,2,U=2 L=2 sd=0 Wp=2 Ws=3,baseline,boundary,,,,,FIRE,FIRE,0.0,0.0,4,2,2026-09-14 13:06:34,2026-09-14 13:06:34,swim_timed --nodes 3 --rounds 2 --u 2 --l-ratio 1.0 --sd-ratio 0.0 --w-probe-ratio 1.0 --w-suspect-ratio 1.5 --mode baseline
swim_timed,3,2,U=2 L=2 sd=0 Wp=2 Ws=2,baseline,boundary,,,,,FIRE,FIRE,0.0,0.0,4,2,2026-09-14 13:06:34,2026-09-14 13:06:34,swim_timed --nodes 3 --rounds 2 --u 2 --l-ratio 1.0 --sd-ratio 0.0 --w-probe-ratio 1.0 --w-suspect-ratio 1.0 --mode baseline
swim_timed,3,2,U=2 L=0 sd=0 Wp=2 Ws=5,baseline,boundary,,,,,FIRE,FIRE,0.1,0.0,4,2,2026-09-14 13:06:34,2026-09-14 13:06:34,swim_timed --nodes 3 --rounds 2 --u 2 --l-ratio 0.0 --sd-ratio 0.0 --w-probe-ratio 1.0 --w-suspect-ratio 2.5 --mode baseline
swim_timed,3,2,U=2 L=2 sd=1 Wp=2 Ws=5,baseline,boundary,,,,,FIRE,FIRE,0.0,0.0,4,2,2026-09-14 13:06:34,2026-09-14 13:06:34,swim_timed --nodes 3 --rounds 2 --u 2 --l-ratio 1.0 --sd-ratio 0.5 --w-probe-ratio 1.0 --w-suspect-ratio 2.5 --mode baseline
swim_timed,3,2,U=1 L=0 sd=0 Wp=1 Ws=2,timed,boundary,,,,,FIRE,FIRE,0.0,0.0,4,2,2026-09-14 13:06:34,2026-09-14 13:06:34,swim_timed --nodes 3 --rounds 2 --u 1 --l-ratio 0.0 --sd-ratio 0.0 --w-probe-ratio 1.0 --w-suspect-ratio 2.0 --mode timed
swim_timed,3,2,U=1 L=0 sd=1 Wp=1 Ws=4,timed,boundary,,,,,FIRE,FIRE,0.0,0.0,4,2,2026-09-14 13:06:34,2026-09-14 13:06:34,swim_timed --nodes 3 --rounds 2 --u 1 --l-ratio 0.0 --sd-ratio 1.0 --w-probe-ratio 1.0 --w-suspect-ratio 4.0 --mode timed
swim_timed,3,2,U=1 L=1 sd=0 Wp=1 Ws=1,timed,boundary,,,,,FIRE,FIRE,0.0,0.0,4,2,2026-09-14 13:06:34,2026-09-14 13:06:34,swim_timed --nodes 3 --rounds 2 --u 1 --l-ratio 1.0 --sd-ratio 0.0 --w-probe-ratio 1.0 --w-suspect-ratio 1.0 --mode timed
swim_timed,3,2,U=1 L=1 sd=1 Wp=1 Ws=3,timed,boundary,,,,,FIRE,FIRE,0.0,0.0,4,2,2026-09-14 13:06:34,2026-09-14 13:06:34,swim_timed --nodes 3 --rounds 2 --u 1 --l-ratio 1.0 --sd-ratio 1.0 --w-probe-ratio 1.0 --w-suspect-ratio 3.0 --mode timed
swim_timed,3,2,U=2 L=2 sd=1 Wp=2 Ws=4,baseline,boundary,,,,,FIRE,FIRE,0.1,0.0,4,2,2026-09-14 13:06:34,2026-09-14 13:06:34,swim_timed --nodes 3 --rounds 2 --u 2 --l-ratio 1.0 --sd-ratio 0.5 --w-probe-ratio 1.0 --w-suspect-ratio 2.0 --mode baseline
swim_timed,3,2,U=1 L=1 sd=0 Wp=1 Ws=2,timed,boundary,1,7,,0,hold,hold,0.0,0.0,4,2,2026-09-14 13:06:34,2026-09-14 13:06:34,swim_timed --nodes 3 --rounds 2 --u 1 --l-ratio 1.0 --sd-ratio 0.0 --w-probe-ratio 1.0 --w-suspect-ratio 2.0 --mode timed
swim_timed,3,2,U=1 L=0 sd=1 Wp=1 Ws=5,timed,boundary,4,14,,0,hold,hold,0.1,0.0,4,2,2026-09-14 13:06:34,2026-09-14 13:06:34,swim_timed --nodes 3 --rounds 2 --u 1 --l-ratio 0.0 --sd-ratio 1.0 --w-probe-ratio 1.0 --w-suspect-ratio 5.0 --mode timed
swim_timed,3,2,U=2 L=0 sd=1 Wp=2 Ws=6,timed,boundary,,,,,FIRE,FIRE,0.0,0.0,4,2,2026-09-14 13:06:34,2026-09-14 13:06:34,swim_timed --nodes 3 --rounds 2 --u 2 --l-ratio 0.0 --sd-ratio 0.5 --w-probe-ratio 1.0 --w-suspect-ratio 3.0 --mode timed
swim_timed,3,2,U=1 L=0 sd=0 Wp=1 Ws=3,timed,boundary,4,21,,0,hold,hold,0.1,0.0,4,2,2026-09-14 13:06:34,2026-09-14 13:06:34,swim_timed --nodes 3 --rounds 2 --u 1 --l-ratio 0.0 --sd-ratio 0.0 --w-probe-ratio 1.0 --w-suspect-ratio 3.0 --mode timed
swim_timed,3,2,U=1 L=1 sd=1 Wp=1 Ws=4,timed,boundary,1,7,,0,hold,hold,0.1,0.0,4,2,2026-09-14 13:06:34,2026-09-14 13:06:34,swim_timed --nodes 3 --rounds 2 --u 1 --l-ratio 1.0 --sd-ratio 1.0 --w-probe-ratio 1.0 --w-suspect-ratio 4.0 --mode timed
swim_timed,3,2,U=2 L=2 sd=0 Wp=2 Ws=2,timed,boundary,,,,,FIRE,FIRE,0.0,0.0,4,2,2026-09-14 13:06:34,2026-09-14 13:06:34,swim_timed --nodes 3 --rounds 2 --u 2 --l-ratio 1.0 --sd-ratio 0.0 --w-probe-ratio 1.0 --w-suspect-ratio 1.0 --mode timed
swim_timed,3,2,U=2 L=0 sd=0 Wp=2 Ws=5,timed,boundary,4,21,,0,hold,hold,0.1,0.0,4,2,2026-09-14 13:06:34,2026-09-14 13:06:34,swim_timed --nodes 3 --rounds 2 --u 2 --l-ratio 0.0 --sd-ratio 0.0 --w-probe-ratio 1.0 --w-suspect-ratio 2.5 --mode timed
swim_timed,3,2,U=2 L=2 sd=0 Wp=2 Ws=3,timed,boundary,1,7,,0,hold,hold,0.0,0.0,4,2,2026-09-14 13:06:34,2026-09-14 13:06:34,swim_timed --nodes 3 --rounds 2 --u 2 --l-ratio 1.0 --sd-ratio 0.0 --w-probe-ratio 1.0 --w-suspect-ratio 1.5 --mode timed
swim_timed,3,2,U=2 L=2 sd=1 Wp=2 Ws=4,timed,boundary,,,,,FIRE,FIRE,0.0,0.0,4,2,2026-09-14 13:06:34,2026-09-14 13:06:34,swim_timed --nodes 3 --rounds 2 --u 2 --l-ratio 1.0 --sd-ratio 0.5 --w-probe-ratio 1.0 --w-suspect-ratio 2.0 --mode timed
swim_timed,3,2,U=2 L=0 sd=1 Wp=2 Ws=7,timed,boundary,4,21,,0,hold,hold,0.1,0.0,4,2,2026-09-14 13:06:34,2026-09-14 13:06:34,swim_timed --nodes 3 --rounds 2 --u 2 --l-ratio 0.0 --sd-ratio 0.5 --w-probe-ratio 1.0 --w-suspect-ratio 3.5 --mode timed
swim_timed,3,2,U=2 L=2 sd=1 Wp=2 Ws=5,timed,boundary,1,7,,0,hold,hold,0.0,0.0,4,2,2026-09-14 13:06:34,2026-09-14 13:06:34,swim_timed --nodes 3 --rounds 2 --u 2 --l-ratio 1.0 --sd-ratio 0.5 --w-probe-ratio 1.0 --w-suspect-ratio 2.5 --mode timed
swim_timed,3,2,U=2 L=0 sd=0 Wp=2 Ws=4,timed,boundary,,,,,FIRE,FIRE,0.1,0.0,4,2,2026-09-14 13:06:34,2026-09-14 13:06:34,swim_timed --nodes 3 --rounds 2 --u 2 --l-ratio 0.0 --sd-ratio 0.0 --w-probe-ratio 1.0 --w-suspect-ratio 2.0 --mode timed
lease_timed,2,3,U=1 L=0 sd=0 TTL=6 pause=4 fence=off,baseline,boundary,,,,,FIRE,FIRE,0.0,0.0,4,2,2026-09-14 13:06:34,2026-09-14 13:06:34,lease_timed --clients 2 --rounds 3 --u 1 --l-ratio 0.0 --sd-ratio 0.0 --ttl-ratio 6.0 --pause-ratio 4.0 --fencing off --mode baseline
lease_timed,2,3,U=1 L=0 sd=0 TTL=6 pause=3 fence=off,baseline,boundary,,,,,FIRE,FIRE,0.0,0.0,4,2,2026-09-14 13:06:34,2026-09-14 13:06:34,lease_timed --clients 2 --rounds 3 --u 1 --l-ratio 0.0 --sd-ratio 0.0 --ttl-ratio 6.0 --pause-ratio 3.0 --fencing off --mode baseline
lease_timed,2,3,U=1 L=0 sd=0 TTL=8 pause=5 fence=off,baseline,boundary,,,,,FIRE,FIRE,0.0,0.0,4,2,2026-09-14 13:06:34,2026-09-14 13:06:34,lease_timed --clients 2 --rounds 3 --u 1 --l-ratio 0.0 --sd-ratio 0.0 --ttl-ratio 8.0 --pause-ratio 5.0 --fencing off --mode baseline
lease_timed,2,3,U=1 L=0 sd=0 TTL=8 pause=6 fence=off,baseline,boundary,,,,,FIRE,FIRE,0.0,0.0,4,2,2026-09-14 13:06:34,2026-09-14 13:06:34,lease_timed --clients 2 --rounds 3 --u 1 --l-ratio 0.0 --sd-ratio 0.0 --ttl-ratio 8.0 --pause-ratio 6.0 --fencing off --mode baseline
lease_timed,2,3,U=1 L=0 sd=0 TTL=10 pause=7 fence=off,baseline,boundary,,,,,FIRE,FIRE,0.0,0.0,4,2,2026-09-14 13:06:34,2026-09-14 13:06:34,lease_timed --clients 2 --rounds 3 --u 1 --l-ratio 0.0 --sd-ratio 0.0 --ttl-ratio 10.0 --pause-ratio 7.0 --fencing off --mode baseline
lease_timed,2,3,U=1 L=0 sd=0 TTL=10 pause=8 fence=off,baseline,boundary,,,,,FIRE,FIRE,0.0,0.0,4,2,2026-09-14 13:06:34,2026-09-14 13:06:34,lease_timed --clients 2 --rounds 3 --u 1 --l-ratio 0.0 --sd-ratio 0.0 --ttl-ratio 10.0 --pause-ratio 8.0 --fencing off --mode baseline
lease_timed,2,3,U=1 L=0 sd=0 TTL=12 pause=10 fence=off,baseline,boundary,,,,,FIRE,FIRE,0.0,0.0,4,2,2026-09-14 13:06:34,2026-09-14 13:06:34,lease_timed --clients 2 --rounds 3 --u 1 --l-ratio 0.0 --sd-ratio 0.0 --ttl-ratio 12.0 --pause-ratio 10.0 --fencing off --mode baseline
lease_timed,2,3,U=1 L=0 sd=0 TTL=12 pause=9 fence=off,baseline,boundary,,,,,FIRE,FIRE,0.0,0.0,4,2,2026-09-14 13:06:34,2026-09-14 13:06:34,lease_timed --clients 2 --rounds 3 --u 1 --l-ratio 0.0 --sd-ratio 0.0 --ttl-ratio 12.0 --pause-ratio 9.0 --fencing off --mode baseline
lease_timed,2,3,U=1 L=0 sd=1 TTL=6 pause=2 fence=off,baseline,boundary,,,,,FIRE,FIRE,0.0,0.0,4,2,2026-09-14 13:06:34,2026-09-14 13:06:34,lease_timed --clients 2 --rounds 3 --u 1 --l-ratio 0.0 --sd-ratio 1.0 --ttl-ratio 6.0 --pause-ratio 2.0 --fencing off --mode baseline
lease_timed,2,3,U=1 L=0 sd=1 TTL=6 pause=1 fence=off,baseline,boundary,,,,,FIRE,FIRE,0.0,0.0,4,2,2026-09-14 13:06:34,2026-09-14 13:06:34,lease_timed --clients 2 --rounds 3 --u 1 --l-ratio 0.0 --sd-ratio 1.0 --ttl-ratio 6.0 --pause-ratio 1.0 --fencing off --mode baseline
lease_timed,2,3,U=1 L=0 sd=1 TTL=8 pause=4 fence=off,baseline,boundary,,,,,FIRE,FIRE,0.0,0.0,4,2,2026-09-14 13:06:34,2026-09-14 13:06:34,lease_timed --clients 2 --rounds 3 --u 1 --l-ratio 0.0 --sd-ratio 1.0 --ttl-ratio 8.0 --pause-ratio 4.0 --fencing off --mode baseline
lease_timed,2,3,U=1 L=0 sd=1 TTL=8 pause=3 fence=off,baseline,boundary,,,,,FIRE,FIRE,0.0,0.0,4,2,2026-09-14 13:06:34,2026-09-14 13:06:34,lease_timed --clients 2 --rounds 3 --u 1 --l-ratio 0.0 --sd-ratio 1.0 --ttl-ratio 8.0 --pause-ratio 3.0 --fencing off --mode baseline
lease_timed,2,3,U=1 L=0 sd=1 TTL=6 pause=2 fence=on,baseline,boundary,1728,0,,0,hold,hold,1.1,0.8,4,2,2026-09-14 13:06:34,2026-09-14 13:06:35,lease_timed --clients 2 --rounds 3 --u 1 --l-ratio 0.0 --sd-ratio 1.0 --ttl-ratio 6.0 --pause-ratio 2.0 --fencing on --mode baseline
lease_timed,2,3,U=1 L=0 sd=1 TTL=10 pause=6 fence=off,baseline,boundary,,,,,FIRE,FIRE,0.1,0.0,4,2,2026-09-14 13:06:35,2026-09-14 13:06:36,lease_timed --clients 2 --rounds 3 --u 1 --l-ratio 0.0 --sd-ratio 1.0 --ttl-ratio 10.0 --pause-ratio 6.0 --fencing off --mode baseline
lease_timed,2,3,U=1 L=0 sd=0 TTL=12 pause=10 fence=on,baseline,boundary,1728,0,,0,hold,hold,1.2,0.8,4,2,2026-09-14 13:06:34,2026-09-14 13:06:36,lease_timed --clients 2 --rounds 3 --u 1 --l-ratio 0.0 --sd-ratio 0.0 --ttl-ratio 12.0 --pause-ratio 10.0 --fencing on --mode baseline
lease_timed,2,3,U=1 L=0 sd=1 TTL=10 pause=5 fence=off,baseline,boundary,,,,,FIRE,FIRE,0.0,0.0,4,2,2026-09-14 13:06:36,2026-09-14 13:06:36,lease_timed --clients 2 --rounds 3 --u 1 --l-ratio 0.0 --sd-ratio 1.0 --ttl-ratio 10.0 --pause-ratio 5.0 --fencing off --mode baseline
lease_timed,2,3,U=1 L=0 sd=1 TTL=8 pause=4 fence=on,baseline,boundary,1728,0,,0,hold,hold,1.1,0.8,4,2,2026-09-14 13:06:34,2026-09-14 13:06:36,lease_timed --clients 2 --rounds 3 --u 1 --l-ratio 0.0 --sd-ratio 1.0 --ttl-ratio 8.0 --pause-ratio 4.0 --fencing on --mode baseline
lease_timed,2,3,U=1 L=0 sd=1 TTL=12 pause=8 fence=off,baseline,boundary,,,,,FIRE,FIRE,0.0,0.0,4,2,2026-09-14 13:06:36,2026-09-14 13:06:36,lease_timed --clients 2 --rounds 3 --u 1 --l-ratio 0.0 --sd-ratio 1.0 --ttl-ratio 12.0 --pause-ratio 8.0 --fencing off --mode baseline
lease_timed,2,3,U=1 L=0 sd=1 TTL=12 pause=7 fence=off,baseline,boundary,,,,,FIRE,FIRE,0.0,0.0,4,2,2026-09-14 13:06:36,2026-09-14 13:06:36,lease_timed --clients 2 --rounds 3 --u 1 --l-ratio 0.0 --sd-ratio 1.0 --ttl-ratio 12.0 --pause-ratio 7.0 --fencing off --mode baseline
lease_timed,2,3,U=1 L=1 sd=0 TTL=6 pause=6 fence=off,baseline,boundary,,,,,FIRE,FIRE,0.0,0.0,4,2,2026-09-14 13:06:36,2026-09-14 13:06:36,lease_timed --clients 2 --rounds 3 --u 1 --l-ratio 1.0 --sd-ratio 0.0 --ttl-ratio 6.0 --pause-ratio 6.0 --fencing off --mode baseline
lease_timed,2,3,U=1 L=1 sd=0 TTL=6 pause=5 fence=off,baseline,boundary,,,,,FIRE,FIRE,0.0,0.0,4,2,2026-09-14 13:06:36,2026-09-14 13:06:36,lease_timed --clients 2 --rounds 3 --u 1 --l-ratio 1.0 --sd-ratio 0.0 --ttl-ratio 6.0 --pause-ratio 5.0 --fencing off --mode baseline
lease_timed,2,3,U=1 L=0 sd=0 TTL=6 pause=4 fence=on,baseline,boundary,1728,0,,0,hold,hold,1.6,0.8,4,2,2026-09-14 13:06:34,2026-09-14 13:06:36,lease_timed --clients 2 --rounds 3 --u 1 --l-ratio 0.0 --sd-ratio 0.0 --ttl-ratio 6.0 --pause-ratio 4.0 --fencing on --mode baseline
lease_timed,2,3,U=1 L=1 sd=0 TTL=8 pause=8 fence=off,baseline,boundary,,,,,FIRE,FIRE,0.0,0.0,4,2,2026-09-14 13:06:36,2026-09-14 13:06:36,lease_timed --clients 2 --rounds 3 --u 1 --l-ratio 1.0 --sd-ratio 0.0 --ttl-ratio 8.0 --pause-ratio 8.0 --fencing off --mode baseline
lease_timed,2,3,U=1 L=1 sd=0 TTL=8 pause=7 fence=off,baseline,boundary,,,,,FIRE,FIRE,0.0,0.0,4,2,2026-09-14 13:06:36,2026-09-14 13:06:36,lease_timed --clients 2 --rounds 3 --u 1 --l-ratio 1.0 --sd-ratio 0.0 --ttl-ratio 8.0 --pause-ratio 7.0 --fencing off --mode baseline
lease_timed,2,3,U=1 L=0 sd=0 TTL=10 pause=8 fence=on,baseline,boundary,1728,0,,0,hold,hold,2.0,0.8,4,2,2026-09-14 13:06:34,2026-09-14 13:06:36,lease_timed --clients 2 --rounds 3 --u 1 --l-ratio 0.0 --sd-ratio 0.0 --ttl-ratio 10.0 --pause-ratio 8.0 --fencing on --mode baseline
lease_timed,2,3,U=1 L=1 sd=0 TTL=10 pause=10 fence=off,baseline,boundary,,,,,FIRE,FIRE,0.0,0.0,4,2,2026-09-14 13:06:36,2026-09-14 13:06:36,lease_timed --clients 2 --rounds 3 --u 1 --l-ratio 1.0 --sd-ratio 0.0 --ttl-ratio 10.0 --pause-ratio 10.0 --fencing off --mode baseline
lease_timed,2,3,U=1 L=1 sd=0 TTL=10 pause=9 fence=off,baseline,boundary,,,,,FIRE,FIRE,0.0,0.0,4,2,2026-09-14 13:06:36,2026-09-14 13:06:36,lease_timed --clients 2 --rounds 3 --u 1 --l-ratio 1.0 --sd-ratio 0.0 --ttl-ratio 10.0 --pause-ratio 9.0 --fencing off --mode baseline
lease_timed,2,3,U=1 L=0 sd=0 TTL=8 pause=6 fence=on,baseline,boundary,1728,0,,0,hold,hold,2.2,0.8,4,2,2026-09-14 13:06:34,2026-09-14 13:06:36,lease_timed --clients 2 --rounds 3 --u 1 --l-ratio 0.0 --sd-ratio 0.0 --ttl-ratio 8.0 --pause-ratio 6.0 --fencing on --mode baseline
lease_timed,2,3,U=1 L=1 sd=0 TTL=12 pause=12 fence=off,baseline,boundary,,,,,FIRE,FIRE,0.0,0.0,4,2,2026-09-14 13:06:36,2026-09-14 13:06:36,lease_timed --clients 2 --rounds 3 --u 1 --l-ratio 1.0 --sd-ratio 0.0 --ttl-ratio 12.0 --pause-ratio 12.0 --fencing off --mode baseline
lease_timed,2,3,U=1 L=1 sd=0 TTL=12 pause=11 fence=off,baseline,boundary,,,,,FIRE,FIRE,0.0,0.0,4,2,2026-09-14 13:06:36,2026-09-14 13:06:37,lease_timed --clients 2 --rounds 3 --u 1 --l-ratio 1.0 --sd-ratio 0.0 --ttl-ratio 12.0 --pause-ratio 11.0 --fencing off --mode baseline
lease_timed,2,3,U=1 L=0 sd=1 TTL=10 pause=6 fence=on,baseline,boundary,1728,0,,0,hold,hold,1.0,0.8,4,2,2026-09-14 13:06:36,2026-09-14 13:06:37,lease_timed --clients 2 --rounds 3 --u 1 --l-ratio 0.0 --sd-ratio 1.0 --ttl-ratio 10.0 --pause-ratio 6.0 --fencing on --mode baseline
lease_timed,2,3,U=1 L=1 sd=1 TTL=6 pause=4 fence=off,baseline,boundary,,,,,FIRE,FIRE,0.0,0.0,4,2,2026-09-14 13:06:37,2026-09-14 13:06:37,lease_timed --clients 2 --rounds 3 --u 1 --l-ratio 1.0 --sd-ratio 1.0 --ttl-ratio 6.0 --pause-ratio 4.0 --fencing off --mode baseline
lease_timed,2,3,U=1 L=1 sd=1 TTL=6 pause=3 fence=off,baseline,boundary,,,,,FIRE,FIRE,0.0,0.0,4,2,2026-09-14 13:06:37,2026-09-14 13:06:37,lease_timed --clients 2 --rounds 3 --u 1 --l-ratio 1.0 --sd-ratio 1.0 --ttl-ratio 6.0 --pause-ratio 3.0 --fencing off --mode baseline
lease_timed,2,3,U=1 L=0 sd=1 TTL=12 pause=8 fence=on,baseline,boundary,1728,0,,0,hold,hold,1.1,0.8,4,2,2026-09-14 13:06:36,2026-09-14 13:06:37,lease_timed --clients 2 --rounds 3 --u 1 --l-ratio 0.0 --sd-ratio 1.0 --ttl-ratio 12.0 --pause-ratio 8.0 --fencing on --mode baseline
lease_timed,2,3,U=1 L=1 sd=1 TTL=8 pause=6 fence=off,baseline,boundary,,,,,FIRE,FIRE,0.0,0.0,4,2,2026-09-14 13:06:37,2026-09-14 13:06:37,lease_timed --clients 2 --rounds 3 --u 1 --l-ratio 1.0 --sd-ratio 1.0 --ttl-ratio 8.0 --pause-ratio 6.0 --fencing off --mode baseline
lease_timed,2,3,U=1 L=1 sd=1 TTL=8 pause=5 fence=off,baseline,boundary,,,,,FIRE,FIRE,0.0,0.0,4,2,2026-09-14 13:06:37,2026-09-14 13:06:37,lease_timed --clients 2 --rounds 3 --u 1 --l-ratio 1.0 --sd-ratio 1.0 --ttl-ratio 8.0 --pause-ratio 5.0 --fencing off --mode baseline
lease_timed,2,3,U=1 L=1 sd=0 TTL=6 pause=6 fence=on,baseline,boundary,1728,0,,0,hold,hold,1.3,0.8,4,2,2026-09-14 13:06:36,2026-09-14 13:06:37,lease_timed --clients 2 --rounds 3 --u 1 --l-ratio 1.0 --sd-ratio 0.0 --ttl-ratio 6.0 --pause-ratio 6.0 --fencing on --mode baseline
lease_timed,2,3,U=1 L=1 sd=1 TTL=10 pause=8 fence=off,baseline,boundary,,,,,FIRE,FIRE,0.0,0.0,4,2,2026-09-14 13:06:37,2026-09-14 13:06:37,lease_timed --clients 2 --rounds 3 --u 1 --l-ratio 1.0 --sd-ratio 1.0 --ttl-ratio 10.0 --pause-ratio 8.0 --fencing off --mode baseline
lease_timed,2,3,U=1 L=1 sd=1 TTL=10 pause=7 fence=off,baseline,boundary,,,,,FIRE,FIRE,0.0,0.0,4,2,2026-09-14 13:06:37,2026-09-14 13:06:37,lease_timed --clients 2 --rounds 3 --u 1 --l-ratio 1.0 --sd-ratio 1.0 --ttl-ratio 10.0 --pause-ratio 7.0 --fencing off --mode baseline
lease_timed,2,3,U=1 L=1 sd=0 TTL=8 pause=8 fence=on,baseline,boundary,1728,0,,0,hold,hold,1.2,0.8,4,2,2026-09-14 13:06:36,2026-09-14 13:06:37,lease_timed --clients 2 --rounds 3 --u 1 --l-ratio 1.0 --sd-ratio 0.0 --ttl-ratio 8.0 --pause-ratio 8.0 --fencing on --mode baseline
lease_timed,2,3,U=1 L=1 sd=1 TTL=12 pause=10 fence=off,baseline,boundary,,,,,FIRE,FIRE,0.0,0.0,4,2,2026-09-14 13:06:37,2026-09-14 13:06:37,lease_timed --clients 2 --rounds 3 --u 1 --l-ratio 1.0 --sd-ratio 1.0 --ttl-ratio 12.0 --pause-ratio 10.0 --fencing off --mode baseline
lease_timed,2,3,U=1 L=1 sd=1 TTL=12 pause=9 fence=off,baseline,boundary,,,,,FIRE,FIRE,0.0,0.0,4,2,2026-09-14 13:06:37,2026-09-14 13:06:37,lease_timed --clients 2 --rounds 3 --u 1 --l-ratio 1.0 --sd-ratio 1.0 --ttl-ratio 12.0 --pause-ratio 9.0 --fencing off --mode baseline
lease_timed,2,3,U=1 L=1 sd=0 TTL=10 pause=10 fence=on,baseline,boundary,1728,0,,0,hold,hold,1.2,0.8,4,2,2026-09-14 13:06:36,2026-09-14 13:06:38,lease_timed --clients 2 --rounds 3 --u 1 --l-ratio 1.0 --sd-ratio 0.0 --ttl-ratio 10.0 --pause-ratio 10.0 --fencing on --mode baseline
lease_timed,2,3,U=2 L=0 sd=0 TTL=6 pause=2 fence=off,baseline,boundary,,,,,FIRE,FIRE,0.0,0.0,4,2,2026-09-14 13:06:38,2026-09-14 13:06:38,lease_timed --clients 2 --rounds 3 --u 2 --l-ratio 0.0 --sd-ratio 0.0 --ttl-ratio 3.0 --pause-ratio 1.0 --fencing off --mode baseline
lease_timed,2,3,U=2 L=0 sd=0 TTL=6 pause=1 fence=off,baseline,boundary,,,,,FIRE,FIRE,0.0,0.0,4,2,2026-09-14 13:06:38,2026-09-14 13:06:38,lease_timed --clients 2 --rounds 3 --u 2 --l-ratio 0.0 --sd-ratio 0.0 --ttl-ratio 3.0 --pause-ratio 0.5 --fencing off --mode baseline
lease_timed,2,3,U=1 L=1 sd=1 TTL=6 pause=4 fence=on,baseline,boundary,1728,0,,0,hold,hold,1.3,0.8,4,2,2026-09-14 13:06:37,2026-09-14 13:06:38,lease_timed --clients 2 --rounds 3 --u 1 --l-ratio 1.0 --sd-ratio 1.0 --ttl-ratio 6.0 --pause-ratio 4.0 --fencing on --mode baseline
lease_timed,2,3,U=2 L=0 sd=0 TTL=8 pause=4 fence=off,baseline,boundary,,,,,FIRE,FIRE,0.0,0.0,4,2,2026-09-14 13:06:38,2026-09-14 13:06:38,lease_timed --clients 2 --rounds 3 --u 2 --l-ratio 0.0 --sd-ratio 0.0 --ttl-ratio 4.0 --pause-ratio 2.0 --fencing off --mode baseline
lease_timed,2,3,U=2 L=0 sd=0 TTL=8 pause=3 fence=off,baseline,boundary,,,,,FIRE,FIRE,0.0,0.0,4,2,2026-09-14 13:06:38,2026-09-14 13:06:38,lease_timed --clients 2 --rounds 3 --u 2 --l-ratio 0.0 --sd-ratio 0.0 --ttl-ratio 4.0 --pause-ratio 1.5 --fencing off --mode baseline
lease_timed,2,3,U=1 L=1 sd=0 TTL=12 pause=12 fence=on,baseline,boundary,1728,0,,0,hold,hold,1.9,0.8,4,2,2026-09-14 13:06:37,2026-09-14 13:06:38,lease_timed --clients 2 --rounds 3 --u 1 --l-ratio 1.0 --sd-ratio 0.0 --ttl-ratio 12.0 --pause-ratio 12.0 --fencing on --mode baseline
lease_timed,2,3,U=2 L=0 sd=0 TTL=10 pause=6 fence=off,baseline,boundary,,,,,FIRE,FIRE,0.0,0.0,4,2,2026-09-14 13:06:38,2026-09-14 13:06:38,lease_timed --clients 2 --rounds 3 --u 2 --l-ratio 0.0 --sd-ratio 0.0 --ttl-ratio 5.0 --pause-ratio 3.0 --fencing off --mode baseline
lease_timed,2,3,U=2 L=0 sd=0 TTL=10 pause=5 fence=off,baseline,boundary,,,,,FIRE,FIRE,0.0,0.0,4,2,2026-09-14 13:06:38,2026-09-14 13:06:38,lease_timed --clients 2 --rounds 3 --u 2 --l-ratio 0.0 --sd-ratio 0.0 --ttl-ratio 5.0 --pause-ratio 2.5 --fencing off --mode baseline
lease_timed,2,3,U=1 L=1 sd=1 TTL=10 pause=8 fence=on,baseline,boundary,1728,0,,0,hold,hold,1.4,0.8,4,2,2026-09-14 13:06:37,2026-09-14 13:06:38,lease_timed --clients 2 --rounds 3 --u 1 --l-ratio 1.0 --sd-ratio 1.0 --ttl-ratio 10.0 --pause-ratio 8.0 --fencing on --mode baseline
lease_timed,2,3,U=2 L=0 sd=0 TTL=12 pause=8 fence=off,baseline,boundary,,,,,FIRE,FIRE,0.0,0.0,4,2,2026-09-14 13:06:38,2026-09-14 13:06:39,lease_timed --clients 2 --rounds 3 --u 2 --l-ratio 0.0 --sd-ratio 0.0 --ttl-ratio 6.0 --pause-ratio 4.0 --fencing off --mode baseline
lease_timed,2,3,U=2 L=0 sd=0 TTL=12 pause=7 fence=off,baseline,boundary,,,,,FIRE,FIRE,0.0,0.0,4,2,2026-09-14 13:06:39,2026-09-14 13:06:39,lease_timed --clients 2 --rounds 3 --u 2 --l-ratio 0.0 --sd-ratio 0.0 --ttl-ratio 6.0 --pause-ratio 3.5 --fencing off --mode baseline
lease_timed,2,3,U=1 L=1 sd=1 TTL=8 pause=6 fence=on,baseline,boundary,1728,0,,0,hold,hold,1.8,0.8,4,2,2026-09-14 13:06:37,2026-09-14 13:06:39,lease_timed --clients 2 --rounds 3 --u 1 --l-ratio 1.0 --sd-ratio 1.0 --ttl-ratio 8.0 --pause-ratio 6.0 --fencing on --mode baseline
lease_timed,2,3,U=2 L=0 sd=1 TTL=6 pause=0 fence=off,baseline,boundary,,,,,FIRE,FIRE,0.0,0.0,4,2,2026-09-14 13:06:39,2026-09-14 13:06:39,lease_timed --clients 2 --rounds 3 --u 2 --l-ratio 0.0 --sd-ratio 0.5 --ttl-ratio 3.0 --pause-ratio 0.0 --fencing off --mode baseline
lease_timed,2,3,U=1 L=1 sd=1 TTL=12 pause=10 fence=on,baseline,boundary,1728,0,,0,hold,hold,1.7,0.8,4,2,2026-09-14 13:06:37,2026-09-14 13:06:39,lease_timed --clients 2 --rounds 3 --u 1 --l-ratio 1.0 --sd-ratio 1.0 --ttl-ratio 12.0 --pause-ratio 10.0 --fencing on --mode baseline
lease_timed,2,3,U=2 L=0 sd=1 TTL=8 pause=2 fence=off,baseline,boundary,,,,,FIRE,FIRE,0.0,0.0,4,2,2026-09-14 13:06:39,2026-09-14 13:06:39,lease_timed --clients 2 --rounds 3 --u 2 --l-ratio 0.0 --sd-ratio 0.5 --ttl-ratio 4.0 --pause-ratio 1.0 --fencing off --mode baseline
lease_timed,2,3,U=2 L=0 sd=1 TTL=8 pause=1 fence=off,baseline,boundary,,,,,FIRE,FIRE,0.0,0.0,4,2,2026-09-14 13:06:39,2026-09-14 13:06:39,lease_timed --clients 2 --rounds 3 --u 2 --l-ratio 0.0 --sd-ratio 0.5 --ttl-ratio 4.0 --pause-ratio 0.5 --fencing off --mode baseline
lease_timed,2,3,U=2 L=0 sd=0 TTL=6 pause=2 fence=on,baseline,boundary,1728,0,,0,hold,hold,1.9,0.8,4,2,2026-09-14 13:06:38,2026-09-14 13:06:40,lease_timed --clients 2 --rounds 3 --u 2 --l-ratio 0.0 --sd-ratio 0.0 --ttl-ratio 3.0 --pause-ratio 1.0 --fencing on --mode baseline
lease_timed,2,3,U=2 L=0 sd=0 TTL=12 pause=8 fence=on,baseline,boundary,1728,0,,0,hold,hold,1.1,0.8,4,2,2026-09-14 13:06:39,2026-09-14 13:06:40,lease_timed --clients 2 --rounds 3 --u 2 --l-ratio 0.0 --sd-ratio 0.0 --ttl-ratio 6.0 --pause-ratio 4.0 --fencing on --mode baseline
lease_timed,2,3,U=2 L=0 sd=1 TTL=10 pause=3 fence=off,baseline,boundary,,,,,FIRE,FIRE,0.0,0.0,4,2,2026-09-14 13:06:40,2026-09-14 13:06:40,lease_timed --clients 2 --rounds 3 --u 2 --l-ratio 0.0 --sd-ratio 0.5 --ttl-ratio 5.0 --pause-ratio 1.5 --fencing off --mode baseline
lease_timed,2,3,U=2 L=0 sd=1 TTL=10 pause=4 fence=off,baseline,boundary,,,,,FIRE,FIRE,0.1,0.0,4,2,2026-09-14 13:06:40,2026-09-14 13:06:40,lease_timed --clients 2 --rounds 3 --u 2 --l-ratio 0.0 --sd-ratio 0.5 --ttl-ratio 5.0 --pause-ratio 2.0 --fencing off --mode baseline
lease_timed,2,3,U=2 L=0 sd=0 TTL=8 pause=4 fence=on,baseline,boundary,1728,0,,0,hold,hold,1.7,0.8,4,2,2026-09-14 13:06:38,2026-09-14 13:06:40,lease_timed --clients 2 --rounds 3 --u 2 --l-ratio 0.0 --sd-ratio 0.0 --ttl-ratio 4.0 --pause-ratio 2.0 --fencing on --mode baseline
lease_timed,2,3,U=2 L=0 sd=1 TTL=12 pause=6 fence=off,baseline,boundary,,,,,FIRE,FIRE,0.0,0.0,4,2,2026-09-14 13:06:40,2026-09-14 13:06:40,lease_timed --clients 2 --rounds 3 --u 2 --l-ratio 0.0 --sd-ratio 0.5 --ttl-ratio 6.0 --pause-ratio 3.0 --fencing off --mode baseline
lease_timed,2,3,U=2 L=0 sd=1 TTL=12 pause=5 fence=off,baseline,boundary,,,,,FIRE,FIRE,0.0,0.0,4,2,2026-09-14 13:06:40,2026-09-14 13:06:40,lease_timed --clients 2 --rounds 3 --u 2 --l-ratio 0.0 --sd-ratio 0.5 --ttl-ratio 6.0 --pause-ratio 2.5 --fencing off --mode baseline
lease_timed,2,3,U=2 L=0 sd=1 TTL=6 pause=0 fence=on,baseline,boundary,1728,0,,0,hold,hold,1.2,0.8,4,2,2026-09-14 13:06:39,2026-09-14 13:06:40,lease_timed --clients 2 --rounds 3 --u 2 --l-ratio 0.0 --sd-ratio 0.5 --ttl-ratio 3.0 --pause-ratio 0.0 --fencing on --mode baseline
lease_timed,2,3,U=2 L=2 sd=0 TTL=6 pause=6 fence=off,baseline,boundary,,,,,FIRE,FIRE,0.0,0.0,4,2,2026-09-14 13:06:40,2026-09-14 13:06:40,lease_timed --clients 2 --rounds 3 --u 2 --l-ratio 1.0 --sd-ratio 0.0 --ttl-ratio 3.0 --pause-ratio 3.0 --fencing off --mode baseline
lease_timed,2,3,U=2 L=2 sd=0 TTL=6 pause=5 fence=off,baseline,boundary,,,,,FIRE,FIRE,0.0,0.0,4,2,2026-09-14 13:06:40,2026-09-14 13:06:40,lease_timed --clients 2 --rounds 3 --u 2 --l-ratio 1.0 --sd-ratio 0.0 --ttl-ratio 3.0 --pause-ratio 2.5 --fencing off --mode baseline
lease_timed,2,3,U=2 L=0 sd=0 TTL=10 pause=6 fence=on,baseline,boundary,1728,0,,0,hold,hold,1.4,0.8,4,2,2026-09-14 13:06:38,2026-09-14 13:06:40,lease_timed --clients 2 --rounds 3 --u 2 --l-ratio 0.0 --sd-ratio 0.0 --ttl-ratio 5.0 --pause-ratio 3.0 --fencing on --mode baseline
lease_timed,2,3,U=2 L=2 sd=0 TTL=8 pause=8 fence=off,baseline,boundary,,,,,FIRE,FIRE,0.0,0.0,4,2,2026-09-14 13:06:40,2026-09-14 13:06:40,lease_timed --clients 2 --rounds 3 --u 2 --l-ratio 1.0 --sd-ratio 0.0 --ttl-ratio 4.0 --pause-ratio 4.0 --fencing off --mode baseline
lease_timed,2,3,U=2 L=2 sd=0 TTL=8 pause=7 fence=off,baseline,boundary,,,,,FIRE,FIRE,0.0,0.0,4,2,2026-09-14 13:06:40,2026-09-14 13:06:40,lease_timed --clients 2 --rounds 3 --u 2 --l-ratio 1.0 --sd-ratio 0.0 --ttl-ratio 4.0 --pause-ratio 3.5 --fencing off --mode baseline
lease_timed,2,3,U=2 L=2 sd=0 TTL=10 pause=10 fence=off,baseline,boundary,,,,,FIRE,FIRE,0.0,0.0,4,2,2026-09-14 13:06:40,2026-09-14 13:06:40,lease_timed --clients 2 --rounds 3 --u 2 --l-ratio 1.0 --sd-ratio 0.0 --ttl-ratio 5.0 --pause-ratio 5.0 --fencing off --mode baseline
lease_timed,2,3,U=2 L=2 sd=0 TTL=10 pause=9 fence=off,baseline,boundary,,,,,FIRE,FIRE,0.0,0.0,4,2,2026-09-14 13:06:40,2026-09-14 13:06:40,lease_timed --clients 2 --rounds 3 --u 2 --l-ratio 1.0 --sd-ratio 0.0 --ttl-ratio 5.0 --pause-ratio 4.5 --fencing off --mode baseline
lease_timed,2,3,U=2 L=0 sd=1 TTL=8 pause=2 fence=on,baseline,boundary,1728,0,,0,hold,hold,1.0,0.8,4,2,2026-09-14 13:06:39,2026-09-14 13:06:40,lease_timed --clients 2 --rounds 3 --u 2 --l-ratio 0.0 --sd-ratio 0.5 --ttl-ratio 4.0 --pause-ratio 1.0 --fencing on --mode baseline
lease_timed,2,3,U=2 L=2 sd=0 TTL=12 pause=12 fence=off,baseline,boundary,,,,,FIRE,FIRE,0.0,0.0,4,2,2026-09-14 13:06:40,2026-09-14 13:06:40,lease_timed --clients 2 --rounds 3 --u 2 --l-ratio 1.0 --sd-ratio 0.0 --ttl-ratio 6.0 --pause-ratio 6.0 --fencing off --mode baseline
lease_timed,2,3,U=2 L=2 sd=0 TTL=12 pause=11 fence=off,baseline,boundary,,,,,FIRE,FIRE,0.0,0.0,4,2,2026-09-14 13:06:40,2026-09-14 13:06:40,lease_timed --clients 2 --rounds 3 --u 2 --l-ratio 1.0 --sd-ratio 0.0 --ttl-ratio 6.0 --pause-ratio 5.5 --fencing off --mode baseline
lease_timed,2,3,U=2 L=0 sd=1 TTL=10 pause=4 fence=on,baseline,boundary,1728,0,,0,hold,hold,1.0,0.8,4,2,2026-09-14 13:06:40,2026-09-14 13:06:41,lease_timed --clients 2 --rounds 3 --u 2 --l-ratio 0.0 --sd-ratio 0.5 --ttl-ratio 5.0 --pause-ratio 2.0 --fencing on --mode baseline
lease_timed,2,3,U=2 L=2 sd=1 TTL=6 pause=4 fence=off,baseline,boundary,,,,,FIRE,FIRE,0.0,0.0,4,2,2026-09-14 13:06:41,2026-09-14 13:06:41,lease_timed --clients 2 --rounds 3 --u 2 --l-ratio 1.0 --sd-ratio 0.5 --ttl-ratio 3.0 --pause-ratio 2.0 --fencing off --mode baseline
lease_timed,2,3,U=2 L=2 sd=1 TTL=6 pause=3 fence=off,baseline,boundary,,,,,FIRE,FIRE,0.0,0.0,4,2,2026-09-14 13:06:41,2026-09-14 13:06:41,lease_timed --clients 2 --rounds 3 --u 2 --l-ratio 1.0 --sd-ratio 0.5 --ttl-ratio 3.0 --pause-ratio 1.5 --fencing off --mode baseline
lease_timed,2,3,U=2 L=2 sd=0 TTL=8 pause=8 fence=on,baseline,boundary,1728,0,,0,hold,hold,1.2,0.8,4,2,2026-09-14 13:06:40,2026-09-14 13:06:41,lease_timed --clients 2 --rounds 3 --u 2 --l-ratio 1.0 --sd-ratio 0.0 --ttl-ratio 4.0 --pause-ratio 4.0 --fencing on --mode baseline
lease_timed,2,3,U=2 L=0 sd=1 TTL=12 pause=6 fence=on,baseline,boundary,1728,0,,0,hold,hold,1.3,0.8,4,2,2026-09-14 13:06:40,2026-09-14 13:06:41,lease_timed --clients 2 --rounds 3 --u 2 --l-ratio 0.0 --sd-ratio 0.5 --ttl-ratio 6.0 --pause-ratio 3.0 --fencing on --mode baseline
lease_timed,2,3,U=2 L=2 sd=1 TTL=8 pause=6 fence=off,baseline,boundary,,,,,FIRE,FIRE,0.0,0.0,4,2,2026-09-14 13:06:41,2026-09-14 13:06:41,lease_timed --clients 2 --rounds 3 --u 2 --l-ratio 1.0 --sd-ratio 0.5 --ttl-ratio 4.0 --pause-ratio 3.0 --fencing off --mode baseline
lease_timed,2,3,U=2 L=2 sd=1 TTL=8 pause=5 fence=off,baseline,boundary,,,,,FIRE,FIRE,0.0,0.0,4,2,2026-09-14 13:06:41,2026-09-14 13:06:41,lease_timed --clients 2 --rounds 3 --u 2 --l-ratio 1.0 --sd-ratio 0.5 --ttl-ratio 4.0 --pause-ratio 2.5 --fencing off --mode baseline
lease_timed,2,3,U=2 L=2 sd=1 TTL=10 pause=8 fence=off,baseline,boundary,,,,,FIRE,FIRE,0.0,0.0,4,2,2026-09-14 13:06:41,2026-09-14 13:06:41,lease_timed --clients 2 --rounds 3 --u 2 --l-ratio 1.0 --sd-ratio 0.5 --ttl-ratio 5.0 --pause-ratio 4.0 --fencing off --mode baseline
lease_timed,2,3,U=2 L=2 sd=1 TTL=10 pause=7 fence=off,baseline,boundary,,,,,FIRE,FIRE,0.0,0.0,4,2,2026-09-14 13:06:41,2026-09-14 13:06:41,lease_timed --clients 2 --rounds 3 --u 2 --l-ratio 1.0 --sd-ratio 0.5 --ttl-ratio 5.0 --pause-ratio 3.5 --fencing off --mode baseline
lease_timed,2,3,U=2 L=2 sd=0 TTL=10 pause=10 fence=on,baseline,boundary,1728,0,,0,hold,hold,1.4,0.8,4,2,2026-09-14 13:06:40,2026-09-14 13:06:41,lease_timed --clients 2 --rounds 3 --u 2 --l-ratio 1.0 --sd-ratio 0.0 --ttl-ratio 5.0 --pause-ratio 5.0 --fencing on --mode baseline
lease_timed,2,3,U=2 L=2 sd=1 TTL=12 pause=10 fence=off,baseline,boundary,,,,,FIRE,FIRE,0.0,0.0,4,2,2026-09-14 13:06:41,2026-09-14 13:06:41,lease_timed --clients 2 --rounds 3 --u 2 --l-ratio 1.0 --sd-ratio 0.5 --ttl-ratio 6.0 --pause-ratio 5.0 --fencing off --mode baseline
lease_timed,2,3,U=2 L=2 sd=1 TTL=12 pause=9 fence=off,baseline,boundary,,,,,FIRE,FIRE,0.0,0.0,4,2,2026-09-14 13:06:41,2026-09-14 13:06:41,lease_timed --clients 2 --rounds 3 --u 2 --l-ratio 1.0 --sd-ratio 0.5 --ttl-ratio 6.0 --pause-ratio 4.5 --fencing off --mode baseline
lease_timed,2,3,U=2 L=2 sd=0 TTL=6 pause=6 fence=on,baseline,boundary,1728,0,,0,hold,hold,1.6,0.8,4,2,2026-09-14 13:06:40,2026-09-14 13:06:41,lease_timed --clients 2 --rounds 3 --u 2 --l-ratio 1.0 --sd-ratio 0.0 --ttl-ratio 3.0 --pause-ratio 3.0 --fencing on --mode baseline
lease_timed,2,3,U=1 L=0 sd=0 TTL=6 pause=4 fence=off,timed,boundary,,,,,FIRE,FIRE,0.1,0.0,4,2,2026-09-14 13:06:41,2026-09-14 13:06:41,lease_timed --clients 2 --rounds 3 --u 1 --l-ratio 0.0 --sd-ratio 0.0 --ttl-ratio 6.0 --pause-ratio 4.0 --fencing off --mode timed
lease_timed,2,3,U=2 L=2 sd=1 TTL=6 pause=4 fence=on,baseline,boundary,1728,0,,0,hold,hold,1.0,0.8,4,2,2026-09-14 13:06:41,2026-09-14 13:06:42,lease_timed --clients 2 --rounds 3 --u 2 --l-ratio 1.0 --sd-ratio 0.5 --ttl-ratio 3.0 --pause-ratio 2.0 --fencing on --mode baseline
lease_timed,2,3,U=2 L=2 sd=1 TTL=10 pause=8 fence=on,baseline,boundary,1728,0,,0,hold,hold,0.9,0.8,4,2,2026-09-14 13:06:41,2026-09-14 13:06:42,lease_timed --clients 2 --rounds 3 --u 2 --l-ratio 1.0 --sd-ratio 0.5 --ttl-ratio 5.0 --pause-ratio 4.0 --fencing on --mode baseline
lease_timed,2,3,U=1 L=0 sd=0 TTL=8 pause=6 fence=off,timed,boundary,,,,,FIRE,FIRE,0.0,0.0,4,2,2026-09-14 13:06:42,2026-09-14 13:06:42,lease_timed --clients 2 --rounds 3 --u 1 --l-ratio 0.0 --sd-ratio 0.0 --ttl-ratio 8.0 --pause-ratio 6.0 --fencing off --mode timed
lease_timed,2,3,U=2 L=2 sd=0 TTL=12 pause=12 fence=on,baseline,boundary,1728,0,,0,hold,hold,2.0,0.8,4,2,2026-09-14 13:06:40,2026-09-14 13:06:42,lease_timed --clients 2 --rounds 3 --u 2 --l-ratio 1.0 --sd-ratio 0.0 --ttl-ratio 6.0 --pause-ratio 6.0 --fencing on --mode baseline
lease_timed,2,3,U=2 L=2 sd=1 TTL=8 pause=6 fence=on,baseline,boundary,1728,0,,0,hold,hold,1.3,0.8,4,2,2026-09-14 13:06:41,2026-09-14 13:06:42,lease_timed --clients 2 --rounds 3 --u 2 --l-ratio 1.0 --sd-ratio 0.5 --ttl-ratio 4.0 --pause-ratio 3.0 --fencing on --mode baseline
lease_timed,2,3,U=1 L=0 sd=0 TTL=10 pause=8 fence=off,timed,boundary,,,,,FIRE,FIRE,0.0,0.0,4,2,2026-09-14 13:06:42,2026-09-14 13:06:42,lease_timed --clients 2 --rounds 3 --u 1 --l-ratio 0.0 --sd-ratio 0.0 --ttl-ratio 10.0 --pause-ratio 8.0 --fencing off --mode timed
lease_timed,2,3,U=2 L=2 sd=1 TTL=12 pause=10 fence=on,baseline,boundary,1728,0,,0,hold,hold,1.6,0.8,4,2,2026-09-14 13:06:41,2026-09-14 13:06:43,lease_timed --clients 2 --rounds 3 --u 2 --l-ratio 1.0 --sd-ratio 0.5 --ttl-ratio 6.0 --pause-ratio 5.0 --fencing on --mode baseline
lease_timed,2,3,U=1 L=0 sd=0 TTL=6 pause=3 fence=off,timed,boundary,512,438,,0,hold,hold,4.3,2.7,4,2,2026-09-14 13:06:41,2026-09-14 13:06:46,lease_timed --clients 2 --rounds 3 --u 1 --l-ratio 0.0 --sd-ratio 0.0 --ttl-ratio 6.0 --pause-ratio 3.0 --fencing off --mode timed
lease_timed,2,3,U=1 L=0 sd=0 TTL=12 pause=10 fence=off,timed,boundary,,,,,FIRE,FIRE,0.1,0.0,4,2,2026-09-14 13:06:46,2026-09-14 13:06:46,lease_timed --clients 2 --rounds 3 --u 1 --l-ratio 0.0 --sd-ratio 0.0 --ttl-ratio 12.0 --pause-ratio 10.0 --fencing off --mode timed
lease_timed,2,3,U=1 L=0 sd=0 TTL=10 pause=7 fence=off,timed,boundary,512,438,,0,hold,hold,3.8,2.6,5,2,2026-09-14 13:06:42,2026-09-14 13:06:46,lease_timed --clients 2 --rounds 3 --u 1 --l-ratio 0.0 --sd-ratio 0.0 --ttl-ratio 10.0 --pause-ratio 7.0 --fencing off --mode timed
lease_timed,2,3,U=1 L=0 sd=0 TTL=8 pause=5 fence=off,timed,boundary,512,438,,0,hold,hold,4.9,2.7,5,2,2026-09-14 13:06:42,2026-09-14 13:06:47,lease_timed --clients 2 --rounds 3 --u 1 --l-ratio 0.0 --sd-ratio 0.0 --ttl-ratio 8.0 --pause-ratio 5.0 --fencing off --mode timed
lease_timed,2,3,U=1 L=0 sd=1 TTL=6 pause=2 fence=off,timed,boundary,,,,,FIRE,FIRE,0.1,0.0,4,2,2026-09-14 13:06:47,2026-09-14 13:06:47,lease_timed --clients 2 --rounds 3 --u 1 --l-ratio 0.0 --sd-ratio 1.0 --ttl-ratio 6.0 --pause-ratio 2.0 --fencing off --mode timed
lease_timed,2,3,U=1 L=0 sd=0 TTL=8 pause=6 fence=on,timed,boundary,1000,721,,0,hold,hold,5.6,4.4,4,2,2026-09-14 13:06:42,2026-09-14 13:06:48,lease_timed --clients 2 --rounds 3 --u 1 --l-ratio 0.0 --sd-ratio 0.0 --ttl-ratio 8.0 --pause-ratio 6.0 --fencing on --mode timed
lease_timed,2,3,U=1 L=0 sd=0 TTL=6 pause=4 fence=on,timed,boundary,1000,721,,0,hold,hold,6.7,4.4,4,2,2026-09-14 13:06:42,2026-09-14 13:06:48,lease_timed --clients 2 --rounds 3 --u 1 --l-ratio 0.0 --sd-ratio 0.0 --ttl-ratio 6.0 --pause-ratio 4.0 --fencing on --mode timed
lease_timed,2,3,U=1 L=0 sd=1 TTL=8 pause=4 fence=off,timed,boundary,,,,,FIRE,FIRE,0.0,0.0,4,2,2026-09-14 13:06:48,2026-09-14 13:06:49,lease_timed --clients 2 --rounds 3 --u 1 --l-ratio 0.0 --sd-ratio 1.0 --ttl-ratio 8.0 --pause-ratio 4.0 --fencing off --mode timed
lease_timed,2,3,U=1 L=0 sd=0 TTL=12 pause=9 fence=off,timed,boundary,512,438,,0,hold,hold,3.2,2.3,4,2,2026-09-14 13:06:46,2026-09-14 13:06:49,lease_timed --clients 2 --rounds 3 --u 1 --l-ratio 0.0 --sd-ratio 0.0 --ttl-ratio 12.0 --pause-ratio 9.0 --fencing off --mode timed
lease_timed,2,3,U=1 L=0 sd=0 TTL=10 pause=8 fence=on,timed,boundary,1000,721,,0,hold,hold,6.1,4.3,4,2,2026-09-14 13:06:43,2026-09-14 13:06:49,lease_timed --clients 2 --rounds 3 --u 1 --l-ratio 0.0 --sd-ratio 0.0 --ttl-ratio 10.0 --pause-ratio 8.0 --fencing on --mode timed
lease_timed,2,3,U=1 L=0 sd=1 TTL=10 pause=6 fence=off,timed,boundary,,,,,FIRE,FIRE,0.0,0.0,4,2,2026-09-14 13:06:49,2026-09-14 13:06:49,lease_timed --clients 2 --rounds 3 --u 1 --l-ratio 0.0 --sd-ratio 1.0 --ttl-ratio 10.0 --pause-ratio 6.0 --fencing off --mode timed
lease_timed,2,3,U=1 L=0 sd=1 TTL=6 pause=1 fence=off,timed,boundary,512,438,,0,hold,hold,2.2,2.1,5,2,2026-09-14 13:06:47,2026-09-14 13:06:49,lease_timed --clients 2 --rounds 3 --u 1 --l-ratio 0.0 --sd-ratio 1.0 --ttl-ratio 6.0 --pause-ratio 1.0 --fencing off --mode timed
lease_timed,2,3,U=1 L=0 sd=0 TTL=12 pause=10 fence=on,timed,boundary,1000,721,,0,hold,hold,3.9,3.5,4,2,2026-09-14 13:06:46,2026-09-14 13:06:50,lease_timed --clients 2 --rounds 3 --u 1 --l-ratio 0.0 --sd-ratio 0.0 --ttl-ratio 12.0 --pause-ratio 10.0 --fencing on --mode timed
lease_timed,2,3,U=1 L=0 sd=1 TTL=12 pause=8 fence=off,timed,boundary,,,,,FIRE,FIRE,0.0,0.0,4,2,2026-09-14 13:06:50,2026-09-14 13:06:50,lease_timed --clients 2 --rounds 3 --u 1 --l-ratio 0.0 --sd-ratio 1.0 --ttl-ratio 12.0 --pause-ratio 8.0 --fencing off --mode timed
lease_timed,2,3,U=1 L=0 sd=1 TTL=8 pause=3 fence=off,timed,boundary,512,438,,0,hold,hold,1.8,1.8,5,2,2026-09-14 13:06:49,2026-09-14 13:06:50,lease_timed --clients 2 --rounds 3 --u 1 --l-ratio 0.0 --sd-ratio 1.0 --ttl-ratio 8.0 --pause-ratio 3.0 --fencing off --mode timed
lease_timed,2,3,U=1 L=0 sd=1 TTL=10 pause=5 fence=off,timed,boundary,512,438,,0,hold,hold,1.7,1.7,5,2,2026-09-14 13:06:49,2026-09-14 13:06:51,lease_timed --clients 2 --rounds 3 --u 1 --l-ratio 0.0 --sd-ratio 1.0 --ttl-ratio 10.0 --pause-ratio 5.0 --fencing off --mode timed
lease_timed,2,3,U=1 L=1 sd=0 TTL=6 pause=6 fence=off,timed,boundary,,,,,FIRE,FIRE,0.0,0.0,4,2,2026-09-14 13:06:51,2026-09-14 13:06:51,lease_timed --clients 2 --rounds 3 --u 1 --l-ratio 1.0 --sd-ratio 0.0 --ttl-ratio 6.0 --pause-ratio 6.0 --fencing off --mode timed
lease_timed,2,3,U=1 L=0 sd=1 TTL=6 pause=2 fence=on,timed,boundary,1000,721,,0,hold,hold,3.1,3.1,4,2,2026-09-14 13:06:48,2026-09-14 13:06:51,lease_timed --clients 2 --rounds 3 --u 1 --l-ratio 0.0 --sd-ratio 1.0 --ttl-ratio 6.0 --pause-ratio 2.0 --fencing on --mode timed
lease_timed,2,3,U=1 L=1 sd=0 TTL=6 pause=5 fence=off,timed,boundary,16,27,,0,hold,hold,0.1,0.1,4,2,2026-09-14 13:06:51,2026-09-14 13:06:51,lease_timed --clients 2 --rounds 3 --u 1 --l-ratio 1.0 --sd-ratio 0.0 --ttl-ratio 6.0 --pause-ratio 5.0 --fencing off --mode timed
lease_timed,2,3,U=1 L=1 sd=0 TTL=8 pause=8 fence=off,timed,boundary,,,,,FIRE,FIRE,0.0,0.0,4,2,2026-09-14 13:06:51,2026-09-14 13:06:51,lease_timed --clients 2 --rounds 3 --u 1 --l-ratio 1.0 --sd-ratio 0.0 --ttl-ratio 8.0 --pause-ratio 8.0 --fencing off --mode timed
lease_timed,2,3,U=1 L=1 sd=0 TTL=8 pause=7 fence=off,timed,boundary,16,27,,0,hold,hold,0.1,0.1,4,2,2026-09-14 13:06:51,2026-09-14 13:06:51,lease_timed --clients 2 --rounds 3 --u 1 --l-ratio 1.0 --sd-ratio 0.0 --ttl-ratio 8.0 --pause-ratio 7.0 --fencing off --mode timed
lease_timed,2,3,U=1 L=1 sd=0 TTL=6 pause=6 fence=on,timed,boundary,96,31,,0,hold,hold,0.4,0.4,4,2,2026-09-14 13:06:51,2026-09-14 13:06:51,lease_timed --clients 2 --rounds 3 --u 1 --l-ratio 1.0 --sd-ratio 0.0 --ttl-ratio 6.0 --pause-ratio 6.0 --fencing on --mode timed
lease_timed,2,3,U=1 L=1 sd=0 TTL=10 pause=10 fence=off,timed,boundary,,,,,FIRE,FIRE,0.0,0.0,4,2,2026-09-14 13:06:51,2026-09-14 13:06:51,lease_timed --clients 2 --rounds 3 --u 1 --l-ratio 1.0 --sd-ratio 0.0 --ttl-ratio 10.0 --pause-ratio 10.0 --fencing off --mode timed
lease_timed,2,3,U=1 L=1 sd=0 TTL=10 pause=9 fence=off,timed,boundary,16,27,,0,hold,hold,0.1,0.1,4,2,2026-09-14 13:06:51,2026-09-14 13:06:51,lease_timed --clients 2 --rounds 3 --u 1 --l-ratio 1.0 --sd-ratio 0.0 --ttl-ratio 10.0 --pause-ratio 9.0 --fencing off --mode timed
lease_timed,2,3,U=1 L=1 sd=0 TTL=8 pause=8 fence=on,timed,boundary,96,31,,0,hold,hold,0.5,0.4,4,2,2026-09-14 13:06:51,2026-09-14 13:06:52,lease_timed --clients 2 --rounds 3 --u 1 --l-ratio 1.0 --sd-ratio 0.0 --ttl-ratio 8.0 --pause-ratio 8.0 --fencing on --mode timed
lease_timed,2,3,U=1 L=1 sd=0 TTL=12 pause=12 fence=off,timed,boundary,,,,,FIRE,FIRE,0.0,0.0,4,2,2026-09-14 13:06:52,2026-09-14 13:06:52,lease_timed --clients 2 --rounds 3 --u 1 --l-ratio 1.0 --sd-ratio 0.0 --ttl-ratio 12.0 --pause-ratio 12.0 --fencing off --mode timed
lease_timed,2,3,U=1 L=1 sd=0 TTL=12 pause=11 fence=off,timed,boundary,16,27,,0,hold,hold,0.1,0.1,4,2,2026-09-14 13:06:52,2026-09-14 13:06:52,lease_timed --clients 2 --rounds 3 --u 1 --l-ratio 1.0 --sd-ratio 0.0 --ttl-ratio 12.0 --pause-ratio 11.0 --fencing off --mode timed
lease_timed,2,3,U=1 L=0 sd=1 TTL=12 pause=7 fence=off,timed,boundary,512,438,,0,hold,hold,1.7,1.7,5,2,2026-09-14 13:06:50,2026-09-14 13:06:52,lease_timed --clients 2 --rounds 3 --u 1 --l-ratio 0.0 --sd-ratio 1.0 --ttl-ratio 12.0 --pause-ratio 7.0 --fencing off --mode timed
lease_timed,2,3,U=1 L=1 sd=1 TTL=6 pause=4 fence=off,timed,boundary,,,,,FIRE,FIRE,0.0,0.0,4,2,2026-09-14 13:06:52,2026-09-14 13:06:52,lease_timed --clients 2 --rounds 3 --u 1 --l-ratio 1.0 --sd-ratio 1.0 --ttl-ratio 6.0 --pause-ratio 4.0 --fencing off --mode timed
lease_timed,2,3,U=1 L=1 sd=0 TTL=10 pause=10 fence=on,timed,boundary,96,31,,0,hold,hold,0.4,0.4,4,2,2026-09-14 13:06:51,2026-09-14 13:06:52,lease_timed --clients 2 --rounds 3 --u 1 --l-ratio 1.0 --sd-ratio 0.0 --ttl-ratio 10.0 --pause-ratio 10.0 --fencing on --mode timed
lease_timed,2,3,U=1 L=0 sd=1 TTL=8 pause=4 fence=on,timed,boundary,1000,721,,0,hold,hold,3.2,3.2,4,2,2026-09-14 13:06:49,2026-09-14 13:06:52,lease_timed --clients 2 --rounds 3 --u 1 --l-ratio 0.0 --sd-ratio 1.0 --ttl-ratio 8.0 --pause-ratio 4.0 --fencing on --mode timed
lease_timed,2,3,U=1 L=1 sd=1 TTL=8 pause=6 fence=off,timed,boundary,,,,,FIRE,FIRE,0.0,0.0,4,2,2026-09-14 13:06:52,2026-09-14 13:06:52,lease_timed --clients 2 --rounds 3 --u 1 --l-ratio 1.0 --sd-ratio 1.0 --ttl-ratio 8.0 --pause-ratio 6.0 --fencing off --mode timed
lease_timed,2,3,U=1 L=1 sd=0 TTL=12 pause=12 fence=on,timed,boundary,96,31,,0,hold,hold,0.5,0.5,4,2,2026-09-14 13:06:52,2026-09-14 13:06:52,lease_timed --clients 2 --rounds 3 --u 1 --l-ratio 1.0 --sd-ratio 0.0 --ttl-ratio 12.0 --pause-ratio 12.0 --fencing on --mode timed
lease_timed,2,3,U=1 L=0 sd=1 TTL=10 pause=6 fence=on,timed,boundary,1000,721,,0,hold,hold,3.0,3.0,5,2,2026-09-14 13:06:49,2026-09-14 13:06:52,lease_timed --clients 2 --rounds 3 --u 1 --l-ratio 0.0 --sd-ratio 1.0 --ttl-ratio 10.0 --pause-ratio 6.0 --fencing on --mode timed
lease_timed,2,3,U=1 L=1 sd=1 TTL=10 pause=8 fence=off,timed,boundary,,,,,FIRE,FIRE,0.0,0.0,4,2,2026-09-14 13:06:52,2026-09-14 13:06:52,lease_timed --clients 2 --rounds 3 --u 1 --l-ratio 1.0 --sd-ratio 1.0 --ttl-ratio 10.0 --pause-ratio 8.0 --fencing off --mode timed
lease_timed,2,3,U=1 L=1 sd=1 TTL=6 pause=3 fence=off,timed,boundary,64,120,,0,hold,hold,0.4,0.4,4,2,2026-09-14 13:06:52,2026-09-14 13:06:52,lease_timed --clients 2 --rounds 3 --u 1 --l-ratio 1.0 --sd-ratio 1.0 --ttl-ratio 6.0 --pause-ratio 3.0 --fencing off --mode timed
lease_timed,2,3,U=1 L=1 sd=1 TTL=8 pause=5 fence=off,timed,boundary,64,120,,0,hold,hold,0.4,0.4,4,2,2026-09-14 13:06:52,2026-09-14 13:06:53,lease_timed --clients 2 --rounds 3 --u 1 --l-ratio 1.0 --sd-ratio 1.0 --ttl-ratio 8.0 --pause-ratio 5.0 --fencing off --mode timed
lease_timed,2,3,U=1 L=1 sd=1 TTL=12 pause=10 fence=off,timed,boundary,,,,,FIRE,FIRE,0.0,0.0,4,2,2026-09-14 13:06:53,2026-09-14 13:06:53,lease_timed --clients 2 --rounds 3 --u 1 --l-ratio 1.0 --sd-ratio 1.0 --ttl-ratio 12.0 --pause-ratio 10.0 --fencing off --mode timed
lease_timed,2,3,U=1 L=1 sd=1 TTL=10 pause=7 fence=off,timed,boundary,64,120,,0,hold,hold,0.4,0.4,4,2,2026-09-14 13:06:52,2026-09-14 13:06:53,lease_timed --clients 2 --rounds 3 --u 1 --l-ratio 1.0 --sd-ratio 1.0 --ttl-ratio 10.0 --pause-ratio 7.0 --fencing off --mode timed
lease_timed,2,3,U=1 L=1 sd=1 TTL=6 pause=4 fence=on,timed,boundary,216,236,,0,hold,hold,0.9,0.9,4,2,2026-09-14 13:06:52,2026-09-14 13:06:53,lease_timed --clients 2 --rounds 3 --u 1 --l-ratio 1.0 --sd-ratio 1.0 --ttl-ratio 6.0 --pause-ratio 4.0 --fencing on --mode timed
lease_timed,2,3,U=2 L=0 sd=0 TTL=6 pause=2 fence=off,timed,boundary,,,,,FIRE,FIRE,0.0,0.0,4,2,2026-09-14 13:06:53,2026-09-14 13:06:53,lease_timed --clients 2 --rounds 3 --u 2 --l-ratio 0.0 --sd-ratio 0.0 --ttl-ratio 3.0 --pause-ratio 1.0 --fencing off --mode timed
lease_timed,2,3,U=1 L=0 sd=1 TTL=12 pause=8 fence=on,timed,boundary,1000,721,,0,hold,hold,2.8,2.7,5,2,2026-09-14 13:06:50,2026-09-14 13:06:53,lease_timed --clients 2 --rounds 3 --u 1 --l-ratio 0.0 --sd-ratio 1.0 --ttl-ratio 12.0 --pause-ratio 8.0 --fencing on --mode timed
lease_timed,2,3,U=1 L=1 sd=1 TTL=12 pause=9 fence=off,timed,boundary,64,120,,0,hold,hold,0.4,0.4,4,2,2026-09-14 13:06:53,2026-09-14 13:06:53,lease_timed --clients 2 --rounds 3 --u 1 --l-ratio 1.0 --sd-ratio 1.0 --ttl-ratio 12.0 --pause-ratio 9.0 --fencing off --mode timed
lease_timed,2,3,U=2 L=0 sd=0 TTL=8 pause=4 fence=off,timed,boundary,,,,,FIRE,FIRE,0.0,0.0,4,2,2026-09-14 13:06:53,2026-09-14 13:06:53,lease_timed --clients 2 --rounds 3 --u 2 --l-ratio 0.0 --sd-ratio 0.0 --ttl-ratio 4.0 --pause-ratio 2.0 --fencing off --mode timed
lease_timed,2,3,U=1 L=1 sd=1 TTL=8 pause=6 fence=on,timed,boundary,216,236,,0,hold,hold,1.0,0.9,4,2,2026-09-14 13:06:52,2026-09-14 13:06:53,lease_timed --clients 2 --rounds 3 --u 1 --l-ratio 1.0 --sd-ratio 1.0 --ttl-ratio 8.0 --pause-ratio 6.0 --fencing on --mode timed
lease_timed,2,3,U=1 L=1 sd=1 TTL=10 pause=8 fence=on,timed,boundary,216,236,,0,hold,hold,0.9,0.9,4,2,2026-09-14 13:06:52,2026-09-14 13:06:53,lease_timed --clients 2 --rounds 3 --u 1 --l-ratio 1.0 --sd-ratio 1.0 --ttl-ratio 10.0 --pause-ratio 8.0 --fencing on --mode timed
lease_timed,2,3,U=2 L=0 sd=0 TTL=10 pause=6 fence=off,timed,boundary,,,,,FIRE,FIRE,0.0,0.0,4,2,2026-09-14 13:06:53,2026-09-14 13:06:53,lease_timed --clients 2 --rounds 3 --u 2 --l-ratio 0.0 --sd-ratio 0.0 --ttl-ratio 5.0 --pause-ratio 3.0 --fencing off --mode timed
lease_timed,2,3,U=1 L=1 sd=1 TTL=12 pause=10 fence=on,timed,boundary,216,236,,0,hold,hold,1.0,0.9,4,2,2026-09-14 13:06:53,2026-09-14 13:06:54,lease_timed --clients 2 --rounds 3 --u 1 --l-ratio 1.0 --sd-ratio 1.0 --ttl-ratio 12.0 --pause-ratio 10.0 --fencing on --mode timed
lease_timed,2,3,U=2 L=0 sd=0 TTL=6 pause=1 fence=off,timed,boundary,512,474,,0,hold,hold,1.6,1.5,5,2,2026-09-14 13:06:53,2026-09-14 13:06:54,lease_timed --clients 2 --rounds 3 --u 2 --l-ratio 0.0 --sd-ratio 0.0 --ttl-ratio 3.0 --pause-ratio 0.5 --fencing off --mode timed
lease_timed,2,3,U=2 L=0 sd=0 TTL=12 pause=8 fence=off,timed,boundary,,,,,FIRE,FIRE,0.0,0.0,4,2,2026-09-14 13:06:54,2026-09-14 13:06:54,lease_timed --clients 2 --rounds 3 --u 2 --l-ratio 0.0 --sd-ratio 0.0 --ttl-ratio 6.0 --pause-ratio 4.0 --fencing off --mode timed
lease_timed,2,3,U=2 L=0 sd=0 TTL=8 pause=3 fence=off,timed,boundary,512,474,,0,hold,hold,1.6,1.6,5,2,2026-09-14 13:06:53,2026-09-14 13:06:55,lease_timed --clients 2 --rounds 3 --u 2 --l-ratio 0.0 --sd-ratio 0.0 --ttl-ratio 4.0 --pause-ratio 1.5 --fencing off --mode timed
lease_timed,2,3,U=2 L=0 sd=0 TTL=10 pause=5 fence=off,timed,boundary,512,474,,0,hold,hold,1.6,1.6,4,2,2026-09-14 13:06:53,2026-09-14 13:06:55,lease_timed --clients 2 --rounds 3 --u 2 --l-ratio 0.0 --sd-ratio 0.0 --ttl-ratio 5.0 --pause-ratio 2.5 --fencing off --mode timed
lease_timed,2,3,U=2 L=0 sd=1 TTL=6 pause=0 fence=off,timed,boundary,,,,,FIRE,FIRE,0.0,0.0,4,2,2026-09-14 13:06:55,2026-09-14 13:06:55,lease_timed --clients 2 --rounds 3 --u 2 --l-ratio 0.0 --sd-ratio 0.5 --ttl-ratio 3.0 --pause-ratio 0.0 --fencing off --mode timed
lease_timed,2,3,U=2 L=0 sd=0 TTL=6 pause=2 fence=on,timed,boundary,1000,721,,0,hold,hold,2.6,2.6,4,2,2026-09-14 13:06:53,2026-09-14 13:06:56,lease_timed --clients 2 --rounds 3 --u 2 --l-ratio 0.0 --sd-ratio 0.0 --ttl-ratio 3.0 --pause-ratio 1.0 --fencing on --mode timed
lease_timed,2,3,U=2 L=0 sd=1 TTL=8 pause=2 fence=off,timed,boundary,,,,,FIRE,FIRE,0.0,0.0,4,2,2026-09-14 13:06:56,2026-09-14 13:06:56,lease_timed --clients 2 --rounds 3 --u 2 --l-ratio 0.0 --sd-ratio 0.5 --ttl-ratio 4.0 --pause-ratio 1.0 --fencing off --mode timed
lease_timed,2,3,U=2 L=0 sd=0 TTL=8 pause=4 fence=on,timed,boundary,1000,721,,0,hold,hold,2.7,2.7,5,2,2026-09-14 13:06:53,2026-09-14 13:06:56,lease_timed --clients 2 --rounds 3 --u 2 --l-ratio 0.0 --sd-ratio 0.0 --ttl-ratio 4.0 --pause-ratio 2.0 --fencing on --mode timed
lease_timed,2,3,U=2 L=0 sd=0 TTL=12 pause=7 fence=off,timed,boundary,512,474,,0,hold,hold,1.6,1.6,4,2,2026-09-14 13:06:54,2026-09-14 13:06:56,lease_timed --clients 2 --rounds 3 --u 2 --l-ratio 0.0 --sd-ratio 0.0 --ttl-ratio 6.0 --pause-ratio 3.5 --fencing off --mode timed
lease_timed,2,3,U=2 L=0 sd=1 TTL=10 pause=4 fence=off,timed,boundary,,,,,FIRE,FIRE,0.0,0.0,4,2,2026-09-14 13:06:56,2026-09-14 13:06:56,lease_timed --clients 2 --rounds 3 --u 2 --l-ratio 0.0 --sd-ratio 0.5 --ttl-ratio 5.0 --pause-ratio 2.0 --fencing off --mode timed
lease_timed,2,3,U=2 L=0 sd=0 TTL=10 pause=6 fence=on,timed,boundary,1000,721,,0,hold,hold,2.6,2.6,5,2,2026-09-14 13:06:54,2026-09-14 13:06:56,lease_timed --clients 2 --rounds 3 --u 2 --l-ratio 0.0 --sd-ratio 0.0 --ttl-ratio 5.0 --pause-ratio 3.0 --fencing on --mode timed
lease_timed,2,3,U=2 L=0 sd=1 TTL=8 pause=1 fence=off,timed,boundary,512,474,,0,hold,hold,1.5,1.5,5,2,2026-09-14 13:06:56,2026-09-14 13:06:57,lease_timed --clients 2 --rounds 3 --u 2 --l-ratio 0.0 --sd-ratio 0.5 --ttl-ratio 4.0 --pause-ratio 0.5 --fencing off --mode timed
lease_timed,2,3,U=2 L=0 sd=1 TTL=12 pause=6 fence=off,timed,boundary,,,,,FIRE,FIRE,0.0,0.0,4,2,2026-09-14 13:06:57,2026-09-14 13:06:57,lease_timed --clients 2 --rounds 3 --u 2 --l-ratio 0.0 --sd-ratio 0.5 --ttl-ratio 6.0 --pause-ratio 3.0 --fencing off --mode timed
lease_timed,2,3,U=2 L=0 sd=0 TTL=12 pause=8 fence=on,timed,boundary,1000,721,,0,hold,hold,2.6,2.5,4,2,2026-09-14 13:06:55,2026-09-14 13:06:57,lease_timed --clients 2 --rounds 3 --u 2 --l-ratio 0.0 --sd-ratio 0.0 --ttl-ratio 6.0 --pause-ratio 4.0 --fencing on --mode timed
lease_timed,2,3,U=2 L=0 sd=1 TTL=10 pause=3 fence=off,timed,boundary,512,474,,0,hold,hold,1.6,1.6,5,2,2026-09-14 13:06:56,2026-09-14 13:06:58,lease_timed --clients 2 --rounds 3 --u 2 --l-ratio 0.0 --sd-ratio 0.5 --ttl-ratio 5.0 --pause-ratio 1.5 --fencing off --mode timed
lease_timed,2,3,U=2 L=2 sd=0 TTL=6 pause=6 fence=off,timed,boundary,,,,,FIRE,FIRE,0.0,0.0,4,2,2026-09-14 13:06:58,2026-09-14 13:06:58,lease_timed --clients 2 --rounds 3 --u 2 --l-ratio 1.0 --sd-ratio 0.0 --ttl-ratio 3.0 --pause-ratio 3.0 --fencing off --mode timed
lease_timed,2,3,U=2 L=2 sd=0 TTL=6 pause=5 fence=off,timed,boundary,2,8,,0,hold,hold,0.0,0.0,4,2,2026-09-14 13:06:58,2026-09-14 13:06:58,lease_timed --clients 2 --rounds 3 --u 2 --l-ratio 1.0 --sd-ratio 0.0 --ttl-ratio 3.0 --pause-ratio 2.5 --fencing off --mode timed
lease_timed,2,3,U=2 L=2 sd=0 TTL=6 pause=6 fence=on,timed,boundary,12,10,,0,hold,hold,0.1,0.1,4,2,2026-09-14 13:06:58,2026-09-14 13:06:58,lease_timed --clients 2 --rounds 3 --u 2 --l-ratio 1.0 --sd-ratio 0.0 --ttl-ratio 3.0 --pause-ratio 3.0 --fencing on --mode timed
lease_timed,2,3,U=2 L=2 sd=0 TTL=8 pause=8 fence=off,timed,boundary,,,,,FIRE,FIRE,0.0,0.0,4,2,2026-09-14 13:06:58,2026-09-14 13:06:58,lease_timed --clients 2 --rounds 3 --u 2 --l-ratio 1.0 --sd-ratio 0.0 --ttl-ratio 4.0 --pause-ratio 4.0 --fencing off --mode timed
lease_timed,2,3,U=2 L=2 sd=0 TTL=8 pause=7 fence=off,timed,boundary,16,27,,0,hold,hold,0.1,0.1,4,2,2026-09-14 13:06:58,2026-09-14 13:06:58,lease_timed --clients 2 --rounds 3 --u 2 --l-ratio 1.0 --sd-ratio 0.0 --ttl-ratio 4.0 --pause-ratio 3.5 --fencing off --mode timed
lease_timed,2,3,U=2 L=2 sd=0 TTL=8 pause=8 fence=on,timed,boundary,96,31,,0,hold,hold,0.4,0.4,4,2,2026-09-14 13:06:58,2026-09-14 13:06:58,lease_timed --clients 2 --rounds 3 --u 2 --l-ratio 1.0 --sd-ratio 0.0 --ttl-ratio 4.0 --pause-ratio 4.0 --fencing on --mode timed
lease_timed,2,3,U=2 L=2 sd=0 TTL=10 pause=10 fence=off,timed,boundary,,,,,FIRE,FIRE,0.0,0.0,4,2,2026-09-14 13:06:58,2026-09-14 13:06:58,lease_timed --clients 2 --rounds 3 --u 2 --l-ratio 1.0 --sd-ratio 0.0 --ttl-ratio 5.0 --pause-ratio 5.0 --fencing off --mode timed
lease_timed,2,3,U=2 L=0 sd=1 TTL=8 pause=2 fence=on,timed,boundary,1000,721,,0,hold,hold,2.6,2.6,5,2,2026-09-14 13:06:56,2026-09-14 13:06:58,lease_timed --clients 2 --rounds 3 --u 2 --l-ratio 0.0 --sd-ratio 0.5 --ttl-ratio 4.0 --pause-ratio 1.0 --fencing on --mode timed
lease_timed,2,3,U=2 L=2 sd=0 TTL=10 pause=9 fence=off,timed,boundary,16,27,,0,hold,hold,0.2,0.1,4,2,2026-09-14 13:06:58,2026-09-14 13:06:59,lease_timed --clients 2 --rounds 3 --u 2 --l-ratio 1.0 --sd-ratio 0.0 --ttl-ratio 5.0 --pause-ratio 4.5 --fencing off --mode timed
lease_timed,2,3,U=2 L=2 sd=0 TTL=12 pause=12 fence=off,timed,boundary,,,,,FIRE,FIRE,0.0,0.0,4,2,2026-09-14 13:06:59,2026-09-14 13:06:59,lease_timed --clients 2 --rounds 3 --u 2 --l-ratio 1.0 --sd-ratio 0.0 --ttl-ratio 6.0 --pause-ratio 6.0 --fencing off --mode timed
lease_timed,2,3,U=2 L=0 sd=1 TTL=6 pause=0 fence=on,timed,boundary,1728,1072,,0,hold,hold,3.8,3.8,4,2,2026-09-14 13:06:55,2026-09-14 13:06:59,lease_timed --clients 2 --rounds 3 --u 2 --l-ratio 0.0 --sd-ratio 0.5 --ttl-ratio 3.0 --pause-ratio 0.0 --fencing on --mode timed
lease_timed,2,3,U=2 L=2 sd=0 TTL=12 pause=11 fence=off,timed,boundary,16,27,,0,hold,hold,0.1,0.1,4,2,2026-09-14 13:06:59,2026-09-14 13:06:59,lease_timed --clients 2 --rounds 3 --u 2 --l-ratio 1.0 --sd-ratio 0.0 --ttl-ratio 6.0 --pause-ratio 5.5 --fencing off --mode timed
lease_timed,2,3,U=2 L=2 sd=1 TTL=6 pause=4 fence=off,timed,boundary,,,,,FIRE,FIRE,0.0,0.0,4,2,2026-09-14 13:06:59,2026-09-14 13:06:59,lease_timed --clients 2 --rounds 3 --u 2 --l-ratio 1.0 --sd-ratio 0.5 --ttl-ratio 3.0 --pause-ratio 2.0 --fencing off --mode timed
lease_timed,2,3,U=2 L=0 sd=1 TTL=12 pause=5 fence=off,timed,boundary,512,474,,0,hold,hold,1.6,1.6,5,2,2026-09-14 13:06:57,2026-09-14 13:06:59,lease_timed --clients 2 --rounds 3 --u 2 --l-ratio 0.0 --sd-ratio 0.5 --ttl-ratio 6.0 --pause-ratio 2.5 --fencing off --mode timed
lease_timed,2,3,U=2 L=2 sd=1 TTL=6 pause=3 fence=off,timed,boundary,8,31,,0,hold,hold,0.1,0.1,4,2,2026-09-14 13:06:59,2026-09-14 13:06:59,lease_timed --clients 2 --rounds 3 --u 2 --l-ratio 1.0 --sd-ratio 0.5 --ttl-ratio 3.0 --pause-ratio 1.5 --fencing off --mode timed
lease_timed,2,3,U=2 L=2 sd=0 TTL=10 pause=10 fence=on,timed,boundary,96,31,,0,hold,hold,0.4,0.4,4,2,2026-09-14 13:06:58,2026-09-14 13:06:59,lease_timed --clients 2 --rounds 3 --u 2 --l-ratio 1.0 --sd-ratio 0.0 --ttl-ratio 5.0 --pause-ratio 5.0 --fencing on --mode timed
lease_timed,2,3,U=2 L=2 sd=1 TTL=8 pause=6 fence=off,timed,boundary,,,,,FIRE,FIRE,0.0,0.0,4,2,2026-09-14 13:06:59,2026-09-14 13:06:59,lease_timed --clients 2 --rounds 3 --u 2 --l-ratio 1.0 --sd-ratio 0.5 --ttl-ratio 4.0 --pause-ratio 3.0 --fencing off --mode timed
lease_timed,2,3,U=2 L=2 sd=1 TTL=6 pause=4 fence=on,timed,boundary,12,31,,0,hold,hold,0.1,0.1,4,2,2026-09-14 13:06:59,2026-09-14 13:06:59,lease_timed --clients 2 --rounds 3 --u 2 --l-ratio 1.0 --sd-ratio 0.5 --ttl-ratio 3.0 --pause-ratio 2.0 --fencing on --mode timed
lease_timed,2,3,U=2 L=0 sd=1 TTL=10 pause=4 fence=on,timed,boundary,1000,721,,0,hold,hold,2.6,2.6,5,2,2026-09-14 13:06:56,2026-09-14 13:06:59,lease_timed --clients 2 --rounds 3 --u 2 --l-ratio 0.0 --sd-ratio 0.5 --ttl-ratio 5.0 --pause-ratio 2.0 --fencing on --mode timed
lease_timed,2,3,U=2 L=2 sd=1 TTL=10 pause=8 fence=off,timed,boundary,,,,,FIRE,FIRE,0.0,0.0,4,2,2026-09-14 13:06:59,2026-09-14 13:06:59,lease_timed --clients 2 --rounds 3 --u 2 --l-ratio 1.0 --sd-ratio 0.5 --ttl-ratio 5.0 --pause-ratio 4.0 --fencing off --mode timed
lease_timed,2,3,U=2 L=2 sd=0 TTL=12 pause=12 fence=on,timed,boundary,96,31,,0,hold,hold,0.4,0.4,4,2,2026-09-14 13:06:59,2026-09-14 13:06:59,lease_timed --clients 2 --rounds 3 --u 2 --l-ratio 1.0 --sd-ratio 0.0 --ttl-ratio 6.0 --pause-ratio 6.0 --fencing on --mode timed
lease_timed,2,3,U=2 L=2 sd=1 TTL=12 pause=10 fence=off,timed,boundary,,,,,FIRE,FIRE,0.0,0.0,4,2,2026-09-14 13:06:59,2026-09-14 13:06:59,lease_timed --clients 2 --rounds 3 --u 2 --l-ratio 1.0 --sd-ratio 0.5 --ttl-ratio 6.0 --pause-ratio 5.0 --fencing off --mode timed
lease_timed,2,3,U=2 L=2 sd=1 TTL=8 pause=6 fence=on,timed,boundary,96,115,,0,hold,hold,0.5,0.5,4,2,2026-09-14 13:06:59,2026-09-14 13:06:59,lease_timed --clients 2 --rounds 3 --u 2 --l-ratio 1.0 --sd-ratio 0.5 --ttl-ratio 4.0 --pause-ratio 3.0 --fencing on --mode timed
lease_timed,2,3,U=2 L=2 sd=1 TTL=8 pause=5 fence=off,timed,boundary,64,110,,0,hold,hold,0.5,0.5,4,2,2026-09-14 13:06:59,2026-09-14 13:06:59,lease_timed --clients 2 --rounds 3 --u 2 --l-ratio 1.0 --sd-ratio 0.5 --ttl-ratio 4.0 --pause-ratio 2.5 --fencing off --mode timed
swim_timed,3,3,U=1 L=0 sd=0 Wp=1 Ws=2,baseline,boundary,,,,,FIRE,FIRE,0.0,0.0,4,2,2026-09-14 13:06:59,2026-09-14 13:06:59,swim_timed --nodes 3 --rounds 3 --u 1 --l-ratio 0.0 --sd-ratio 0.0 --w-probe-ratio 1.0 --w-suspect-ratio 2.0 --mode baseline
swim_timed,3,3,U=1 L=0 sd=0 Wp=1 Ws=3,baseline,boundary,,,,,FIRE,FIRE,0.0,0.0,4,2,2026-09-14 13:06:59,2026-09-14 13:06:59,swim_timed --nodes 3 --rounds 3 --u 1 --l-ratio 0.0 --sd-ratio 0.0 --w-probe-ratio 1.0 --w-suspect-ratio 3.0 --mode baseline
swim_timed,3,3,U=1 L=0 sd=1 Wp=1 Ws=4,baseline,boundary,,,,,FIRE,FIRE,0.0,0.0,4,2,2026-09-14 13:06:59,2026-09-14 13:06:59,swim_timed --nodes 3 --rounds 3 --u 1 --l-ratio 0.0 --sd-ratio 1.0 --w-probe-ratio 1.0 --w-suspect-ratio 4.0 --mode baseline
swim_timed,3,3,U=1 L=0 sd=1 Wp=1 Ws=5,baseline,boundary,,,,,FIRE,FIRE,0.0,0.0,4,2,2026-09-14 13:06:59,2026-09-14 13:06:59,swim_timed --nodes 3 --rounds 3 --u 1 --l-ratio 0.0 --sd-ratio 1.0 --w-probe-ratio 1.0 --w-suspect-ratio 5.0 --mode baseline
swim_timed,3,3,U=1 L=1 sd=0 Wp=1 Ws=1,baseline,boundary,,,,,FIRE,FIRE,0.0,0.0,4,2,2026-09-14 13:06:59,2026-09-14 13:06:59,swim_timed --nodes 3 --rounds 3 --u 1 --l-ratio 1.0 --sd-ratio 0.0 --w-probe-ratio 1.0 --w-suspect-ratio 1.0 --mode baseline
swim_timed,3,3,U=1 L=1 sd=0 Wp=1 Ws=2,baseline,boundary,,,,,FIRE,FIRE,0.0,0.0,4,2,2026-09-14 13:06:59,2026-09-14 13:06:59,swim_timed --nodes 3 --rounds 3 --u 1 --l-ratio 1.0 --sd-ratio 0.0 --w-probe-ratio 1.0 --w-suspect-ratio 2.0 --mode baseline
lease_timed,2,3,U=2 L=2 sd=1 TTL=10 pause=8 fence=on,timed,boundary,96,115,,0,hold,hold,0.5,0.5,4,2,2026-09-14 13:06:59,2026-09-14 13:06:59,lease_timed --clients 2 --rounds 3 --u 2 --l-ratio 1.0 --sd-ratio 0.5 --ttl-ratio 5.0 --pause-ratio 4.0 --fencing on --mode timed
swim_timed,3,3,U=1 L=1 sd=1 Wp=1 Ws=3,baseline,boundary,,,,,FIRE,FIRE,0.0,0.0,4,2,2026-09-14 13:06:59,2026-09-14 13:06:59,swim_timed --nodes 3 --rounds 3 --u 1 --l-ratio 1.0 --sd-ratio 1.0 --w-probe-ratio 1.0 --w-suspect-ratio 3.0 --mode baseline
swim_timed,3,3,U=1 L=1 sd=1 Wp=1 Ws=4,baseline,boundary,,,,,FIRE,FIRE,0.0,0.0,4,2,2026-09-14 13:06:59,2026-09-14 13:06:59,swim_timed --nodes 3 --rounds 3 --u 1 --l-ratio 1.0 --sd-ratio 1.0 --w-probe-ratio 1.0 --w-suspect-ratio 4.0 --mode baseline
swim_timed,3,3,U=2 L=0 sd=0 Wp=2 Ws=4,baseline,boundary,,,,,FIRE,FIRE,0.0,0.0,4,2,2026-09-14 13:06:59,2026-09-14 13:06:59,swim_timed --nodes 3 --rounds 3 --u 2 --l-ratio 0.0 --sd-ratio 0.0 --w-probe-ratio 1.0 --w-suspect-ratio 2.0 --mode baseline
lease_timed,2,3,U=2 L=2 sd=1 TTL=10 pause=7 fence=off,timed,boundary,64,110,,0,hold,hold,0.5,0.5,4,2,2026-09-14 13:06:59,2026-09-14 13:06:59,lease_timed --clients 2 --rounds 3 --u 2 --l-ratio 1.0 --sd-ratio 0.5 --ttl-ratio 5.0 --pause-ratio 3.5 --fencing off --mode timed
swim_timed,3,3,U=2 L=0 sd=0 Wp=2 Ws=5,baseline,boundary,,,,,FIRE,FIRE,0.0,0.0,4,2,2026-09-14 13:06:59,2026-09-14 13:06:59,swim_timed --nodes 3 --rounds 3 --u 2 --l-ratio 0.0 --sd-ratio 0.0 --w-probe-ratio 1.0 --w-suspect-ratio 2.5 --mode baseline
swim_timed,3,3,U=2 L=0 sd=1 Wp=2 Ws=6,baseline,boundary,,,,,FIRE,FIRE,0.0,0.0,4,2,2026-09-14 13:06:59,2026-09-14 13:07:00,swim_timed --nodes 3 --rounds 3 --u 2 --l-ratio 0.0 --sd-ratio 0.5 --w-probe-ratio 1.0 --w-suspect-ratio 3.0 --mode baseline
swim_timed,3,3,U=2 L=0 sd=1 Wp=2 Ws=7,baseline,boundary,,,,,FIRE,FIRE,0.0,0.0,4,2,2026-09-14 13:06:59,2026-09-14 13:07:00,swim_timed --nodes 3 --rounds 3 --u 2 --l-ratio 0.0 --sd-ratio 0.5 --w-probe-ratio 1.0 --w-suspect-ratio 3.5 --mode baseline
swim_timed,3,3,U=2 L=2 sd=0 Wp=2 Ws=2,baseline,boundary,,,,,FIRE,FIRE,0.0,0.0,4,2,2026-09-14 13:07:00,2026-09-14 13:07:00,swim_timed --nodes 3 --rounds 3 --u 2 --l-ratio 1.0 --sd-ratio 0.0 --w-probe-ratio 1.0 --w-suspect-ratio 1.0 --mode baseline
swim_timed,3,3,U=2 L=2 sd=0 Wp=2 Ws=3,baseline,boundary,,,,,FIRE,FIRE,0.0,0.0,4,2,2026-09-14 13:07:00,2026-09-14 13:07:00,swim_timed --nodes 3 --rounds 3 --u 2 --l-ratio 1.0 --sd-ratio 0.0 --w-probe-ratio 1.0 --w-suspect-ratio 1.5 --mode baseline
swim_timed,3,3,U=2 L=2 sd=1 Wp=2 Ws=4,baseline,boundary,,,,,FIRE,FIRE,0.0,0.0,4,2,2026-09-14 13:07:00,2026-09-14 13:07:00,swim_timed --nodes 3 --rounds 3 --u 2 --l-ratio 1.0 --sd-ratio 0.5 --w-probe-ratio 1.0 --w-suspect-ratio 2.0 --mode baseline
swim_timed,3,3,U=2 L=2 sd=1 Wp=2 Ws=5,baseline,boundary,,,,,FIRE,FIRE,0.0,0.0,4,2,2026-09-14 13:07:00,2026-09-14 13:07:00,swim_timed --nodes 3 --rounds 3 --u 2 --l-ratio 1.0 --sd-ratio 0.5 --w-probe-ratio 1.0 --w-suspect-ratio 2.5 --mode baseline
swim_timed,3,3,U=1 L=0 sd=0 Wp=1 Ws=2,timed,boundary,,,,,FIRE,FIRE,0.0,0.0,4,2,2026-09-14 13:07:00,2026-09-14 13:07:00,swim_timed --nodes 3 --rounds 3 --u 1 --l-ratio 0.0 --sd-ratio 0.0 --w-probe-ratio 1.0 --w-suspect-ratio 2.0 --mode timed
swim_timed,3,3,U=1 L=0 sd=1 Wp=1 Ws=4,timed,boundary,,,,,FIRE,FIRE,0.0,0.0,4,2,2026-09-14 13:07:00,2026-09-14 13:07:00,swim_timed --nodes 3 --rounds 3 --u 1 --l-ratio 0.0 --sd-ratio 1.0 --w-probe-ratio 1.0 --w-suspect-ratio 4.0 --mode timed
swim_timed,3,3,U=1 L=1 sd=0 Wp=1 Ws=1,timed,boundary,,,,,FIRE,FIRE,0.0,0.0,4,2,2026-09-14 13:07:00,2026-09-14 13:07:00,swim_timed --nodes 3 --rounds 3 --u 1 --l-ratio 1.0 --sd-ratio 0.0 --w-probe-ratio 1.0 --w-suspect-ratio 1.0 --mode timed
lease_timed,2,3,U=2 L=2 sd=1 TTL=12 pause=9 fence=off,timed,boundary,64,110,,0,hold,hold,0.4,0.4,4,2,2026-09-14 13:06:59,2026-09-14 13:07:00,lease_timed --clients 2 --rounds 3 --u 2 --l-ratio 1.0 --sd-ratio 0.5 --ttl-ratio 6.0 --pause-ratio 4.5 --fencing off --mode timed
swim_timed,3,3,U=1 L=1 sd=0 Wp=1 Ws=2,timed,boundary,1,12,,0,hold,hold,0.0,0.0,4,2,2026-09-14 13:07:00,2026-09-14 13:07:00,swim_timed --nodes 3 --rounds 3 --u 1 --l-ratio 1.0 --sd-ratio 0.0 --w-probe-ratio 1.0 --w-suspect-ratio 2.0 --mode timed
swim_timed,3,3,U=1 L=1 sd=1 Wp=1 Ws=3,timed,boundary,,,,,FIRE,FIRE,0.0,0.0,4,2,2026-09-14 13:07:00,2026-09-14 13:07:00,swim_timed --nodes 3 --rounds 3 --u 1 --l-ratio 1.0 --sd-ratio 1.0 --w-probe-ratio 1.0 --w-suspect-ratio 3.0 --mode timed
swim_timed,3,3,U=1 L=0 sd=0 Wp=1 Ws=3,timed,boundary,8,57,,0,hold,hold,0.1,0.0,4,2,2026-09-14 13:07:00,2026-09-14 13:07:00,swim_timed --nodes 3 --rounds 3 --u 1 --l-ratio 0.0 --sd-ratio 0.0 --w-probe-ratio 1.0 --w-suspect-ratio 3.0 --mode timed
swim_timed,3,3,U=1 L=0 sd=1 Wp=1 Ws=5,timed,boundary,8,38,,0,hold,hold,0.1,0.0,4,2,2026-09-14 13:07:00,2026-09-14 13:07:00,swim_timed --nodes 3 --rounds 3 --u 1 --l-ratio 0.0 --sd-ratio 1.0 --w-probe-ratio 1.0 --w-suspect-ratio 5.0 --mode timed
swim_timed,3,3,U=2 L=0 sd=0 Wp=2 Ws=4,timed,boundary,,,,,FIRE,FIRE,0.0,0.0,4,2,2026-09-14 13:07:00,2026-09-14 13:07:00,swim_timed --nodes 3 --rounds 3 --u 2 --l-ratio 0.0 --sd-ratio 0.0 --w-probe-ratio 1.0 --w-suspect-ratio 2.0 --mode timed
swim_timed,3,3,U=2 L=0 sd=1 Wp=2 Ws=6,timed,boundary,,,,,FIRE,FIRE,0.0,0.0,4,2,2026-09-14 13:07:00,2026-09-14 13:07:00,swim_timed --nodes 3 --rounds 3 --u 2 --l-ratio 0.0 --sd-ratio 0.5 --w-probe-ratio 1.0 --w-suspect-ratio 3.0 --mode timed
swim_timed,3,3,U=1 L=1 sd=1 Wp=1 Ws=4,timed,boundary,1,12,,0,hold,hold,0.0,0.0,4,2,2026-09-14 13:07:00,2026-09-14 13:07:00,swim_timed --nodes 3 --rounds 3 --u 1 --l-ratio 1.0 --sd-ratio 1.0 --w-probe-ratio 1.0 --w-suspect-ratio 4.0 --mode timed
swim_timed,3,3,U=2 L=2 sd=0 Wp=2 Ws=2,timed,boundary,,,,,FIRE,FIRE,0.0,0.0,4,2,2026-09-14 13:07:00,2026-09-14 13:07:00,swim_timed --nodes 3 --rounds 3 --u 2 --l-ratio 1.0 --sd-ratio 0.0 --w-probe-ratio 1.0 --w-suspect-ratio 1.0 --mode timed
swim_timed,3,3,U=2 L=2 sd=1 Wp=2 Ws=4,timed,boundary,,,,,FIRE,FIRE,0.0,0.0,4,2,2026-09-14 13:07:00,2026-09-14 13:07:00,swim_timed --nodes 3 --rounds 3 --u 2 --l-ratio 1.0 --sd-ratio 0.5 --w-probe-ratio 1.0 --w-suspect-ratio 2.0 --mode timed
swim_timed,3,3,U=2 L=2 sd=0 Wp=2 Ws=3,timed,boundary,1,12,,0,hold,hold,0.0,0.0,4,2,2026-09-14 13:07:00,2026-09-14 13:07:00,swim_timed --nodes 3 --rounds 3 --u 2 --l-ratio 1.0 --sd-ratio 0.0 --w-probe-ratio 1.0 --w-suspect-ratio 1.5 --mode timed
swim_timed,3,3,U=2 L=0 sd=0 Wp=2 Ws=5,timed,boundary,8,57,,0,hold,hold,0.1,0.0,4,2,2026-09-14 13:07:00,2026-09-14 13:07:00,swim_timed --nodes 3 --rounds 3 --u 2 --l-ratio 0.0 --sd-ratio 0.0 --w-probe-ratio 1.0 --w-suspect-ratio 2.5 --mode timed
swim_timed,3,3,U=2 L=2 sd=1 Wp=2 Ws=5,timed,boundary,1,12,,0,hold,hold,0.0,0.0,4,2,2026-09-14 13:07:00,2026-09-14 13:07:00,swim_timed --nodes 3 --rounds 3 --u 2 --l-ratio 1.0 --sd-ratio 0.5 --w-probe-ratio 1.0 --w-suspect-ratio 2.5 --mode timed
swim_timed,3,3,U=2 L=0 sd=1 Wp=2 Ws=7,timed,boundary,8,57,,0,hold,hold,0.1,0.0,4,2,2026-09-14 13:07:00,2026-09-14 13:07:00,swim_timed --nodes 3 --rounds 3 --u 2 --l-ratio 0.0 --sd-ratio 0.5 --w-probe-ratio 1.0 --w-suspect-ratio 3.5 --mode timed
lease_timed,2,3,U=2 L=2 sd=1 TTL=12 pause=10 fence=on,timed,boundary,96,115,,0,hold,hold,0.5,0.5,4,2,2026-09-14 13:06:59,2026-09-14 13:07:00,lease_timed --clients 2 --rounds 3 --u 2 --l-ratio 1.0 --sd-ratio 0.5 --ttl-ratio 6.0 --pause-ratio 5.0 --fencing on --mode timed
lease_timed,2,1,C=2 U=1 L=0 sd=0 TTL=6 pause=3 fence=off,baseline,cmp,8,4,,4,FIRE,FIRE,0.3,0.0,4,2,2026-09-14 13:07:00,2026-09-14 13:07:00,lease_timed --clients 2 --rounds 1 --u 1 --l-ratio 0.0 --sd-ratio 0.0 --ttl-ratio 6.0 --pause-ratio 3.0 --fencing off --parallel shared --keep-going --mode baseline
lease_timed,2,1,C=2 U=1 L=0 sd=0 TTL=6 pause=4 fence=on,baseline,cmp,12,0,,0,hold,hold,0.3,0.0,4,2,2026-09-14 13:07:00,2026-09-14 13:07:00,lease_timed --clients 2 --rounds 1 --u 1 --l-ratio 0.0 --sd-ratio 0.0 --ttl-ratio 6.0 --pause-ratio 4.0 --fencing on --parallel shared --keep-going --mode baseline
lease_timed,2,1,C=2 U=1 L=0 sd=0 TTL=10 pause=7 fence=off,baseline,cmp,8,4,,4,FIRE,FIRE,0.3,0.0,4,2,2026-09-14 13:07:00,2026-09-14 13:07:00,lease_timed --clients 2 --rounds 1 --u 1 --l-ratio 0.0 --sd-ratio 0.0 --ttl-ratio 10.0 --pause-ratio 7.0 --fencing off --parallel shared --keep-going --mode baseline
lease_timed,2,1,C=2 U=1 L=0 sd=0 TTL=10 pause=8 fence=on,baseline,cmp,12,0,,0,hold,hold,0.3,0.0,4,2,2026-09-14 13:07:00,2026-09-14 13:07:00,lease_timed --clients 2 --rounds 1 --u 1 --l-ratio 0.0 --sd-ratio 0.0 --ttl-ratio 10.0 --pause-ratio 8.0 --fencing on --parallel shared --keep-going --mode baseline
lease_timed,2,3,U=2 L=0 sd=1 TTL=12 pause=6 fence=on,timed,boundary,1000,721,,0,hold,hold,2.7,2.7,4,2,2026-09-14 13:06:57,2026-09-14 13:07:00,lease_timed --clients 2 --rounds 3 --u 2 --l-ratio 0.0 --sd-ratio 0.5 --ttl-ratio 6.0 --pause-ratio 3.0 --fencing on --mode timed
lease_timed,2,1,C=2 U=1 L=0 sd=1 TTL=6 pause=1 fence=off,baseline,cmp,8,4,,4,FIRE,FIRE,0.3,0.0,4,2,2026-09-14 13:07:00,2026-09-14 13:07:00,lease_timed --clients 2 --rounds 1 --u 1 --l-ratio 0.0 --sd-ratio 1.0 --ttl-ratio 6.0 --pause-ratio 1.0 --fencing off --parallel shared --keep-going --mode baseline
lease_timed,2,1,C=2 U=1 L=0 sd=1 TTL=6 pause=2 fence=on,baseline,cmp,12,0,,0,hold,hold,0.3,0.0,4,2,2026-09-14 13:07:00,2026-09-14 13:07:00,lease_timed --clients 2 --rounds 1 --u 1 --l-ratio 0.0 --sd-ratio 1.0 --ttl-ratio 6.0 --pause-ratio 2.0 --fencing on --parallel shared --keep-going --mode baseline
lease_timed,2,1,C=2 U=1 L=0 sd=1 TTL=10 pause=5 fence=off,baseline,cmp,8,4,,4,FIRE,FIRE,0.3,0.0,4,2,2026-09-14 13:07:00,2026-09-14 13:07:00,lease_timed --clients 2 --rounds 1 --u 1 --l-ratio 0.0 --sd-ratio 1.0 --ttl-ratio 10.0 --pause-ratio 5.0 --fencing off --parallel shared --keep-going --mode baseline
lease_timed,2,1,C=2 U=1 L=0 sd=1 TTL=10 pause=6 fence=on,baseline,cmp,12,0,,0,hold,hold,0.3,0.0,4,2,2026-09-14 13:07:00,2026-09-14 13:07:00,lease_timed --clients 2 --rounds 1 --u 1 --l-ratio 0.0 --sd-ratio 1.0 --ttl-ratio 10.0 --pause-ratio 6.0 --fencing on --parallel shared --keep-going --mode baseline
lease_timed,2,1,C=2 U=1 L=1 sd=0 TTL=6 pause=5 fence=off,baseline,cmp,8,4,,4,FIRE,FIRE,0.3,0.0,4,2,2026-09-14 13:07:00,2026-09-14 13:07:00,lease_timed --clients 2 --rounds 1 --u 1 --l-ratio 1.0 --sd-ratio 0.0 --ttl-ratio 6.0 --pause-ratio 5.0 --fencing off --parallel shared --keep-going --mode baseline
lease_timed,2,1,C=2 U=1 L=1 sd=0 TTL=6 pause=6 fence=on,baseline,cmp,12,0,,0,hold,hold,0.3,0.0,4,2,2026-09-14 13:07:00,2026-09-14 13:07:00,lease_timed --clients 2 --rounds 1 --u 1 --l-ratio 1.0 --sd-ratio 0.0 --ttl-ratio 6.0 --pause-ratio 6.0 --fencing on --parallel shared --keep-going --mode baseline
lease_timed,2,1,C=2 U=1 L=1 sd=0 TTL=10 pause=9 fence=off,baseline,cmp,8,4,,4,FIRE,FIRE,0.3,0.0,4,2,2026-09-14 13:07:00,2026-09-14 13:07:00,lease_timed --clients 2 --rounds 1 --u 1 --l-ratio 1.0 --sd-ratio 0.0 --ttl-ratio 10.0 --pause-ratio 9.0 --fencing off --parallel shared --keep-going --mode baseline
lease_timed,2,1,C=2 U=1 L=1 sd=1 TTL=6 pause=3 fence=off,baseline,cmp,8,4,,4,FIRE,FIRE,0.3,0.0,4,2,2026-09-14 13:07:00,2026-09-14 13:07:00,lease_timed --clients 2 --rounds 1 --u 1 --l-ratio 1.0 --sd-ratio 1.0 --ttl-ratio 6.0 --pause-ratio 3.0 --fencing off --parallel shared --keep-going --mode baseline
lease_timed,2,1,C=2 U=1 L=1 sd=1 TTL=6 pause=4 fence=on,baseline,cmp,12,0,,0,hold,hold,0.3,0.0,4,2,2026-09-14 13:07:00,2026-09-14 13:07:00,lease_timed --clients 2 --rounds 1 --u 1 --l-ratio 1.0 --sd-ratio 1.0 --ttl-ratio 6.0 --pause-ratio 4.0 --fencing on --parallel shared --keep-going --mode baseline
lease_timed,2,1,C=2 U=1 L=1 sd=0 TTL=10 pause=10 fence=on,baseline,cmp,12,0,,0,hold,hold,0.3,0.0,4,2,2026-09-14 13:07:00,2026-09-14 13:07:00,lease_timed --clients 2 --rounds 1 --u 1 --l-ratio 1.0 --sd-ratio 0.0 --ttl-ratio 10.0 --pause-ratio 10.0 --fencing on --parallel shared --keep-going --mode baseline
lease_timed,2,1,C=2 U=1 L=1 sd=1 TTL=10 pause=7 fence=off,baseline,cmp,8,4,,4,FIRE,FIRE,0.3,0.0,4,2,2026-09-14 13:07:00,2026-09-14 13:07:00,lease_timed --clients 2 --rounds 1 --u 1 --l-ratio 1.0 --sd-ratio 1.0 --ttl-ratio 10.0 --pause-ratio 7.0 --fencing off --parallel shared --keep-going --mode baseline
lease_timed,2,1,C=2 U=1 L=1 sd=1 TTL=10 pause=8 fence=on,baseline,cmp,12,0,,0,hold,hold,0.3,0.0,4,2,2026-09-14 13:07:00,2026-09-14 13:07:01,lease_timed --clients 2 --rounds 1 --u 1 --l-ratio 1.0 --sd-ratio 1.0 --ttl-ratio 10.0 --pause-ratio 8.0 --fencing on --parallel shared --keep-going --mode baseline
lease_timed,2,1,C=2 U=2 L=0 sd=0 TTL=6 pause=1 fence=off,baseline,cmp,8,4,,4,FIRE,FIRE,0.3,0.0,4,2,2026-09-14 13:07:00,2026-09-14 13:07:01,lease_timed --clients 2 --rounds 1 --u 2 --l-ratio 0.0 --sd-ratio 0.0 --ttl-ratio 3.0 --pause-ratio 0.5 --fencing off --parallel shared --keep-going --mode baseline
lease_timed,2,1,C=2 U=2 L=0 sd=0 TTL=6 pause=2 fence=on,baseline,cmp,12,0,,0,hold,hold,0.3,0.0,4,2,2026-09-14 13:07:00,2026-09-14 13:07:01,lease_timed --clients 2 --rounds 1 --u 2 --l-ratio 0.0 --sd-ratio 0.0 --ttl-ratio 3.0 --pause-ratio 1.0 --fencing on --parallel shared --keep-going --mode baseline
lease_timed,2,1,C=2 U=2 L=0 sd=0 TTL=10 pause=5 fence=off,baseline,cmp,8,4,,4,FIRE,FIRE,0.3,0.0,4,2,2026-09-14 13:07:00,2026-09-14 13:07:01,lease_timed --clients 2 --rounds 1 --u 2 --l-ratio 0.0 --sd-ratio 0.0 --ttl-ratio 5.0 --pause-ratio 2.5 --fencing off --parallel shared --keep-going --mode baseline
lease_timed,2,1,C=2 U=2 L=0 sd=0 TTL=10 pause=6 fence=on,baseline,cmp,12,0,,0,hold,hold,0.3,0.0,4,2,2026-09-14 13:07:00,2026-09-14 13:07:01,lease_timed --clients 2 --rounds 1 --u 2 --l-ratio 0.0 --sd-ratio 0.0 --ttl-ratio 5.0 --pause-ratio 3.0 --fencing on --parallel shared --keep-going --mode baseline
lease_timed,2,1,C=2 U=2 L=0 sd=1 TTL=10 pause=3 fence=off,baseline,cmp,8,4,,4,FIRE,FIRE,0.3,0.0,4,2,2026-09-14 13:07:00,2026-09-14 13:07:01,lease_timed --clients 2 --rounds 1 --u 2 --l-ratio 0.0 --sd-ratio 0.5 --ttl-ratio 5.0 --pause-ratio 1.5 --fencing off --parallel shared --keep-going --mode baseline
lease_timed,2,1,C=2 U=2 L=0 sd=1 TTL=10 pause=4 fence=on,baseline,cmp,12,0,,0,hold,hold,0.3,0.0,4,2,2026-09-14 13:07:01,2026-09-14 13:07:01,lease_timed --clients 2 --rounds 1 --u 2 --l-ratio 0.0 --sd-ratio 0.5 --ttl-ratio 5.0 --pause-ratio 2.0 --fencing on --parallel shared --keep-going --mode baseline
lease_timed,2,1,C=2 U=2 L=2 sd=0 TTL=6 pause=5 fence=off,baseline,cmp,8,4,,4,FIRE,FIRE,0.3,0.0,4,2,2026-09-14 13:07:01,2026-09-14 13:07:01,lease_timed --clients 2 --rounds 1 --u 2 --l-ratio 1.0 --sd-ratio 0.0 --ttl-ratio 3.0 --pause-ratio 2.5 --fencing off --parallel shared --keep-going --mode baseline
lease_timed,2,1,C=2 U=2 L=2 sd=0 TTL=6 pause=6 fence=on,baseline,cmp,12,0,,0,hold,hold,0.3,0.0,4,2,2026-09-14 13:07:01,2026-09-14 13:07:01,lease_timed --clients 2 --rounds 1 --u 2 --l-ratio 1.0 --sd-ratio 0.0 --ttl-ratio 3.0 --pause-ratio 3.0 --fencing on --parallel shared --keep-going --mode baseline
lease_timed,2,1,C=2 U=2 L=2 sd=0 TTL=10 pause=9 fence=off,baseline,cmp,8,4,,4,FIRE,FIRE,0.3,0.0,4,2,2026-09-14 13:07:01,2026-09-14 13:07:01,lease_timed --clients 2 --rounds 1 --u 2 --l-ratio 1.0 --sd-ratio 0.0 --ttl-ratio 5.0 --pause-ratio 4.5 --fencing off --parallel shared --keep-going --mode baseline
lease_timed,2,1,C=2 U=2 L=2 sd=0 TTL=10 pause=10 fence=on,baseline,cmp,12,0,,0,hold,hold,0.3,0.0,4,2,2026-09-14 13:07:01,2026-09-14 13:07:01,lease_timed --clients 2 --rounds 1 --u 2 --l-ratio 1.0 --sd-ratio 0.0 --ttl-ratio 5.0 --pause-ratio 5.0 --fencing on --parallel shared --keep-going --mode baseline
lease_timed,2,1,C=2 U=2 L=2 sd=1 TTL=6 pause=3 fence=off,baseline,cmp,8,4,,4,FIRE,FIRE,0.3,0.0,4,2,2026-09-14 13:07:01,2026-09-14 13:07:01,lease_timed --clients 2 --rounds 1 --u 2 --l-ratio 1.0 --sd-ratio 0.5 --ttl-ratio 3.0 --pause-ratio 1.5 --fencing off --parallel shared --keep-going --mode baseline
lease_timed,2,1,C=2 U=2 L=2 sd=1 TTL=6 pause=4 fence=on,baseline,cmp,12,0,,0,hold,hold,0.3,0.0,4,2,2026-09-14 13:07:01,2026-09-14 13:07:01,lease_timed --clients 2 --rounds 1 --u 2 --l-ratio 1.0 --sd-ratio 0.5 --ttl-ratio 3.0 --pause-ratio 2.0 --fencing on --parallel shared --keep-going --mode baseline
lease_timed,2,1,C=2 U=2 L=2 sd=1 TTL=10 pause=7 fence=off,baseline,cmp,8,4,,4,FIRE,FIRE,0.3,0.0,4,2,2026-09-14 13:07:01,2026-09-14 13:07:01,lease_timed --clients 2 --rounds 1 --u 2 --l-ratio 1.0 --sd-ratio 0.5 --ttl-ratio 5.0 --pause-ratio 3.5 --fencing off --parallel shared --keep-going --mode baseline
lease_timed,2,1,C=2 U=2 L=2 sd=1 TTL=10 pause=8 fence=on,baseline,cmp,12,0,,0,hold,hold,0.3,0.0,4,2,2026-09-14 13:07:01,2026-09-14 13:07:01,lease_timed --clients 2 --rounds 1 --u 2 --l-ratio 1.0 --sd-ratio 0.5 --ttl-ratio 5.0 --pause-ratio 4.0 --fencing on --parallel shared --keep-going --mode baseline
lease_timed,2,1,C=2 U=1 L=0 sd=0 TTL=6 pause=3 fence=off,timed,cmp,8,6,,0,hold,hold,0.3,0.0,4,2,2026-09-14 13:07:01,2026-09-14 13:07:01,lease_timed --clients 2 --rounds 1 --u 1 --l-ratio 0.0 --sd-ratio 0.0 --ttl-ratio 6.0 --pause-ratio 3.0 --fencing off --parallel shared --keep-going --mode timed
lease_timed,2,1,C=2 U=1 L=0 sd=0 TTL=6 pause=4 fence=on,timed,cmp,10,6,,0,hold,hold,0.3,0.0,4,2,2026-09-14 13:07:01,2026-09-14 13:07:01,lease_timed --clients 2 --rounds 1 --u 1 --l-ratio 0.0 --sd-ratio 0.0 --ttl-ratio 6.0 --pause-ratio 4.0 --fencing on --parallel shared --keep-going --mode timed
lease_timed,2,1,C=2 U=1 L=0 sd=0 TTL=10 pause=7 fence=off,timed,cmp,8,6,,0,hold,hold,0.3,0.0,4,2,2026-09-14 13:07:01,2026-09-14 13:07:01,lease_timed --clients 2 --rounds 1 --u 1 --l-ratio 0.0 --sd-ratio 0.0 --ttl-ratio 10.0 --pause-ratio 7.0 --fencing off --parallel shared --keep-going --mode timed
lease_timed,2,1,C=2 U=1 L=0 sd=0 TTL=10 pause=8 fence=on,timed,cmp,10,6,,0,hold,hold,0.3,0.0,4,2,2026-09-14 13:07:01,2026-09-14 13:07:01,lease_timed --clients 2 --rounds 1 --u 1 --l-ratio 0.0 --sd-ratio 0.0 --ttl-ratio 10.0 --pause-ratio 8.0 --fencing on --parallel shared --keep-going --mode timed
lease_timed,2,1,C=2 U=1 L=0 sd=1 TTL=6 pause=1 fence=off,timed,cmp,8,6,,0,hold,hold,0.3,0.0,4,2,2026-09-14 13:07:01,2026-09-14 13:07:02,lease_timed --clients 2 --rounds 1 --u 1 --l-ratio 0.0 --sd-ratio 1.0 --ttl-ratio 6.0 --pause-ratio 1.0 --fencing off --parallel shared --keep-going --mode timed
lease_timed,2,1,C=2 U=1 L=0 sd=1 TTL=6 pause=2 fence=on,timed,cmp,10,6,,0,hold,hold,0.3,0.0,4,2,2026-09-14 13:07:01,2026-09-14 13:07:02,lease_timed --clients 2 --rounds 1 --u 1 --l-ratio 0.0 --sd-ratio 1.0 --ttl-ratio 6.0 --pause-ratio 2.0 --fencing on --parallel shared --keep-going --mode timed
lease_timed,2,1,C=2 U=1 L=0 sd=1 TTL=10 pause=5 fence=off,timed,cmp,8,6,,0,hold,hold,0.3,0.0,4,2,2026-09-14 13:07:01,2026-09-14 13:07:02,lease_timed --clients 2 --rounds 1 --u 1 --l-ratio 0.0 --sd-ratio 1.0 --ttl-ratio 10.0 --pause-ratio 5.0 --fencing off --parallel shared --keep-going --mode timed
lease_timed,2,1,C=2 U=1 L=0 sd=1 TTL=10 pause=6 fence=on,timed,cmp,10,6,,0,hold,hold,0.3,0.0,4,2,2026-09-14 13:07:01,2026-09-14 13:07:02,lease_timed --clients 2 --rounds 1 --u 1 --l-ratio 0.0 --sd-ratio 1.0 --ttl-ratio 10.0 --pause-ratio 6.0 --fencing on --parallel shared --keep-going --mode timed
lease_timed,2,1,C=2 U=1 L=1 sd=0 TTL=6 pause=5 fence=off,timed,cmp,4,3,,0,hold,hold,0.3,0.0,4,2,2026-09-14 13:07:01,2026-09-14 13:07:02,lease_timed --clients 2 --rounds 1 --u 1 --l-ratio 1.0 --sd-ratio 0.0 --ttl-ratio 6.0 --pause-ratio 5.0 --fencing off --parallel shared --keep-going --mode timed
lease_timed,2,1,C=2 U=1 L=1 sd=0 TTL=6 pause=6 fence=on,timed,cmp,6,1,,0,hold,hold,0.3,0.0,4,2,2026-09-14 13:07:01,2026-09-14 13:07:02,lease_timed --clients 2 --rounds 1 --u 1 --l-ratio 1.0 --sd-ratio 0.0 --ttl-ratio 6.0 --pause-ratio 6.0 --fencing on --parallel shared --keep-going --mode timed
lease_timed,2,1,C=2 U=1 L=1 sd=0 TTL=10 pause=9 fence=off,timed,cmp,4,3,,0,hold,hold,0.3,0.0,4,2,2026-09-14 13:07:02,2026-09-14 13:07:02,lease_timed --clients 2 --rounds 1 --u 1 --l-ratio 1.0 --sd-ratio 0.0 --ttl-ratio 10.0 --pause-ratio 9.0 --fencing off --parallel shared --keep-going --mode timed
lease_timed,2,1,C=2 U=1 L=1 sd=0 TTL=10 pause=10 fence=on,timed,cmp,6,1,,0,hold,hold,0.3,0.0,4,2,2026-09-14 13:07:02,2026-09-14 13:07:02,lease_timed --clients 2 --rounds 1 --u 1 --l-ratio 1.0 --sd-ratio 0.0 --ttl-ratio 10.0 --pause-ratio 10.0 --fencing on --parallel shared --keep-going --mode timed
lease_timed,2,1,C=2 U=1 L=1 sd=1 TTL=6 pause=3 fence=off,timed,cmp,4,5,,0,hold,hold,0.3,0.0,4,2,2026-09-14 13:07:02,2026-09-14 13:07:02,lease_timed --clients 2 --rounds 1 --u 1 --l-ratio 1.0 --sd-ratio 1.0 --ttl-ratio 6.0 --pause-ratio 3.0 --fencing off --parallel shared --keep-going --mode timed
lease_timed,2,1,C=2 U=1 L=1 sd=1 TTL=6 pause=4 fence=on,timed,cmp,6,5,,0,hold,hold,0.3,0.0,4,2,2026-09-14 13:07:02,2026-09-14 13:07:02,lease_timed --clients 2 --rounds 1 --u 1 --l-ratio 1.0 --sd-ratio 1.0 --ttl-ratio 6.0 --pause-ratio 4.0 --fencing on --parallel shared --keep-going --mode timed
lease_timed,2,1,C=2 U=1 L=1 sd=1 TTL=10 pause=7 fence=off,timed,cmp,4,5,,0,hold,hold,0.3,0.0,4,2,2026-09-14 13:07:02,2026-09-14 13:07:02,lease_timed --clients 2 --rounds 1 --u 1 --l-ratio 1.0 --sd-ratio 1.0 --ttl-ratio 10.0 --pause-ratio 7.0 --fencing off --parallel shared --keep-going --mode timed
lease_timed,2,1,C=2 U=1 L=1 sd=1 TTL=10 pause=8 fence=on,timed,cmp,6,5,,0,hold,hold,0.3,0.0,4,2,2026-09-14 13:07:02,2026-09-14 13:07:02,lease_timed --clients 2 --rounds 1 --u 1 --l-ratio 1.0 --sd-ratio 1.0 --ttl-ratio 10.0 --pause-ratio 8.0 --fencing on --parallel shared --keep-going --mode timed
lease_timed,2,1,C=2 U=2 L=0 sd=0 TTL=6 pause=1 fence=off,timed,cmp,8,6,,0,hold,hold,0.3,0.0,4,2,2026-09-14 13:07:02,2026-09-14 13:07:02,lease_timed --clients 2 --rounds 1 --u 2 --l-ratio 0.0 --sd-ratio 0.0 --ttl-ratio 3.0 --pause-ratio 0.5 --fencing off --parallel shared --keep-going --mode timed
lease_timed,2,1,C=2 U=2 L=0 sd=0 TTL=6 pause=2 fence=on,timed,cmp,10,6,,0,hold,hold,0.3,0.0,4,2,2026-09-14 13:07:02,2026-09-14 13:07:02,lease_timed --clients 2 --rounds 1 --u 2 --l-ratio 0.0 --sd-ratio 0.0 --ttl-ratio 3.0 --pause-ratio 1.0 --fencing on --parallel shared --keep-going --mode timed
lease_timed,2,1,C=2 U=2 L=0 sd=0 TTL=10 pause=5 fence=off,timed,cmp,8,6,,0,hold,hold,0.3,0.0,4,2,2026-09-14 13:07:02,2026-09-14 13:07:02,lease_timed --clients 2 --rounds 1 --u 2 --l-ratio 0.0 --sd-ratio 0.0 --ttl-ratio 5.0 --pause-ratio 2.5 --fencing off --parallel shared --keep-going --mode timed
lease_timed,2,1,C=2 U=2 L=0 sd=0 TTL=10 pause=6 fence=on,timed,cmp,10,6,,0,hold,hold,0.3,0.0,4,2,2026-09-14 13:07:02,2026-09-14 13:07:02,lease_timed --clients 2 --rounds 1 --u 2 --l-ratio 0.0 --sd-ratio 0.0 --ttl-ratio 5.0 --pause-ratio 3.0 --fencing on --parallel shared --keep-going --mode timed
lease_timed,2,1,C=2 U=2 L=0 sd=1 TTL=10 pause=3 fence=off,timed,cmp,8,6,,0,hold,hold,0.3,0.0,4,2,2026-09-14 13:07:02,2026-09-14 13:07:02,lease_timed --clients 2 --rounds 1 --u 2 --l-ratio 0.0 --sd-ratio 0.5 --ttl-ratio 5.0 --pause-ratio 1.5 --fencing off --parallel shared --keep-going --mode timed
lease_timed,2,1,C=2 U=2 L=0 sd=1 TTL=10 pause=4 fence=on,timed,cmp,10,6,,0,hold,hold,0.3,0.0,4,2,2026-09-14 13:07:02,2026-09-14 13:07:02,lease_timed --clients 2 --rounds 1 --u 2 --l-ratio 0.0 --sd-ratio 0.5 --ttl-ratio 5.0 --pause-ratio 2.0 --fencing on --parallel shared --keep-going --mode timed
lease_timed,2,1,C=2 U=2 L=2 sd=0 TTL=6 pause=5 fence=off,timed,cmp,2,2,,0,hold,hold,0.3,0.0,4,2,2026-09-14 13:07:02,2026-09-14 13:07:02,lease_timed --clients 2 --rounds 1 --u 2 --l-ratio 1.0 --sd-ratio 0.0 --ttl-ratio 3.0 --pause-ratio 2.5 --fencing off --parallel shared --keep-going --mode timed
lease_timed,2,1,C=2 U=2 L=2 sd=0 TTL=6 pause=6 fence=on,timed,cmp,3,1,,0,hold,hold,0.3,0.0,4,2,2026-09-14 13:07:02,2026-09-14 13:07:02,lease_timed --clients 2 --rounds 1 --u 2 --l-ratio 1.0 --sd-ratio 0.0 --ttl-ratio 3.0 --pause-ratio 3.0 --fencing on --parallel shared --keep-going --mode timed
lease_timed,2,1,C=2 U=2 L=2 sd=0 TTL=10 pause=9 fence=off,timed,cmp,4,3,,0,hold,hold,0.3,0.0,4,2,2026-09-14 13:07:02,2026-09-14 13:07:02,lease_timed --clients 2 --rounds 1 --u 2 --l-ratio 1.0 --sd-ratio 0.0 --ttl-ratio 5.0 --pause-ratio 4.5 --fencing off --parallel shared --keep-going --mode timed
lease_timed,2,1,C=2 U=2 L=2 sd=0 TTL=10 pause=10 fence=on,timed,cmp,6,1,,0,hold,hold,0.3,0.0,4,2,2026-09-14 13:07:02,2026-09-14 13:07:02,lease_timed --clients 2 --rounds 1 --u 2 --l-ratio 1.0 --sd-ratio 0.0 --ttl-ratio 5.0 --pause-ratio 5.0 --fencing on --parallel shared --keep-going --mode timed
lease_timed,2,1,C=2 U=2 L=2 sd=1 TTL=6 pause=3 fence=off,timed,cmp,2,4,,0,hold,hold,0.3,0.0,4,2,2026-09-14 13:07:02,2026-09-14 13:07:02,lease_timed --clients 2 --rounds 1 --u 2 --l-ratio 1.0 --sd-ratio 0.5 --ttl-ratio 3.0 --pause-ratio 1.5 --fencing off --parallel shared --keep-going --mode timed
lease_timed,2,1,C=2 U=2 L=2 sd=1 TTL=6 pause=4 fence=on,timed,cmp,3,4,,0,hold,hold,0.3,0.0,4,2,2026-09-14 13:07:02,2026-09-14 13:07:02,lease_timed --clients 2 --rounds 1 --u 2 --l-ratio 1.0 --sd-ratio 0.5 --ttl-ratio 3.0 --pause-ratio 2.0 --fencing on --parallel shared --keep-going --mode timed
lease_timed,2,1,C=2 U=2 L=2 sd=1 TTL=10 pause=7 fence=off,timed,cmp,4,5,,0,hold,hold,0.3,0.0,4,2,2026-09-14 13:07:02,2026-09-14 13:07:03,lease_timed --clients 2 --rounds 1 --u 2 --l-ratio 1.0 --sd-ratio 0.5 --ttl-ratio 5.0 --pause-ratio 3.5 --fencing off --parallel shared --keep-going --mode timed
lease_timed,2,1,C=2 U=2 L=2 sd=1 TTL=10 pause=8 fence=on,timed,cmp,6,5,,0,hold,hold,0.3,0.0,4,2,2026-09-14 13:07:02,2026-09-14 13:07:03,lease_timed --clients 2 --rounds 1 --u 2 --l-ratio 1.0 --sd-ratio 0.5 --ttl-ratio 5.0 --pause-ratio 4.0 --fencing on --parallel shared --keep-going --mode timed
lease_timed,3,1,C=3 U=1 L=0 sd=0 TTL=6 pause=3 fence=off,baseline,cmp,48,84,,84,FIRE,FIRE,0.3,0.0,5,2,2026-09-14 13:07:02,2026-09-14 13:07:03,lease_timed --clients 3 --rounds 1 --u 1 --l-ratio 0.0 --sd-ratio 0.0 --ttl-ratio 6.0 --pause-ratio 3.0 --fencing off --parallel shared --keep-going --mode baseline
lease_timed,3,1,C=3 U=1 L=0 sd=0 TTL=6 pause=4 fence=on,baseline,cmp,144,0,,0,hold,hold,0.3,0.1,5,2,2026-09-14 13:07:02,2026-09-14 13:07:03,lease_timed --clients 3 --rounds 1 --u 1 --l-ratio 0.0 --sd-ratio 0.0 --ttl-ratio 6.0 --pause-ratio 4.0 --fencing on --parallel shared --keep-going --mode baseline
lease_timed,3,1,C=3 U=1 L=0 sd=0 TTL=10 pause=7 fence=off,baseline,cmp,48,84,,84,FIRE,FIRE,0.3,0.1,5,2,2026-09-14 13:07:02,2026-09-14 13:07:03,lease_timed --clients 3 --rounds 1 --u 1 --l-ratio 0.0 --sd-ratio 0.0 --ttl-ratio 10.0 --pause-ratio 7.0 --fencing off --parallel shared --keep-going --mode baseline
lease_timed,3,1,C=3 U=1 L=0 sd=0 TTL=10 pause=8 fence=on,baseline,cmp,144,0,,0,hold,hold,0.3,0.1,5,2,2026-09-14 13:07:02,2026-09-14 13:07:03,lease_timed --clients 3 --rounds 1 --u 1 --l-ratio 0.0 --sd-ratio 0.0 --ttl-ratio 10.0 --pause-ratio 8.0 --fencing on --parallel shared --keep-going --mode baseline
lease_timed,3,1,C=3 U=1 L=0 sd=1 TTL=6 pause=1 fence=off,baseline,cmp,48,84,,84,FIRE,FIRE,0.3,0.1,5,2,2026-09-14 13:07:03,2026-09-14 13:07:03,lease_timed --clients 3 --rounds 1 --u 1 --l-ratio 0.0 --sd-ratio 1.0 --ttl-ratio 6.0 --pause-ratio 1.0 --fencing off --parallel shared --keep-going --mode baseline
lease_timed,3,1,C=3 U=1 L=0 sd=1 TTL=6 pause=2 fence=on,baseline,cmp,144,0,,0,hold,hold,0.3,0.1,4,2,2026-09-14 13:07:03,2026-09-14 13:07:03,lease_timed --clients 3 --rounds 1 --u 1 --l-ratio 0.0 --sd-ratio 1.0 --ttl-ratio 6.0 --pause-ratio 2.0 --fencing on --parallel shared --keep-going --mode baseline
lease_timed,3,1,C=3 U=1 L=0 sd=1 TTL=10 pause=5 fence=off,baseline,cmp,48,84,,84,FIRE,FIRE,0.3,0.1,5,2,2026-09-14 13:07:03,2026-09-14 13:07:03,lease_timed --clients 3 --rounds 1 --u 1 --l-ratio 0.0 --sd-ratio 1.0 --ttl-ratio 10.0 --pause-ratio 5.0 --fencing off --parallel shared --keep-going --mode baseline
lease_timed,3,1,C=3 U=1 L=0 sd=1 TTL=10 pause=6 fence=on,baseline,cmp,144,0,,0,hold,hold,0.3,0.1,5,2,2026-09-14 13:07:03,2026-09-14 13:07:03,lease_timed --clients 3 --rounds 1 --u 1 --l-ratio 0.0 --sd-ratio 1.0 --ttl-ratio 10.0 --pause-ratio 6.0 --fencing on --parallel shared --keep-going --mode baseline
lease_timed,3,1,C=3 U=1 L=1 sd=0 TTL=6 pause=5 fence=off,baseline,cmp,48,84,,84,FIRE,FIRE,0.3,0.1,5,2,2026-09-14 13:07:03,2026-09-14 13:07:03,lease_timed --clients 3 --rounds 1 --u 1 --l-ratio 1.0 --sd-ratio 0.0 --ttl-ratio 6.0 --pause-ratio 5.0 --fencing off --parallel shared --keep-going --mode baseline
lease_timed,3,1,C=3 U=1 L=1 sd=0 TTL=6 pause=6 fence=on,baseline,cmp,144,0,,0,hold,hold,0.3,0.1,5,2,2026-09-14 13:07:03,2026-09-14 13:07:03,lease_timed --clients 3 --rounds 1 --u 1 --l-ratio 1.0 --sd-ratio 0.0 --ttl-ratio 6.0 --pause-ratio 6.0 --fencing on --parallel shared --keep-going --mode baseline
lease_timed,3,1,C=3 U=1 L=1 sd=0 TTL=10 pause=9 fence=off,baseline,cmp,48,84,,84,FIRE,FIRE,0.3,0.1,5,2,2026-09-14 13:07:03,2026-09-14 13:07:03,lease_timed --clients 3 --rounds 1 --u 1 --l-ratio 1.0 --sd-ratio 0.0 --ttl-ratio 10.0 --pause-ratio 9.0 --fencing off --parallel shared --keep-going --mode baseline
lease_timed,3,1,C=3 U=1 L=1 sd=0 TTL=10 pause=10 fence=on,baseline,cmp,144,0,,0,hold,hold,0.3,0.1,5,2,2026-09-14 13:07:03,2026-09-14 13:07:03,lease_timed --clients 3 --rounds 1 --u 1 --l-ratio 1.0 --sd-ratio 0.0 --ttl-ratio 10.0 --pause-ratio 10.0 --fencing on --parallel shared --keep-going --mode baseline
lease_timed,3,1,C=3 U=1 L=1 sd=1 TTL=6 pause=3 fence=off,baseline,cmp,48,84,,84,FIRE,FIRE,0.3,0.1,5,2,2026-09-14 13:07:03,2026-09-14 13:07:03,lease_timed --clients 3 --rounds 1 --u 1 --l-ratio 1.0 --sd-ratio 1.0 --ttl-ratio 6.0 --pause-ratio 3.0 --fencing off --parallel shared --keep-going --mode baseline
lease_timed,3,1,C=3 U=1 L=1 sd=1 TTL=6 pause=4 fence=on,baseline,cmp,144,0,,0,hold,hold,0.3,0.1,5,2,2026-09-14 13:07:03,2026-09-14 13:07:03,lease_timed --clients 3 --rounds 1 --u 1 --l-ratio 1.0 --sd-ratio 1.0 --ttl-ratio 6.0 --pause-ratio 4.0 --fencing on --parallel shared --keep-going --mode baseline
lease_timed,3,1,C=3 U=1 L=1 sd=1 TTL=10 pause=7 fence=off,baseline,cmp,48,84,,84,FIRE,FIRE,0.3,0.1,5,2,2026-09-14 13:07:03,2026-09-14 13:07:03,lease_timed --clients 3 --rounds 1 --u 1 --l-ratio 1.0 --sd-ratio 1.0 --ttl-ratio 10.0 --pause-ratio 7.0 --fencing off --parallel shared --keep-going --mode baseline
lease_timed,3,1,C=3 U=1 L=1 sd=1 TTL=10 pause=8 fence=on,baseline,cmp,144,0,,0,hold,hold,0.3,0.1,5,2,2026-09-14 13:07:03,2026-09-14 13:07:03,lease_timed --clients 3 --rounds 1 --u 1 --l-ratio 1.0 --sd-ratio 1.0 --ttl-ratio 10.0 --pause-ratio 8.0 --fencing on --parallel shared --keep-going --mode baseline
lease_timed,3,1,C=3 U=2 L=0 sd=0 TTL=6 pause=1 fence=off,baseline,cmp,48,84,,84,FIRE,FIRE,0.3,0.1,5,2,2026-09-14 13:07:03,2026-09-14 13:07:03,lease_timed --clients 3 --rounds 1 --u 2 --l-ratio 0.0 --sd-ratio 0.0 --ttl-ratio 3.0 --pause-ratio 0.5 --fencing off --parallel shared --keep-going --mode baseline
lease_timed,3,1,C=3 U=2 L=0 sd=0 TTL=6 pause=2 fence=on,baseline,cmp,144,0,,0,hold,hold,0.3,0.1,5,2,2026-09-14 13:07:03,2026-09-14 13:07:03,lease_timed --clients 3 --rounds 1 --u 2 --l-ratio 0.0 --sd-ratio 0.0 --ttl-ratio 3.0 --pause-ratio 1.0 --fencing on --parallel shared --keep-going --mode baseline
lease_timed,3,1,C=3 U=2 L=0 sd=0 TTL=10 pause=5 fence=off,baseline,cmp,48,84,,84,FIRE,FIRE,0.3,0.1,5,2,2026-09-14 13:07:03,2026-09-14 13:07:03,lease_timed --clients 3 --rounds 1 --u 2 --l-ratio 0.0 --sd-ratio 0.0 --ttl-ratio 5.0 --pause-ratio 2.5 --fencing off --parallel shared --keep-going --mode baseline
lease_timed,3,1,C=3 U=2 L=0 sd=0 TTL=10 pause=6 fence=on,baseline,cmp,144,0,,0,hold,hold,0.3,0.1,4,2,2026-09-14 13:07:03,2026-09-14 13:07:03,lease_timed --clients 3 --rounds 1 --u 2 --l-ratio 0.0 --sd-ratio 0.0 --ttl-ratio 5.0 --pause-ratio 3.0 --fencing on --parallel shared --keep-going --mode baseline
lease_timed,3,1,C=3 U=2 L=0 sd=1 TTL=10 pause=3 fence=off,baseline,cmp,48,84,,84,FIRE,FIRE,0.3,0.1,5,2,2026-09-14 13:07:03,2026-09-14 13:07:03,lease_timed --clients 3 --rounds 1 --u 2 --l-ratio 0.0 --sd-ratio 0.5 --ttl-ratio 5.0 --pause-ratio 1.5 --fencing off --parallel shared --keep-going --mode baseline
lease_timed,3,1,C=3 U=2 L=0 sd=1 TTL=10 pause=4 fence=on,baseline,cmp,144,0,,0,hold,hold,0.3,0.1,5,2,2026-09-14 13:07:03,2026-09-14 13:07:04,lease_timed --clients 3 --rounds 1 --u 2 --l-ratio 0.0 --sd-ratio 0.5 --ttl-ratio 5.0 --pause-ratio 2.0 --fencing on --parallel shared --keep-going --mode baseline
lease_timed,3,1,C=3 U=2 L=2 sd=0 TTL=6 pause=5 fence=off,baseline,cmp,48,84,,84,FIRE,FIRE,0.3,0.1,5,2,2026-09-14 13:07:03,2026-09-14 13:07:04,lease_timed --clients 3 --rounds 1 --u 2 --l-ratio 1.0 --sd-ratio 0.0 --ttl-ratio 3.0 --pause-ratio 2.5 --fencing off --parallel shared --keep-going --mode baseline
lease_timed,3,1,C=3 U=2 L=2 sd=0 TTL=6 pause=6 fence=on,baseline,cmp,144,0,,0,hold,hold,0.3,0.1,5,2,2026-09-14 13:07:03,2026-09-14 13:07:04,lease_timed --clients 3 --rounds 1 --u 2 --l-ratio 1.0 --sd-ratio 0.0 --ttl-ratio 3.0 --pause-ratio 3.0 --fencing on --parallel shared --keep-going --mode baseline
lease_timed,3,1,C=3 U=2 L=2 sd=0 TTL=10 pause=9 fence=off,baseline,cmp,48,84,,84,FIRE,FIRE,0.3,0.1,5,2,2026-09-14 13:07:03,2026-09-14 13:07:04,lease_timed --clients 3 --rounds 1 --u 2 --l-ratio 1.0 --sd-ratio 0.0 --ttl-ratio 5.0 --pause-ratio 4.5 --fencing off --parallel shared --keep-going --mode baseline
lease_timed,3,1,C=3 U=2 L=2 sd=0 TTL=10 pause=10 fence=on,baseline,cmp,144,0,,0,hold,hold,0.3,0.1,5,2,2026-09-14 13:07:03,2026-09-14 13:07:04,lease_timed --clients 3 --rounds 1 --u 2 --l-ratio 1.0 --sd-ratio 0.0 --ttl-ratio 5.0 --pause-ratio 5.0 --fencing on --parallel shared --keep-going --mode baseline
lease_timed,3,1,C=3 U=2 L=2 sd=1 TTL=6 pause=3 fence=off,baseline,cmp,48,84,,84,FIRE,FIRE,0.3,0.1,5,2,2026-09-14 13:07:03,2026-09-14 13:07:04,lease_timed --clients 3 --rounds 1 --u 2 --l-ratio 1.0 --sd-ratio 0.5 --ttl-ratio 3.0 --pause-ratio 1.5 --fencing off --parallel shared --keep-going --mode baseline
lease_timed,3,1,C=3 U=2 L=2 sd=1 TTL=6 pause=4 fence=on,baseline,cmp,144,0,,0,hold,hold,0.3,0.1,5,2,2026-09-14 13:07:04,2026-09-14 13:07:04,lease_timed --clients 3 --rounds 1 --u 2 --l-ratio 1.0 --sd-ratio 0.5 --ttl-ratio 3.0 --pause-ratio 2.0 --fencing on --parallel shared --keep-going --mode baseline
lease_timed,3,1,C=3 U=2 L=2 sd=1 TTL=10 pause=7 fence=off,baseline,cmp,48,84,,84,FIRE,FIRE,0.3,0.1,5,2,2026-09-14 13:07:04,2026-09-14 13:07:04,lease_timed --clients 3 --rounds 1 --u 2 --l-ratio 1.0 --sd-ratio 0.5 --ttl-ratio 5.0 --pause-ratio 3.5 --fencing off --parallel shared --keep-going --mode baseline
lease_timed,3,1,C=3 U=2 L=2 sd=1 TTL=10 pause=8 fence=on,baseline,cmp,144,0,,0,hold,hold,0.3,0.1,5,2,2026-09-14 13:07:04,2026-09-14 13:07:04,lease_timed --clients 3 --rounds 1 --u 2 --l-ratio 1.0 --sd-ratio 0.5 --ttl-ratio 5.0 --pause-ratio 4.0 --fencing on --parallel shared --keep-going --mode baseline
lease_timed,3,1,C=3 U=1 L=0 sd=0 TTL=6 pause=3 fence=off,timed,cmp,48,69,,0,hold,hold,0.3,0.3,5,2,2026-09-14 13:07:04,2026-09-14 13:07:04,lease_timed --clients 3 --rounds 1 --u 1 --l-ratio 0.0 --sd-ratio 0.0 --ttl-ratio 6.0 --pause-ratio 3.0 --fencing off --parallel shared --keep-going --mode timed
lease_timed,3,1,C=3 U=1 L=0 sd=0 TTL=6 pause=4 fence=on,timed,cmp,68,73,,0,hold,hold,0.3,0.3,5,2,2026-09-14 13:07:04,2026-09-14 13:07:04,lease_timed --clients 3 --rounds 1 --u 1 --l-ratio 0.0 --sd-ratio 0.0 --ttl-ratio 6.0 --pause-ratio 4.0 --fencing on --parallel shared --keep-going --mode timed
lease_timed,3,1,C=3 U=1 L=0 sd=0 TTL=10 pause=7 fence=off,timed,cmp,48,69,,0,hold,hold,0.3,0.2,5,2,2026-09-14 13:07:04,2026-09-14 13:07:04,lease_timed --clients 3 --rounds 1 --u 1 --l-ratio 0.0 --sd-ratio 0.0 --ttl-ratio 10.0 --pause-ratio 7.0 --fencing off --parallel shared --keep-going --mode timed
lease_timed,3,1,C=3 U=1 L=0 sd=0 TTL=10 pause=8 fence=on,timed,cmp,68,73,,0,hold,hold,0.3,0.2,5,2,2026-09-14 13:07:04,2026-09-14 13:07:04,lease_timed --clients 3 --rounds 1 --u 1 --l-ratio 0.0 --sd-ratio 0.0 --ttl-ratio 10.0 --pause-ratio 8.0 --fencing on --parallel shared --keep-going --mode timed
lease_timed,3,1,C=3 U=1 L=0 sd=1 TTL=6 pause=1 fence=off,timed,cmp,48,69,,0,hold,hold,0.3,0.3,5,2,2026-09-14 13:07:04,2026-09-14 13:07:04,lease_timed --clients 3 --rounds 1 --u 1 --l-ratio 0.0 --sd-ratio 1.0 --ttl-ratio 6.0 --pause-ratio 1.0 --fencing off --parallel shared --keep-going --mode timed
lease_timed,3,1,C=3 U=1 L=0 sd=1 TTL=6 pause=2 fence=on,timed,cmp,68,73,,0,hold,hold,0.3,0.3,5,2,2026-09-14 13:07:04,2026-09-14 13:07:04,lease_timed --clients 3 --rounds 1 --u 1 --l-ratio 0.0 --sd-ratio 1.0 --ttl-ratio 6.0 --pause-ratio 2.0 --fencing on --parallel shared --keep-going --mode timed
lease_timed,3,1,C=3 U=1 L=0 sd=1 TTL=10 pause=5 fence=off,timed,cmp,48,69,,0,hold,hold,0.3,0.2,5,2,2026-09-14 13:07:04,2026-09-14 13:07:04,lease_timed --clients 3 --rounds 1 --u 1 --l-ratio 0.0 --sd-ratio 1.0 --ttl-ratio 10.0 --pause-ratio 5.0 --fencing off --parallel shared --keep-going --mode timed
lease_timed,3,1,C=3 U=1 L=0 sd=1 TTL=10 pause=6 fence=on,timed,cmp,68,73,,0,hold,hold,0.3,0.3,5,2,2026-09-14 13:07:04,2026-09-14 13:07:04,lease_timed --clients 3 --rounds 1 --u 1 --l-ratio 0.0 --sd-ratio 1.0 --ttl-ratio 10.0 --pause-ratio 6.0 --fencing on --parallel shared --keep-going --mode timed
lease_timed,3,1,C=3 U=1 L=1 sd=0 TTL=6 pause=5 fence=off,timed,cmp,24,42,,0,hold,hold,0.3,0.2,5,2,2026-09-14 13:07:04,2026-09-14 13:07:04,lease_timed --clients 3 --rounds 1 --u 1 --l-ratio 1.0 --sd-ratio 0.0 --ttl-ratio 6.0 --pause-ratio 5.0 --fencing off --parallel shared --keep-going --mode timed
lease_timed,3,1,C=3 U=1 L=1 sd=0 TTL=6 pause=6 fence=on,timed,cmp,40,34,,0,hold,hold,0.3,0.2,5,2,2026-09-14 13:07:04,2026-09-14 13:07:04,lease_timed --clients 3 --rounds 1 --u 1 --l-ratio 1.0 --sd-ratio 0.0 --ttl-ratio 6.0 --pause-ratio 6.0 --fencing on --parallel shared --keep-going --mode timed
lease_timed,3,1,C=3 U=1 L=1 sd=0 TTL=10 pause=9 fence=off,timed,cmp,24,42,,0,hold,hold,0.3,0.2,4,2,2026-09-14 13:07:04,2026-09-14 13:07:05,lease_timed --clients 3 --rounds 1 --u 1 --l-ratio 1.0 --sd-ratio 0.0 --ttl-ratio 10.0 --pause-ratio 9.0 --fencing off --parallel shared --keep-going --mode timed
lease_timed,3,1,C=3 U=1 L=1 sd=0 TTL=10 pause=10 fence=on,timed,cmp,40,34,,0,hold,hold,0.3,0.2,5,2,2026-09-14 13:07:04,2026-09-14 13:07:05,lease_timed --clients 3 --rounds 1 --u 1 --l-ratio 1.0 --sd-ratio 0.0 --ttl-ratio 10.0 --pause-ratio 10.0 --fencing on --parallel shared --keep-going --mode timed
lease_timed,3,1,C=3 U=1 L=1 sd=1 TTL=6 pause=3 fence=off,timed,cmp,24,51,,0,hold,hold,0.3,0.2,4,2,2026-09-14 13:07:04,2026-09-14 13:07:05,lease_timed --clients 3 --rounds 1 --u 1 --l-ratio 1.0 --sd-ratio 1.0 --ttl-ratio 6.0 --pause-ratio 3.0 --fencing off --parallel shared --keep-going --mode timed
lease_timed,3,1,C=3 U=1 L=1 sd=1 TTL=6 pause=4 fence=on,timed,cmp,40,55,,0,hold,hold,0.3,0.2,5,2,2026-09-14 13:07:04,2026-09-14 13:07:05,lease_timed --clients 3 --rounds 1 --u 1 --l-ratio 1.0 --sd-ratio 1.0 --ttl-ratio 6.0 --pause-ratio 4.0 --fencing on --parallel shared --keep-going --mode timed
lease_timed,3,1,C=3 U=1 L=1 sd=1 TTL=10 pause=7 fence=off,timed,cmp,24,51,,0,hold,hold,0.3,0.2,5,2,2026-09-14 13:07:04,2026-09-14 13:07:05,lease_timed --clients 3 --rounds 1 --u 1 --l-ratio 1.0 --sd-ratio 1.0 --ttl-ratio 10.0 --pause-ratio 7.0 --fencing off --parallel shared --keep-going --mode timed
lease_timed,3,1,C=3 U=1 L=1 sd=1 TTL=10 pause=8 fence=on,timed,cmp,40,55,,0,hold,hold,0.3,0.1,5,2,2026-09-14 13:07:04,2026-09-14 13:07:05,lease_timed --clients 3 --rounds 1 --u 1 --l-ratio 1.0 --sd-ratio 1.0 --ttl-ratio 10.0 --pause-ratio 8.0 --fencing on --parallel shared --keep-going --mode timed
lease_timed,3,1,C=3 U=2 L=0 sd=0 TTL=6 pause=1 fence=off,timed,cmp,48,69,,0,hold,hold,0.3,0.3,5,2,2026-09-14 13:07:05,2026-09-14 13:07:05,lease_timed --clients 3 --rounds 1 --u 2 --l-ratio 0.0 --sd-ratio 0.0 --ttl-ratio 3.0 --pause-ratio 0.5 --fencing off --parallel shared --keep-going --mode timed
lease_timed,3,1,C=3 U=2 L=0 sd=0 TTL=6 pause=2 fence=on,timed,cmp,68,73,,0,hold,hold,0.3,0.3,5,2,2026-09-14 13:07:05,2026-09-14 13:07:05,lease_timed --clients 3 --rounds 1 --u 2 --l-ratio 0.0 --sd-ratio 0.0 --ttl-ratio 3.0 --pause-ratio 1.0 --fencing on --parallel shared --keep-going --mode timed
lease_timed,3,1,C=3 U=2 L=0 sd=0 TTL=10 pause=5 fence=off,timed,cmp,48,69,,0,hold,hold,0.3,0.3,5,2,2026-09-14 13:07:05,2026-09-14 13:07:05,lease_timed --clients 3 --rounds 1 --u 2 --l-ratio 0.0 --sd-ratio 0.0 --ttl-ratio 5.0 --pause-ratio 2.5 --fencing off --parallel shared --keep-going --mode timed
lease_timed,3,1,C=3 U=2 L=0 sd=0 TTL=10 pause=6 fence=on,timed,cmp,68,73,,0,hold,hold,0.3,0.3,5,2,2026-09-14 13:07:05,2026-09-14 13:07:05,lease_timed --clients 3 --rounds 1 --u 2 --l-ratio 0.0 --sd-ratio 0.0 --ttl-ratio 5.0 --pause-ratio 3.0 --fencing on --parallel shared --keep-going --mode timed
lease_timed,3,1,C=3 U=2 L=0 sd=1 TTL=10 pause=3 fence=off,timed,cmp,48,69,,0,hold,hold,0.3,0.2,5,2,2026-09-14 13:07:05,2026-09-14 13:07:05,lease_timed --clients 3 --rounds 1 --u 2 --l-ratio 0.0 --sd-ratio 0.5 --ttl-ratio 5.0 --pause-ratio 1.5 --fencing off --parallel shared --keep-going --mode timed
lease_timed,3,1,C=3 U=2 L=0 sd=1 TTL=10 pause=4 fence=on,timed,cmp,68,73,,0,hold,hold,0.3,0.2,5,2,2026-09-14 13:07:05,2026-09-14 13:07:05,lease_timed --clients 3 --rounds 1 --u 2 --l-ratio 0.0 --sd-ratio 0.5 --ttl-ratio 5.0 --pause-ratio 2.0 --fencing on --parallel shared --keep-going --mode timed
lease_timed,3,1,C=3 U=2 L=2 sd=0 TTL=6 pause=5 fence=off,timed,cmp,6,18,,0,hold,hold,0.3,0.1,4,2,2026-09-14 13:07:05,2026-09-14 13:07:05,lease_timed --clients 3 --rounds 1 --u 2 --l-ratio 1.0 --sd-ratio 0.0 --ttl-ratio 3.0 --pause-ratio 2.5 --fencing off --parallel shared --keep-going --mode timed
lease_timed,3,1,C=3 U=2 L=2 sd=0 TTL=6 pause=6 fence=on,timed,cmp,10,16,,0,hold,hold,0.3,0.1,4,2,2026-09-14 13:07:05,2026-09-14 13:07:05,lease_timed --clients 3 --rounds 1 --u 2 --l-ratio 1.0 --sd-ratio 0.0 --ttl-ratio 3.0 --pause-ratio 3.0 --fencing on --parallel shared --keep-going --mode timed
lease_timed,3,1,C=3 U=2 L=2 sd=0 TTL=10 pause=9 fence=off,timed,cmp,24,42,,0,hold,hold,0.3,0.1,5,2,2026-09-14 13:07:05,2026-09-14 13:07:05,lease_timed --clients 3 --rounds 1 --u 2 --l-ratio 1.0 --sd-ratio 0.0 --ttl-ratio 5.0 --pause-ratio 4.5 --fencing off --parallel shared --keep-going --mode timed
lease_timed,3,1,C=3 U=2 L=2 sd=0 TTL=10 pause=10 fence=on,timed,cmp,40,34,,0,hold,hold,0.3,0.2,4,2,2026-09-14 13:07:05,2026-09-14 13:07:05,lease_timed --clients 3 --rounds 1 --u 2 --l-ratio 1.0 --sd-ratio 0.0 --ttl-ratio 5.0 --pause-ratio 5.0 --fencing on --parallel shared --keep-going --mode timed
lease_timed,3,1,C=3 U=2 L=2 sd=1 TTL=6 pause=3 fence=off,timed,cmp,6,27,,0,hold,hold,0.3,0.1,4,2,2026-09-14 13:07:05,2026-09-14 13:07:05,lease_timed --clients 3 --rounds 1 --u 2 --l-ratio 1.0 --sd-ratio 0.5 --ttl-ratio 3.0 --pause-ratio 1.5 --fencing off --parallel shared --keep-going --mode timed
lease_timed,3,1,C=3 U=2 L=2 sd=1 TTL=6 pause=4 fence=on,timed,cmp,10,29,,0,hold,hold,0.3,0.1,4,2,2026-09-14 13:07:05,2026-09-14 13:07:05,lease_timed --clients 3 --rounds 1 --u 2 --l-ratio 1.0 --sd-ratio 0.5 --ttl-ratio 3.0 --pause-ratio 2.0 --fencing on --parallel shared --keep-going --mode timed
lease_timed,3,1,C=3 U=2 L=2 sd=1 TTL=10 pause=7 fence=off,timed,cmp,24,51,,0,hold,hold,0.3,0.1,5,2,2026-09-14 13:07:05,2026-09-14 13:07:05,lease_timed --clients 3 --rounds 1 --u 2 --l-ratio 1.0 --sd-ratio 0.5 --ttl-ratio 5.0 --pause-ratio 3.5 --fencing off --parallel shared --keep-going --mode timed
lease_timed,3,1,C=3 U=2 L=2 sd=1 TTL=10 pause=8 fence=on,timed,cmp,40,55,,0,hold,hold,0.3,0.2,5,2,2026-09-14 13:07:05,2026-09-14 13:07:05,lease_timed --clients 3 --rounds 1 --u 2 --l-ratio 1.0 --sd-ratio 0.5 --ttl-ratio 5.0 --pause-ratio 4.0 --fencing on --parallel shared --keep-going --mode timed
swim_timed,3,1,N=3 U=1 L=0 sd=0 Wp=1 Ws=3,baseline,cmp,3,2,,4,FIRE,FIRE,0.3,0.0,4,2,2026-09-14 13:07:05,2026-09-14 13:07:05,swim_timed --nodes 3 --rounds 1 --u 1 --l-ratio 0.0 --sd-ratio 0.0 --w-probe-ratio 1.0 --w-suspect-ratio 3.0 --parallel shared --keep-going --mode baseline
swim_timed,3,1,N=3 U=1 L=0 sd=1 Wp=1 Ws=5,baseline,cmp,3,2,,4,FIRE,FIRE,0.3,0.0,4,2,2026-09-14 13:07:05,2026-09-14 13:07:05,swim_timed --nodes 3 --rounds 1 --u 1 --l-ratio 0.0 --sd-ratio 1.0 --w-probe-ratio 1.0 --w-suspect-ratio 5.0 --parallel shared --keep-going --mode baseline
swim_timed,3,1,N=3 U=1 L=1 sd=0 Wp=1 Ws=2,baseline,cmp,3,2,,4,FIRE,FIRE,0.3,0.0,4,2,2026-09-14 13:07:05,2026-09-14 13:07:05,swim_timed --nodes 3 --rounds 1 --u 1 --l-ratio 1.0 --sd-ratio 0.0 --w-probe-ratio 1.0 --w-suspect-ratio 2.0 --parallel shared --keep-going --mode baseline
swim_timed,3,1,N=3 U=1 L=1 sd=1 Wp=1 Ws=4,baseline,cmp,3,2,,4,FIRE,FIRE,0.3,0.0,4,2,2026-09-14 13:07:05,2026-09-14 13:07:05,swim_timed --nodes 3 --rounds 1 --u 1 --l-ratio 1.0 --sd-ratio 1.0 --w-probe-ratio 1.0 --w-suspect-ratio 4.0 --parallel shared --keep-going --mode baseline
swim_timed,3,1,N=3 U=2 L=0 sd=0 Wp=2 Ws=5,baseline,cmp,3,2,,4,FIRE,FIRE,0.3,0.0,4,2,2026-09-14 13:07:05,2026-09-14 13:07:06,swim_timed --nodes 3 --rounds 1 --u 2 --l-ratio 0.0 --sd-ratio 0.0 --w-probe-ratio 1.0 --w-suspect-ratio 2.5 --parallel shared --keep-going --mode baseline
swim_timed,3,1,N=3 U=2 L=0 sd=1 Wp=2 Ws=7,baseline,cmp,3,2,,4,FIRE,FIRE,0.3,0.0,4,2,2026-09-14 13:07:05,2026-09-14 13:07:06,swim_timed --nodes 3 --rounds 1 --u 2 --l-ratio 0.0 --sd-ratio 0.5 --w-probe-ratio 1.0 --w-suspect-ratio 3.5 --parallel shared --keep-going --mode baseline
swim_timed,3,1,N=3 U=2 L=2 sd=0 Wp=2 Ws=3,baseline,cmp,3,2,,4,FIRE,FIRE,0.3,0.0,4,2,2026-09-14 13:07:05,2026-09-14 13:07:06,swim_timed --nodes 3 --rounds 1 --u 2 --l-ratio 1.0 --sd-ratio 0.0 --w-probe-ratio 1.0 --w-suspect-ratio 1.5 --parallel shared --keep-going --mode baseline
swim_timed,3,1,N=3 U=2 L=2 sd=1 Wp=2 Ws=5,baseline,cmp,3,2,,4,FIRE,FIRE,0.3,0.0,4,2,2026-09-14 13:07:05,2026-09-14 13:07:06,swim_timed --nodes 3 --rounds 1 --u 2 --l-ratio 1.0 --sd-ratio 0.5 --w-probe-ratio 1.0 --w-suspect-ratio 2.5 --parallel shared --keep-going --mode baseline
swim_timed,3,1,N=3 U=1 L=0 sd=0 Wp=1 Ws=3,timed,cmp,2,6,,0,hold,hold,0.3,0.0,4,2,2026-09-14 13:07:05,2026-09-14 13:07:06,swim_timed --nodes 3 --rounds 1 --u 1 --l-ratio 0.0 --sd-ratio 0.0 --w-probe-ratio 1.0 --w-suspect-ratio 3.0 --parallel shared --keep-going --mode timed
swim_timed,3,1,N=3 U=1 L=0 sd=1 Wp=1 Ws=5,timed,cmp,2,4,,0,hold,hold,0.3,0.0,4,2,2026-09-14 13:07:05,2026-09-14 13:07:06,swim_timed --nodes 3 --rounds 1 --u 1 --l-ratio 0.0 --sd-ratio 1.0 --w-probe-ratio 1.0 --w-suspect-ratio 5.0 --parallel shared --keep-going --mode timed
swim_timed,3,1,N=3 U=1 L=1 sd=0 Wp=1 Ws=2,timed,cmp,1,3,,0,hold,hold,0.3,0.0,4,2,2026-09-14 13:07:06,2026-09-14 13:07:06,swim_timed --nodes 3 --rounds 1 --u 1 --l-ratio 1.0 --sd-ratio 0.0 --w-probe-ratio 1.0 --w-suspect-ratio 2.0 --parallel shared --keep-going --mode timed
swim_timed,3,1,N=3 U=1 L=1 sd=1 Wp=1 Ws=4,timed,cmp,1,3,,0,hold,hold,0.3,0.0,4,2,2026-09-14 13:07:06,2026-09-14 13:07:06,swim_timed --nodes 3 --rounds 1 --u 1 --l-ratio 1.0 --sd-ratio 1.0 --w-probe-ratio 1.0 --w-suspect-ratio 4.0 --parallel shared --keep-going --mode timed
swim_timed,3,1,N=3 U=2 L=0 sd=0 Wp=2 Ws=5,timed,cmp,2,6,,0,hold,hold,0.3,0.0,4,2,2026-09-14 13:07:06,2026-09-14 13:07:06,swim_timed --nodes 3 --rounds 1 --u 2 --l-ratio 0.0 --sd-ratio 0.0 --w-probe-ratio 1.0 --w-suspect-ratio 2.5 --parallel shared --keep-going --mode timed
swim_timed,3,1,N=3 U=2 L=0 sd=1 Wp=2 Ws=7,timed,cmp,2,6,,0,hold,hold,0.3,0.0,4,2,2026-09-14 13:07:06,2026-09-14 13:07:06,swim_timed --nodes 3 --rounds 1 --u 2 --l-ratio 0.0 --sd-ratio 0.5 --w-probe-ratio 1.0 --w-suspect-ratio 3.5 --parallel shared --keep-going --mode timed
swim_timed,3,1,N=3 U=2 L=2 sd=0 Wp=2 Ws=3,timed,cmp,1,3,,0,hold,hold,0.3,0.0,4,2,2026-09-14 13:07:06,2026-09-14 13:07:06,swim_timed --nodes 3 --rounds 1 --u 2 --l-ratio 1.0 --sd-ratio 0.0 --w-probe-ratio 1.0 --w-suspect-ratio 1.5 --parallel shared --keep-going --mode timed
swim_timed,3,1,N=3 U=2 L=2 sd=1 Wp=2 Ws=5,timed,cmp,1,3,,0,hold,hold,0.3,0.0,4,2,2026-09-14 13:07:06,2026-09-14 13:07:06,swim_timed --nodes 3 --rounds 1 --u 2 --l-ratio 1.0 --sd-ratio 0.5 --w-probe-ratio 1.0 --w-suspect-ratio 2.5 --parallel shared --keep-going --mode timed
lease_timed,2,2,C=2 U=1 L=0 sd=0 TTL=6 pause=3 fence=off,baseline,cmp,64,36,,36,FIRE,FIRE,0.3,0.1,5,2,2026-09-14 13:07:06,2026-09-14 13:07:06,lease_timed --clients 2 --rounds 2 --u 1 --l-ratio 0.0 --sd-ratio 0.0 --ttl-ratio 6.0 --pause-ratio 3.0 --fencing off --parallel shared --keep-going --mode baseline
lease_timed,2,2,C=2 U=1 L=0 sd=0 TTL=6 pause=4 fence=on,baseline,cmp,144,0,,0,hold,hold,0.3,0.1,5,2,2026-09-14 13:07:06,2026-09-14 13:07:06,lease_timed --clients 2 --rounds 2 --u 1 --l-ratio 0.0 --sd-ratio 0.0 --ttl-ratio 6.0 --pause-ratio 4.0 --fencing on --parallel shared --keep-going --mode baseline
lease_timed,2,2,C=2 U=1 L=0 sd=0 TTL=10 pause=7 fence=off,baseline,cmp,64,36,,36,FIRE,FIRE,0.3,0.1,5,2,2026-09-14 13:07:06,2026-09-14 13:07:06,lease_timed --clients 2 --rounds 2 --u 1 --l-ratio 0.0 --sd-ratio 0.0 --ttl-ratio 10.0 --pause-ratio 7.0 --fencing off --parallel shared --keep-going --mode baseline
lease_timed,2,2,C=2 U=1 L=0 sd=0 TTL=10 pause=8 fence=on,baseline,cmp,144,0,,0,hold,hold,0.3,0.1,5,2,2026-09-14 13:07:06,2026-09-14 13:07:06,lease_timed --clients 2 --rounds 2 --u 1 --l-ratio 0.0 --sd-ratio 0.0 --ttl-ratio 10.0 --pause-ratio 8.0 --fencing on --parallel shared --keep-going --mode baseline
lease_timed,2,2,C=2 U=1 L=0 sd=1 TTL=6 pause=1 fence=off,baseline,cmp,64,36,,36,FIRE,FIRE,0.3,0.1,5,2,2026-09-14 13:07:06,2026-09-14 13:07:06,lease_timed --clients 2 --rounds 2 --u 1 --l-ratio 0.0 --sd-ratio 1.0 --ttl-ratio 6.0 --pause-ratio 1.0 --fencing off --parallel shared --keep-going --mode baseline
lease_timed,2,2,C=2 U=1 L=0 sd=1 TTL=6 pause=2 fence=on,baseline,cmp,144,0,,0,hold,hold,0.3,0.1,5,2,2026-09-14 13:07:06,2026-09-14 13:07:06,lease_timed --clients 2 --rounds 2 --u 1 --l-ratio 0.0 --sd-ratio 1.0 --ttl-ratio 6.0 --pause-ratio 2.0 --fencing on --parallel shared --keep-going --mode baseline
lease_timed,2,2,C=2 U=1 L=0 sd=1 TTL=10 pause=5 fence=off,baseline,cmp,64,36,,36,FIRE,FIRE,0.3,0.1,5,2,2026-09-14 13:07:06,2026-09-14 13:07:06,lease_timed --clients 2 --rounds 2 --u 1 --l-ratio 0.0 --sd-ratio 1.0 --ttl-ratio 10.0 --pause-ratio 5.0 --fencing off --parallel shared --keep-going --mode baseline
lease_timed,2,2,C=2 U=1 L=0 sd=1 TTL=10 pause=6 fence=on,baseline,cmp,144,0,,0,hold,hold,0.3,0.1,5,2,2026-09-14 13:07:06,2026-09-14 13:07:06,lease_timed --clients 2 --rounds 2 --u 1 --l-ratio 0.0 --sd-ratio 1.0 --ttl-ratio 10.0 --pause-ratio 6.0 --fencing on --parallel shared --keep-going --mode baseline
lease_timed,2,2,C=2 U=1 L=1 sd=0 TTL=6 pause=5 fence=off,baseline,cmp,64,36,,36,FIRE,FIRE,0.3,0.1,5,2,2026-09-14 13:07:06,2026-09-14 13:07:06,lease_timed --clients 2 --rounds 2 --u 1 --l-ratio 1.0 --sd-ratio 0.0 --ttl-ratio 6.0 --pause-ratio 5.0 --fencing off --parallel shared --keep-going --mode baseline
lease_timed,2,2,C=2 U=1 L=1 sd=0 TTL=6 pause=6 fence=on,baseline,cmp,144,0,,0,hold,hold,0.3,0.1,5,2,2026-09-14 13:07:06,2026-09-14 13:07:06,lease_timed --clients 2 --rounds 2 --u 1 --l-ratio 1.0 --sd-ratio 0.0 --ttl-ratio 6.0 --pause-ratio 6.0 --fencing on --parallel shared --keep-going --mode baseline
lease_timed,2,2,C=2 U=1 L=1 sd=0 TTL=10 pause=9 fence=off,baseline,cmp,64,36,,36,FIRE,FIRE,0.3,0.1,5,2,2026-09-14 13:07:06,2026-09-14 13:07:06,lease_timed --clients 2 --rounds 2 --u 1 --l-ratio 1.0 --sd-ratio 0.0 --ttl-ratio 10.0 --pause-ratio 9.0 --fencing off --parallel shared --keep-going --mode baseline
lease_timed,2,2,C=2 U=1 L=1 sd=0 TTL=10 pause=10 fence=on,baseline,cmp,144,0,,0,hold,hold,0.3,0.1,5,2,2026-09-14 13:07:06,2026-09-14 13:07:07,lease_timed --clients 2 --rounds 2 --u 1 --l-ratio 1.0 --sd-ratio 0.0 --ttl-ratio 10.0 --pause-ratio 10.0 --fencing on --parallel shared --keep-going --mode baseline
lease_timed,2,2,C=2 U=1 L=1 sd=1 TTL=6 pause=3 fence=off,baseline,cmp,64,36,,36,FIRE,FIRE,0.3,0.1,5,2,2026-09-14 13:07:06,2026-09-14 13:07:07,lease_timed --clients 2 --rounds 2 --u 1 --l-ratio 1.0 --sd-ratio 1.0 --ttl-ratio 6.0 --pause-ratio 3.0 --fencing off --parallel shared --keep-going --mode baseline
lease_timed,2,2,C=2 U=1 L=1 sd=1 TTL=6 pause=4 fence=on,baseline,cmp,144,0,,0,hold,hold,0.3,0.1,5,2,2026-09-14 13:07:06,2026-09-14 13:07:07,lease_timed --clients 2 --rounds 2 --u 1 --l-ratio 1.0 --sd-ratio 1.0 --ttl-ratio 6.0 --pause-ratio 4.0 --fencing on --parallel shared --keep-going --mode baseline
lease_timed,2,2,C=2 U=1 L=1 sd=1 TTL=10 pause=7 fence=off,baseline,cmp,64,36,,36,FIRE,FIRE,0.3,0.1,5,2,2026-09-14 13:07:06,2026-09-14 13:07:07,lease_timed --clients 2 --rounds 2 --u 1 --l-ratio 1.0 --sd-ratio 1.0 --ttl-ratio 10.0 --pause-ratio 7.0 --fencing off --parallel shared --keep-going --mode baseline
lease_timed,2,2,C=2 U=1 L=1 sd=1 TTL=10 pause=8 fence=on,baseline,cmp,144,0,,0,hold,hold,0.3,0.1,5,2,2026-09-14 13:07:06,2026-09-14 13:07:07,lease_timed --clients 2 --rounds 2 --u 1 --l-ratio 1.0 --sd-ratio 1.0 --ttl-ratio 10.0 --pause-ratio 8.0 --fencing on --parallel shared --keep-going --mode baseline
lease_timed,2,2,C=2 U=2 L=0 sd=0 TTL=6 pause=1 fence=off,baseline,cmp,64,36,,36,FIRE,FIRE,0.3,0.1,5,2,2026-09-14 13:07:06,2026-09-14 13:07:07,lease_timed --clients 2 --rounds 2 --u 2 --l-ratio 0.0 --sd-ratio 0.0 --ttl-ratio 3.0 --pause-ratio 0.5 --fencing off --parallel shared --keep-going --mode baseline
lease_timed,2,2,C=2 U=2 L=0 sd=0 TTL=6 pause=2 fence=on,baseline,cmp,144,0,,0,hold,hold,0.3,0.1,5,2,2026-09-14 13:07:07,2026-09-14 13:07:07,lease_timed --clients 2 --rounds 2 --u 2 --l-ratio 0.0 --sd-ratio 0.0 --ttl-ratio 3.0 --pause-ratio 1.0 --fencing on --parallel shared --keep-going --mode baseline
lease_timed,2,2,C=2 U=2 L=0 sd=0 TTL=10 pause=5 fence=off,baseline,cmp,64,36,,36,FIRE,FIRE,0.3,0.1,5,2,2026-09-14 13:07:07,2026-09-14 13:07:07,lease_timed --clients 2 --rounds 2 --u 2 --l-ratio 0.0 --sd-ratio 0.0 --ttl-ratio 5.0 --pause-ratio 2.5 --fencing off --parallel shared --keep-going --mode baseline
lease_timed,2,2,C=2 U=2 L=0 sd=0 TTL=10 pause=6 fence=on,baseline,cmp,144,0,,0,hold,hold,0.3,0.1,5,2,2026-09-14 13:07:07,2026-09-14 13:07:07,lease_timed --clients 2 --rounds 2 --u 2 --l-ratio 0.0 --sd-ratio 0.0 --ttl-ratio 5.0 --pause-ratio 3.0 --fencing on --parallel shared --keep-going --mode baseline
lease_timed,2,2,C=2 U=2 L=0 sd=1 TTL=10 pause=3 fence=off,baseline,cmp,64,36,,36,FIRE,FIRE,0.3,0.1,5,2,2026-09-14 13:07:07,2026-09-14 13:07:07,lease_timed --clients 2 --rounds 2 --u 2 --l-ratio 0.0 --sd-ratio 0.5 --ttl-ratio 5.0 --pause-ratio 1.5 --fencing off --parallel shared --keep-going --mode baseline
lease_timed,2,2,C=2 U=2 L=0 sd=1 TTL=10 pause=4 fence=on,baseline,cmp,144,0,,0,hold,hold,0.3,0.1,5,2,2026-09-14 13:07:07,2026-09-14 13:07:07,lease_timed --clients 2 --rounds 2 --u 2 --l-ratio 0.0 --sd-ratio 0.5 --ttl-ratio 5.0 --pause-ratio 2.0 --fencing on --parallel shared --keep-going --mode baseline
lease_timed,2,2,C=2 U=2 L=2 sd=0 TTL=6 pause=5 fence=off,baseline,cmp,64,36,,36,FIRE,FIRE,0.3,0.1,5,2,2026-09-14 13:07:07,2026-09-14 13:07:07,lease_timed --clients 2 --rounds 2 --u 2 --l-ratio 1.0 --sd-ratio 0.0 --ttl-ratio 3.0 --pause-ratio 2.5 --fencing off --parallel shared --keep-going --mode baseline
lease_timed,2,2,C=2 U=2 L=2 sd=0 TTL=6 pause=6 fence=on,baseline,cmp,144,0,,0,hold,hold,0.3,0.1,5,2,2026-09-14 13:07:07,2026-09-14 13:07:07,lease_timed --clients 2 --rounds 2 --u 2 --l-ratio 1.0 --sd-ratio 0.0 --ttl-ratio 3.0 --pause-ratio 3.0 --fencing on --parallel shared --keep-going --mode baseline
lease_timed,2,2,C=2 U=2 L=2 sd=0 TTL=10 pause=9 fence=off,baseline,cmp,64,36,,36,FIRE,FIRE,0.3,0.1,5,2,2026-09-14 13:07:07,2026-09-14 13:07:07,lease_timed --clients 2 --rounds 2 --u 2 --l-ratio 1.0 --sd-ratio 0.0 --ttl-ratio 5.0 --pause-ratio 4.5 --fencing off --parallel shared --keep-going --mode baseline
lease_timed,2,2,C=2 U=2 L=2 sd=0 TTL=10 pause=10 fence=on,baseline,cmp,144,0,,0,hold,hold,0.3,0.1,5,2,2026-09-14 13:07:07,2026-09-14 13:07:07,lease_timed --clients 2 --rounds 2 --u 2 --l-ratio 1.0 --sd-ratio 0.0 --ttl-ratio 5.0 --pause-ratio 5.0 --fencing on --parallel shared --keep-going --mode baseline
lease_timed,2,2,C=2 U=2 L=2 sd=1 TTL=6 pause=3 fence=off,baseline,cmp,64,36,,36,FIRE,FIRE,0.3,0.1,5,2,2026-09-14 13:07:07,2026-09-14 13:07:07,lease_timed --clients 2 --rounds 2 --u 2 --l-ratio 1.0 --sd-ratio 0.5 --ttl-ratio 3.0 --pause-ratio 1.5 --fencing off --parallel shared --keep-going --mode baseline
lease_timed,2,2,C=2 U=2 L=2 sd=1 TTL=6 pause=4 fence=on,baseline,cmp,144,0,,0,hold,hold,0.3,0.1,5,2,2026-09-14 13:07:07,2026-09-14 13:07:07,lease_timed --clients 2 --rounds 2 --u 2 --l-ratio 1.0 --sd-ratio 0.5 --ttl-ratio 3.0 --pause-ratio 2.0 --fencing on --parallel shared --keep-going --mode baseline
lease_timed,2,2,C=2 U=2 L=2 sd=1 TTL=10 pause=7 fence=off,baseline,cmp,64,36,,36,FIRE,FIRE,0.3,0.1,5,2,2026-09-14 13:07:07,2026-09-14 13:07:07,lease_timed --clients 2 --rounds 2 --u 2 --l-ratio 1.0 --sd-ratio 0.5 --ttl-ratio 5.0 --pause-ratio 3.5 --fencing off --parallel shared --keep-going --mode baseline
lease_timed,2,2,C=2 U=2 L=2 sd=1 TTL=10 pause=8 fence=on,baseline,cmp,144,0,,0,hold,hold,0.3,0.1,5,2,2026-09-14 13:07:07,2026-09-14 13:07:07,lease_timed --clients 2 --rounds 2 --u 2 --l-ratio 1.0 --sd-ratio 0.5 --ttl-ratio 5.0 --pause-ratio 4.0 --fencing on --parallel shared --keep-going --mode baseline
lease_timed,2,2,C=2 U=1 L=0 sd=0 TTL=6 pause=3 fence=off,timed,cmp,64,54,,0,hold,hold,0.3,0.2,5,2,2026-09-14 13:07:07,2026-09-14 13:07:08,lease_timed --clients 2 --rounds 2 --u 1 --l-ratio 0.0 --sd-ratio 0.0 --ttl-ratio 6.0 --pause-ratio 3.0 --fencing off --parallel shared --keep-going --mode timed
lease_timed,2,2,C=2 U=1 L=0 sd=0 TTL=6 pause=4 fence=on,timed,cmp,100,71,,0,hold,hold,0.3,0.3,5,2,2026-09-14 13:07:07,2026-09-14 13:07:08,lease_timed --clients 2 --rounds 2 --u 1 --l-ratio 0.0 --sd-ratio 0.0 --ttl-ratio 6.0 --pause-ratio 4.0 --fencing on --parallel shared --keep-going --mode timed
lease_timed,2,2,C=2 U=1 L=0 sd=0 TTL=10 pause=7 fence=off,timed,cmp,64,54,,0,hold,hold,0.3,0.2,5,2,2026-09-14 13:07:07,2026-09-14 13:07:08,lease_timed --clients 2 --rounds 2 --u 1 --l-ratio 0.0 --sd-ratio 0.0 --ttl-ratio 10.0 --pause-ratio 7.0 --fencing off --parallel shared --keep-going --mode timed
lease_timed,2,2,C=2 U=1 L=0 sd=0 TTL=10 pause=8 fence=on,timed,cmp,100,71,,0,hold,hold,0.3,0.3,5,2,2026-09-14 13:07:07,2026-09-14 13:07:08,lease_timed --clients 2 --rounds 2 --u 1 --l-ratio 0.0 --sd-ratio 0.0 --ttl-ratio 10.0 --pause-ratio 8.0 --fencing on --parallel shared --keep-going --mode timed
lease_timed,2,2,C=2 U=1 L=0 sd=1 TTL=6 pause=1 fence=off,timed,cmp,64,54,,0,hold,hold,0.3,0.2,5,2,2026-09-14 13:07:07,2026-09-14 13:07:08,lease_timed --clients 2 --rounds 2 --u 1 --l-ratio 0.0 --sd-ratio 1.0 --ttl-ratio 6.0 --pause-ratio 1.0 --fencing off --parallel shared --keep-going --mode timed
lease_timed,2,2,C=2 U=1 L=0 sd=1 TTL=6 pause=2 fence=on,timed,cmp,100,71,,0,hold,hold,0.3,0.2,5,2,2026-09-14 13:07:07,2026-09-14 13:07:08,lease_timed --clients 2 --rounds 2 --u 1 --l-ratio 0.0 --sd-ratio 1.0 --ttl-ratio 6.0 --pause-ratio 2.0 --fencing on --parallel shared --keep-going --mode timed
lease_timed,2,2,C=2 U=1 L=0 sd=1 TTL=10 pause=5 fence=off,timed,cmp,64,54,,0,hold,hold,0.3,0.2,5,2,2026-09-14 13:07:08,2026-09-14 13:07:08,lease_timed --clients 2 --rounds 2 --u 1 --l-ratio 0.0 --sd-ratio 1.0 --ttl-ratio 10.0 --pause-ratio 5.0 --fencing off --parallel shared --keep-going --mode timed
lease_timed,2,2,C=2 U=1 L=0 sd=1 TTL=10 pause=6 fence=on,timed,cmp,100,71,,0,hold,hold,0.3,0.3,5,2,2026-09-14 13:07:08,2026-09-14 13:07:08,lease_timed --clients 2 --rounds 2 --u 1 --l-ratio 0.0 --sd-ratio 1.0 --ttl-ratio 10.0 --pause-ratio 6.0 --fencing on --parallel shared --keep-going --mode timed
lease_timed,2,2,C=2 U=1 L=1 sd=0 TTL=6 pause=5 fence=off,timed,cmp,8,11,,0,hold,hold,0.3,0.1,4,2,2026-09-14 13:07:08,2026-09-14 13:07:08,lease_timed --clients 2 --rounds 2 --u 1 --l-ratio 1.0 --sd-ratio 0.0 --ttl-ratio 6.0 --pause-ratio 5.0 --fencing off --parallel shared --keep-going --mode timed
lease_timed,2,2,C=2 U=1 L=1 sd=0 TTL=6 pause=6 fence=on,timed,cmp,24,7,,0,hold,hold,0.3,0.2,4,2,2026-09-14 13:07:08,2026-09-14 13:07:08,lease_timed --clients 2 --rounds 2 --u 1 --l-ratio 1.0 --sd-ratio 0.0 --ttl-ratio 6.0 --pause-ratio 6.0 --fencing on --parallel shared --keep-going --mode timed
lease_timed,2,2,C=2 U=1 L=1 sd=0 TTL=10 pause=9 fence=off,timed,cmp,8,11,,0,hold,hold,0.3,0.1,4,2,2026-09-14 13:07:08,2026-09-14 13:07:08,lease_timed --clients 2 --rounds 2 --u 1 --l-ratio 1.0 --sd-ratio 0.0 --ttl-ratio 10.0 --pause-ratio 9.0 --fencing off --parallel shared --keep-going --mode timed
lease_timed,2,2,C=2 U=1 L=1 sd=0 TTL=10 pause=10 fence=on,timed,cmp,24,7,,0,hold,hold,0.3,0.1,5,2,2026-09-14 13:07:08,2026-09-14 13:07:08,lease_timed --clients 2 --rounds 2 --u 1 --l-ratio 1.0 --sd-ratio 0.0 --ttl-ratio 10.0 --pause-ratio 10.0 --fencing on --parallel shared --keep-going --mode timed
lease_timed,2,2,C=2 U=1 L=1 sd=1 TTL=6 pause=3 fence=off,timed,cmp,16,28,,0,hold,hold,0.3,0.1,4,2,2026-09-14 13:07:08,2026-09-14 13:07:08,lease_timed --clients 2 --rounds 2 --u 1 --l-ratio 1.0 --sd-ratio 1.0 --ttl-ratio 6.0 --pause-ratio 3.0 --fencing off --parallel shared --keep-going --mode timed
lease_timed,2,2,C=2 U=1 L=1 sd=1 TTL=6 pause=4 fence=on,timed,cmp,36,38,,0,hold,hold,0.3,0.2,5,2,2026-09-14 13:07:08,2026-09-14 13:07:08,lease_timed --clients 2 --rounds 2 --u 1 --l-ratio 1.0 --sd-ratio 1.0 --ttl-ratio 6.0 --pause-ratio 4.0 --fencing on --parallel shared --keep-going --mode timed
lease_timed,2,2,C=2 U=1 L=1 sd=1 TTL=10 pause=7 fence=off,timed,cmp,16,28,,0,hold,hold,0.3,0.1,5,2,2026-09-14 13:07:08,2026-09-14 13:07:08,lease_timed --clients 2 --rounds 2 --u 1 --l-ratio 1.0 --sd-ratio 1.0 --ttl-ratio 10.0 --pause-ratio 7.0 --fencing off --parallel shared --keep-going --mode timed
lease_timed,2,2,C=2 U=1 L=1 sd=1 TTL=10 pause=8 fence=on,timed,cmp,36,38,,0,hold,hold,0.3,0.2,5,2,2026-09-14 13:07:08,2026-09-14 13:07:08,lease_timed --clients 2 --rounds 2 --u 1 --l-ratio 1.0 --sd-ratio 1.0 --ttl-ratio 10.0 --pause-ratio 8.0 --fencing on --parallel shared --keep-going --mode timed
lease_timed,2,2,C=2 U=2 L=0 sd=0 TTL=6 pause=1 fence=off,timed,cmp,64,58,,0,hold,hold,0.3,0.2,5,2,2026-09-14 13:07:08,2026-09-14 13:07:08,lease_timed --clients 2 --rounds 2 --u 2 --l-ratio 0.0 --sd-ratio 0.0 --ttl-ratio 3.0 --pause-ratio 0.5 --fencing off --parallel shared --keep-going --mode timed
lease_timed,2,2,C=2 U=2 L=0 sd=0 TTL=6 pause=2 fence=on,timed,cmp,100,71,,0,hold,hold,0.3,0.3,5,2,2026-09-14 13:07:08,2026-09-14 13:07:08,lease_timed --clients 2 --rounds 2 --u 2 --l-ratio 0.0 --sd-ratio 0.0 --ttl-ratio 3.0 --pause-ratio 1.0 --fencing on --parallel shared --keep-going --mode timed
lease_timed,2,2,C=2 U=2 L=0 sd=0 TTL=10 pause=5 fence=off,timed,cmp,64,58,,0,hold,hold,0.3,0.2,5,2,2026-09-14 13:07:08,2026-09-14 13:07:08,lease_timed --clients 2 --rounds 2 --u 2 --l-ratio 0.0 --sd-ratio 0.0 --ttl-ratio 5.0 --pause-ratio 2.5 --fencing off --parallel shared --keep-going --mode timed
lease_timed,2,2,C=2 U=2 L=0 sd=0 TTL=10 pause=6 fence=on,timed,cmp,100,71,,0,hold,hold,0.3,0.3,5,2,2026-09-14 13:07:08,2026-09-14 13:07:08,lease_timed --clients 2 --rounds 2 --u 2 --l-ratio 0.0 --sd-ratio 0.0 --ttl-ratio 5.0 --pause-ratio 3.0 --fencing on --parallel shared --keep-going --mode timed
lease_timed,2,2,C=2 U=2 L=0 sd=1 TTL=10 pause=4 fence=on,timed,cmp,100,71,,0,hold,hold,0.3,0.3,5,2,2026-09-14 13:07:08,2026-09-14 13:07:08,lease_timed --clients 2 --rounds 2 --u 2 --l-ratio 0.0 --sd-ratio 0.5 --ttl-ratio 5.0 --pause-ratio 2.0 --fencing on --parallel shared --keep-going --mode timed
lease_timed,2,2,C=2 U=2 L=0 sd=1 TTL=10 pause=3 fence=off,timed,cmp,64,58,,0,hold,hold,0.3,0.2,5,2,2026-09-14 13:07:08,2026-09-14 13:07:08,lease_timed --clients 2 --rounds 2 --u 2 --l-ratio 0.0 --sd-ratio 0.5 --ttl-ratio 5.0 --pause-ratio 1.5 --fencing off --parallel shared --keep-going --mode timed
lease_timed,2,2,C=2 U=2 L=2 sd=0 TTL=6 pause=5 fence=off,timed,cmp,2,5,,0,hold,hold,0.3,0.0,4,2,2026-09-14 13:07:08,2026-09-14 13:07:08,lease_timed --clients 2 --rounds 2 --u 2 --l-ratio 1.0 --sd-ratio 0.0 --ttl-ratio 3.0 --pause-ratio 2.5 --fencing off --parallel shared --keep-going --mode timed
lease_timed,2,2,C=2 U=2 L=2 sd=0 TTL=6 pause=6 fence=on,timed,cmp,6,4,,0,hold,hold,0.3,0.0,4,2,2026-09-14 13:07:08,2026-09-14 13:07:08,lease_timed --clients 2 --rounds 2 --u 2 --l-ratio 1.0 --sd-ratio 0.0 --ttl-ratio 3.0 --pause-ratio 3.0 --fencing on --parallel shared --keep-going --mode timed
lease_timed,2,2,C=2 U=2 L=2 sd=0 TTL=10 pause=9 fence=off,timed,cmp,8,11,,0,hold,hold,0.3,0.1,4,2,2026-09-14 13:07:08,2026-09-14 13:07:09,lease_timed --clients 2 --rounds 2 --u 2 --l-ratio 1.0 --sd-ratio 0.0 --ttl-ratio 5.0 --pause-ratio 4.5 --fencing off --parallel shared --keep-going --mode timed
lease_timed,2,2,C=2 U=2 L=2 sd=0 TTL=10 pause=10 fence=on,timed,cmp,24,7,,0,hold,hold,0.3,0.1,4,2,2026-09-14 13:07:08,2026-09-14 13:07:09,lease_timed --clients 2 --rounds 2 --u 2 --l-ratio 1.0 --sd-ratio 0.0 --ttl-ratio 5.0 --pause-ratio 5.0 --fencing on --parallel shared --keep-going --mode timed
lease_timed,2,2,C=2 U=2 L=2 sd=1 TTL=6 pause=3 fence=off,timed,cmp,4,13,,0,hold,hold,0.3,0.0,4,2,2026-09-14 13:07:08,2026-09-14 13:07:09,lease_timed --clients 2 --rounds 2 --u 2 --l-ratio 1.0 --sd-ratio 0.5 --ttl-ratio 3.0 --pause-ratio 1.5 --fencing off --parallel shared --keep-going --mode timed
lease_timed,2,2,C=2 U=2 L=2 sd=1 TTL=6 pause=4 fence=on,timed,cmp,6,13,,0,hold,hold,0.3,0.0,4,2,2026-09-14 13:07:08,2026-09-14 13:07:09,lease_timed --clients 2 --rounds 2 --u 2 --l-ratio 1.0 --sd-ratio 0.5 --ttl-ratio 3.0 --pause-ratio 2.0 --fencing on --parallel shared --keep-going --mode timed
lease_timed,2,2,C=2 U=2 L=2 sd=1 TTL=10 pause=7 fence=off,timed,cmp,16,26,,0,hold,hold,0.3,0.1,4,2,2026-09-14 13:07:08,2026-09-14 13:07:09,lease_timed --clients 2 --rounds 2 --u 2 --l-ratio 1.0 --sd-ratio 0.5 --ttl-ratio 5.0 --pause-ratio 3.5 --fencing off --parallel shared --keep-going --mode timed
lease_timed,2,2,C=2 U=2 L=2 sd=1 TTL=10 pause=8 fence=on,timed,cmp,24,27,,0,hold,hold,0.3,0.1,5,2,2026-09-14 13:07:08,2026-09-14 13:07:09,lease_timed --clients 2 --rounds 2 --u 2 --l-ratio 1.0 --sd-ratio 0.5 --ttl-ratio 5.0 --pause-ratio 4.0 --fencing on --parallel shared --keep-going --mode timed
lease_timed,4,1,C=4 U=1 L=0 sd=0 TTL=6 pause=3 fence=off,baseline,cmp,384,1632,,1632,FIRE,FIRE,0.8,1.0,9,2,2026-09-14 13:07:09,2026-09-14 13:07:09,lease_timed --clients 4 --rounds 1 --u 1 --l-ratio 0.0 --sd-ratio 0.0 --ttl-ratio 6.0 --pause-ratio 3.0 --fencing off --parallel shared --keep-going --mode baseline
lease_timed,4,1,C=4 U=1 L=0 sd=0 TTL=6 pause=4 fence=on,baseline,cmp,2880,0,,0,hold,hold,0.8,1.2,9,2,2026-09-14 13:07:09,2026-09-14 13:07:09,lease_timed --clients 4 --rounds 1 --u 1 --l-ratio 0.0 --sd-ratio 0.0 --ttl-ratio 6.0 --pause-ratio 4.0 --fencing on --parallel shared --keep-going --mode baseline
lease_timed,4,1,C=4 U=1 L=0 sd=0 TTL=10 pause=7 fence=off,baseline,cmp,384,1632,,1632,FIRE,FIRE,0.8,0.9,9,2,2026-09-14 13:07:09,2026-09-14 13:07:09,lease_timed --clients 4 --rounds 1 --u 1 --l-ratio 0.0 --sd-ratio 0.0 --ttl-ratio 10.0 --pause-ratio 7.0 --fencing off --parallel shared --keep-going --mode baseline
lease_timed,4,1,C=4 U=1 L=0 sd=0 TTL=10 pause=8 fence=on,baseline,cmp,2880,0,,0,hold,hold,0.8,1.2,9,2,2026-09-14 13:07:09,2026-09-14 13:07:09,lease_timed --clients 4 --rounds 1 --u 1 --l-ratio 0.0 --sd-ratio 0.0 --ttl-ratio 10.0 --pause-ratio 8.0 --fencing on --parallel shared --keep-going --mode baseline
lease_timed,4,1,C=4 U=1 L=0 sd=1 TTL=6 pause=1 fence=off,baseline,cmp,384,1632,,1632,FIRE,FIRE,0.8,1.0,8,2,2026-09-14 13:07:09,2026-09-14 13:07:09,lease_timed --clients 4 --rounds 1 --u 1 --l-ratio 0.0 --sd-ratio 1.0 --ttl-ratio 6.0 --pause-ratio 1.0 --fencing off --parallel shared --keep-going --mode baseline
lease_timed,4,1,C=4 U=1 L=0 sd=1 TTL=6 pause=2 fence=on,baseline,cmp,2880,0,,0,hold,hold,0.8,1.1,9,2,2026-09-14 13:07:09,2026-09-14 13:07:10,lease_timed --clients 4 --rounds 1 --u 1 --l-ratio 0.0 --sd-ratio 1.0 --ttl-ratio 6.0 --pause-ratio 2.0 --fencing on --parallel shared --keep-going --mode baseline
lease_timed,4,1,C=4 U=1 L=0 sd=1 TTL=10 pause=5 fence=off,baseline,cmp,384,1632,,1632,FIRE,FIRE,0.8,1.1,9,2,2026-09-14 13:07:09,2026-09-14 13:07:10,lease_timed --clients 4 --rounds 1 --u 1 --l-ratio 0.0 --sd-ratio 1.0 --ttl-ratio 10.0 --pause-ratio 5.0 --fencing off --parallel shared --keep-going --mode baseline
lease_timed,4,1,C=4 U=1 L=0 sd=1 TTL=10 pause=6 fence=on,baseline,cmp,2880,0,,0,hold,hold,0.8,1.3,9,2,2026-09-14 13:07:09,2026-09-14 13:07:10,lease_timed --clients 4 --rounds 1 --u 1 --l-ratio 0.0 --sd-ratio 1.0 --ttl-ratio 10.0 --pause-ratio 6.0 --fencing on --parallel shared --keep-going --mode baseline
lease_timed,4,1,C=4 U=1 L=1 sd=0 TTL=6 pause=5 fence=off,baseline,cmp,384,1632,,1632,FIRE,FIRE,0.8,1.1,8,2,2026-09-14 13:07:09,2026-09-14 13:07:10,lease_timed --clients 4 --rounds 1 --u 1 --l-ratio 1.0 --sd-ratio 0.0 --ttl-ratio 6.0 --pause-ratio 5.0 --fencing off --parallel shared --keep-going --mode baseline
lease_timed,4,1,C=4 U=1 L=1 sd=0 TTL=6 pause=6 fence=on,baseline,cmp,2880,0,,0,hold,hold,0.8,1.3,8,2,2026-09-14 13:07:09,2026-09-14 13:07:10,lease_timed --clients 4 --rounds 1 --u 1 --l-ratio 1.0 --sd-ratio 0.0 --ttl-ratio 6.0 --pause-ratio 6.0 --fencing on --parallel shared --keep-going --mode baseline
lease_timed,4,1,C=4 U=1 L=1 sd=0 TTL=10 pause=9 fence=off,baseline,cmp,384,1632,,1632,FIRE,FIRE,0.8,1.1,8,2,2026-09-14 13:07:09,2026-09-14 13:07:10,lease_timed --clients 4 --rounds 1 --u 1 --l-ratio 1.0 --sd-ratio 0.0 --ttl-ratio 10.0 --pause-ratio 9.0 --fencing off --parallel shared --keep-going --mode baseline
lease_timed,4,1,C=4 U=1 L=1 sd=0 TTL=10 pause=10 fence=on,baseline,cmp,2880,0,,0,hold,hold,0.8,1.2,9,2,2026-09-14 13:07:10,2026-09-14 13:07:10,lease_timed --clients 4 --rounds 1 --u 1 --l-ratio 1.0 --sd-ratio 0.0 --ttl-ratio 10.0 --pause-ratio 10.0 --fencing on --parallel shared --keep-going --mode baseline
lease_timed,4,1,C=4 U=1 L=1 sd=1 TTL=6 pause=3 fence=off,baseline,cmp,384,1632,,1632,FIRE,FIRE,0.8,1.0,9,2,2026-09-14 13:07:10,2026-09-14 13:07:11,lease_timed --clients 4 --rounds 1 --u 1 --l-ratio 1.0 --sd-ratio 1.0 --ttl-ratio 6.0 --pause-ratio 3.0 --fencing off --parallel shared --keep-going --mode baseline
lease_timed,4,1,C=4 U=1 L=1 sd=1 TTL=6 pause=4 fence=on,baseline,cmp,2880,0,,0,hold,hold,0.8,1.2,9,2,2026-09-14 13:07:10,2026-09-14 13:07:11,lease_timed --clients 4 --rounds 1 --u 1 --l-ratio 1.0 --sd-ratio 1.0 --ttl-ratio 6.0 --pause-ratio 4.0 --fencing on --parallel shared --keep-going --mode baseline
lease_timed,4,1,C=4 U=1 L=1 sd=1 TTL=10 pause=7 fence=off,baseline,cmp,384,1632,,1632,FIRE,FIRE,0.8,1.1,8,2,2026-09-14 13:07:10,2026-09-14 13:07:11,lease_timed --clients 4 --rounds 1 --u 1 --l-ratio 1.0 --sd-ratio 1.0 --ttl-ratio 10.0 --pause-ratio 7.0 --fencing off --parallel shared --keep-going --mode baseline
lease_timed,4,1,C=4 U=1 L=1 sd=1 TTL=10 pause=8 fence=on,baseline,cmp,2880,0,,0,hold,hold,0.8,1.2,10,2,2026-09-14 13:07:10,2026-09-14 13:07:11,lease_timed --clients 4 --rounds 1 --u 1 --l-ratio 1.0 --sd-ratio 1.0 --ttl-ratio 10.0 --pause-ratio 8.0 --fencing on --parallel shared --keep-going --mode baseline
lease_timed,4,1,C=4 U=2 L=0 sd=0 TTL=6 pause=1 fence=off,baseline,cmp,384,1632,,1632,FIRE,FIRE,0.8,1.0,9,2,2026-09-14 13:07:10,2026-09-14 13:07:11,lease_timed --clients 4 --rounds 1 --u 2 --l-ratio 0.0 --sd-ratio 0.0 --ttl-ratio 3.0 --pause-ratio 0.5 --fencing off --parallel shared --keep-going --mode baseline
lease_timed,4,1,C=4 U=2 L=0 sd=0 TTL=6 pause=2 fence=on,baseline,cmp,2880,0,,0,hold,hold,0.8,1.2,9,2,2026-09-14 13:07:10,2026-09-14 13:07:11,lease_timed --clients 4 --rounds 1 --u 2 --l-ratio 0.0 --sd-ratio 0.0 --ttl-ratio 3.0 --pause-ratio 1.0 --fencing on --parallel shared --keep-going --mode baseline
lease_timed,4,1,C=4 U=2 L=0 sd=0 TTL=10 pause=5 fence=off,baseline,cmp,384,1632,,1632,FIRE,FIRE,0.8,1.1,8,2,2026-09-14 13:07:11,2026-09-14 13:07:12,lease_timed --clients 4 --rounds 1 --u 2 --l-ratio 0.0 --sd-ratio 0.0 --ttl-ratio 5.0 --pause-ratio 2.5 --fencing off --parallel shared --keep-going --mode baseline
lease_timed,4,1,C=4 U=2 L=0 sd=0 TTL=10 pause=6 fence=on,baseline,cmp,2880,0,,0,hold,hold,0.8,1.3,9,2,2026-09-14 13:07:11,2026-09-14 13:07:12,lease_timed --clients 4 --rounds 1 --u 2 --l-ratio 0.0 --sd-ratio 0.0 --ttl-ratio 5.0 --pause-ratio 3.0 --fencing on --parallel shared --keep-going --mode baseline
lease_timed,4,1,C=4 U=2 L=0 sd=1 TTL=10 pause=3 fence=off,baseline,cmp,384,1632,,1632,FIRE,FIRE,0.8,1.1,9,2,2026-09-14 13:07:11,2026-09-14 13:07:12,lease_timed --clients 4 --rounds 1 --u 2 --l-ratio 0.0 --sd-ratio 0.5 --ttl-ratio 5.0 --pause-ratio 1.5 --fencing off --parallel shared --keep-going --mode baseline
lease_timed,4,1,C=4 U=2 L=0 sd=1 TTL=10 pause=4 fence=on,baseline,cmp,2880,0,,0,hold,hold,0.8,1.3,9,2,2026-09-14 13:07:11,2026-09-14 13:07:12,lease_timed --clients 4 --rounds 1 --u 2 --l-ratio 0.0 --sd-ratio 0.5 --ttl-ratio 5.0 --pause-ratio 2.0 --fencing on --parallel shared --keep-going --mode baseline
lease_timed,4,1,C=4 U=2 L=2 sd=0 TTL=6 pause=5 fence=off,baseline,cmp,384,1632,,1632,FIRE,FIRE,0.8,1.1,9,2,2026-09-14 13:07:11,2026-09-14 13:07:12,lease_timed --clients 4 --rounds 1 --u 2 --l-ratio 1.0 --sd-ratio 0.0 --ttl-ratio 3.0 --pause-ratio 2.5 --fencing off --parallel shared --keep-going --mode baseline
lease_timed,4,1,C=4 U=2 L=2 sd=0 TTL=6 pause=6 fence=on,baseline,cmp,2880,0,,0,hold,hold,0.8,1.2,8,2,2026-09-14 13:07:11,2026-09-14 13:07:12,lease_timed --clients 4 --rounds 1 --u 2 --l-ratio 1.0 --sd-ratio 0.0 --ttl-ratio 3.0 --pause-ratio 3.0 --fencing on --parallel shared --keep-going --mode baseline
lease_timed,4,1,C=4 U=2 L=2 sd=0 TTL=10 pause=9 fence=off,baseline,cmp,384,1632,,1632,FIRE,FIRE,0.8,1.0,9,2,2026-09-14 13:07:12,2026-09-14 13:07:12,lease_timed --clients 4 --rounds 1 --u 2 --l-ratio 1.0 --sd-ratio 0.0 --ttl-ratio 5.0 --pause-ratio 4.5 --fencing off --parallel shared --keep-going --mode baseline
lease_timed,4,1,C=4 U=2 L=2 sd=0 TTL=10 pause=10 fence=on,baseline,cmp,2880,0,,0,hold,hold,0.8,1.2,9,2,2026-09-14 13:07:12,2026-09-14 13:07:12,lease_timed --clients 4 --rounds 1 --u 2 --l-ratio 1.0 --sd-ratio 0.0 --ttl-ratio 5.0 --pause-ratio 5.0 --fencing on --parallel shared --keep-going --mode baseline
lease_timed,4,1,C=4 U=2 L=2 sd=1 TTL=6 pause=3 fence=off,baseline,cmp,384,1632,,1632,FIRE,FIRE,0.8,1.0,8,2,2026-09-14 13:07:12,2026-09-14 13:07:13,lease_timed --clients 4 --rounds 1 --u 2 --l-ratio 1.0 --sd-ratio 0.5 --ttl-ratio 3.0 --pause-ratio 1.5 --fencing off --parallel shared --keep-going --mode baseline
lease_timed,4,1,C=4 U=2 L=2 sd=1 TTL=6 pause=4 fence=on,baseline,cmp,2880,0,,0,hold,hold,0.8,1.2,9,2,2026-09-14 13:07:12,2026-09-14 13:07:13,lease_timed --clients 4 --rounds 1 --u 2 --l-ratio 1.0 --sd-ratio 0.5 --ttl-ratio 3.0 --pause-ratio 2.0 --fencing on --parallel shared --keep-going --mode baseline
lease_timed,4,1,C=4 U=2 L=2 sd=1 TTL=10 pause=7 fence=off,baseline,cmp,384,1632,,1632,FIRE,FIRE,0.8,1.0,9,2,2026-09-14 13:07:12,2026-09-14 13:07:13,lease_timed --clients 4 --rounds 1 --u 2 --l-ratio 1.0 --sd-ratio 0.5 --ttl-ratio 5.0 --pause-ratio 3.5 --fencing off --parallel shared --keep-going --mode baseline
lease_timed,4,1,C=4 U=2 L=2 sd=1 TTL=10 pause=8 fence=on,baseline,cmp,2880,0,,0,hold,hold,0.8,1.1,9,2,2026-09-14 13:07:12,2026-09-14 13:07:13,lease_timed --clients 4 --rounds 1 --u 2 --l-ratio 1.0 --sd-ratio 0.5 --ttl-ratio 5.0 --pause-ratio 4.0 --fencing on --parallel shared --keep-going --mode baseline
lease_timed,4,1,C=4 U=1 L=0 sd=0 TTL=6 pause=3 fence=off,timed,cmp,384,952,,0,hold,hold,1.8,3.1,9,2,2026-09-14 13:07:12,2026-09-14 13:07:14,lease_timed --clients 4 --rounds 1 --u 1 --l-ratio 0.0 --sd-ratio 0.0 --ttl-ratio 6.0 --pause-ratio 3.0 --fencing off --parallel shared --keep-going --mode timed
lease_timed,4,1,C=4 U=1 L=0 sd=0 TTL=10 pause=7 fence=off,timed,cmp,384,952,,0,hold,hold,1.8,2.9,9,2,2026-09-14 13:07:13,2026-09-14 13:07:14,lease_timed --clients 4 --rounds 1 --u 1 --l-ratio 0.0 --sd-ratio 0.0 --ttl-ratio 10.0 --pause-ratio 7.0 --fencing off --parallel shared --keep-going --mode timed
lease_timed,4,1,C=4 U=1 L=0 sd=1 TTL=6 pause=1 fence=off,timed,cmp,384,952,,0,hold,hold,1.8,3.2,9,2,2026-09-14 13:07:13,2026-09-14 13:07:14,lease_timed --clients 4 --rounds 1 --u 1 --l-ratio 0.0 --sd-ratio 1.0 --ttl-ratio 6.0 --pause-ratio 1.0 --fencing off --parallel shared --keep-going --mode timed
lease_timed,4,1,C=4 U=1 L=0 sd=0 TTL=6 pause=4 fence=on,timed,cmp,588,1072,,0,hold,hold,2.0,3.5,9,2,2026-09-14 13:07:12,2026-09-14 13:07:15,lease_timed --clients 4 --rounds 1 --u 1 --l-ratio 0.0 --sd-ratio 0.0 --ttl-ratio 6.0 --pause-ratio 4.0 --fencing on --parallel shared --keep-going --mode timed
lease_timed,4,1,C=4 U=1 L=0 sd=0 TTL=10 pause=8 fence=on,timed,cmp,588,1072,,0,hold,hold,2.0,3.7,9,2,2026-09-14 13:07:13,2026-09-14 13:07:15,lease_timed --clients 4 --rounds 1 --u 1 --l-ratio 0.0 --sd-ratio 0.0 --ttl-ratio 10.0 --pause-ratio 8.0 --fencing on --parallel shared --keep-going --mode timed
lease_timed,4,1,C=4 U=1 L=0 sd=1 TTL=6 pause=2 fence=on,timed,cmp,588,1072,,0,hold,hold,2.0,3.7,9,2,2026-09-14 13:07:13,2026-09-14 13:07:15,lease_timed --clients 4 --rounds 1 --u 1 --l-ratio 0.0 --sd-ratio 1.0 --ttl-ratio 6.0 --pause-ratio 2.0 --fencing on --parallel shared --keep-going --mode timed
lease_timed,4,1,C=4 U=1 L=1 sd=0 TTL=6 pause=5 fence=off,timed,cmp,192,618,,0,hold,hold,1.3,2.2,9,2,2026-09-14 13:07:14,2026-09-14 13:07:16,lease_timed --clients 4 --rounds 1 --u 1 --l-ratio 1.0 --sd-ratio 0.0 --ttl-ratio 6.0 --pause-ratio 5.0 --fencing off --parallel shared --keep-going --mode timed
lease_timed,4,1,C=4 U=1 L=1 sd=0 TTL=10 pause=9 fence=off,timed,cmp,192,618,,0,hold,hold,1.3,2.4,8,2,2026-09-14 13:07:15,2026-09-14 13:07:16,lease_timed --clients 4 --rounds 1 --u 1 --l-ratio 1.0 --sd-ratio 0.0 --ttl-ratio 10.0 --pause-ratio 9.0 --fencing off --parallel shared --keep-going --mode timed
lease_timed,4,1,C=4 U=1 L=0 sd=1 TTL=10 pause=5 fence=off,timed,cmp,384,952,,0,hold,hold,1.8,3.1,9,2,2026-09-14 13:07:14,2026-09-14 13:07:16,lease_timed --clients 4 --rounds 1 --u 1 --l-ratio 0.0 --sd-ratio 1.0 --ttl-ratio 10.0 --pause-ratio 5.0 --fencing off --parallel shared --keep-going --mode timed
lease_timed,4,1,C=4 U=1 L=1 sd=0 TTL=6 pause=6 fence=on,timed,cmp,336,618,,0,hold,hold,1.5,2.9,9,2,2026-09-14 13:07:15,2026-09-14 13:07:16,lease_timed --clients 4 --rounds 1 --u 1 --l-ratio 1.0 --sd-ratio 0.0 --ttl-ratio 6.0 --pause-ratio 6.0 --fencing on --parallel shared --keep-going --mode timed
lease_timed,4,1,C=4 U=1 L=0 sd=1 TTL=10 pause=6 fence=on,timed,cmp,588,1072,,0,hold,hold,1.8,3.4,9,2,2026-09-14 13:07:14,2026-09-14 13:07:16,lease_timed --clients 4 --rounds 1 --u 1 --l-ratio 0.0 --sd-ratio 1.0 --ttl-ratio 10.0 --pause-ratio 6.0 --fencing on --parallel shared --keep-going --mode timed
lease_timed,4,1,C=4 U=1 L=1 sd=0 TTL=10 pause=10 fence=on,timed,cmp,336,618,,0,hold,hold,1.5,2.6,9,2,2026-09-14 13:07:15,2026-09-14 13:07:16,lease_timed --clients 4 --rounds 1 --u 1 --l-ratio 1.0 --sd-ratio 0.0 --ttl-ratio 10.0 --pause-ratio 10.0 --fencing on --parallel shared --keep-going --mode timed
lease_timed,4,1,C=4 U=1 L=1 sd=1 TTL=6 pause=3 fence=off,timed,cmp,192,658,,0,hold,hold,1.3,2.2,8,2,2026-09-14 13:07:16,2026-09-14 13:07:17,lease_timed --clients 4 --rounds 1 --u 1 --l-ratio 1.0 --sd-ratio 1.0 --ttl-ratio 6.0 --pause-ratio 3.0 --fencing off --parallel shared --keep-going --mode timed
lease_timed,4,1,C=4 U=1 L=1 sd=1 TTL=10 pause=7 fence=off,timed,cmp,192,658,,0,hold,hold,1.3,2.4,9,2,2026-09-14 13:07:16,2026-09-14 13:07:17,lease_timed --clients 4 --rounds 1 --u 1 --l-ratio 1.0 --sd-ratio 1.0 --ttl-ratio 10.0 --pause-ratio 7.0 --fencing off --parallel shared --keep-going --mode timed
lease_timed,4,1,C=4 U=1 L=1 sd=1 TTL=6 pause=4 fence=on,timed,cmp,336,766,,0,hold,hold,1.5,2.8,8,2,2026-09-14 13:07:16,2026-09-14 13:07:17,lease_timed --clients 4 --rounds 1 --u 1 --l-ratio 1.0 --sd-ratio 1.0 --ttl-ratio 6.0 --pause-ratio 4.0 --fencing on --parallel shared --keep-going --mode timed
lease_timed,4,1,C=4 U=1 L=1 sd=1 TTL=10 pause=8 fence=on,timed,cmp,336,766,,0,hold,hold,1.8,3.0,9,2,2026-09-14 13:07:16,2026-09-14 13:07:18,lease_timed --clients 4 --rounds 1 --u 1 --l-ratio 1.0 --sd-ratio 1.0 --ttl-ratio 10.0 --pause-ratio 8.0 --fencing on --parallel shared --keep-going --mode timed
lease_timed,4,1,C=4 U=2 L=0 sd=0 TTL=6 pause=1 fence=off,timed,cmp,384,952,,0,hold,hold,1.8,3.0,9,2,2026-09-14 13:07:16,2026-09-14 13:07:18,lease_timed --clients 4 --rounds 1 --u 2 --l-ratio 0.0 --sd-ratio 0.0 --ttl-ratio 3.0 --pause-ratio 0.5 --fencing off --parallel shared --keep-going --mode timed
lease_timed,4,1,C=4 U=2 L=0 sd=0 TTL=6 pause=2 fence=on,timed,cmp,588,1072,,0,hold,hold,2.0,3.4,9,2,2026-09-14 13:07:16,2026-09-14 13:07:18,lease_timed --clients 4 --rounds 1 --u 2 --l-ratio 0.0 --sd-ratio 0.0 --ttl-ratio 3.0 --pause-ratio 1.0 --fencing on --parallel shared --keep-going --mode timed
lease_timed,4,1,C=4 U=2 L=2 sd=0 TTL=6 pause=5 fence=off,timed,cmp,24,168,,0,hold,hold,0.5,0.8,5,2,2026-09-14 13:07:18,2026-09-14 13:07:18,lease_timed --clients 4 --rounds 1 --u 2 --l-ratio 1.0 --sd-ratio 0.0 --ttl-ratio 3.0 --pause-ratio 2.5 --fencing off --parallel shared --keep-going --mode timed
lease_timed,4,1,C=4 U=2 L=0 sd=0 TTL=10 pause=5 fence=off,timed,cmp,384,952,,0,hold,hold,1.5,2.8,9,2,2026-09-14 13:07:17,2026-09-14 13:07:18,lease_timed --clients 4 --rounds 1 --u 2 --l-ratio 0.0 --sd-ratio 0.0 --ttl-ratio 5.0 --pause-ratio 2.5 --fencing off --parallel shared --keep-going --mode timed
lease_timed,4,1,C=4 U=2 L=2 sd=0 TTL=6 pause=6 fence=on,timed,cmp,42,174,,0,hold,hold,0.8,0.9,5,2,2026-09-14 13:07:18,2026-09-14 13:07:19,lease_timed --clients 4 --rounds 1 --u 2 --l-ratio 1.0 --sd-ratio 0.0 --ttl-ratio 3.0 --pause-ratio 3.0 --fencing on --parallel shared --keep-going --mode timed
lease_timed,4,1,C=4 U=2 L=0 sd=1 TTL=10 pause=3 fence=off,timed,cmp,384,952,,0,hold,hold,1.8,3.2,9,2,2026-09-14 13:07:17,2026-09-14 13:07:19,lease_timed --clients 4 --rounds 1 --u 2 --l-ratio 0.0 --sd-ratio 0.5 --ttl-ratio 5.0 --pause-ratio 1.5 --fencing off --parallel shared --keep-going --mode timed
lease_timed,4,1,C=4 U=2 L=0 sd=0 TTL=10 pause=6 fence=on,timed,cmp,588,1072,,0,hold,hold,2.0,3.5,9,2,2026-09-14 13:07:17,2026-09-14 13:07:19,lease_timed --clients 4 --rounds 1 --u 2 --l-ratio 0.0 --sd-ratio 0.0 --ttl-ratio 5.0 --pause-ratio 3.0 --fencing on --parallel shared --keep-going --mode timed
lease_timed,4,1,C=4 U=2 L=2 sd=1 TTL=6 pause=3 fence=off,timed,cmp,24,208,,0,hold,hold,0.5,0.9,5,2,2026-09-14 13:07:19,2026-09-14 13:07:19,lease_timed --clients 4 --rounds 1 --u 2 --l-ratio 1.0 --sd-ratio 0.5 --ttl-ratio 3.0 --pause-ratio 1.5 --fencing off --parallel shared --keep-going --mode timed
lease_timed,4,1,C=4 U=2 L=0 sd=1 TTL=10 pause=4 fence=on,timed,cmp,588,1072,,0,hold,hold,1.8,3.5,10,2,2026-09-14 13:07:18,2026-09-14 13:07:20,lease_timed --clients 4 --rounds 1 --u 2 --l-ratio 0.0 --sd-ratio 0.5 --ttl-ratio 5.0 --pause-ratio 2.0 --fencing on --parallel shared --keep-going --mode timed
lease_timed,4,1,C=4 U=2 L=2 sd=0 TTL=10 pause=9 fence=off,timed,cmp,192,618,,0,hold,hold,1.3,2.2,9,2,2026-09-14 13:07:18,2026-09-14 13:07:20,lease_timed --clients 4 --rounds 1 --u 2 --l-ratio 1.0 --sd-ratio 0.0 --ttl-ratio 5.0 --pause-ratio 4.5 --fencing off --parallel shared --keep-going --mode timed
swim_timed,4,1,N=4 U=1 L=0 sd=0 Wp=1 Ws=3,baseline,cmp,5,4,,12,FIRE,FIRE,0.3,0.0,4,2,2026-09-14 13:07:20,2026-09-14 13:07:20,swim_timed --nodes 4 --rounds 1 --u 1 --l-ratio 0.0 --sd-ratio 0.0 --w-probe-ratio 1.0 --w-suspect-ratio 3.0 --parallel shared --keep-going --mode baseline
lease_timed,4,1,C=4 U=2 L=2 sd=1 TTL=6 pause=4 fence=on,timed,cmp,42,238,,0,hold,hold,0.8,1.0,5,2,2026-09-14 13:07:19,2026-09-14 13:07:20,lease_timed --clients 4 --rounds 1 --u 2 --l-ratio 1.0 --sd-ratio 0.5 --ttl-ratio 3.0 --pause-ratio 2.0 --fencing on --parallel shared --keep-going --mode timed
swim_timed,4,1,N=4 U=1 L=0 sd=1 Wp=1 Ws=5,baseline,cmp,5,4,,12,FIRE,FIRE,0.3,0.0,4,2,2026-09-14 13:07:20,2026-09-14 13:07:20,swim_timed --nodes 4 --rounds 1 --u 1 --l-ratio 0.0 --sd-ratio 1.0 --w-probe-ratio 1.0 --w-suspect-ratio 5.0 --parallel shared --keep-going --mode baseline
lease_timed,4,1,C=4 U=2 L=2 sd=0 TTL=10 pause=10 fence=on,timed,cmp,336,618,,0,hold,hold,1.5,2.8,9,2,2026-09-14 13:07:18,2026-09-14 13:07:20,lease_timed --clients 4 --rounds 1 --u 2 --l-ratio 1.0 --sd-ratio 0.0 --ttl-ratio 5.0 --pause-ratio 5.0 --fencing on --parallel shared --keep-going --mode timed
swim_timed,4,1,N=4 U=1 L=1 sd=0 Wp=1 Ws=2,baseline,cmp,5,4,,12,FIRE,FIRE,0.3,0.0,4,2,2026-09-14 13:07:20,2026-09-14 13:07:20,swim_timed --nodes 4 --rounds 1 --u 1 --l-ratio 1.0 --sd-ratio 0.0 --w-probe-ratio 1.0 --w-suspect-ratio 2.0 --parallel shared --keep-going --mode baseline
swim_timed,4,1,N=4 U=1 L=1 sd=1 Wp=1 Ws=4,baseline,cmp,5,4,,12,FIRE,FIRE,0.3,0.0,4,2,2026-09-14 13:07:20,2026-09-14 13:07:20,swim_timed --nodes 4 --rounds 1 --u 1 --l-ratio 1.0 --sd-ratio 1.0 --w-probe-ratio 1.0 --w-suspect-ratio 4.0 --parallel shared --keep-going --mode baseline
swim_timed,4,1,N=4 U=2 L=0 sd=0 Wp=2 Ws=5,baseline,cmp,5,4,,12,FIRE,FIRE,0.3,0.0,4,2,2026-09-14 13:07:20,2026-09-14 13:07:20,swim_timed --nodes 4 --rounds 1 --u 2 --l-ratio 0.0 --sd-ratio 0.0 --w-probe-ratio 1.0 --w-suspect-ratio 2.5 --parallel shared --keep-going --mode baseline
swim_timed,4,1,N=4 U=2 L=0 sd=1 Wp=2 Ws=7,baseline,cmp,5,4,,12,FIRE,FIRE,0.3,0.0,4,2,2026-09-14 13:07:20,2026-09-14 13:07:20,swim_timed --nodes 4 --rounds 1 --u 2 --l-ratio 0.0 --sd-ratio 0.5 --w-probe-ratio 1.0 --w-suspect-ratio 3.5 --parallel shared --keep-going --mode baseline
swim_timed,4,1,N=4 U=2 L=2 sd=0 Wp=2 Ws=3,baseline,cmp,5,4,,12,FIRE,FIRE,0.3,0.0,4,2,2026-09-14 13:07:20,2026-09-14 13:07:20,swim_timed --nodes 4 --rounds 1 --u 2 --l-ratio 1.0 --sd-ratio 0.0 --w-probe-ratio 1.0 --w-suspect-ratio 1.5 --parallel shared --keep-going --mode baseline
swim_timed,4,1,N=4 U=2 L=2 sd=1 Wp=2 Ws=5,baseline,cmp,5,4,,12,FIRE,FIRE,0.3,0.0,4,2,2026-09-14 13:07:20,2026-09-14 13:07:20,swim_timed --nodes 4 --rounds 1 --u 2 --l-ratio 1.0 --sd-ratio 0.5 --w-probe-ratio 1.0 --w-suspect-ratio 2.5 --parallel shared --keep-going --mode baseline
swim_timed,4,1,N=4 U=1 L=0 sd=0 Wp=1 Ws=3,timed,cmp,2,16,,0,hold,hold,0.3,0.0,4,2,2026-09-14 13:07:20,2026-09-14 13:07:20,swim_timed --nodes 4 --rounds 1 --u 1 --l-ratio 0.0 --sd-ratio 0.0 --w-probe-ratio 1.0 --w-suspect-ratio 3.0 --parallel shared --keep-going --mode timed
swim_timed,4,1,N=4 U=1 L=0 sd=1 Wp=1 Ws=5,timed,cmp,2,12,,0,hold,hold,0.3,0.0,4,2,2026-09-14 13:07:20,2026-09-14 13:07:20,swim_timed --nodes 4 --rounds 1 --u 1 --l-ratio 0.0 --sd-ratio 1.0 --w-probe-ratio 1.0 --w-suspect-ratio 5.0 --parallel shared --keep-going --mode timed
lease_timed,4,1,C=4 U=2 L=2 sd=1 TTL=10 pause=7 fence=off,timed,cmp,192,658,,0,hold,hold,1.3,2.0,8,2,2026-09-14 13:07:19,2026-09-14 13:07:21,lease_timed --clients 4 --rounds 1 --u 2 --l-ratio 1.0 --sd-ratio 0.5 --ttl-ratio 5.0 --pause-ratio 3.5 --fencing off --parallel shared --keep-going --mode timed
swim_timed,4,1,N=4 U=1 L=1 sd=0 Wp=1 Ws=2,timed,cmp,1,7,,0,hold,hold,0.3,0.0,4,2,2026-09-14 13:07:20,2026-09-14 13:07:21,swim_timed --nodes 4 --rounds 1 --u 1 --l-ratio 1.0 --sd-ratio 0.0 --w-probe-ratio 1.0 --w-suspect-ratio 2.0 --parallel shared --keep-going --mode timed
swim_timed,4,1,N=4 U=1 L=1 sd=1 Wp=1 Ws=4,timed,cmp,1,7,,0,hold,hold,0.3,0.0,4,2,2026-09-14 13:07:20,2026-09-14 13:07:21,swim_timed --nodes 4 --rounds 1 --u 1 --l-ratio 1.0 --sd-ratio 1.0 --w-probe-ratio 1.0 --w-suspect-ratio 4.0 --parallel shared --keep-going --mode timed
swim_timed,4,1,N=4 U=2 L=0 sd=0 Wp=2 Ws=5,timed,cmp,2,16,,0,hold,hold,0.3,0.0,4,2,2026-09-14 13:07:20,2026-09-14 13:07:21,swim_timed --nodes 4 --rounds 1 --u 2 --l-ratio 0.0 --sd-ratio 0.0 --w-probe-ratio 1.0 --w-suspect-ratio 2.5 --parallel shared --keep-going --mode timed
swim_timed,4,1,N=4 U=2 L=0 sd=1 Wp=2 Ws=7,timed,cmp,2,16,,0,hold,hold,0.3,0.0,4,2,2026-09-14 13:07:20,2026-09-14 13:07:21,swim_timed --nodes 4 --rounds 1 --u 2 --l-ratio 0.0 --sd-ratio 0.5 --w-probe-ratio 1.0 --w-suspect-ratio 3.5 --parallel shared --keep-going --mode timed
lease_timed,4,1,C=4 U=2 L=2 sd=1 TTL=10 pause=8 fence=on,timed,cmp,336,766,,0,hold,hold,1.3,2.3,9,2,2026-09-14 13:07:19,2026-09-14 13:07:21,lease_timed --clients 4 --rounds 1 --u 2 --l-ratio 1.0 --sd-ratio 0.5 --ttl-ratio 5.0 --pause-ratio 4.0 --fencing on --parallel shared --keep-going --mode timed
swim_timed,4,1,N=4 U=2 L=2 sd=0 Wp=2 Ws=3,timed,cmp,1,7,,0,hold,hold,0.3,0.0,4,2,2026-09-14 13:07:21,2026-09-14 13:07:21,swim_timed --nodes 4 --rounds 1 --u 2 --l-ratio 1.0 --sd-ratio 0.0 --w-probe-ratio 1.0 --w-suspect-ratio 1.5 --parallel shared --keep-going --mode timed
swim_timed,4,1,N=4 U=2 L=2 sd=1 Wp=2 Ws=5,timed,cmp,1,7,,0,hold,hold,0.3,0.0,4,2,2026-09-14 13:07:21,2026-09-14 13:07:21,swim_timed --nodes 4 --rounds 1 --u 2 --l-ratio 1.0 --sd-ratio 0.5 --w-probe-ratio 1.0 --w-suspect-ratio 2.5 --parallel shared --keep-going --mode timed
lease_timed,3,2,C=3 U=1 L=0 sd=0 TTL=6 pause=3 fence=off,baseline,cmp,2304,4164,,4164,FIRE,FIRE,2.0,3.3,11,2,2026-09-14 13:07:21,2026-09-14 13:07:23,lease_timed --clients 3 --rounds 2 --u 1 --l-ratio 0.0 --sd-ratio 0.0 --ttl-ratio 6.0 --pause-ratio 3.0 --fencing off --parallel shared --keep-going --mode baseline
lease_timed,3,2,C=3 U=1 L=0 sd=0 TTL=10 pause=7 fence=off,baseline,cmp,2304,4164,,4164,FIRE,FIRE,2.0,3.3,11,2,2026-09-14 13:07:21,2026-09-14 13:07:23,lease_timed --clients 3 --rounds 2 --u 1 --l-ratio 0.0 --sd-ratio 0.0 --ttl-ratio 10.0 --pause-ratio 7.0 --fencing off --parallel shared --keep-going --mode baseline
lease_timed,3,2,C=3 U=1 L=0 sd=1 TTL=6 pause=1 fence=off,baseline,cmp,2304,4164,,4164,FIRE,FIRE,2.0,3.4,11,2,2026-09-14 13:07:21,2026-09-14 13:07:23,lease_timed --clients 3 --rounds 2 --u 1 --l-ratio 0.0 --sd-ratio 1.0 --ttl-ratio 6.0 --pause-ratio 1.0 --fencing off --parallel shared --keep-going --mode baseline
lease_timed,3,2,C=3 U=1 L=0 sd=1 TTL=10 pause=5 fence=off,baseline,cmp,2304,4164,,4164,FIRE,FIRE,1.8,3.3,10,2,2026-09-14 13:07:23,2026-09-14 13:07:24,lease_timed --clients 3 --rounds 2 --u 1 --l-ratio 0.0 --sd-ratio 1.0 --ttl-ratio 10.0 --pause-ratio 5.0 --fencing off --parallel shared --keep-going --mode baseline
lease_timed,3,2,C=3 U=1 L=1 sd=0 TTL=6 pause=5 fence=off,baseline,cmp,2304,4164,,4164,FIRE,FIRE,2.0,3.6,10,2,2026-09-14 13:07:23,2026-09-14 13:07:25,lease_timed --clients 3 --rounds 2 --u 1 --l-ratio 1.0 --sd-ratio 0.0 --ttl-ratio 6.0 --pause-ratio 5.0 --fencing off --parallel shared --keep-going --mode baseline
lease_timed,3,2,C=3 U=1 L=0 sd=0 TTL=6 pause=4 fence=on,baseline,cmp,20736,0,,0,hold,hold,5.0,9.5,11,2,2026-09-14 13:07:21,2026-09-14 13:07:26,lease_timed --clients 3 --rounds 2 --u 1 --l-ratio 0.0 --sd-ratio 0.0 --ttl-ratio 6.0 --pause-ratio 4.0 --fencing on --parallel shared --keep-going --mode baseline
lease_timed,3,2,C=3 U=1 L=0 sd=0 TTL=10 pause=8 fence=on,baseline,cmp,20736,0,,0,hold,hold,5.3,9.5,11,2,2026-09-14 13:07:21,2026-09-14 13:07:26,lease_timed --clients 3 --rounds 2 --u 1 --l-ratio 0.0 --sd-ratio 0.0 --ttl-ratio 10.0 --pause-ratio 8.0 --fencing on --parallel shared --keep-going --mode baseline
lease_timed,3,2,C=3 U=1 L=0 sd=1 TTL=6 pause=2 fence=on,baseline,cmp,20736,0,,0,hold,hold,5.3,9.6,11,2,2026-09-14 13:07:21,2026-09-14 13:07:26,lease_timed --clients 3 --rounds 2 --u 1 --l-ratio 0.0 --sd-ratio 1.0 --ttl-ratio 6.0 --pause-ratio 2.0 --fencing on --parallel shared --keep-going --mode baseline
lease_timed,3,2,C=3 U=1 L=1 sd=0 TTL=10 pause=9 fence=off,baseline,cmp,2304,4164,,4164,FIRE,FIRE,2.0,3.5,11,2,2026-09-14 13:07:25,2026-09-14 13:07:27,lease_timed --clients 3 --rounds 2 --u 1 --l-ratio 1.0 --sd-ratio 0.0 --ttl-ratio 10.0 --pause-ratio 9.0 --fencing off --parallel shared --keep-going --mode baseline
lease_timed,3,2,C=3 U=1 L=1 sd=1 TTL=6 pause=3 fence=off,baseline,cmp,2304,4164,,4164,FIRE,FIRE,1.8,3.1,10,2,2026-09-14 13:07:26,2026-09-14 13:07:28,lease_timed --clients 3 --rounds 2 --u 1 --l-ratio 1.0 --sd-ratio 1.0 --ttl-ratio 6.0 --pause-ratio 3.0 --fencing off --parallel shared --keep-going --mode baseline
lease_timed,3,2,C=3 U=1 L=0 sd=1 TTL=10 pause=6 fence=on,baseline,cmp,20736,0,,0,hold,hold,5.5,10.1,11,2,2026-09-14 13:07:23,2026-09-14 13:07:28,lease_timed --clients 3 --rounds 2 --u 1 --l-ratio 0.0 --sd-ratio 1.0 --ttl-ratio 10.0 --pause-ratio 6.0 --fencing on --parallel shared --keep-going --mode baseline
lease_timed,3,2,C=3 U=1 L=1 sd=1 TTL=10 pause=7 fence=off,baseline,cmp,2304,4164,,4164,FIRE,FIRE,1.8,3.3,10,2,2026-09-14 13:07:27,2026-09-14 13:07:29,lease_timed --clients 3 --rounds 2 --u 1 --l-ratio 1.0 --sd-ratio 1.0 --ttl-ratio 10.0 --pause-ratio 7.0 --fencing off --parallel shared --keep-going --mode baseline
lease_timed,3,2,C=3 U=1 L=1 sd=0 TTL=6 pause=6 fence=on,baseline,cmp,20736,0,,0,hold,hold,5.3,9.9,12,2,2026-09-14 13:07:24,2026-09-14 13:07:30,lease_timed --clients 3 --rounds 2 --u 1 --l-ratio 1.0 --sd-ratio 0.0 --ttl-ratio 6.0 --pause-ratio 6.0 --fencing on --parallel shared --keep-going --mode baseline
lease_timed,3,2,C=3 U=2 L=0 sd=0 TTL=6 pause=1 fence=off,baseline,cmp,2304,4164,,4164,FIRE,FIRE,2.0,3.4,10,2,2026-09-14 13:07:28,2026-09-14 13:07:30,lease_timed --clients 3 --rounds 2 --u 2 --l-ratio 0.0 --sd-ratio 0.0 --ttl-ratio 3.0 --pause-ratio 0.5 --fencing off --parallel shared --keep-going --mode baseline
lease_timed,3,2,C=3 U=1 L=1 sd=0 TTL=10 pause=10 fence=on,baseline,cmp,20736,0,,0,hold,hold,5.0,9.3,12,2,2026-09-14 13:07:26,2026-09-14 13:07:31,lease_timed --clients 3 --rounds 2 --u 1 --l-ratio 1.0 --sd-ratio 0.0 --ttl-ratio 10.0 --pause-ratio 10.0 --fencing on --parallel shared --keep-going --mode baseline
lease_timed,3,2,C=3 U=1 L=1 sd=1 TTL=6 pause=4 fence=on,baseline,cmp,20736,0,,0,hold,hold,5.0,9.4,12,2,2026-09-14 13:07:26,2026-09-14 13:07:31,lease_timed --clients 3 --rounds 2 --u 1 --l-ratio 1.0 --sd-ratio 1.0 --ttl-ratio 6.0 --pause-ratio 4.0 --fencing on --parallel shared --keep-going --mode baseline
lease_timed,3,2,C=3 U=2 L=0 sd=0 TTL=10 pause=5 fence=off,baseline,cmp,2304,4164,,4164,FIRE,FIRE,1.8,3.4,11,2,2026-09-14 13:07:30,2026-09-14 13:07:32,lease_timed --clients 3 --rounds 2 --u 2 --l-ratio 0.0 --sd-ratio 0.0 --ttl-ratio 5.0 --pause-ratio 2.5 --fencing off --parallel shared --keep-going --mode baseline
lease_timed,3,2,C=3 U=2 L=0 sd=1 TTL=10 pause=3 fence=off,baseline,cmp,2304,4164,,4164,FIRE,FIRE,1.8,3.1,11,2,2026-09-14 13:07:31,2026-09-14 13:07:33,lease_timed --clients 3 --rounds 2 --u 2 --l-ratio 0.0 --sd-ratio 0.5 --ttl-ratio 5.0 --pause-ratio 1.5 --fencing off --parallel shared --keep-going --mode baseline
lease_timed,3,2,C=3 U=1 L=1 sd=1 TTL=10 pause=8 fence=on,baseline,cmp,20736,0,,0,hold,hold,5.3,9.9,12,2,2026-09-14 13:07:28,2026-09-14 13:07:33,lease_timed --clients 3 --rounds 2 --u 1 --l-ratio 1.0 --sd-ratio 1.0 --ttl-ratio 10.0 --pause-ratio 8.0 --fencing on --parallel shared --keep-going --mode baseline
lease_timed,3,2,C=3 U=2 L=2 sd=0 TTL=6 pause=5 fence=off,baseline,cmp,2304,4164,,4164,FIRE,FIRE,1.8,3.0,11,2,2026-09-14 13:07:32,2026-09-14 13:07:33,lease_timed --clients 3 --rounds 2 --u 2 --l-ratio 1.0 --sd-ratio 0.0 --ttl-ratio 3.0 --pause-ratio 2.5 --fencing off --parallel shared --keep-going --mode baseline
lease_timed,3,2,C=3 U=2 L=0 sd=0 TTL=6 pause=2 fence=on,baseline,cmp,20736,0,,0,hold,hold,5.0,9.3,13,2,2026-09-14 13:07:29,2026-09-14 13:07:34,lease_timed --clients 3 --rounds 2 --u 2 --l-ratio 0.0 --sd-ratio 0.0 --ttl-ratio 3.0 --pause-ratio 1.0 --fencing on --parallel shared --keep-going --mode baseline
lease_timed,3,2,C=3 U=2 L=2 sd=0 TTL=10 pause=9 fence=off,baseline,cmp,2304,4164,,4164,FIRE,FIRE,1.8,3.0,11,2,2026-09-14 13:07:33,2026-09-14 13:07:35,lease_timed --clients 3 --rounds 2 --u 2 --l-ratio 1.0 --sd-ratio 0.0 --ttl-ratio 5.0 --pause-ratio 4.5 --fencing off --parallel shared --keep-going --mode baseline
lease_timed,3,2,C=3 U=2 L=2 sd=1 TTL=6 pause=3 fence=off,baseline,cmp,2304,4164,,4164,FIRE,FIRE,1.8,3.4,11,2,2026-09-14 13:07:34,2026-09-14 13:07:36,lease_timed --clients 3 --rounds 2 --u 2 --l-ratio 1.0 --sd-ratio 0.5 --ttl-ratio 3.0 --pause-ratio 1.5 --fencing off --parallel shared --keep-going --mode baseline
lease_timed,3,2,C=3 U=2 L=0 sd=0 TTL=10 pause=6 fence=on,baseline,cmp,20736,0,,0,hold,hold,5.3,10.0,11,2,2026-09-14 13:07:30,2026-09-14 13:07:36,lease_timed --clients 3 --rounds 2 --u 2 --l-ratio 0.0 --sd-ratio 0.0 --ttl-ratio 5.0 --pause-ratio 3.0 --fencing on --parallel shared --keep-going --mode baseline
lease_timed,3,2,C=3 U=2 L=0 sd=1 TTL=10 pause=4 fence=on,baseline,cmp,20736,0,,0,hold,hold,5.0,9.6,12,2,2026-09-14 13:07:31,2026-09-14 13:07:36,lease_timed --clients 3 --rounds 2 --u 2 --l-ratio 0.0 --sd-ratio 0.5 --ttl-ratio 5.0 --pause-ratio 2.0 --fencing on --parallel shared --keep-going --mode baseline
lease_timed,3,2,C=3 U=2 L=2 sd=1 TTL=10 pause=7 fence=off,baseline,cmp,2304,4164,,4164,FIRE,FIRE,2.0,3.5,12,2,2026-09-14 13:07:36,2026-09-14 13:07:38,lease_timed --clients 3 --rounds 2 --u 2 --l-ratio 1.0 --sd-ratio 0.5 --ttl-ratio 5.0 --pause-ratio 3.5 --fencing off --parallel shared --keep-going --mode baseline
lease_timed,3,2,C=3 U=2 L=2 sd=0 TTL=6 pause=6 fence=on,baseline,cmp,20736,0,,0,hold,hold,5.3,9.8,13,2,2026-09-14 13:07:33,2026-09-14 13:07:38,lease_timed --clients 3 --rounds 2 --u 2 --l-ratio 1.0 --sd-ratio 0.0 --ttl-ratio 3.0 --pause-ratio 3.0 --fencing on --parallel shared --keep-going --mode baseline
lease_timed,3,2,C=3 U=2 L=2 sd=0 TTL=10 pause=10 fence=on,baseline,cmp,20736,0,,0,hold,hold,5.0,9.6,12,2,2026-09-14 13:07:33,2026-09-14 13:07:38,lease_timed --clients 3 --rounds 2 --u 2 --l-ratio 1.0 --sd-ratio 0.0 --ttl-ratio 5.0 --pause-ratio 5.0 --fencing on --parallel shared --keep-going --mode baseline
lease_timed,3,2,C=3 U=2 L=2 sd=1 TTL=6 pause=4 fence=on,baseline,cmp,20736,0,,0,hold,hold,5.0,9.5,11,2,2026-09-14 13:07:35,2026-09-14 13:07:40,lease_timed --clients 3 --rounds 2 --u 2 --l-ratio 1.0 --sd-ratio 0.5 --ttl-ratio 3.0 --pause-ratio 2.0 --fencing on --parallel shared --keep-going --mode baseline
lease_timed,3,2,C=3 U=2 L=2 sd=1 TTL=10 pause=8 fence=on,baseline,cmp,20736,0,,0,hold,hold,5.3,9.9,12,2,2026-09-14 13:07:36,2026-09-14 13:07:41,lease_timed --clients 3 --rounds 2 --u 2 --l-ratio 1.0 --sd-ratio 0.5 --ttl-ratio 5.0 --pause-ratio 4.0 --fencing on --parallel shared --keep-going --mode baseline
lease_timed,3,2,C=3 U=1 L=0 sd=0 TTL=6 pause=3 fence=off,timed,cmp,2304,3525,,0,hold,hold,8.5,16.6,10,2,2026-09-14 13:07:36,2026-09-14 13:07:45,lease_timed --clients 3 --rounds 2 --u 1 --l-ratio 0.0 --sd-ratio 0.0 --ttl-ratio 6.0 --pause-ratio 3.0 --fencing off --parallel shared --keep-going --mode timed
lease_timed,3,2,C=3 U=1 L=0 sd=0 TTL=10 pause=7 fence=off,timed,cmp,2304,3525,,0,hold,hold,8.8,17.0,10,2,2026-09-14 13:07:38,2026-09-14 13:07:47,lease_timed --clients 3 --rounds 2 --u 1 --l-ratio 0.0 --sd-ratio 0.0 --ttl-ratio 10.0 --pause-ratio 7.0 --fencing off --parallel shared --keep-going --mode timed
lease_timed,3,2,C=3 U=1 L=0 sd=1 TTL=6 pause=1 fence=off,timed,cmp,2304,3525,,0,hold,hold,8.5,16.3,11,2,2026-09-14 13:07:40,2026-09-14 13:07:48,lease_timed --clients 3 --rounds 2 --u 1 --l-ratio 0.0 --sd-ratio 1.0 --ttl-ratio 6.0 --pause-ratio 1.0 --fencing off --parallel shared --keep-going --mode timed
lease_timed,3,2,C=3 U=1 L=0 sd=0 TTL=6 pause=4 fence=on,timed,cmp,4624,5295,,0,hold,hold,12.8,25.2,11,2,2026-09-14 13:07:38,2026-09-14 13:07:50,lease_timed --clients 3 --rounds 2 --u 1 --l-ratio 0.0 --sd-ratio 0.0 --ttl-ratio 6.0 --pause-ratio 4.0 --fencing on --parallel shared --keep-going --mode timed
lease_timed,3,2,C=3 U=1 L=1 sd=0 TTL=6 pause=5 fence=off,timed,cmp,384,754,,0,hold,hold,2.8,5.2,10,2,2026-09-14 13:07:48,2026-09-14 13:07:51,lease_timed --clients 3 --rounds 2 --u 1 --l-ratio 1.0 --sd-ratio 0.0 --ttl-ratio 6.0 --pause-ratio 5.0 --fencing off --parallel shared --keep-going --mode timed
lease_timed,3,2,C=3 U=1 L=0 sd=0 TTL=10 pause=8 fence=on,timed,cmp,4624,5295,,0,hold,hold,13.0,25.6,12,2,2026-09-14 13:07:38,2026-09-14 13:07:51,lease_timed --clients 3 --rounds 2 --u 1 --l-ratio 0.0 --sd-ratio 0.0 --ttl-ratio 10.0 --pause-ratio 8.0 --fencing on --parallel shared --keep-going --mode timed
lease_timed,3,2,C=3 U=1 L=0 sd=1 TTL=10 pause=5 fence=off,timed,cmp,2304,3525,,0,hold,hold,9.0,17.3,11,2,2026-09-14 13:07:45,2026-09-14 13:07:54,lease_timed --clients 3 --rounds 2 --u 1 --l-ratio 0.0 --sd-ratio 1.0 --ttl-ratio 10.0 --pause-ratio 5.0 --fencing off --parallel shared --keep-going --mode timed
lease_timed,3,2,C=3 U=1 L=1 sd=0 TTL=10 pause=9 fence=off,timed,cmp,384,754,,0,hold,hold,2.8,4.9,10,2,2026-09-14 13:07:51,2026-09-14 13:07:54,lease_timed --clients 3 --rounds 2 --u 1 --l-ratio 1.0 --sd-ratio 0.0 --ttl-ratio 10.0 --pause-ratio 9.0 --fencing off --parallel shared --keep-going --mode timed
lease_timed,3,2,C=3 U=1 L=0 sd=1 TTL=6 pause=2 fence=on,timed,cmp,4624,5295,,0,hold,hold,13.3,25.9,11,2,2026-09-14 13:07:41,2026-09-14 13:07:54,lease_timed --clients 3 --rounds 2 --u 1 --l-ratio 0.0 --sd-ratio 1.0 --ttl-ratio 6.0 --pause-ratio 2.0 --fencing on --parallel shared --keep-going --mode timed
lease_timed,3,2,C=3 U=1 L=1 sd=0 TTL=6 pause=6 fence=on,timed,cmp,1280,1158,,0,hold,hold,5.8,10.9,11,2,2026-09-14 13:07:50,2026-09-14 13:07:56,lease_timed --clients 3 --rounds 2 --u 1 --l-ratio 1.0 --sd-ratio 0.0 --ttl-ratio 6.0 --pause-ratio 6.0 --fencing on --parallel shared --keep-going --mode timed
lease_timed,3,2,C=3 U=1 L=1 sd=0 TTL=10 pause=10 fence=on,timed,cmp,1280,1158,,0,hold,hold,5.8,10.9,11,2,2026-09-14 13:07:51,2026-09-14 13:07:57,lease_timed --clients 3 --rounds 2 --u 1 --l-ratio 1.0 --sd-ratio 0.0 --ttl-ratio 10.0 --pause-ratio 10.0 --fencing on --parallel shared --keep-going --mode timed
lease_timed,3,2,C=3 U=1 L=1 sd=1 TTL=6 pause=3 fence=off,timed,cmp,576,1413,,0,hold,hold,4.0,7.5,10,2,2026-09-14 13:07:54,2026-09-14 13:07:58,lease_timed --clients 3 --rounds 2 --u 1 --l-ratio 1.0 --sd-ratio 1.0 --ttl-ratio 6.0 --pause-ratio 3.0 --fencing off --parallel shared --keep-going --mode timed
lease_timed,3,2,C=3 U=1 L=1 sd=1 TTL=10 pause=7 fence=off,timed,cmp,576,1413,,0,hold,hold,4.0,7.5,10,2,2026-09-14 13:07:54,2026-09-14 13:07:58,lease_timed --clients 3 --rounds 2 --u 1 --l-ratio 1.0 --sd-ratio 1.0 --ttl-ratio 10.0 --pause-ratio 7.0 --fencing off --parallel shared --keep-going --mode timed
lease_timed,3,2,C=3 U=1 L=0 sd=1 TTL=10 pause=6 fence=on,timed,cmp,4624,5295,,0,hold,hold,14.0,27.2,11,2,2026-09-14 13:07:47,2026-09-14 13:08:01,lease_timed --clients 3 --rounds 2 --u 1 --l-ratio 0.0 --sd-ratio 1.0 --ttl-ratio 10.0 --pause-ratio 6.0 --fencing on --parallel shared --keep-going --mode timed
lease_timed,3,2,C=3 U=1 L=1 sd=1 TTL=6 pause=4 fence=on,timed,cmp,1600,2405,,0,hold,hold,7.8,14.8,10,2,2026-09-14 13:07:54,2026-09-14 13:08:02,lease_timed --clients 3 --rounds 2 --u 1 --l-ratio 1.0 --sd-ratio 1.0 --ttl-ratio 6.0 --pause-ratio 4.0 --fencing on --parallel shared --keep-going --mode timed
lease_timed,3,2,C=3 U=1 L=1 sd=1 TTL=10 pause=8 fence=on,timed,cmp,1600,2405,,0,hold,hold,7.3,13.8,11,2,2026-09-14 13:07:56,2026-09-14 13:08:03,lease_timed --clients 3 --rounds 2 --u 1 --l-ratio 1.0 --sd-ratio 1.0 --ttl-ratio 10.0 --pause-ratio 8.0 --fencing on --parallel shared --keep-going --mode timed
lease_timed,3,2,C=3 U=2 L=0 sd=0 TTL=6 pause=1 fence=off,timed,cmp,2304,3593,,0,hold,hold,9.0,17.3,11,2,2026-09-14 13:07:57,2026-09-14 13:08:06,lease_timed --clients 3 --rounds 2 --u 2 --l-ratio 0.0 --sd-ratio 0.0 --ttl-ratio 3.0 --pause-ratio 0.5 --fencing off --parallel shared --keep-going --mode timed
lease_timed,3,2,C=3 U=2 L=2 sd=0 TTL=6 pause=5 fence=off,timed,cmp,24,102,,0,hold,hold,0.5,0.7,5,2,2026-09-14 13:08:06,2026-09-14 13:08:07,lease_timed --clients 3 --rounds 2 --u 2 --l-ratio 1.0 --sd-ratio 0.0 --ttl-ratio 3.0 --pause-ratio 2.5 --fencing off --parallel shared --keep-going --mode timed
lease_timed,3,2,C=3 U=2 L=0 sd=0 TTL=10 pause=5 fence=off,timed,cmp,2304,3593,,0,hold,hold,8.8,16.8,11,2,2026-09-14 13:07:58,2026-09-14 13:08:07,lease_timed --clients 3 --rounds 2 --u 2 --l-ratio 0.0 --sd-ratio 0.0 --ttl-ratio 5.0 --pause-ratio 2.5 --fencing off --parallel shared --keep-going --mode timed
lease_timed,3,2,C=3 U=2 L=2 sd=0 TTL=6 pause=6 fence=on,timed,cmp,80,156,,0,hold,hold,0.8,1.4,6,2,2026-09-14 13:08:07,2026-09-14 13:08:07,lease_timed --clients 3 --rounds 2 --u 2 --l-ratio 1.0 --sd-ratio 0.0 --ttl-ratio 3.0 --pause-ratio 3.0 --fencing on --parallel shared --keep-going --mode timed
lease_timed,3,2,C=3 U=2 L=2 sd=0 TTL=10 pause=9 fence=off,timed,cmp,384,754,,0,hold,hold,3.0,5.1,10,2,2026-09-14 13:08:07,2026-09-14 13:08:10,lease_timed --clients 3 --rounds 2 --u 2 --l-ratio 1.0 --sd-ratio 0.0 --ttl-ratio 5.0 --pause-ratio 4.5 --fencing off --parallel shared --keep-going --mode timed
lease_timed,3,2,C=3 U=2 L=2 sd=1 TTL=6 pause=3 fence=off,timed,cmp,36,227,,0,hold,hold,0.8,1.2,6,2,2026-09-14 13:08:10,2026-09-14 13:08:11,lease_timed --clients 3 --rounds 2 --u 2 --l-ratio 1.0 --sd-ratio 0.5 --ttl-ratio 3.0 --pause-ratio 1.5 --fencing off --parallel shared --keep-going --mode timed
lease_timed,3,2,C=3 U=2 L=0 sd=1 TTL=10 pause=3 fence=off,timed,cmp,2304,3593,,0,hold,hold,9.3,18.0,10,2,2026-09-14 13:08:02,2026-09-14 13:08:11,lease_timed --clients 3 --rounds 2 --u 2 --l-ratio 0.0 --sd-ratio 0.5 --ttl-ratio 5.0 --pause-ratio 1.5 --fencing off --parallel shared --keep-going --mode timed
lease_timed,3,2,C=3 U=2 L=0 sd=0 TTL=6 pause=2 fence=on,timed,cmp,4624,5295,,0,hold,hold,13.3,25.0,12,2,2026-09-14 13:07:58,2026-09-14 13:08:11,lease_timed --clients 3 --rounds 2 --u 2 --l-ratio 0.0 --sd-ratio 0.0 --ttl-ratio 3.0 --pause-ratio 1.0 --fencing on --parallel shared --keep-going --mode timed
lease_timed,3,2,C=3 U=2 L=2 sd=1 TTL=6 pause=4 fence=on,timed,cmp,80,299,,0,hold,hold,1.0,1.4,6,2,2026-09-14 13:08:11,2026-09-14 13:08:12,lease_timed --clients 3 --rounds 2 --u 2 --l-ratio 1.0 --sd-ratio 0.5 --ttl-ratio 3.0 --pause-ratio 2.0 --fencing on --parallel shared --keep-going --mode timed
swim_timed,3,2,N=3 U=1 L=0 sd=0 Wp=1 Ws=3,baseline,cmp,8,7,,15,FIRE,FIRE,0.3,0.0,4,2,2026-09-14 13:08:12,2026-09-14 13:08:12,swim_timed --nodes 3 --rounds 2 --u 1 --l-ratio 0.0 --sd-ratio 0.0 --w-probe-ratio 1.0 --w-suspect-ratio 3.0 --parallel shared --keep-going --mode baseline
swim_timed,3,2,N=3 U=1 L=0 sd=1 Wp=1 Ws=5,baseline,cmp,8,7,,15,FIRE,FIRE,0.3,0.0,4,2,2026-09-14 13:08:12,2026-09-14 13:08:12,swim_timed --nodes 3 --rounds 2 --u 1 --l-ratio 0.0 --sd-ratio 1.0 --w-probe-ratio 1.0 --w-suspect-ratio 5.0 --parallel shared --keep-going --mode baseline
swim_timed,3,2,N=3 U=1 L=1 sd=0 Wp=1 Ws=2,baseline,cmp,8,7,,15,FIRE,FIRE,0.3,0.0,4,2,2026-09-14 13:08:12,2026-09-14 13:08:13,swim_timed --nodes 3 --rounds 2 --u 1 --l-ratio 1.0 --sd-ratio 0.0 --w-probe-ratio 1.0 --w-suspect-ratio 2.0 --parallel shared --keep-going --mode baseline
lease_timed,3,2,C=3 U=2 L=2 sd=0 TTL=10 pause=10 fence=on,timed,cmp,1280,1158,,0,hold,hold,5.3,10.2,11,2,2026-09-14 13:08:07,2026-09-14 13:08:13,lease_timed --clients 3 --rounds 2 --u 2 --l-ratio 1.0 --sd-ratio 0.0 --ttl-ratio 5.0 --pause-ratio 5.0 --fencing on --parallel shared --keep-going --mode timed
swim_timed,3,2,N=3 U=1 L=1 sd=1 Wp=1 Ws=4,baseline,cmp,8,7,,15,FIRE,FIRE,0.3,0.0,4,2,2026-09-14 13:08:13,2026-09-14 13:08:13,swim_timed --nodes 3 --rounds 2 --u 1 --l-ratio 1.0 --sd-ratio 1.0 --w-probe-ratio 1.0 --w-suspect-ratio 4.0 --parallel shared --keep-going --mode baseline
swim_timed,3,2,N=3 U=2 L=0 sd=0 Wp=2 Ws=5,baseline,cmp,8,7,,15,FIRE,FIRE,0.3,0.0,4,2,2026-09-14 13:08:13,2026-09-14 13:08:13,swim_timed --nodes 3 --rounds 2 --u 2 --l-ratio 0.0 --sd-ratio 0.0 --w-probe-ratio 1.0 --w-suspect-ratio 2.5 --parallel shared --keep-going --mode baseline
swim_timed,3,2,N=3 U=2 L=0 sd=1 Wp=2 Ws=7,baseline,cmp,8,7,,15,FIRE,FIRE,0.3,0.0,4,2,2026-09-14 13:08:13,2026-09-14 13:08:13,swim_timed --nodes 3 --rounds 2 --u 2 --l-ratio 0.0 --sd-ratio 0.5 --w-probe-ratio 1.0 --w-suspect-ratio 3.5 --parallel shared --keep-going --mode baseline
swim_timed,3,2,N=3 U=2 L=2 sd=0 Wp=2 Ws=3,baseline,cmp,8,7,,15,FIRE,FIRE,0.3,0.0,4,2,2026-09-14 13:08:13,2026-09-14 13:08:13,swim_timed --nodes 3 --rounds 2 --u 2 --l-ratio 1.0 --sd-ratio 0.0 --w-probe-ratio 1.0 --w-suspect-ratio 1.5 --parallel shared --keep-going --mode baseline
swim_timed,3,2,N=3 U=2 L=2 sd=1 Wp=2 Ws=5,baseline,cmp,8,7,,15,FIRE,FIRE,0.3,0.0,4,2,2026-09-14 13:08:13,2026-09-14 13:08:13,swim_timed --nodes 3 --rounds 2 --u 2 --l-ratio 1.0 --sd-ratio 0.5 --w-probe-ratio 1.0 --w-suspect-ratio 2.5 --parallel shared --keep-going --mode baseline
swim_timed,3,2,N=3 U=1 L=0 sd=0 Wp=1 Ws=3,timed,cmp,4,21,,0,hold,hold,0.3,0.0,4,2,2026-09-14 13:08:13,2026-09-14 13:08:14,swim_timed --nodes 3 --rounds 2 --u 1 --l-ratio 0.0 --sd-ratio 0.0 --w-probe-ratio 1.0 --w-suspect-ratio 3.0 --parallel shared --keep-going --mode timed
swim_timed,3,2,N=3 U=1 L=0 sd=1 Wp=1 Ws=5,timed,cmp,4,14,,0,hold,hold,0.3,0.0,4,2,2026-09-14 13:08:13,2026-09-14 13:08:14,swim_timed --nodes 3 --rounds 2 --u 1 --l-ratio 0.0 --sd-ratio 1.0 --w-probe-ratio 1.0 --w-suspect-ratio 5.0 --parallel shared --keep-going --mode timed
swim_timed,3,2,N=3 U=1 L=1 sd=0 Wp=1 Ws=2,timed,cmp,1,7,,0,hold,hold,0.3,0.0,4,2,2026-09-14 13:08:14,2026-09-14 13:08:14,swim_timed --nodes 3 --rounds 2 --u 1 --l-ratio 1.0 --sd-ratio 0.0 --w-probe-ratio 1.0 --w-suspect-ratio 2.0 --parallel shared --keep-going --mode timed
swim_timed,3,2,N=3 U=1 L=1 sd=1 Wp=1 Ws=4,timed,cmp,1,7,,0,hold,hold,0.3,0.0,4,2,2026-09-14 13:08:14,2026-09-14 13:08:14,swim_timed --nodes 3 --rounds 2 --u 1 --l-ratio 1.0 --sd-ratio 1.0 --w-probe-ratio 1.0 --w-suspect-ratio 4.0 --parallel shared --keep-going --mode timed
swim_timed,3,2,N=3 U=2 L=0 sd=0 Wp=2 Ws=5,timed,cmp,4,21,,0,hold,hold,0.3,0.0,4,2,2026-09-14 13:08:14,2026-09-14 13:08:14,swim_timed --nodes 3 --rounds 2 --u 2 --l-ratio 0.0 --sd-ratio 0.0 --w-probe-ratio 1.0 --w-suspect-ratio 2.5 --parallel shared --keep-going --mode timed
lease_timed,3,2,C=3 U=2 L=0 sd=0 TTL=10 pause=6 fence=on,timed,cmp,4624,5295,,0,hold,hold,13.6,25.6,11,2,2026-09-14 13:08:01,2026-09-14 13:08:14,lease_timed --clients 3 --rounds 2 --u 2 --l-ratio 0.0 --sd-ratio 0.0 --ttl-ratio 5.0 --pause-ratio 3.0 --fencing on --parallel shared --keep-going --mode timed
swim_timed,3,2,N=3 U=2 L=0 sd=1 Wp=2 Ws=7,timed,cmp,4,21,,0,hold,hold,0.4,0.0,4,2,2026-09-14 13:08:14,2026-09-14 13:08:14,swim_timed --nodes 3 --rounds 2 --u 2 --l-ratio 0.0 --sd-ratio 0.5 --w-probe-ratio 1.0 --w-suspect-ratio 3.5 --parallel shared --keep-going --mode timed
swim_timed,3,2,N=3 U=2 L=2 sd=0 Wp=2 Ws=3,timed,cmp,1,7,,0,hold,hold,0.3,0.0,4,2,2026-09-14 13:08:14,2026-09-14 13:08:14,swim_timed --nodes 3 --rounds 2 --u 2 --l-ratio 1.0 --sd-ratio 0.0 --w-probe-ratio 1.0 --w-suspect-ratio 1.5 --parallel shared --keep-going --mode timed
swim_timed,3,2,N=3 U=2 L=2 sd=1 Wp=2 Ws=5,timed,cmp,1,7,,0,hold,hold,0.3,0.0,4,2,2026-09-14 13:08:14,2026-09-14 13:08:14,swim_timed --nodes 3 --rounds 2 --u 2 --l-ratio 1.0 --sd-ratio 0.5 --w-probe-ratio 1.0 --w-suspect-ratio 2.5 --parallel shared --keep-going --mode timed
swim_timed,5,1,N=5 U=1 L=0 sd=0 Wp=1 Ws=3,baseline,cmp,9,8,,32,FIRE,FIRE,0.3,0.0,4,2,2026-09-14 13:08:14,2026-09-14 13:08:15,swim_timed --nodes 5 --rounds 1 --u 1 --l-ratio 0.0 --sd-ratio 0.0 --w-probe-ratio 1.0 --w-suspect-ratio 3.0 --parallel shared --keep-going --mode baseline
swim_timed,5,1,N=5 U=1 L=0 sd=1 Wp=1 Ws=5,baseline,cmp,9,8,,32,FIRE,FIRE,0.3,0.0,4,2,2026-09-14 13:08:14,2026-09-14 13:08:15,swim_timed --nodes 5 --rounds 1 --u 1 --l-ratio 0.0 --sd-ratio 1.0 --w-probe-ratio 1.0 --w-suspect-ratio 5.0 --parallel shared --keep-going --mode baseline
swim_timed,5,1,N=5 U=1 L=1 sd=0 Wp=1 Ws=2,baseline,cmp,9,8,,32,FIRE,FIRE,0.3,0.0,4,2,2026-09-14 13:08:14,2026-09-14 13:08:15,swim_timed --nodes 5 --rounds 1 --u 1 --l-ratio 1.0 --sd-ratio 0.0 --w-probe-ratio 1.0 --w-suspect-ratio 2.0 --parallel shared --keep-going --mode baseline
swim_timed,5,1,N=5 U=1 L=1 sd=1 Wp=1 Ws=4,baseline,cmp,9,8,,32,FIRE,FIRE,0.3,0.0,4,2,2026-09-14 13:08:15,2026-09-14 13:08:15,swim_timed --nodes 5 --rounds 1 --u 1 --l-ratio 1.0 --sd-ratio 1.0 --w-probe-ratio 1.0 --w-suspect-ratio 4.0 --parallel shared --keep-going --mode baseline
swim_timed,5,1,N=5 U=2 L=0 sd=0 Wp=2 Ws=5,baseline,cmp,9,8,,32,FIRE,FIRE,0.3,0.0,4,2,2026-09-14 13:08:15,2026-09-14 13:08:15,swim_timed --nodes 5 --rounds 1 --u 2 --l-ratio 0.0 --sd-ratio 0.0 --w-probe-ratio 1.0 --w-suspect-ratio 2.5 --parallel shared --keep-going --mode baseline
swim_timed,5,1,N=5 U=2 L=0 sd=1 Wp=2 Ws=7,baseline,cmp,9,8,,32,FIRE,FIRE,0.3,0.0,4,2,2026-09-14 13:08:15,2026-09-14 13:08:15,swim_timed --nodes 5 --rounds 1 --u 2 --l-ratio 0.0 --sd-ratio 0.5 --w-probe-ratio 1.0 --w-suspect-ratio 3.5 --parallel shared --keep-going --mode baseline
swim_timed,5,1,N=5 U=2 L=2 sd=0 Wp=2 Ws=3,baseline,cmp,9,8,,32,FIRE,FIRE,0.3,0.0,4,2,2026-09-14 13:08:15,2026-09-14 13:08:15,swim_timed --nodes 5 --rounds 1 --u 2 --l-ratio 1.0 --sd-ratio 0.0 --w-probe-ratio 1.0 --w-suspect-ratio 1.5 --parallel shared --keep-going --mode baseline
swim_timed,5,1,N=5 U=2 L=2 sd=1 Wp=2 Ws=5,baseline,cmp,9,8,,32,FIRE,FIRE,0.3,0.0,4,2,2026-09-14 13:08:15,2026-09-14 13:08:15,swim_timed --nodes 5 --rounds 1 --u 2 --l-ratio 1.0 --sd-ratio 0.5 --w-probe-ratio 1.0 --w-suspect-ratio 2.5 --parallel shared --keep-going --mode baseline
swim_timed,5,1,N=5 U=1 L=0 sd=0 Wp=1 Ws=3,timed,cmp,2,42,,0,hold,hold,0.3,0.0,4,2,2026-09-14 13:08:15,2026-09-14 13:08:15,swim_timed --nodes 5 --rounds 1 --u 1 --l-ratio 0.0 --sd-ratio 0.0 --w-probe-ratio 1.0 --w-suspect-ratio 3.0 --parallel shared --keep-going --mode timed
swim_timed,5,1,N=5 U=1 L=0 sd=1 Wp=1 Ws=5,timed,cmp,2,34,,0,hold,hold,0.3,0.0,4,2,2026-09-14 13:08:15,2026-09-14 13:08:16,swim_timed --nodes 5 --rounds 1 --u 1 --l-ratio 0.0 --sd-ratio 1.0 --w-probe-ratio 1.0 --w-suspect-ratio 5.0 --parallel shared --keep-going --mode timed
swim_timed,5,1,N=5 U=1 L=1 sd=0 Wp=1 Ws=2,timed,cmp,1,15,,0,hold,hold,0.3,0.0,4,2,2026-09-14 13:08:15,2026-09-14 13:08:16,swim_timed --nodes 5 --rounds 1 --u 1 --l-ratio 1.0 --sd-ratio 0.0 --w-probe-ratio 1.0 --w-suspect-ratio 2.0 --parallel shared --keep-going --mode timed
swim_timed,5,1,N=5 U=1 L=1 sd=1 Wp=1 Ws=4,timed,cmp,1,15,,0,hold,hold,0.3,0.0,4,2,2026-09-14 13:08:15,2026-09-14 13:08:16,swim_timed --nodes 5 --rounds 1 --u 1 --l-ratio 1.0 --sd-ratio 1.0 --w-probe-ratio 1.0 --w-suspect-ratio 4.0 --parallel shared --keep-going --mode timed
swim_timed,5,1,N=5 U=2 L=0 sd=0 Wp=2 Ws=5,timed,cmp,2,42,,0,hold,hold,0.3,0.1,4,2,2026-09-14 13:08:16,2026-09-14 13:08:16,swim_timed --nodes 5 --rounds 1 --u 2 --l-ratio 0.0 --sd-ratio 0.0 --w-probe-ratio 1.0 --w-suspect-ratio 2.5 --parallel shared --keep-going --mode timed
swim_timed,5,1,N=5 U=2 L=0 sd=1 Wp=2 Ws=7,timed,cmp,2,42,,0,hold,hold,0.3,0.1,4,2,2026-09-14 13:08:16,2026-09-14 13:08:16,swim_timed --nodes 5 --rounds 1 --u 2 --l-ratio 0.0 --sd-ratio 0.5 --w-probe-ratio 1.0 --w-suspect-ratio 3.5 --parallel shared --keep-going --mode timed
swim_timed,5,1,N=5 U=2 L=2 sd=0 Wp=2 Ws=3,timed,cmp,1,15,,0,hold,hold,0.3,0.0,4,2,2026-09-14 13:08:16,2026-09-14 13:08:16,swim_timed --nodes 5 --rounds 1 --u 2 --l-ratio 1.0 --sd-ratio 0.0 --w-probe-ratio 1.0 --w-suspect-ratio 1.5 --parallel shared --keep-going --mode timed
swim_timed,5,1,N=5 U=2 L=2 sd=1 Wp=2 Ws=5,timed,cmp,1,15,,0,hold,hold,0.3,0.0,4,2,2026-09-14 13:08:16,2026-09-14 13:08:16,swim_timed --nodes 5 --rounds 1 --u 2 --l-ratio 1.0 --sd-ratio 0.5 --w-probe-ratio 1.0 --w-suspect-ratio 2.5 --parallel shared --keep-going --mode timed
lease_timed,2,3,C=2 U=1 L=0 sd=0 TTL=10 pause=7 fence=off,baseline,cmp,512,292,,292,FIRE,FIRE,0.8,0.5,9,2,2026-09-14 13:08:16,2026-09-14 13:08:17,lease_timed --clients 2 --rounds 3 --u 1 --l-ratio 0.0 --sd-ratio 0.0 --ttl-ratio 10.0 --pause-ratio 7.0 --fencing off --parallel shared --keep-going --mode baseline
lease_timed,2,3,C=2 U=1 L=0 sd=0 TTL=6 pause=3 fence=off,baseline,cmp,512,292,,292,FIRE,FIRE,1.0,0.5,9,2,2026-09-14 13:08:16,2026-09-14 13:08:17,lease_timed --clients 2 --rounds 3 --u 1 --l-ratio 0.0 --sd-ratio 0.0 --ttl-ratio 6.0 --pause-ratio 3.0 --fencing off --parallel shared --keep-going --mode baseline
lease_timed,2,3,C=2 U=1 L=0 sd=0 TTL=6 pause=4 fence=on,baseline,cmp,1728,0,,0,hold,hold,1.8,0.9,9,2,2026-09-14 13:08:16,2026-09-14 13:08:18,lease_timed --clients 2 --rounds 3 --u 1 --l-ratio 0.0 --sd-ratio 0.0 --ttl-ratio 6.0 --pause-ratio 4.0 --fencing on --parallel shared --keep-going --mode baseline
lease_timed,2,3,C=2 U=1 L=0 sd=1 TTL=6 pause=1 fence=off,baseline,cmp,512,292,,292,FIRE,FIRE,0.8,0.5,9,2,2026-09-14 13:08:17,2026-09-14 13:08:18,lease_timed --clients 2 --rounds 3 --u 1 --l-ratio 0.0 --sd-ratio 1.0 --ttl-ratio 6.0 --pause-ratio 1.0 --fencing off --parallel shared --keep-going --mode baseline
lease_timed,3,2,C=3 U=2 L=2 sd=1 TTL=10 pause=7 fence=off,timed,cmp,576,1373,,0,hold,hold,6.8,8.2,10,2,2026-09-14 13:08:11,2026-09-14 13:08:18,lease_timed --clients 3 --rounds 2 --u 2 --l-ratio 1.0 --sd-ratio 0.5 --ttl-ratio 5.0 --pause-ratio 3.5 --fencing off --parallel shared --keep-going --mode timed
lease_timed,2,3,C=2 U=1 L=0 sd=0 TTL=10 pause=8 fence=on,baseline,cmp,1728,0,,0,hold,hold,1.0,0.9,9,2,2026-09-14 13:08:17,2026-09-14 13:08:18,lease_timed --clients 2 --rounds 3 --u 1 --l-ratio 0.0 --sd-ratio 0.0 --ttl-ratio 10.0 --pause-ratio 8.0 --fencing on --parallel shared --keep-going --mode baseline
lease_timed,2,3,C=2 U=1 L=0 sd=1 TTL=10 pause=5 fence=off,baseline,cmp,512,292,,292,FIRE,FIRE,0.8,0.5,9,2,2026-09-14 13:08:18,2026-09-14 13:08:19,lease_timed --clients 2 --rounds 3 --u 1 --l-ratio 0.0 --sd-ratio 1.0 --ttl-ratio 10.0 --pause-ratio 5.0 --fencing off --parallel shared --keep-going --mode baseline
lease_timed,2,3,C=2 U=1 L=1 sd=0 TTL=6 pause=5 fence=off,baseline,cmp,512,292,,292,FIRE,FIRE,1.0,0.5,9,2,2026-09-14 13:08:18,2026-09-14 13:08:19,lease_timed --clients 2 --rounds 3 --u 1 --l-ratio 1.0 --sd-ratio 0.0 --ttl-ratio 6.0 --pause-ratio 5.0 --fencing off --parallel shared --keep-going --mode baseline
lease_timed,2,3,C=2 U=1 L=0 sd=1 TTL=6 pause=2 fence=on,baseline,cmp,1728,0,,0,hold,hold,1.5,1.0,9,2,2026-09-14 13:08:18,2026-09-14 13:08:19,lease_timed --clients 2 --rounds 3 --u 1 --l-ratio 0.0 --sd-ratio 1.0 --ttl-ratio 6.0 --pause-ratio 2.0 --fencing on --parallel shared --keep-going --mode baseline
lease_timed,2,3,C=2 U=1 L=0 sd=1 TTL=10 pause=6 fence=on,baseline,cmp,1728,0,,0,hold,hold,1.5,1.0,9,2,2026-09-14 13:08:18,2026-09-14 13:08:19,lease_timed --clients 2 --rounds 3 --u 1 --l-ratio 0.0 --sd-ratio 1.0 --ttl-ratio 10.0 --pause-ratio 6.0 --fencing on --parallel shared --keep-going --mode baseline
lease_timed,2,3,C=2 U=1 L=1 sd=0 TTL=10 pause=9 fence=off,baseline,cmp,512,292,,292,FIRE,FIRE,0.8,0.5,9,2,2026-09-14 13:08:19,2026-09-14 13:08:20,lease_timed --clients 2 --rounds 3 --u 1 --l-ratio 1.0 --sd-ratio 0.0 --ttl-ratio 10.0 --pause-ratio 9.0 --fencing off --parallel shared --keep-going --mode baseline
lease_timed,2,3,C=2 U=1 L=1 sd=0 TTL=6 pause=6 fence=on,baseline,cmp,1728,0,,0,hold,hold,1.3,1.0,9,2,2026-09-14 13:08:19,2026-09-14 13:08:20,lease_timed --clients 2 --rounds 3 --u 1 --l-ratio 1.0 --sd-ratio 0.0 --ttl-ratio 6.0 --pause-ratio 6.0 --fencing on --parallel shared --keep-going --mode baseline
lease_timed,2,3,C=2 U=1 L=1 sd=1 TTL=6 pause=3 fence=off,baseline,cmp,512,292,,292,FIRE,FIRE,0.8,0.5,9,2,2026-09-14 13:08:19,2026-09-14 13:08:20,lease_timed --clients 2 --rounds 3 --u 1 --l-ratio 1.0 --sd-ratio 1.0 --ttl-ratio 6.0 --pause-ratio 3.0 --fencing off --parallel shared --keep-going --mode baseline
lease_timed,2,3,C=2 U=1 L=1 sd=0 TTL=10 pause=10 fence=on,baseline,cmp,1728,0,,0,hold,hold,1.5,0.9,9,2,2026-09-14 13:08:19,2026-09-14 13:08:21,lease_timed --clients 2 --rounds 3 --u 1 --l-ratio 1.0 --sd-ratio 0.0 --ttl-ratio 10.0 --pause-ratio 10.0 --fencing on --parallel shared --keep-going --mode baseline
lease_timed,2,3,C=2 U=1 L=1 sd=1 TTL=10 pause=7 fence=off,baseline,cmp,512,292,,292,FIRE,FIRE,1.1,0.5,9,2,2026-09-14 13:08:20,2026-09-14 13:08:21,lease_timed --clients 2 --rounds 3 --u 1 --l-ratio 1.0 --sd-ratio 1.0 --ttl-ratio 10.0 --pause-ratio 7.0 --fencing off --parallel shared --keep-going --mode baseline
lease_timed,2,3,C=2 U=1 L=1 sd=1 TTL=6 pause=4 fence=on,baseline,cmp,1728,0,,0,hold,hold,1.3,0.9,9,2,2026-09-14 13:08:20,2026-09-14 13:08:21,lease_timed --clients 2 --rounds 3 --u 1 --l-ratio 1.0 --sd-ratio 1.0 --ttl-ratio 6.0 --pause-ratio 4.0 --fencing on --parallel shared --keep-going --mode baseline
lease_timed,3,2,C=3 U=2 L=2 sd=1 TTL=10 pause=8 fence=on,timed,cmp,1280,1931,,0,hold,hold,10.0,11.9,10,2,2026-09-14 13:08:11,2026-09-14 13:08:21,lease_timed --clients 3 --rounds 2 --u 2 --l-ratio 1.0 --sd-ratio 0.5 --ttl-ratio 5.0 --pause-ratio 4.0 --fencing on --parallel shared --keep-going --mode timed
lease_timed,2,3,C=2 U=2 L=0 sd=0 TTL=6 pause=1 fence=off,baseline,cmp,512,292,,292,FIRE,FIRE,0.8,0.5,9,2,2026-09-14 13:08:21,2026-09-14 13:08:22,lease_timed --clients 2 --rounds 3 --u 2 --l-ratio 0.0 --sd-ratio 0.0 --ttl-ratio 3.0 --pause-ratio 0.5 --fencing off --parallel shared --keep-going --mode baseline
lease_timed,2,3,C=2 U=1 L=1 sd=1 TTL=10 pause=8 fence=on,baseline,cmp,1728,0,,0,hold,hold,1.6,0.9,9,2,2026-09-14 13:08:20,2026-09-14 13:08:22,lease_timed --clients 2 --rounds 3 --u 1 --l-ratio 1.0 --sd-ratio 1.0 --ttl-ratio 10.0 --pause-ratio 8.0 --fencing on --parallel shared --keep-going --mode baseline
lease_timed,2,3,C=2 U=2 L=0 sd=0 TTL=10 pause=5 fence=off,baseline,cmp,512,292,,292,FIRE,FIRE,0.8,0.5,9,2,2026-09-14 13:08:21,2026-09-14 13:08:22,lease_timed --clients 2 --rounds 3 --u 2 --l-ratio 0.0 --sd-ratio 0.0 --ttl-ratio 5.0 --pause-ratio 2.5 --fencing off --parallel shared --keep-going --mode baseline
lease_timed,2,3,C=2 U=2 L=0 sd=0 TTL=6 pause=2 fence=on,baseline,cmp,1728,0,,0,hold,hold,1.0,0.9,9,2,2026-09-14 13:08:21,2026-09-14 13:08:22,lease_timed --clients 2 --rounds 3 --u 2 --l-ratio 0.0 --sd-ratio 0.0 --ttl-ratio 3.0 --pause-ratio 1.0 --fencing on --parallel shared --keep-going --mode baseline
lease_timed,2,3,C=2 U=2 L=0 sd=1 TTL=10 pause=3 fence=off,baseline,cmp,512,292,,292,FIRE,FIRE,0.8,0.5,9,2,2026-09-14 13:08:22,2026-09-14 13:08:22,lease_timed --clients 2 --rounds 3 --u 2 --l-ratio 0.0 --sd-ratio 0.5 --ttl-ratio 5.0 --pause-ratio 1.5 --fencing off --parallel shared --keep-going --mode baseline
lease_timed,2,3,C=2 U=2 L=0 sd=0 TTL=10 pause=6 fence=on,baseline,cmp,1728,0,,0,hold,hold,1.3,0.9,10,2,2026-09-14 13:08:21,2026-09-14 13:08:22,lease_timed --clients 2 --rounds 3 --u 2 --l-ratio 0.0 --sd-ratio 0.0 --ttl-ratio 5.0 --pause-ratio 3.0 --fencing on --parallel shared --keep-going --mode baseline
lease_timed,2,3,C=2 U=2 L=2 sd=0 TTL=6 pause=5 fence=off,baseline,cmp,512,292,,292,FIRE,FIRE,0.8,0.5,9,2,2026-09-14 13:08:22,2026-09-14 13:08:23,lease_timed --clients 2 --rounds 3 --u 2 --l-ratio 1.0 --sd-ratio 0.0 --ttl-ratio 3.0 --pause-ratio 2.5 --fencing off --parallel shared --keep-going --mode baseline
lease_timed,2,3,C=2 U=2 L=0 sd=1 TTL=10 pause=4 fence=on,baseline,cmp,1728,0,,0,hold,hold,1.0,0.9,9,2,2026-09-14 13:08:22,2026-09-14 13:08:23,lease_timed --clients 2 --rounds 3 --u 2 --l-ratio 0.0 --sd-ratio 0.5 --ttl-ratio 5.0 --pause-ratio 2.0 --fencing on --parallel shared --keep-going --mode baseline
lease_timed,2,3,C=2 U=2 L=2 sd=0 TTL=10 pause=9 fence=off,baseline,cmp,512,292,,292,FIRE,FIRE,0.8,0.5,9,2,2026-09-14 13:08:22,2026-09-14 13:08:23,lease_timed --clients 2 --rounds 3 --u 2 --l-ratio 1.0 --sd-ratio 0.0 --ttl-ratio 5.0 --pause-ratio 4.5 --fencing off --parallel shared --keep-going --mode baseline
lease_timed,3,2,C=3 U=2 L=0 sd=1 TTL=10 pause=4 fence=on,timed,cmp,4624,5295,,0,hold,hold,19.8,28.5,12,2,2026-09-14 13:08:03,2026-09-14 13:08:23,lease_timed --clients 3 --rounds 2 --u 2 --l-ratio 0.0 --sd-ratio 0.5 --ttl-ratio 5.0 --pause-ratio 2.0 --fencing on --parallel shared --keep-going --mode timed
lease_timed,2,3,C=2 U=2 L=2 sd=0 TTL=6 pause=6 fence=on,baseline,cmp,1728,0,,0,hold,hold,1.3,0.9,9,2,2026-09-14 13:08:22,2026-09-14 13:08:23,lease_timed --clients 2 --rounds 3 --u 2 --l-ratio 1.0 --sd-ratio 0.0 --ttl-ratio 3.0 --pause-ratio 3.0 --fencing on --parallel shared --keep-going --mode baseline
lease_timed,2,3,C=2 U=2 L=2 sd=1 TTL=6 pause=3 fence=off,baseline,cmp,512,292,,292,FIRE,FIRE,0.8,0.5,9,2,2026-09-14 13:08:23,2026-09-14 13:08:23,lease_timed --clients 2 --rounds 3 --u 2 --l-ratio 1.0 --sd-ratio 0.5 --ttl-ratio 3.0 --pause-ratio 1.5 --fencing off --parallel shared --keep-going --mode baseline
lease_timed,2,3,C=2 U=2 L=2 sd=0 TTL=10 pause=10 fence=on,baseline,cmp,1728,0,,0,hold,hold,1.3,0.9,9,2,2026-09-14 13:08:22,2026-09-14 13:08:24,lease_timed --clients 2 --rounds 3 --u 2 --l-ratio 1.0 --sd-ratio 0.0 --ttl-ratio 5.0 --pause-ratio 5.0 --fencing on --parallel shared --keep-going --mode baseline
lease_timed,2,3,C=2 U=2 L=2 sd=1 TTL=10 pause=7 fence=off,baseline,cmp,512,292,,292,FIRE,FIRE,0.8,0.5,9,2,2026-09-14 13:08:23,2026-09-14 13:08:24,lease_timed --clients 2 --rounds 3 --u 2 --l-ratio 1.0 --sd-ratio 0.5 --ttl-ratio 5.0 --pause-ratio 3.5 --fencing off --parallel shared --keep-going --mode baseline
lease_timed,2,3,C=2 U=2 L=2 sd=1 TTL=6 pause=4 fence=on,baseline,cmp,1728,0,,0,hold,hold,1.3,0.9,9,2,2026-09-14 13:08:23,2026-09-14 13:08:24,lease_timed --clients 2 --rounds 3 --u 2 --l-ratio 1.0 --sd-ratio 0.5 --ttl-ratio 3.0 --pause-ratio 2.0 --fencing on --parallel shared --keep-going --mode baseline
lease_timed,2,3,C=2 U=2 L=2 sd=1 TTL=10 pause=8 fence=on,baseline,cmp,1728,0,,0,hold,hold,1.0,0.9,9,2,2026-09-14 13:08:23,2026-09-14 13:08:24,lease_timed --clients 2 --rounds 3 --u 2 --l-ratio 1.0 --sd-ratio 0.5 --ttl-ratio 5.0 --pause-ratio 4.0 --fencing on --parallel shared --keep-going --mode baseline
lease_timed,2,3,C=2 U=1 L=0 sd=0 TTL=6 pause=3 fence=off,timed,cmp,512,438,,0,hold,hold,3.3,2.8,9,2,2026-09-14 13:08:23,2026-09-14 13:08:26,lease_timed --clients 2 --rounds 3 --u 1 --l-ratio 0.0 --sd-ratio 0.0 --ttl-ratio 6.0 --pause-ratio 3.0 --fencing off --parallel shared --keep-going --mode timed
lease_timed,2,3,C=2 U=1 L=0 sd=0 TTL=10 pause=7 fence=off,timed,cmp,512,438,,0,hold,hold,2.8,2.8,10,2,2026-09-14 13:08:24,2026-09-14 13:08:27,lease_timed --clients 2 --rounds 3 --u 1 --l-ratio 0.0 --sd-ratio 0.0 --ttl-ratio 10.0 --pause-ratio 7.0 --fencing off --parallel shared --keep-going --mode timed
lease_timed,2,3,C=2 U=1 L=0 sd=1 TTL=6 pause=1 fence=off,timed,cmp,512,438,,0,hold,hold,2.5,2.7,10,2,2026-09-14 13:08:24,2026-09-14 13:08:27,lease_timed --clients 2 --rounds 3 --u 1 --l-ratio 0.0 --sd-ratio 1.0 --ttl-ratio 6.0 --pause-ratio 1.0 --fencing off --parallel shared --keep-going --mode timed
lease_timed,2,3,C=2 U=1 L=1 sd=0 TTL=6 pause=5 fence=off,timed,cmp,16,27,,0,hold,hold,0.3,0.2,5,2,2026-09-14 13:08:27,2026-09-14 13:08:27,lease_timed --clients 2 --rounds 3 --u 1 --l-ratio 1.0 --sd-ratio 0.0 --ttl-ratio 6.0 --pause-ratio 5.0 --fencing off --parallel shared --keep-going --mode timed
lease_timed,2,3,C=2 U=1 L=1 sd=0 TTL=6 pause=6 fence=on,timed,cmp,96,31,,0,hold,hold,0.8,0.7,5,2,2026-09-14 13:08:27,2026-09-14 13:08:28,lease_timed --clients 2 --rounds 3 --u 1 --l-ratio 1.0 --sd-ratio 0.0 --ttl-ratio 6.0 --pause-ratio 6.0 --fencing on --parallel shared --keep-going --mode timed
lease_timed,2,3,C=2 U=1 L=0 sd=0 TTL=6 pause=4 fence=on,timed,cmp,1000,721,,0,hold,hold,4.3,4.6,9,2,2026-09-14 13:08:23,2026-09-14 13:08:28,lease_timed --clients 2 --rounds 3 --u 1 --l-ratio 0.0 --sd-ratio 0.0 --ttl-ratio 6.0 --pause-ratio 4.0 --fencing on --parallel shared --keep-going --mode timed
lease_timed,2,3,C=2 U=1 L=1 sd=0 TTL=10 pause=9 fence=off,timed,cmp,16,27,,0,hold,hold,0.3,0.2,5,2,2026-09-14 13:08:28,2026-09-14 13:08:28,lease_timed --clients 2 --rounds 3 --u 1 --l-ratio 1.0 --sd-ratio 0.0 --ttl-ratio 10.0 --pause-ratio 9.0 --fencing off --parallel shared --keep-going --mode timed
lease_timed,2,3,C=2 U=1 L=0 sd=0 TTL=10 pause=8 fence=on,timed,cmp,1000,721,,0,hold,hold,4.1,4.6,10,2,2026-09-14 13:08:24,2026-09-14 13:08:28,lease_timed --clients 2 --rounds 3 --u 1 --l-ratio 0.0 --sd-ratio 0.0 --ttl-ratio 10.0 --pause-ratio 8.0 --fencing on --parallel shared --keep-going --mode timed
lease_timed,2,3,C=2 U=1 L=0 sd=1 TTL=6 pause=2 fence=on,timed,cmp,1000,721,,0,hold,hold,3.8,4.6,10,2,2026-09-14 13:08:24,2026-09-14 13:08:28,lease_timed --clients 2 --rounds 3 --u 1 --l-ratio 0.0 --sd-ratio 1.0 --ttl-ratio 6.0 --pause-ratio 2.0 --fencing on --parallel shared --keep-going --mode timed
lease_timed,2,3,C=2 U=1 L=1 sd=0 TTL=10 pause=10 fence=on,timed,cmp,96,31,,0,hold,hold,0.8,0.7,6,2,2026-09-14 13:08:28,2026-09-14 13:08:28,lease_timed --clients 2 --rounds 3 --u 1 --l-ratio 1.0 --sd-ratio 0.0 --ttl-ratio 10.0 --pause-ratio 10.0 --fencing on --parallel shared --keep-going --mode timed
lease_timed,2,3,C=2 U=1 L=1 sd=1 TTL=6 pause=3 fence=off,timed,cmp,64,120,,0,hold,hold,0.8,0.7,5,2,2026-09-14 13:08:28,2026-09-14 13:08:29,lease_timed --clients 2 --rounds 3 --u 1 --l-ratio 1.0 --sd-ratio 1.0 --ttl-ratio 6.0 --pause-ratio 3.0 --fencing off --parallel shared --keep-going --mode timed
lease_timed,2,3,C=2 U=1 L=1 sd=1 TTL=10 pause=7 fence=off,timed,cmp,64,120,,0,hold,hold,0.8,0.7,5,2,2026-09-14 13:08:28,2026-09-14 13:08:29,lease_timed --clients 2 --rounds 3 --u 1 --l-ratio 1.0 --sd-ratio 1.0 --ttl-ratio 10.0 --pause-ratio 7.0 --fencing off --parallel shared --keep-going --mode timed
lease_timed,2,3,C=2 U=1 L=0 sd=1 TTL=10 pause=5 fence=off,timed,cmp,512,438,,0,hold,hold,2.5,2.7,9,2,2026-09-14 13:08:26,2026-09-14 13:08:29,lease_timed --clients 2 --rounds 3 --u 1 --l-ratio 0.0 --sd-ratio 1.0 --ttl-ratio 10.0 --pause-ratio 5.0 --fencing off --parallel shared --keep-going --mode timed
lease_timed,2,3,C=2 U=1 L=1 sd=1 TTL=6 pause=4 fence=on,timed,cmp,216,236,,0,hold,hold,1.5,1.6,6,2,2026-09-14 13:08:28,2026-09-14 13:08:29,lease_timed --clients 2 --rounds 3 --u 1 --l-ratio 1.0 --sd-ratio 1.0 --ttl-ratio 6.0 --pause-ratio 4.0 --fencing on --parallel shared --keep-going --mode timed
lease_timed,2,3,C=2 U=1 L=1 sd=1 TTL=10 pause=8 fence=on,timed,cmp,216,236,,0,hold,hold,1.8,1.6,6,2,2026-09-14 13:08:28,2026-09-14 13:08:30,lease_timed --clients 2 --rounds 3 --u 1 --l-ratio 1.0 --sd-ratio 1.0 --ttl-ratio 10.0 --pause-ratio 8.0 --fencing on --parallel shared --keep-going --mode timed
lease_timed,2,3,C=2 U=1 L=0 sd=1 TTL=10 pause=6 fence=on,timed,cmp,1000,721,,0,hold,hold,4.3,4.6,10,2,2026-09-14 13:08:27,2026-09-14 13:08:31,lease_timed --clients 2 --rounds 3 --u 1 --l-ratio 0.0 --sd-ratio 1.0 --ttl-ratio 10.0 --pause-ratio 6.0 --fencing on --parallel shared --keep-going --mode timed
lease_timed,2,3,C=2 U=2 L=0 sd=0 TTL=6 pause=1 fence=off,timed,cmp,512,474,,0,hold,hold,2.5,2.8,9,2,2026-09-14 13:08:29,2026-09-14 13:08:31,lease_timed --clients 2 --rounds 3 --u 2 --l-ratio 0.0 --sd-ratio 0.0 --ttl-ratio 3.0 --pause-ratio 0.5 --fencing off --parallel shared --keep-going --mode timed
lease_timed,2,3,C=2 U=2 L=2 sd=0 TTL=6 pause=5 fence=off,timed,cmp,2,8,,0,hold,hold,0.3,0.1,4,2,2026-09-14 13:08:31,2026-09-14 13:08:32,lease_timed --clients 2 --rounds 3 --u 2 --l-ratio 1.0 --sd-ratio 0.0 --ttl-ratio 3.0 --pause-ratio 2.5 --fencing off --parallel shared --keep-going --mode timed
lease_timed,2,3,C=2 U=2 L=0 sd=0 TTL=10 pause=5 fence=off,timed,cmp,512,474,,0,hold,hold,2.8,2.8,10,2,2026-09-14 13:08:29,2026-09-14 13:08:32,lease_timed --clients 2 --rounds 3 --u 2 --l-ratio 0.0 --sd-ratio 0.0 --ttl-ratio 5.0 --pause-ratio 2.5 --fencing off --parallel shared --keep-going --mode timed
lease_timed,2,3,C=2 U=2 L=2 sd=0 TTL=6 pause=6 fence=on,timed,cmp,12,10,,0,hold,hold,0.3,0.1,5,2,2026-09-14 13:08:32,2026-09-14 13:08:32,lease_timed --clients 2 --rounds 3 --u 2 --l-ratio 1.0 --sd-ratio 0.0 --ttl-ratio 3.0 --pause-ratio 3.0 --fencing on --parallel shared --keep-going --mode timed
lease_timed,2,3,C=2 U=2 L=2 sd=0 TTL=10 pause=9 fence=off,timed,cmp,16,27,,0,hold,hold,0.3,0.2,5,2,2026-09-14 13:08:32,2026-09-14 13:08:32,lease_timed --clients 2 --rounds 3 --u 2 --l-ratio 1.0 --sd-ratio 0.0 --ttl-ratio 5.0 --pause-ratio 4.5 --fencing off --parallel shared --keep-going --mode timed
lease_timed,2,3,C=2 U=2 L=0 sd=0 TTL=6 pause=2 fence=on,timed,cmp,1000,721,,0,hold,hold,3.5,4.6,10,2,2026-09-14 13:08:29,2026-09-14 13:08:32,lease_timed --clients 2 --rounds 3 --u 2 --l-ratio 0.0 --sd-ratio 0.0 --ttl-ratio 3.0 --pause-ratio 1.0 --fencing on --parallel shared --keep-going --mode timed
lease_timed,2,3,C=2 U=2 L=2 sd=1 TTL=6 pause=3 fence=off,timed,cmp,8,31,,0,hold,hold,0.3,0.1,5,2,2026-09-14 13:08:32,2026-09-14 13:08:32,lease_timed --clients 2 --rounds 3 --u 2 --l-ratio 1.0 --sd-ratio 0.5 --ttl-ratio 3.0 --pause-ratio 1.5 --fencing off --parallel shared --keep-going --mode timed
lease_timed,2,3,C=2 U=2 L=0 sd=1 TTL=10 pause=3 fence=off,timed,cmp,512,474,,0,hold,hold,2.3,2.8,10,2,2026-09-14 13:08:30,2026-09-14 13:08:33,lease_timed --clients 2 --rounds 3 --u 2 --l-ratio 0.0 --sd-ratio 0.5 --ttl-ratio 5.0 --pause-ratio 1.5 --fencing off --parallel shared --keep-going --mode timed
lease_timed,2,3,C=2 U=2 L=2 sd=1 TTL=6 pause=4 fence=on,timed,cmp,12,31,,0,hold,hold,0.3,0.2,4,2,2026-09-14 13:08:32,2026-09-14 13:08:33,lease_timed --clients 2 --rounds 3 --u 2 --l-ratio 1.0 --sd-ratio 0.5 --ttl-ratio 3.0 --pause-ratio 2.0 --fencing on --parallel shared --keep-going --mode timed
lease_timed,2,3,C=2 U=2 L=2 sd=0 TTL=10 pause=10 fence=on,timed,cmp,96,31,,0,hold,hold,0.8,0.7,6,2,2026-09-14 13:08:32,2026-09-14 13:08:33,lease_timed --clients 2 --rounds 3 --u 2 --l-ratio 1.0 --sd-ratio 0.0 --ttl-ratio 5.0 --pause-ratio 5.0 --fencing on --parallel shared --keep-going --mode timed
lease_timed,2,3,C=2 U=2 L=2 sd=1 TTL=10 pause=7 fence=off,timed,cmp,64,110,,0,hold,hold,0.8,0.7,5,2,2026-09-14 13:08:32,2026-09-14 13:08:33,lease_timed --clients 2 --rounds 3 --u 2 --l-ratio 1.0 --sd-ratio 0.5 --ttl-ratio 5.0 --pause-ratio 3.5 --fencing off --parallel shared --keep-going --mode timed
lease_timed,2,3,C=2 U=2 L=0 sd=0 TTL=10 pause=6 fence=on,timed,cmp,1000,721,,0,hold,hold,3.8,4.6,9,2,2026-09-14 13:08:29,2026-09-14 13:08:33,lease_timed --clients 2 --rounds 3 --u 2 --l-ratio 0.0 --sd-ratio 0.0 --ttl-ratio 5.0 --pause-ratio 3.0 --fencing on --parallel shared --keep-going --mode timed
lease_timed,2,3,C=2 U=2 L=2 sd=1 TTL=10 pause=8 fence=on,timed,cmp,96,115,,0,hold,hold,0.8,0.8,6,2,2026-09-14 13:08:33,2026-09-14 13:08:33,lease_timed --clients 2 --rounds 3 --u 2 --l-ratio 1.0 --sd-ratio 0.5 --ttl-ratio 5.0 --pause-ratio 4.0 --fencing on --parallel shared --keep-going --mode timed
lease_timed,2,3,C=2 U=2 L=0 sd=1 TTL=10 pause=4 fence=on,timed,cmp,1000,721,,0,hold,hold,3.5,4.5,10,2,2026-09-14 13:08:31,2026-09-14 13:08:34,lease_timed --clients 2 --rounds 3 --u 2 --l-ratio 0.0 --sd-ratio 0.5 --ttl-ratio 5.0 --pause-ratio 2.0 --fencing on --parallel shared --keep-going --mode timed
