protocol,N,rounds,cell,side,variant,execs,block,extra,violations,verdict,expected,wall_s,cpu_s,rss_mb,workers,started,finished,cmd
lease_timed,2,1,U=1 L=0 sd=0 TTL=6 pause=4 fence=off,baseline,boundary,,,,,FIRE,FIRE,0.0,0.0,2,8,2026-09-06 16:17:24,2026-09-06 16:17:24,lease_timed --clients 2 --rounds 1 --u 1 --l-ratio 0.0 --sd-ratio 0.0 --ttl-ratio 6.0 --pause-ratio 4.0 --fencing off --mode baseline
lease_timed,2,1,U=1 L=0 sd=0 TTL=6 pause=4 fence=on,baseline,boundary,12,0,,0,hold,hold,0.0,0.0,2,8,2026-09-06 16:17:24,2026-09-06 16:17:24,lease_timed --clients 2 --rounds 1 --u 1 --l-ratio 0.0 --sd-ratio 0.0 --ttl-ratio 6.0 --pause-ratio 4.0 --fencing on --mode baseline
lease_timed,2,1,U=1 L=0 sd=0 TTL=8 pause=6 fence=on,baseline,boundary,12,0,,0,hold,hold,0.0,0.0,2,8,2026-09-06 16:17:24,2026-09-06 16:17:24,lease_timed --clients 2 --rounds 1 --u 1 --l-ratio 0.0 --sd-ratio 0.0 --ttl-ratio 8.0 --pause-ratio 6.0 --fencing on --mode baseline
lease_timed,2,1,U=1 L=0 sd=0 TTL=6 pause=3 fence=off,baseline,boundary,,,,,FIRE,FIRE,0.0,0.0,2,8,2026-09-06 16:17:24,2026-09-06 16:17:24,lease_timed --clients 2 --rounds 1 --u 1 --l-ratio 0.0 --sd-ratio 0.0 --ttl-ratio 6.0 --pause-ratio 3.0 --fencing off --mode baseline
lease_timed,2,1,U=1 L=0 sd=0 TTL=10 pause=8 fence=on,baseline,boundary,12,0,,0,hold,hold,0.0,0.0,2,8,2026-09-06 16:17:24,2026-09-06 16:17:24,lease_timed --clients 2 --rounds 1 --u 1 --l-ratio 0.0 --sd-ratio 0.0 --ttl-ratio 10.0 --pause-ratio 8.0 --fencing on --mode baseline
lease_timed,2,1,U=1 L=0 sd=0 TTL=12 pause=10 fence=off,baseline,boundary,,,,,FIRE,FIRE,0.0,0.0,2,8,2026-09-06 16:17:24,2026-09-06 16:17:24,lease_timed --clients 2 --rounds 1 --u 1 --l-ratio 0.0 --sd-ratio 0.0 --ttl-ratio 12.0 --pause-ratio 10.0 --fencing off --mode baseline
lease_timed,2,1,U=1 L=0 sd=0 TTL=8 pause=6 fence=off,baseline,boundary,,,,,FIRE,FIRE,0.0,0.0,2,8,2026-09-06 16:17:24,2026-09-06 16:17:24,lease_timed --clients 2 --rounds 1 --u 1 --l-ratio 0.0 --sd-ratio 0.0 --ttl-ratio 8.0 --pause-ratio 6.0 --fencing off --mode baseline
lease_timed,2,1,U=1 L=0 sd=0 TTL=10 pause=8 fence=off,baseline,boundary,,,,,FIRE,FIRE,0.0,0.0,2,8,2026-09-06 16:17:24,2026-09-06 16:17:24,lease_timed --clients 2 --rounds 1 --u 1 --l-ratio 0.0 --sd-ratio 0.0 --ttl-ratio 10.0 --pause-ratio 8.0 --fencing off --mode baseline
lease_timed,2,1,U=1 L=0 sd=0 TTL=8 pause=5 fence=off,baseline,boundary,,,,,FIRE,FIRE,0.0,0.0,2,8,2026-09-06 16:17:24,2026-09-06 16:17:24,lease_timed --clients 2 --rounds 1 --u 1 --l-ratio 0.0 --sd-ratio 0.0 --ttl-ratio 8.0 --pause-ratio 5.0 --fencing off --mode baseline
lease_timed,2,1,U=1 L=0 sd=0 TTL=12 pause=10 fence=on,baseline,boundary,12,0,,0,hold,hold,0.0,0.0,2,8,2026-09-06 16:17:24,2026-09-06 16:17:24,lease_timed --clients 2 --rounds 1 --u 1 --l-ratio 0.0 --sd-ratio 0.0 --ttl-ratio 12.0 --pause-ratio 10.0 --fencing on --mode baseline
lease_timed,2,1,U=1 L=0 sd=1 TTL=6 pause=2 fence=on,baseline,boundary,12,0,,0,hold,hold,0.0,0.0,2,8,2026-09-06 16:17:24,2026-09-06 16:17:24,lease_timed --clients 2 --rounds 1 --u 1 --l-ratio 0.0 --sd-ratio 1.0 --ttl-ratio 6.0 --pause-ratio 2.0 --fencing on --mode baseline
lease_timed,2,1,U=1 L=0 sd=1 TTL=6 pause=2 fence=off,baseline,boundary,,,,,FIRE,FIRE,0.0,0.0,2,8,2026-09-06 16:17:24,2026-09-06 16:17:24,lease_timed --clients 2 --rounds 1 --u 1 --l-ratio 0.0 --sd-ratio 1.0 --ttl-ratio 6.0 --pause-ratio 2.0 --fencing off --mode baseline
lease_timed,2,1,U=1 L=0 sd=1 TTL=6 pause=1 fence=off,baseline,boundary,,,,,FIRE,FIRE,0.0,0.0,2,8,2026-09-06 16:17:24,2026-09-06 16:17:24,lease_timed --clients 2 --rounds 1 --u 1 --l-ratio 0.0 --sd-ratio 1.0 --ttl-ratio 6.0 --pause-ratio 1.0 --fencing off --mode baseline
lease_timed,2,1,U=1 L=0 sd=1 TTL=8 pause=4 fence=off,baseline,boundary,,,,,FIRE,FIRE,0.0,0.0,2,8,2026-09-06 16:17:24,2026-09-06 16:17:24,lease_timed --clients 2 --rounds 1 --u 1 --l-ratio 0.0 --sd-ratio 1.0 --ttl-ratio 8.0 --pause-ratio 4.0 --fencing off --mode baseline
lease_timed,2,1,U=1 L=0 sd=0 TTL=10 pause=7 fence=off,baseline,boundary,,,,,FIRE,FIRE,0.0,0.0,2,8,2026-09-06 16:17:24,2026-09-06 16:17:24,lease_timed --clients 2 --rounds 1 --u 1 --l-ratio 0.0 --sd-ratio 0.0 --ttl-ratio 10.0 --pause-ratio 7.0 --fencing off --mode baseline
lease_timed,2,1,U=1 L=0 sd=1 TTL=8 pause=4 fence=on,baseline,boundary,12,0,,0,hold,hold,0.0,0.0,2,8,2026-09-06 16:17:24,2026-09-06 16:17:24,lease_timed --clients 2 --rounds 1 --u 1 --l-ratio 0.0 --sd-ratio 1.0 --ttl-ratio 8.0 --pause-ratio 4.0 --fencing on --mode baseline
lease_timed,2,1,U=1 L=0 sd=1 TTL=8 pause=3 fence=off,baseline,boundary,,,,,FIRE,FIRE,0.0,0.0,2,8,2026-09-06 16:17:24,2026-09-06 16:17:24,lease_timed --clients 2 --rounds 1 --u 1 --l-ratio 0.0 --sd-ratio 1.0 --ttl-ratio 8.0 --pause-ratio 3.0 --fencing off --mode baseline
lease_timed,2,1,U=1 L=0 sd=0 TTL=12 pause=9 fence=off,baseline,boundary,,,,,FIRE,FIRE,0.0,0.0,2,8,2026-09-06 16:17:24,2026-09-06 16:17:24,lease_timed --clients 2 --rounds 1 --u 1 --l-ratio 0.0 --sd-ratio 0.0 --ttl-ratio 12.0 --pause-ratio 9.0 --fencing off --mode baseline
lease_timed,2,1,U=1 L=0 sd=1 TTL=10 pause=5 fence=off,baseline,boundary,,,,,FIRE,FIRE,0.0,0.0,2,8,2026-09-06 16:17:24,2026-09-06 16:17:24,lease_timed --clients 2 --rounds 1 --u 1 --l-ratio 0.0 --sd-ratio 1.0 --ttl-ratio 10.0 --pause-ratio 5.0 --fencing off --mode baseline
lease_timed,2,1,U=1 L=0 sd=1 TTL=10 pause=6 fence=on,baseline,boundary,12,0,,0,hold,hold,0.0,0.0,2,8,2026-09-06 16:17:24,2026-09-06 16:17:24,lease_timed --clients 2 --rounds 1 --u 1 --l-ratio 0.0 --sd-ratio 1.0 --ttl-ratio 10.0 --pause-ratio 6.0 --fencing on --mode baseline
lease_timed,2,1,U=1 L=0 sd=1 TTL=10 pause=6 fence=off,baseline,boundary,,,,,FIRE,FIRE,0.0,0.0,2,8,2026-09-06 16:17:24,2026-09-06 16:17:24,lease_timed --clients 2 --rounds 1 --u 1 --l-ratio 0.0 --sd-ratio 1.0 --ttl-ratio 10.0 --pause-ratio 6.0 --fencing off --mode baseline
lease_timed,2,1,U=1 L=0 sd=1 TTL=12 pause=8 fence=off,baseline,boundary,,,,,FIRE,FIRE,0.0,0.0,2,8,2026-09-06 16:17:24,2026-09-06 16:17:24,lease_timed --clients 2 --rounds 1 --u 1 --l-ratio 0.0 --sd-ratio 1.0 --ttl-ratio 12.0 --pause-ratio 8.0 --fencing off --mode baseline
lease_timed,2,1,U=1 L=0 sd=1 TTL=12 pause=8 fence=on,baseline,boundary,12,0,,0,hold,hold,0.0,0.0,2,8,2026-09-06 16:17:24,2026-09-06 16:17:24,lease_timed --clients 2 --rounds 1 --u 1 --l-ratio 0.0 --sd-ratio 1.0 --ttl-ratio 12.0 --pause-ratio 8.0 --fencing on --mode baseline
lease_timed,2,1,U=1 L=1 sd=0 TTL=6 pause=6 fence=on,baseline,boundary,12,0,,0,hold,hold,0.0,0.0,2,8,2026-09-06 16:17:24,2026-09-06 16:17:24,lease_timed --clients 2 --rounds 1 --u 1 --l-ratio 1.0 --sd-ratio 0.0 --ttl-ratio 6.0 --pause-ratio 6.0 --fencing on --mode baseline
lease_timed,2,1,U=1 L=1 sd=0 TTL=6 pause=6 fence=off,baseline,boundary,,,,,FIRE,FIRE,0.0,0.0,2,8,2026-09-06 16:17:24,2026-09-06 16:17:24,lease_timed --clients 2 --rounds 1 --u 1 --l-ratio 1.0 --sd-ratio 0.0 --ttl-ratio 6.0 --pause-ratio 6.0 --fencing off --mode baseline
lease_timed,2,1,U=1 L=1 sd=0 TTL=8 pause=7 fence=off,baseline,boundary,,,,,FIRE,FIRE,0.0,0.0,2,8,2026-09-06 16:17:24,2026-09-06 16:17:24,lease_timed --clients 2 --rounds 1 --u 1 --l-ratio 1.0 --sd-ratio 0.0 --ttl-ratio 8.0 --pause-ratio 7.0 --fencing off --mode baseline
lease_timed,2,1,U=1 L=1 sd=0 TTL=8 pause=8 fence=on,baseline,boundary,12,0,,0,hold,hold,0.0,0.0,2,8,2026-09-06 16:17:24,2026-09-06 16:17:24,lease_timed --clients 2 --rounds 1 --u 1 --l-ratio 1.0 --sd-ratio 0.0 --ttl-ratio 8.0 --pause-ratio 8.0 --fencing on --mode baseline
lease_timed,2,1,U=1 L=0 sd=1 TTL=12 pause=7 fence=off,baseline,boundary,,,,,FIRE,FIRE,0.0,0.0,2,8,2026-09-06 16:17:24,2026-09-06 16:17:24,lease_timed --clients 2 --rounds 1 --u 1 --l-ratio 0.0 --sd-ratio 1.0 --ttl-ratio 12.0 --pause-ratio 7.0 --fencing off --mode baseline
lease_timed,2,1,U=1 L=1 sd=0 TTL=8 pause=8 fence=off,baseline,boundary,,,,,FIRE,FIRE,0.0,0.0,2,8,2026-09-06 16:17:24,2026-09-06 16:17:24,lease_timed --clients 2 --rounds 1 --u 1 --l-ratio 1.0 --sd-ratio 0.0 --ttl-ratio 8.0 --pause-ratio 8.0 --fencing off --mode baseline
lease_timed,2,1,U=1 L=1 sd=0 TTL=6 pause=5 fence=off,baseline,boundary,,,,,FIRE,FIRE,0.0,0.0,2,8,2026-09-06 16:17:24,2026-09-06 16:17:24,lease_timed --clients 2 --rounds 1 --u 1 --l-ratio 1.0 --sd-ratio 0.0 --ttl-ratio 6.0 --pause-ratio 5.0 --fencing off --mode baseline
lease_timed,2,1,U=1 L=1 sd=0 TTL=10 pause=10 fence=off,baseline,boundary,,,,,FIRE,FIRE,0.0,0.0,2,8,2026-09-06 16:17:24,2026-09-06 16:17:24,lease_timed --clients 2 --rounds 1 --u 1 --l-ratio 1.0 --sd-ratio 0.0 --ttl-ratio 10.0 --pause-ratio 10.0 --fencing off --mode baseline
lease_timed,2,1,U=1 L=1 sd=0 TTL=10 pause=9 fence=off,baseline,boundary,,,,,FIRE,FIRE,0.0,0.0,2,8,2026-09-06 16:17:24,2026-09-06 16:17:24,lease_timed --clients 2 --rounds 1 --u 1 --l-ratio 1.0 --sd-ratio 0.0 --ttl-ratio 10.0 --pause-ratio 9.0 --fencing off --mode baseline
lease_timed,2,1,U=1 L=1 sd=0 TTL=12 pause=12 fence=off,baseline,boundary,,,,,FIRE,FIRE,0.0,0.0,2,8,2026-09-06 16:17:24,2026-09-06 16:17:24,lease_timed --clients 2 --rounds 1 --u 1 --l-ratio 1.0 --sd-ratio 0.0 --ttl-ratio 12.0 --pause-ratio 12.0 --fencing off --mode baseline
lease_timed,2,1,U=1 L=1 sd=0 TTL=12 pause=12 fence=on,baseline,boundary,12,0,,0,hold,hold,0.0,0.0,2,8,2026-09-06 16:17:24,2026-09-06 16:17:24,lease_timed --clients 2 --rounds 1 --u 1 --l-ratio 1.0 --sd-ratio 0.0 --ttl-ratio 12.0 --pause-ratio 12.0 --fencing on --mode baseline
lease_timed,2,1,U=1 L=1 sd=0 TTL=10 pause=10 fence=on,baseline,boundary,12,0,,0,hold,hold,0.0,0.0,2,8,2026-09-06 16:17:24,2026-09-06 16:17:24,lease_timed --clients 2 --rounds 1 --u 1 --l-ratio 1.0 --sd-ratio 0.0 --ttl-ratio 10.0 --pause-ratio 10.0 --fencing on --mode baseline
lease_timed,2,1,U=1 L=1 sd=1 TTL=6 pause=4 fence=on,baseline,boundary,12,0,,0,hold,hold,0.0,0.0,2,8,2026-09-06 16:17:24,2026-09-06 16:17:24,lease_timed --clients 2 --rounds 1 --u 1 --l-ratio 1.0 --sd-ratio 1.0 --ttl-ratio 6.0 --pause-ratio 4.0 --fencing on --mode baseline
lease_timed,2,1,U=1 L=1 sd=1 TTL=6 pause=4 fence=off,baseline,boundary,,,,,FIRE,FIRE,0.0,0.0,2,8,2026-09-06 16:17:24,2026-09-06 16:17:24,lease_timed --clients 2 --rounds 1 --u 1 --l-ratio 1.0 --sd-ratio 1.0 --ttl-ratio 6.0 --pause-ratio 4.0 --fencing off --mode baseline
lease_timed,2,1,U=1 L=1 sd=1 TTL=6 pause=3 fence=off,baseline,boundary,,,,,FIRE,FIRE,0.0,0.0,2,8,2026-09-06 16:17:24,2026-09-06 16:17:24,lease_timed --clients 2 --rounds 1 --u 1 --l-ratio 1.0 --sd-ratio 1.0 --ttl-ratio 6.0 --pause-ratio 3.0 --fencing off --mode baseline
lease_timed,2,1,U=1 L=1 sd=0 TTL=12 pause=11 fence=off,baseline,boundary,,,,,FIRE,FIRE,0.0,0.0,2,8,2026-09-06 16:17:24,2026-09-06 16:17:24,lease_timed --clients 2 --rounds 1 --u 1 --l-ratio 1.0 --sd-ratio 0.0 --ttl-ratio 12.0 --pause-ratio 11.0 --fencing off --mode baseline
lease_timed,2,1,U=1 L=1 sd=1 TTL=10 pause=8 fence=on,baseline,boundary,12,0,,0,hold,hold,0.0,0.0,2,8,2026-09-06 16:17:24,2026-09-06 16:17:24,lease_timed --clients 2 --rounds 1 --u 1 --l-ratio 1.0 --sd-ratio 1.0 --ttl-ratio 10.0 --pause-ratio 8.0 --fencing on --mode baseline
lease_timed,2,1,U=1 L=1 sd=1 TTL=8 pause=6 fence=off,baseline,boundary,,,,,FIRE,FIRE,0.0,0.0,2,8,2026-09-06 16:17:24,2026-09-06 16:17:24,lease_timed --clients 2 --rounds 1 --u 1 --l-ratio 1.0 --sd-ratio 1.0 --ttl-ratio 8.0 --pause-ratio 6.0 --fencing off --mode baseline
lease_timed,2,1,U=1 L=1 sd=1 TTL=10 pause=8 fence=off,baseline,boundary,,,,,FIRE,FIRE,0.0,0.0,2,8,2026-09-06 16:17:24,2026-09-06 16:17:24,lease_timed --clients 2 --rounds 1 --u 1 --l-ratio 1.0 --sd-ratio 1.0 --ttl-ratio 10.0 --pause-ratio 8.0 --fencing off --mode baseline
lease_timed,2,1,U=1 L=1 sd=1 TTL=12 pause=10 fence=on,baseline,boundary,12,0,,0,hold,hold,0.0,0.0,2,8,2026-09-06 16:17:24,2026-09-06 16:17:24,lease_timed --clients 2 --rounds 1 --u 1 --l-ratio 1.0 --sd-ratio 1.0 --ttl-ratio 12.0 --pause-ratio 10.0 --fencing on --mode baseline
lease_timed,2,1,U=1 L=1 sd=1 TTL=8 pause=5 fence=off,baseline,boundary,,,,,FIRE,FIRE,0.0,0.0,2,8,2026-09-06 16:17:24,2026-09-06 16:17:24,lease_timed --clients 2 --rounds 1 --u 1 --l-ratio 1.0 --sd-ratio 1.0 --ttl-ratio 8.0 --pause-ratio 5.0 --fencing off --mode baseline
lease_timed,2,1,U=1 L=1 sd=1 TTL=12 pause=10 fence=off,baseline,boundary,,,,,FIRE,FIRE,0.0,0.0,2,8,2026-09-06 16:17:24,2026-09-06 16:17:24,lease_timed --clients 2 --rounds 1 --u 1 --l-ratio 1.0 --sd-ratio 1.0 --ttl-ratio 12.0 --pause-ratio 10.0 --fencing off --mode baseline
lease_timed,2,1,U=1 L=1 sd=1 TTL=8 pause=6 fence=on,baseline,boundary,12,0,,0,hold,hold,0.0,0.0,2,8,2026-09-06 16:17:24,2026-09-06 16:17:24,lease_timed --clients 2 --rounds 1 --u 1 --l-ratio 1.0 --sd-ratio 1.0 --ttl-ratio 8.0 --pause-ratio 6.0 --fencing on --mode baseline
lease_timed,2,1,U=2 L=0 sd=0 TTL=6 pause=2 fence=on,baseline,boundary,12,0,,0,hold,hold,0.0,0.0,2,8,2026-09-06 16:17:24,2026-09-06 16:17:24,lease_timed --clients 2 --rounds 1 --u 2 --l-ratio 0.0 --sd-ratio 0.0 --ttl-ratio 3.0 --pause-ratio 1.0 --fencing on --mode baseline
lease_timed,2,1,U=2 L=0 sd=0 TTL=8 pause=4 fence=on,baseline,boundary,12,0,,0,hold,hold,0.0,0.0,2,8,2026-09-06 16:17:24,2026-09-06 16:17:24,lease_timed --clients 2 --rounds 1 --u 2 --l-ratio 0.0 --sd-ratio 0.0 --ttl-ratio 4.0 --pause-ratio 2.0 --fencing on --mode baseline
lease_timed,2,1,U=1 L=1 sd=1 TTL=12 pause=9 fence=off,baseline,boundary,,,,,FIRE,FIRE,0.0,0.0,2,8,2026-09-06 16:17:24,2026-09-06 16:17:24,lease_timed --clients 2 --rounds 1 --u 1 --l-ratio 1.0 --sd-ratio 1.0 --ttl-ratio 12.0 --pause-ratio 9.0 --fencing off --mode baseline
lease_timed,2,1,U=2 L=0 sd=0 TTL=6 pause=1 fence=off,baseline,boundary,,,,,FIRE,FIRE,0.0,0.0,2,8,2026-09-06 16:17:24,2026-09-06 16:17:24,lease_timed --clients 2 --rounds 1 --u 2 --l-ratio 0.0 --sd-ratio 0.0 --ttl-ratio 3.0 --pause-ratio 0.5 --fencing off --mode baseline
lease_timed,2,1,U=1 L=1 sd=1 TTL=10 pause=7 fence=off,baseline,boundary,,,,,FIRE,FIRE,0.0,0.0,2,8,2026-09-06 16:17:24,2026-09-06 16:17:24,lease_timed --clients 2 --rounds 1 --u 1 --l-ratio 1.0 --sd-ratio 1.0 --ttl-ratio 10.0 --pause-ratio 7.0 --fencing off --mode baseline
lease_timed,2,1,U=2 L=0 sd=0 TTL=10 pause=6 fence=on,baseline,boundary,12,0,,0,hold,hold,0.0,0.0,2,8,2026-09-06 16:17:24,2026-09-06 16:17:24,lease_timed --clients 2 --rounds 1 --u 2 --l-ratio 0.0 --sd-ratio 0.0 --ttl-ratio 5.0 --pause-ratio 3.0 --fencing on --mode baseline
lease_timed,2,1,U=2 L=0 sd=0 TTL=6 pause=2 fence=off,baseline,boundary,,,,,FIRE,FIRE,0.0,0.0,2,8,2026-09-06 16:17:24,2026-09-06 16:17:24,lease_timed --clients 2 --rounds 1 --u 2 --l-ratio 0.0 --sd-ratio 0.0 --ttl-ratio 3.0 --pause-ratio 1.0 --fencing off --mode baseline
lease_timed,2,1,U=2 L=0 sd=0 TTL=8 pause=3 fence=off,baseline,boundary,,,,,FIRE,FIRE,0.0,0.0,2,8,2026-09-06 16:17:24,2026-09-06 16:17:24,lease_timed --clients 2 --rounds 1 --u 2 --l-ratio 0.0 --sd-ratio 0.0 --ttl-ratio 4.0 --pause-ratio 1.5 --fencing off --mode baseline
lease_timed,2,1,U=2 L=0 sd=0 TTL=10 pause=6 fence=off,baseline,boundary,,,,,FIRE,FIRE,0.0,0.0,2,8,2026-09-06 16:17:24,2026-09-06 16:17:24,lease_timed --clients 2 --rounds 1 --u 2 --l-ratio 0.0 --sd-ratio 0.0 --ttl-ratio 5.0 --pause-ratio 3.0 --fencing off --mode baseline
lease_timed,2,1,U=2 L=0 sd=0 TTL=12 pause=8 fence=on,baseline,boundary,12,0,,0,hold,hold,0.0,0.0,2,8,2026-09-06 16:17:24,2026-09-06 16:17:24,lease_timed --clients 2 --rounds 1 --u 2 --l-ratio 0.0 --sd-ratio 0.0 --ttl-ratio 6.0 --pause-ratio 4.0 --fencing on --mode baseline
lease_timed,2,1,U=2 L=0 sd=0 TTL=12 pause=8 fence=off,baseline,boundary,,,,,FIRE,FIRE,0.0,0.0,2,8,2026-09-06 16:17:24,2026-09-06 16:17:24,lease_timed --clients 2 --rounds 1 --u 2 --l-ratio 0.0 --sd-ratio 0.0 --ttl-ratio 6.0 --pause-ratio 4.0 --fencing off --mode baseline
lease_timed,2,1,U=2 L=0 sd=1 TTL=6 pause=0 fence=on,baseline,boundary,12,0,,0,hold,hold,0.0,0.0,2,8,2026-09-06 16:17:24,2026-09-06 16:17:24,lease_timed --clients 2 --rounds 1 --u 2 --l-ratio 0.0 --sd-ratio 0.5 --ttl-ratio 3.0 --pause-ratio 0.0 --fencing on --mode baseline
lease_timed,2,1,U=2 L=0 sd=0 TTL=8 pause=4 fence=off,baseline,boundary,,,,,FIRE,FIRE,0.1,0.0,2,8,2026-09-06 16:17:24,2026-09-06 16:17:24,lease_timed --clients 2 --rounds 1 --u 2 --l-ratio 0.0 --sd-ratio 0.0 --ttl-ratio 4.0 --pause-ratio 2.0 --fencing off --mode baseline
lease_timed,2,1,U=2 L=0 sd=1 TTL=8 pause=2 fence=on,baseline,boundary,12,0,,0,hold,hold,0.0,0.0,2,8,2026-09-06 16:17:24,2026-09-06 16:17:24,lease_timed --clients 2 --rounds 1 --u 2 --l-ratio 0.0 --sd-ratio 0.5 --ttl-ratio 4.0 --pause-ratio 1.0 --fencing on --mode baseline
lease_timed,2,1,U=2 L=0 sd=0 TTL=10 pause=5 fence=off,baseline,boundary,,,,,FIRE,FIRE,0.0,0.0,2,8,2026-09-06 16:17:24,2026-09-06 16:17:24,lease_timed --clients 2 --rounds 1 --u 2 --l-ratio 0.0 --sd-ratio 0.0 --ttl-ratio 5.0 --pause-ratio 2.5 --fencing off --mode baseline
lease_timed,2,1,U=2 L=0 sd=1 TTL=6 pause=0 fence=off,baseline,boundary,,,,,FIRE,FIRE,0.0,0.0,2,8,2026-09-06 16:17:24,2026-09-06 16:17:24,lease_timed --clients 2 --rounds 1 --u 2 --l-ratio 0.0 --sd-ratio 0.5 --ttl-ratio 3.0 --pause-ratio 0.0 --fencing off --mode baseline
lease_timed,2,1,U=2 L=0 sd=0 TTL=12 pause=7 fence=off,baseline,boundary,,,,,FIRE,FIRE,0.0,0.0,2,8,2026-09-06 16:17:24,2026-09-06 16:17:24,lease_timed --clients 2 --rounds 1 --u 2 --l-ratio 0.0 --sd-ratio 0.0 --ttl-ratio 6.0 --pause-ratio 3.5 --fencing off --mode baseline
lease_timed,2,1,U=2 L=0 sd=1 TTL=8 pause=2 fence=off,baseline,boundary,,,,,FIRE,FIRE,0.0,0.0,2,8,2026-09-06 16:17:24,2026-09-06 16:17:24,lease_timed --clients 2 --rounds 1 --u 2 --l-ratio 0.0 --sd-ratio 0.5 --ttl-ratio 4.0 --pause-ratio 1.0 --fencing off --mode baseline
lease_timed,2,1,U=2 L=0 sd=1 TTL=8 pause=1 fence=off,baseline,boundary,,,,,FIRE,FIRE,0.0,0.0,2,8,2026-09-06 16:17:24,2026-09-06 16:17:24,lease_timed --clients 2 --rounds 1 --u 2 --l-ratio 0.0 --sd-ratio 0.5 --ttl-ratio 4.0 --pause-ratio 0.5 --fencing off --mode baseline
lease_timed,2,1,U=2 L=0 sd=1 TTL=10 pause=4 fence=on,baseline,boundary,12,0,,0,hold,hold,0.0,0.0,2,8,2026-09-06 16:17:24,2026-09-06 16:17:24,lease_timed --clients 2 --rounds 1 --u 2 --l-ratio 0.0 --sd-ratio 0.5 --ttl-ratio 5.0 --pause-ratio 2.0 --fencing on --mode baseline
lease_timed,2,1,U=2 L=0 sd=1 TTL=10 pause=3 fence=off,baseline,boundary,,,,,FIRE,FIRE,0.0,0.0,2,8,2026-09-06 16:17:24,2026-09-06 16:17:24,lease_timed --clients 2 --rounds 1 --u 2 --l-ratio 0.0 --sd-ratio 0.5 --ttl-ratio 5.0 --pause-ratio 1.5 --fencing off --mode baseline
lease_timed,2,1,U=2 L=0 sd=1 TTL=10 pause=4 fence=off,baseline,boundary,,,,,FIRE,FIRE,0.0,0.0,2,8,2026-09-06 16:17:24,2026-09-06 16:17:24,lease_timed --clients 2 --rounds 1 --u 2 --l-ratio 0.0 --sd-ratio 0.5 --ttl-ratio 5.0 --pause-ratio 2.0 --fencing off --mode baseline
lease_timed,2,1,U=2 L=0 sd=1 TTL=12 pause=5 fence=off,baseline,boundary,,,,,FIRE,FIRE,0.0,0.0,2,8,2026-09-06 16:17:24,2026-09-06 16:17:24,lease_timed --clients 2 --rounds 1 --u 2 --l-ratio 0.0 --sd-ratio 0.5 --ttl-ratio 6.0 --pause-ratio 2.5 --fencing off --mode baseline
lease_timed,2,1,U=2 L=0 sd=1 TTL=12 pause=6 fence=on,baseline,boundary,12,0,,0,hold,hold,0.0,0.0,2,8,2026-09-06 16:17:24,2026-09-06 16:17:24,lease_timed --clients 2 --rounds 1 --u 2 --l-ratio 0.0 --sd-ratio 0.5 --ttl-ratio 6.0 --pause-ratio 3.0 --fencing on --mode baseline
lease_timed,2,1,U=2 L=2 sd=0 TTL=6 pause=6 fence=off,baseline,boundary,,,,,FIRE,FIRE,0.0,0.0,2,8,2026-09-06 16:17:24,2026-09-06 16:17:24,lease_timed --clients 2 --rounds 1 --u 2 --l-ratio 1.0 --sd-ratio 0.0 --ttl-ratio 3.0 --pause-ratio 3.0 --fencing off --mode baseline
lease_timed,2,1,U=2 L=0 sd=1 TTL=12 pause=6 fence=off,baseline,boundary,,,,,FIRE,FIRE,0.0,0.0,2,8,2026-09-06 16:17:24,2026-09-06 16:17:24,lease_timed --clients 2 --rounds 1 --u 2 --l-ratio 0.0 --sd-ratio 0.5 --ttl-ratio 6.0 --pause-ratio 3.0 --fencing off --mode baseline
lease_timed,2,1,U=2 L=2 sd=0 TTL=6 pause=6 fence=on,baseline,boundary,12,0,,0,hold,hold,0.0,0.0,2,8,2026-09-06 16:17:24,2026-09-06 16:17:24,lease_timed --clients 2 --rounds 1 --u 2 --l-ratio 1.0 --sd-ratio 0.0 --ttl-ratio 3.0 --pause-ratio 3.0 --fencing on --mode baseline
lease_timed,2,1,U=2 L=2 sd=0 TTL=8 pause=8 fence=off,baseline,boundary,,,,,FIRE,FIRE,0.0,0.0,2,8,2026-09-06 16:17:24,2026-09-06 16:17:24,lease_timed --clients 2 --rounds 1 --u 2 --l-ratio 1.0 --sd-ratio 0.0 --ttl-ratio 4.0 --pause-ratio 4.0 --fencing off --mode baseline
lease_timed,2,1,U=2 L=2 sd=0 TTL=6 pause=5 fence=off,baseline,boundary,,,,,FIRE,FIRE,0.0,0.0,2,8,2026-09-06 16:17:24,2026-09-06 16:17:24,lease_timed --clients 2 --rounds 1 --u 2 --l-ratio 1.0 --sd-ratio 0.0 --ttl-ratio 3.0 --pause-ratio 2.5 --fencing off --mode baseline
lease_timed,2,1,U=2 L=2 sd=0 TTL=10 pause=10 fence=on,baseline,boundary,12,0,,0,hold,hold,0.0,0.0,2,8,2026-09-06 16:17:24,2026-09-06 16:17:24,lease_timed --clients 2 --rounds 1 --u 2 --l-ratio 1.0 --sd-ratio 0.0 --ttl-ratio 5.0 --pause-ratio 5.0 --fencing on --mode baseline
lease_timed,2,1,U=2 L=2 sd=0 TTL=8 pause=8 fence=on,baseline,boundary,12,0,,0,hold,hold,0.0,0.0,2,8,2026-09-06 16:17:24,2026-09-06 16:17:24,lease_timed --clients 2 --rounds 1 --u 2 --l-ratio 1.0 --sd-ratio 0.0 --ttl-ratio 4.0 --pause-ratio 4.0 --fencing on --mode baseline
lease_timed,2,1,U=2 L=2 sd=0 TTL=10 pause=10 fence=off,baseline,boundary,,,,,FIRE,FIRE,0.0,0.0,2,8,2026-09-06 16:17:24,2026-09-06 16:17:24,lease_timed --clients 2 --rounds 1 --u 2 --l-ratio 1.0 --sd-ratio 0.0 --ttl-ratio 5.0 --pause-ratio 5.0 --fencing off --mode baseline
lease_timed,2,1,U=2 L=2 sd=0 TTL=10 pause=9 fence=off,baseline,boundary,,,,,FIRE,FIRE,0.0,0.0,2,8,2026-09-06 16:17:24,2026-09-06 16:17:24,lease_timed --clients 2 --rounds 1 --u 2 --l-ratio 1.0 --sd-ratio 0.0 --ttl-ratio 5.0 --pause-ratio 4.5 --fencing off --mode baseline
lease_timed,2,1,U=2 L=2 sd=0 TTL=12 pause=11 fence=off,baseline,boundary,,,,,FIRE,FIRE,0.0,0.0,2,8,2026-09-06 16:17:24,2026-09-06 16:17:24,lease_timed --clients 2 --rounds 1 --u 2 --l-ratio 1.0 --sd-ratio 0.0 --ttl-ratio 6.0 --pause-ratio 5.5 --fencing off --mode baseline
lease_timed,2,1,U=2 L=2 sd=0 TTL=8 pause=7 fence=off,baseline,boundary,,,,,FIRE,FIRE,0.0,0.0,2,8,2026-09-06 16:17:24,2026-09-06 16:17:24,lease_timed --clients 2 --rounds 1 --u 2 --l-ratio 1.0 --sd-ratio 0.0 --ttl-ratio 4.0 --pause-ratio 3.5 --fencing off --mode baseline
lease_timed,2,1,U=2 L=2 sd=0 TTL=12 pause=12 fence=on,baseline,boundary,12,0,,0,hold,hold,0.0,0.0,2,8,2026-09-06 16:17:24,2026-09-06 16:17:24,lease_timed --clients 2 --rounds 1 --u 2 --l-ratio 1.0 --sd-ratio 0.0 --ttl-ratio 6.0 --pause-ratio 6.0 --fencing on --mode baseline
lease_timed,2,1,U=2 L=2 sd=1 TTL=6 pause=4 fence=off,baseline,boundary,,,,,FIRE,FIRE,0.0,0.0,2,8,2026-09-06 16:17:24,2026-09-06 16:17:24,lease_timed --clients 2 --rounds 1 --u 2 --l-ratio 1.0 --sd-ratio 0.5 --ttl-ratio 3.0 --pause-ratio 2.0 --fencing off --mode baseline
lease_timed,2,1,U=2 L=2 sd=1 TTL=8 pause=6 fence=off,baseline,boundary,,,,,FIRE,FIRE,0.0,0.0,2,8,2026-09-06 16:17:24,2026-09-06 16:17:24,lease_timed --clients 2 --rounds 1 --u 2 --l-ratio 1.0 --sd-ratio 0.5 --ttl-ratio 4.0 --pause-ratio 3.0 --fencing off --mode baseline
lease_timed,2,1,U=2 L=2 sd=0 TTL=12 pause=12 fence=off,baseline,boundary,,,,,FIRE,FIRE,0.0,0.0,2,8,2026-09-06 16:17:24,2026-09-06 16:17:24,lease_timed --clients 2 --rounds 1 --u 2 --l-ratio 1.0 --sd-ratio 0.0 --ttl-ratio 6.0 --pause-ratio 6.0 --fencing off --mode baseline
lease_timed,2,1,U=2 L=2 sd=1 TTL=6 pause=4 fence=on,baseline,boundary,12,0,,0,hold,hold,0.0,0.0,2,8,2026-09-06 16:17:24,2026-09-06 16:17:24,lease_timed --clients 2 --rounds 1 --u 2 --l-ratio 1.0 --sd-ratio 0.5 --ttl-ratio 3.0 --pause-ratio 2.0 --fencing on --mode baseline
lease_timed,2,1,U=2 L=2 sd=1 TTL=6 pause=3 fence=off,baseline,boundary,,,,,FIRE,FIRE,0.0,0.0,2,8,2026-09-06 16:17:24,2026-09-06 16:17:24,lease_timed --clients 2 --rounds 1 --u 2 --l-ratio 1.0 --sd-ratio 0.5 --ttl-ratio 3.0 --pause-ratio 1.5 --fencing off --mode baseline
lease_timed,2,1,U=2 L=2 sd=1 TTL=8 pause=6 fence=on,baseline,boundary,12,0,,0,hold,hold,0.0,0.0,2,8,2026-09-06 16:17:24,2026-09-06 16:17:24,lease_timed --clients 2 --rounds 1 --u 2 --l-ratio 1.0 --sd-ratio 0.5 --ttl-ratio 4.0 --pause-ratio 3.0 --fencing on --mode baseline
lease_timed,2,1,U=2 L=2 sd=1 TTL=10 pause=8 fence=on,baseline,boundary,12,0,,0,hold,hold,0.0,0.0,2,8,2026-09-06 16:17:24,2026-09-06 16:17:24,lease_timed --clients 2 --rounds 1 --u 2 --l-ratio 1.0 --sd-ratio 0.5 --ttl-ratio 5.0 --pause-ratio 4.0 --fencing on --mode baseline
lease_timed,2,1,U=2 L=2 sd=1 TTL=8 pause=5 fence=off,baseline,boundary,,,,,FIRE,FIRE,0.0,0.0,2,8,2026-09-06 16:17:24,2026-09-06 16:17:24,lease_timed --clients 2 --rounds 1 --u 2 --l-ratio 1.0 --sd-ratio 0.5 --ttl-ratio 4.0 --pause-ratio 2.5 --fencing off --mode baseline
lease_timed,2,1,U=2 L=2 sd=1 TTL=12 pause=10 fence=on,baseline,boundary,12,0,,0,hold,hold,0.0,0.0,2,8,2026-09-06 16:17:24,2026-09-06 16:17:24,lease_timed --clients 2 --rounds 1 --u 2 --l-ratio 1.0 --sd-ratio 0.5 --ttl-ratio 6.0 --pause-ratio 5.0 --fencing on --mode baseline
lease_timed,2,1,U=2 L=2 sd=1 TTL=10 pause=8 fence=off,baseline,boundary,,,,,FIRE,FIRE,0.0,0.0,2,8,2026-09-06 16:17:24,2026-09-06 16:17:24,lease_timed --clients 2 --rounds 1 --u 2 --l-ratio 1.0 --sd-ratio 0.5 --ttl-ratio 5.0 --pause-ratio 4.0 --fencing off --mode baseline
lease_timed,2,1,U=2 L=2 sd=1 TTL=12 pause=10 fence=off,baseline,boundary,,,,,FIRE,FIRE,0.0,0.0,2,8,2026-09-06 16:17:24,2026-09-06 16:17:24,lease_timed --clients 2 --rounds 1 --u 2 --l-ratio 1.0 --sd-ratio 0.5 --ttl-ratio 6.0 --pause-ratio 5.0 --fencing off --mode baseline
lease_timed,2,1,U=1 L=0 sd=0 TTL=6 pause=3 fence=off,timed,boundary,8,6,,0,hold,hold,0.0,0.0,2,8,2026-09-06 16:17:24,2026-09-06 16:17:24,lease_timed --clients 2 --rounds 1 --u 1 --l-ratio 0.0 --sd-ratio 0.0 --ttl-ratio 6.0 --pause-ratio 3.0 --fencing off --mode timed
lease_timed,2,1,U=1 L=0 sd=0 TTL=6 pause=4 fence=on,timed,boundary,11,7,,0,hold,hold,0.0,0.0,2,8,2026-09-06 16:17:24,2026-09-06 16:17:24,lease_timed --clients 2 --rounds 1 --u 1 --l-ratio 0.0 --sd-ratio 0.0 --ttl-ratio 6.0 --pause-ratio 4.0 --fencing on --mode timed
lease_timed,2,1,U=2 L=2 sd=1 TTL=10 pause=7 fence=off,baseline,boundary,,,,,FIRE,FIRE,0.0,0.0,2,8,2026-09-06 16:17:24,2026-09-06 16:17:24,lease_timed --clients 2 --rounds 1 --u 2 --l-ratio 1.0 --sd-ratio 0.5 --ttl-ratio 5.0 --pause-ratio 3.5 --fencing off --mode baseline
lease_timed,2,1,U=2 L=2 sd=1 TTL=12 pause=9 fence=off,baseline,boundary,,,,,FIRE,FIRE,0.0,0.0,2,8,2026-09-06 16:17:24,2026-09-06 16:17:24,lease_timed --clients 2 --rounds 1 --u 2 --l-ratio 1.0 --sd-ratio 0.5 --ttl-ratio 6.0 --pause-ratio 4.5 --fencing off --mode baseline
lease_timed,2,1,U=1 L=0 sd=0 TTL=6 pause=4 fence=off,timed,boundary,,,,,FIRE,FIRE,0.0,0.0,2,8,2026-09-06 16:17:24,2026-09-06 16:17:24,lease_timed --clients 2 --rounds 1 --u 1 --l-ratio 0.0 --sd-ratio 0.0 --ttl-ratio 6.0 --pause-ratio 4.0 --fencing off --mode timed
lease_timed,2,1,U=1 L=0 sd=0 TTL=8 pause=6 fence=off,timed,boundary,,,,,FIRE,FIRE,0.0,0.0,2,8,2026-09-06 16:17:24,2026-09-06 16:17:24,lease_timed --clients 2 --rounds 1 --u 1 --l-ratio 0.0 --sd-ratio 0.0 --ttl-ratio 8.0 --pause-ratio 6.0 --fencing off --mode timed
lease_timed,2,1,U=1 L=0 sd=0 TTL=8 pause=5 fence=off,timed,boundary,8,6,,0,hold,hold,0.0,0.0,2,8,2026-09-06 16:17:24,2026-09-06 16:17:24,lease_timed --clients 2 --rounds 1 --u 1 --l-ratio 0.0 --sd-ratio 0.0 --ttl-ratio 8.0 --pause-ratio 5.0 --fencing off --mode timed
lease_timed,2,1,U=1 L=0 sd=0 TTL=8 pause=6 fence=on,timed,boundary,11,7,,0,hold,hold,0.0,0.0,2,8,2026-09-06 16:17:24,2026-09-06 16:17:24,lease_timed --clients 2 --rounds 1 --u 1 --l-ratio 0.0 --sd-ratio 0.0 --ttl-ratio 8.0 --pause-ratio 6.0 --fencing on --mode timed
lease_timed,2,1,U=1 L=0 sd=0 TTL=10 pause=8 fence=off,timed,boundary,,,,,FIRE,FIRE,0.0,0.0,2,8,2026-09-06 16:17:24,2026-09-06 16:17:24,lease_timed --clients 2 --rounds 1 --u 1 --l-ratio 0.0 --sd-ratio 0.0 --ttl-ratio 10.0 --pause-ratio 8.0 --fencing off --mode timed
lease_timed,2,1,U=1 L=0 sd=0 TTL=10 pause=7 fence=off,timed,boundary,8,6,,0,hold,hold,0.0,0.0,2,8,2026-09-06 16:17:24,2026-09-06 16:17:24,lease_timed --clients 2 --rounds 1 --u 1 --l-ratio 0.0 --sd-ratio 0.0 --ttl-ratio 10.0 --pause-ratio 7.0 --fencing off --mode timed
lease_timed,2,1,U=1 L=0 sd=0 TTL=10 pause=8 fence=on,timed,boundary,11,7,,0,hold,hold,0.0,0.0,2,8,2026-09-06 16:17:24,2026-09-06 16:17:24,lease_timed --clients 2 --rounds 1 --u 1 --l-ratio 0.0 --sd-ratio 0.0 --ttl-ratio 10.0 --pause-ratio 8.0 --fencing on --mode timed
lease_timed,2,1,U=1 L=0 sd=0 TTL=12 pause=10 fence=off,timed,boundary,,,,,FIRE,FIRE,0.0,0.0,2,8,2026-09-06 16:17:24,2026-09-06 16:17:24,lease_timed --clients 2 --rounds 1 --u 1 --l-ratio 0.0 --sd-ratio 0.0 --ttl-ratio 12.0 --pause-ratio 10.0 --fencing off --mode timed
lease_timed,2,1,U=1 L=0 sd=0 TTL=12 pause=10 fence=on,timed,boundary,11,7,,0,hold,hold,0.0,0.0,2,8,2026-09-06 16:17:24,2026-09-06 16:17:24,lease_timed --clients 2 --rounds 1 --u 1 --l-ratio 0.0 --sd-ratio 0.0 --ttl-ratio 12.0 --pause-ratio 10.0 --fencing on --mode timed
lease_timed,2,1,U=1 L=0 sd=1 TTL=6 pause=1 fence=off,timed,boundary,8,6,,0,hold,hold,0.0,0.0,2,8,2026-09-06 16:17:24,2026-09-06 16:17:24,lease_timed --clients 2 --rounds 1 --u 1 --l-ratio 0.0 --sd-ratio 1.0 --ttl-ratio 6.0 --pause-ratio 1.0 --fencing off --mode timed
lease_timed,2,1,U=1 L=0 sd=0 TTL=12 pause=9 fence=off,timed,boundary,8,6,,0,hold,hold,0.0,0.0,2,8,2026-09-06 16:17:24,2026-09-06 16:17:24,lease_timed --clients 2 --rounds 1 --u 1 --l-ratio 0.0 --sd-ratio 0.0 --ttl-ratio 12.0 --pause-ratio 9.0 --fencing off --mode timed
lease_timed,2,1,U=1 L=0 sd=1 TTL=8 pause=3 fence=off,timed,boundary,8,6,,0,hold,hold,0.0,0.0,2,8,2026-09-06 16:17:24,2026-09-06 16:17:24,lease_timed --clients 2 --rounds 1 --u 1 --l-ratio 0.0 --sd-ratio 1.0 --ttl-ratio 8.0 --pause-ratio 3.0 --fencing off --mode timed
lease_timed,2,1,U=1 L=0 sd=1 TTL=6 pause=2 fence=off,timed,boundary,,,,,FIRE,FIRE,0.0,0.0,2,8,2026-09-06 16:17:24,2026-09-06 16:17:24,lease_timed --clients 2 --rounds 1 --u 1 --l-ratio 0.0 --sd-ratio 1.0 --ttl-ratio 6.0 --pause-ratio 2.0 --fencing off --mode timed
lease_timed,2,1,U=1 L=0 sd=1 TTL=8 pause=4 fence=on,timed,boundary,11,7,,0,hold,hold,0.0,0.0,2,8,2026-09-06 16:17:24,2026-09-06 16:17:24,lease_timed --clients 2 --rounds 1 --u 1 --l-ratio 0.0 --sd-ratio 1.0 --ttl-ratio 8.0 --pause-ratio 4.0 --fencing on --mode timed
lease_timed,2,1,U=1 L=0 sd=1 TTL=10 pause=6 fence=on,timed,boundary,11,7,,0,hold,hold,0.0,0.0,2,8,2026-09-06 16:17:24,2026-09-06 16:17:24,lease_timed --clients 2 --rounds 1 --u 1 --l-ratio 0.0 --sd-ratio 1.0 --ttl-ratio 10.0 --pause-ratio 6.0 --fencing on --mode timed
lease_timed,2,1,U=1 L=0 sd=1 TTL=6 pause=2 fence=on,timed,boundary,11,7,,0,hold,hold,0.1,0.0,2,8,2026-09-06 16:17:24,2026-09-06 16:17:24,lease_timed --clients 2 --rounds 1 --u 1 --l-ratio 0.0 --sd-ratio 1.0 --ttl-ratio 6.0 --pause-ratio 2.0 --fencing on --mode timed
lease_timed,2,1,U=1 L=0 sd=1 TTL=12 pause=7 fence=off,timed,boundary,8,6,,0,hold,hold,0.0,0.0,2,8,2026-09-06 16:17:24,2026-09-06 16:17:25,lease_timed --clients 2 --rounds 1 --u 1 --l-ratio 0.0 --sd-ratio 1.0 --ttl-ratio 12.0 --pause-ratio 7.0 --fencing off --mode timed
lease_timed,2,1,U=1 L=0 sd=1 TTL=10 pause=5 fence=off,timed,boundary,8,6,,0,hold,hold,0.0,0.0,2,8,2026-09-06 16:17:24,2026-09-06 16:17:25,lease_timed --clients 2 --rounds 1 --u 1 --l-ratio 0.0 --sd-ratio 1.0 --ttl-ratio 10.0 --pause-ratio 5.0 --fencing off --mode timed
lease_timed,2,1,U=1 L=0 sd=1 TTL=8 pause=4 fence=off,timed,boundary,,,,,FIRE,FIRE,0.0,0.0,2,8,2026-09-06 16:17:24,2026-09-06 16:17:24,lease_timed --clients 2 --rounds 1 --u 1 --l-ratio 0.0 --sd-ratio 1.0 --ttl-ratio 8.0 --pause-ratio 4.0 --fencing off --mode timed
lease_timed,2,1,U=1 L=0 sd=1 TTL=12 pause=8 fence=on,timed,boundary,11,7,,0,hold,hold,0.0,0.0,2,8,2026-09-06 16:17:24,2026-09-06 16:17:25,lease_timed --clients 2 --rounds 1 --u 1 --l-ratio 0.0 --sd-ratio 1.0 --ttl-ratio 12.0 --pause-ratio 8.0 --fencing on --mode timed
lease_timed,2,1,U=1 L=1 sd=0 TTL=6 pause=5 fence=off,timed,boundary,4,3,,0,hold,hold,0.0,0.0,2,8,2026-09-06 16:17:24,2026-09-06 16:17:25,lease_timed --clients 2 --rounds 1 --u 1 --l-ratio 1.0 --sd-ratio 0.0 --ttl-ratio 6.0 --pause-ratio 5.0 --fencing off --mode timed
lease_timed,2,1,U=1 L=0 sd=1 TTL=12 pause=8 fence=off,timed,boundary,,,,,FIRE,FIRE,0.0,0.0,2,8,2026-09-06 16:17:24,2026-09-06 16:17:25,lease_timed --clients 2 --rounds 1 --u 1 --l-ratio 0.0 --sd-ratio 1.0 --ttl-ratio 12.0 --pause-ratio 8.0 --fencing off --mode timed
lease_timed,2,1,U=1 L=1 sd=0 TTL=6 pause=6 fence=off,timed,boundary,,,,,FIRE,FIRE,0.0,0.0,2,8,2026-09-06 16:17:24,2026-09-06 16:17:25,lease_timed --clients 2 --rounds 1 --u 1 --l-ratio 1.0 --sd-ratio 0.0 --ttl-ratio 6.0 --pause-ratio 6.0 --fencing off --mode timed
lease_timed,2,1,U=1 L=1 sd=0 TTL=8 pause=8 fence=off,timed,boundary,,,,,FIRE,FIRE,0.0,0.0,2,8,2026-09-06 16:17:25,2026-09-06 16:17:25,lease_timed --clients 2 --rounds 1 --u 1 --l-ratio 1.0 --sd-ratio 0.0 --ttl-ratio 8.0 --pause-ratio 8.0 --fencing off --mode timed
lease_timed,2,1,U=1 L=1 sd=0 TTL=8 pause=8 fence=on,timed,boundary,6,1,,0,hold,hold,0.0,0.0,2,8,2026-09-06 16:17:25,2026-09-06 16:17:25,lease_timed --clients 2 --rounds 1 --u 1 --l-ratio 1.0 --sd-ratio 0.0 --ttl-ratio 8.0 --pause-ratio 8.0 --fencing on --mode timed
lease_timed,2,1,U=1 L=1 sd=0 TTL=6 pause=6 fence=on,timed,boundary,6,1,,0,hold,hold,0.0,0.0,2,8,2026-09-06 16:17:25,2026-09-06 16:17:25,lease_timed --clients 2 --rounds 1 --u 1 --l-ratio 1.0 --sd-ratio 0.0 --ttl-ratio 6.0 --pause-ratio 6.0 --fencing on --mode timed
lease_timed,2,1,U=1 L=1 sd=0 TTL=10 pause=10 fence=on,timed,boundary,6,1,,0,hold,hold,0.0,0.0,2,8,2026-09-06 16:17:25,2026-09-06 16:17:25,lease_timed --clients 2 --rounds 1 --u 1 --l-ratio 1.0 --sd-ratio 0.0 --ttl-ratio 10.0 --pause-ratio 10.0 --fencing on --mode timed
lease_timed,2,1,U=1 L=0 sd=1 TTL=10 pause=6 fence=off,timed,boundary,,,,,FIRE,FIRE,0.1,0.0,2,8,2026-09-06 16:17:24,2026-09-06 16:17:25,lease_timed --clients 2 --rounds 1 --u 1 --l-ratio 0.0 --sd-ratio 1.0 --ttl-ratio 10.0 --pause-ratio 6.0 --fencing off --mode timed
lease_timed,2,1,U=1 L=1 sd=0 TTL=8 pause=7 fence=off,timed,boundary,4,3,,0,hold,hold,0.0,0.0,2,8,2026-09-06 16:17:25,2026-09-06 16:17:25,lease_timed --clients 2 --rounds 1 --u 1 --l-ratio 1.0 --sd-ratio 0.0 --ttl-ratio 8.0 --pause-ratio 7.0 --fencing off --mode timed
lease_timed,2,1,U=1 L=1 sd=0 TTL=12 pause=12 fence=on,timed,boundary,6,1,,0,hold,hold,0.0,0.0,2,8,2026-09-06 16:17:25,2026-09-06 16:17:25,lease_timed --clients 2 --rounds 1 --u 1 --l-ratio 1.0 --sd-ratio 0.0 --ttl-ratio 12.0 --pause-ratio 12.0 --fencing on --mode timed
lease_timed,2,1,U=1 L=1 sd=0 TTL=10 pause=9 fence=off,timed,boundary,4,3,,0,hold,hold,0.0,0.0,2,8,2026-09-06 16:17:25,2026-09-06 16:17:25,lease_timed --clients 2 --rounds 1 --u 1 --l-ratio 1.0 --sd-ratio 0.0 --ttl-ratio 10.0 --pause-ratio 9.0 --fencing off --mode timed
lease_timed,2,1,U=1 L=1 sd=1 TTL=6 pause=3 fence=off,timed,boundary,4,5,,0,hold,hold,0.0,0.0,2,8,2026-09-06 16:17:25,2026-09-06 16:17:25,lease_timed --clients 2 --rounds 1 --u 1 --l-ratio 1.0 --sd-ratio 1.0 --ttl-ratio 6.0 --pause-ratio 3.0 --fencing off --mode timed
lease_timed,2,1,U=1 L=1 sd=0 TTL=12 pause=11 fence=off,timed,boundary,4,3,,0,hold,hold,0.0,0.0,2,8,2026-09-06 16:17:25,2026-09-06 16:17:25,lease_timed --clients 2 --rounds 1 --u 1 --l-ratio 1.0 --sd-ratio 0.0 --ttl-ratio 12.0 --pause-ratio 11.0 --fencing off --mode timed
lease_timed,2,1,U=1 L=1 sd=0 TTL=10 pause=10 fence=off,timed,boundary,,,,,FIRE,FIRE,0.0,0.0,2,8,2026-09-06 16:17:25,2026-09-06 16:17:25,lease_timed --clients 2 --rounds 1 --u 1 --l-ratio 1.0 --sd-ratio 0.0 --ttl-ratio 10.0 --pause-ratio 10.0 --fencing off --mode timed
lease_timed,2,1,U=1 L=1 sd=0 TTL=12 pause=12 fence=off,timed,boundary,,,,,FIRE,FIRE,0.0,0.0,2,8,2026-09-06 16:17:25,2026-09-06 16:17:25,lease_timed --clients 2 --rounds 1 --u 1 --l-ratio 1.0 --sd-ratio 0.0 --ttl-ratio 12.0 --pause-ratio 12.0 --fencing off --mode timed
lease_timed,2,1,U=1 L=1 sd=1 TTL=8 pause=5 fence=off,timed,boundary,4,5,,0,hold,hold,0.0,0.0,2,8,2026-09-06 16:17:25,2026-09-06 16:17:25,lease_timed --clients 2 --rounds 1 --u 1 --l-ratio 1.0 --sd-ratio 1.0 --ttl-ratio 8.0 --pause-ratio 5.0 --fencing off --mode timed
lease_timed,2,1,U=1 L=1 sd=1 TTL=10 pause=8 fence=on,timed,boundary,7,6,,0,hold,hold,0.0,0.0,2,8,2026-09-06 16:17:25,2026-09-06 16:17:25,lease_timed --clients 2 --rounds 1 --u 1 --l-ratio 1.0 --sd-ratio 1.0 --ttl-ratio 10.0 --pause-ratio 8.0 --fencing on --mode timed
lease_timed,2,1,U=1 L=1 sd=1 TTL=6 pause=4 fence=off,timed,boundary,,,,,FIRE,FIRE,0.0,0.0,2,8,2026-09-06 16:17:25,2026-09-06 16:17:25,lease_timed --clients 2 --rounds 1 --u 1 --l-ratio 1.0 --sd-ratio 1.0 --ttl-ratio 6.0 --pause-ratio 4.0 --fencing off --mode timed
lease_timed,2,1,U=1 L=1 sd=1 TTL=8 pause=6 fence=on,timed,boundary,7,6,,0,hold,hold,0.0,0.0,2,8,2026-09-06 16:17:25,2026-09-06 16:17:25,lease_timed --clients 2 --rounds 1 --u 1 --l-ratio 1.0 --sd-ratio 1.0 --ttl-ratio 8.0 --pause-ratio 6.0 --fencing on --mode timed
lease_timed,2,1,U=1 L=1 sd=1 TTL=6 pause=4 fence=on,timed,boundary,7,6,,0,hold,hold,0.0,0.0,2,8,2026-09-06 16:17:25,2026-09-06 16:17:25,lease_timed --clients 2 --rounds 1 --u 1 --l-ratio 1.0 --sd-ratio 1.0 --ttl-ratio 6.0 --pause-ratio 4.0 --fencing on --mode timed
lease_timed,2,1,U=1 L=1 sd=1 TTL=10 pause=7 fence=off,timed,boundary,4,5,,0,hold,hold,0.0,0.0,2,8,2026-09-06 16:17:25,2026-09-06 16:17:25,lease_timed --clients 2 --rounds 1 --u 1 --l-ratio 1.0 --sd-ratio 1.0 --ttl-ratio 10.0 --pause-ratio 7.0 --fencing off --mode timed
lease_timed,2,1,U=1 L=1 sd=1 TTL=12 pause=9 fence=off,timed,boundary,4,5,,0,hold,hold,0.0,0.0,2,8,2026-09-06 16:17:25,2026-09-06 16:17:25,lease_timed --clients 2 --rounds 1 --u 1 --l-ratio 1.0 --sd-ratio 1.0 --ttl-ratio 12.0 --pause-ratio 9.0 --fencing off --mode timed
lease_timed,2,1,U=1 L=1 sd=1 TTL=12 pause=10 fence=on,timed,boundary,7,6,,0,hold,hold,0.0,0.0,2,8,2026-09-06 16:17:25,2026-09-06 16:17:25,lease_timed --clients 2 --rounds 1 --u 1 --l-ratio 1.0 --sd-ratio 1.0 --ttl-ratio 12.0 --pause-ratio 10.0 --fencing on --mode timed
lease_timed,2,1,U=1 L=1 sd=1 TTL=10 pause=8 fence=off,timed,boundary,,,,,FIRE,FIRE,0.0,0.0,2,8,2026-09-06 16:17:25,2026-09-06 16:17:25,lease_timed --clients 2 --rounds 1 --u 1 --l-ratio 1.0 --sd-ratio 1.0 --ttl-ratio 10.0 --pause-ratio 8.0 --fencing off --mode timed
lease_timed,2,1,U=1 L=1 sd=1 TTL=8 pause=6 fence=off,timed,boundary,,,,,FIRE,FIRE,0.0,0.0,2,8,2026-09-06 16:17:25,2026-09-06 16:17:25,lease_timed --clients 2 --rounds 1 --u 1 --l-ratio 1.0 --sd-ratio 1.0 --ttl-ratio 8.0 --pause-ratio 6.0 --fencing off --mode timed
lease_timed,2,1,U=1 L=1 sd=1 TTL=12 pause=10 fence=off,timed,boundary,,,,,FIRE,FIRE,0.0,0.0,2,8,2026-09-06 16:17:25,2026-09-06 16:17:25,lease_timed --clients 2 --rounds 1 --u 1 --l-ratio 1.0 --sd-ratio 1.0 --ttl-ratio 12.0 --pause-ratio 10.0 --fencing off --mode timed
lease_timed,2,1,U=2 L=0 sd=0 TTL=8 pause=4 fence=off,timed,boundary,,,,,FIRE,FIRE,0.0,0.0,2,8,2026-09-06 16:17:25,2026-09-06 16:17:25,lease_timed --clients 2 --rounds 1 --u 2 --l-ratio 0.0 --sd-ratio 0.0 --ttl-ratio 4.0 --pause-ratio 2.0 --fencing off --mode timed
lease_timed,2,1,U=2 L=0 sd=0 TTL=6 pause=1 fence=off,timed,boundary,8,6,,0,hold,hold,0.0,0.0,2,8,2026-09-06 16:17:25,2026-09-06 16:17:25,lease_timed --clients 2 --rounds 1 --u 2 --l-ratio 0.0 --sd-ratio 0.0 --ttl-ratio 3.0 --pause-ratio 0.5 --fencing off --mode timed
lease_timed,2,1,U=2 L=0 sd=0 TTL=6 pause=2 fence=off,timed,boundary,,,,,FIRE,FIRE,0.0,0.0,2,8,2026-09-06 16:17:25,2026-09-06 16:17:25,lease_timed --clients 2 --rounds 1 --u 2 --l-ratio 0.0 --sd-ratio 0.0 --ttl-ratio 3.0 --pause-ratio 1.0 --fencing off --mode timed
lease_timed,2,1,U=2 L=0 sd=0 TTL=8 pause=3 fence=off,timed,boundary,8,6,,0,hold,hold,0.0,0.0,2,8,2026-09-06 16:17:25,2026-09-06 16:17:25,lease_timed --clients 2 --rounds 1 --u 2 --l-ratio 0.0 --sd-ratio 0.0 --ttl-ratio 4.0 --pause-ratio 1.5 --fencing off --mode timed
lease_timed,2,1,U=2 L=0 sd=0 TTL=6 pause=2 fence=on,timed,boundary,11,7,,0,hold,hold,0.0,0.0,2,8,2026-09-06 16:17:25,2026-09-06 16:17:25,lease_timed --clients 2 --rounds 1 --u 2 --l-ratio 0.0 --sd-ratio 0.0 --ttl-ratio 3.0 --pause-ratio 1.0 --fencing on --mode timed
lease_timed,2,1,U=2 L=0 sd=0 TTL=10 pause=5 fence=off,timed,boundary,8,6,,0,hold,hold,0.0,0.0,2,8,2026-09-06 16:17:25,2026-09-06 16:17:25,lease_timed --clients 2 --rounds 1 --u 2 --l-ratio 0.0 --sd-ratio 0.0 --ttl-ratio 5.0 --pause-ratio 2.5 --fencing off --mode timed
lease_timed,2,1,U=2 L=0 sd=0 TTL=8 pause=4 fence=on,timed,boundary,11,7,,0,hold,hold,0.0,0.0,2,8,2026-09-06 16:17:25,2026-09-06 16:17:25,lease_timed --clients 2 --rounds 1 --u 2 --l-ratio 0.0 --sd-ratio 0.0 --ttl-ratio 4.0 --pause-ratio 2.0 --fencing on --mode timed
lease_timed,2,1,U=2 L=0 sd=0 TTL=10 pause=6 fence=on,timed,boundary,11,7,,0,hold,hold,0.0,0.0,2,8,2026-09-06 16:17:25,2026-09-06 16:17:25,lease_timed --clients 2 --rounds 1 --u 2 --l-ratio 0.0 --sd-ratio 0.0 --ttl-ratio 5.0 --pause-ratio 3.0 --fencing on --mode timed
lease_timed,2,1,U=2 L=0 sd=0 TTL=12 pause=8 fence=on,timed,boundary,11,7,,0,hold,hold,0.0,0.0,2,8,2026-09-06 16:17:25,2026-09-06 16:17:25,lease_timed --clients 2 --rounds 1 --u 2 --l-ratio 0.0 --sd-ratio 0.0 --ttl-ratio 6.0 --pause-ratio 4.0 --fencing on --mode timed
lease_timed,2,1,U=2 L=0 sd=0 TTL=12 pause=8 fence=off,timed,boundary,,,,,FIRE,FIRE,0.0,0.0,2,8,2026-09-06 16:17:25,2026-09-06 16:17:25,lease_timed --clients 2 --rounds 1 --u 2 --l-ratio 0.0 --sd-ratio 0.0 --ttl-ratio 6.0 --pause-ratio 4.0 --fencing off --mode timed
lease_timed,2,1,U=2 L=0 sd=0 TTL=12 pause=7 fence=off,timed,boundary,8,6,,0,hold,hold,0.0,0.0,2,8,2026-09-06 16:17:25,2026-09-06 16:17:25,lease_timed --clients 2 --rounds 1 --u 2 --l-ratio 0.0 --sd-ratio 0.0 --ttl-ratio 6.0 --pause-ratio 3.5 --fencing off --mode timed
lease_timed,2,1,U=2 L=0 sd=1 TTL=8 pause=1 fence=off,timed,boundary,8,6,,0,hold,hold,0.0,0.0,2,8,2026-09-06 16:17:25,2026-09-06 16:17:25,lease_timed --clients 2 --rounds 1 --u 2 --l-ratio 0.0 --sd-ratio 0.5 --ttl-ratio 4.0 --pause-ratio 0.5 --fencing off --mode timed
lease_timed,2,1,U=2 L=0 sd=1 TTL=6 pause=0 fence=on,timed,boundary,14,8,,0,hold,hold,0.0,0.0,2,8,2026-09-06 16:17:25,2026-09-06 16:17:25,lease_timed --clients 2 --rounds 1 --u 2 --l-ratio 0.0 --sd-ratio 0.5 --ttl-ratio 3.0 --pause-ratio 0.0 --fencing on --mode timed
lease_timed,2,1,U=2 L=0 sd=1 TTL=8 pause=2 fence=on,timed,boundary,11,7,,0,hold,hold,0.0,0.0,2,8,2026-09-06 16:17:25,2026-09-06 16:17:25,lease_timed --clients 2 --rounds 1 --u 2 --l-ratio 0.0 --sd-ratio 0.5 --ttl-ratio 4.0 --pause-ratio 1.0 --fencing on --mode timed
lease_timed,2,1,U=2 L=0 sd=0 TTL=10 pause=6 fence=off,timed,boundary,,,,,FIRE,FIRE,0.0,0.0,2,8,2026-09-06 16:17:25,2026-09-06 16:17:25,lease_timed --clients 2 --rounds 1 --u 2 --l-ratio 0.0 --sd-ratio 0.0 --ttl-ratio 5.0 --pause-ratio 3.0 --fencing off --mode timed
lease_timed,2,1,U=2 L=0 sd=1 TTL=10 pause=4 fence=on,timed,boundary,11,7,,0,hold,hold,0.0,0.0,2,8,2026-09-06 16:17:25,2026-09-06 16:17:25,lease_timed --clients 2 --rounds 1 --u 2 --l-ratio 0.0 --sd-ratio 0.5 --ttl-ratio 5.0 --pause-ratio 2.0 --fencing on --mode timed
lease_timed,2,1,U=2 L=0 sd=1 TTL=6 pause=0 fence=off,timed,boundary,,,,,FIRE,FIRE,0.0,0.0,2,8,2026-09-06 16:17:25,2026-09-06 16:17:25,lease_timed --clients 2 --rounds 1 --u 2 --l-ratio 0.0 --sd-ratio 0.5 --ttl-ratio 3.0 --pause-ratio 0.0 --fencing off --mode timed
lease_timed,2,1,U=2 L=0 sd=1 TTL=10 pause=4 fence=off,timed,boundary,,,,,FIRE,FIRE,0.0,0.0,2,8,2026-09-06 16:17:25,2026-09-06 16:17:25,lease_timed --clients 2 --rounds 1 --u 2 --l-ratio 0.0 --sd-ratio 0.5 --ttl-ratio 5.0 --pause-ratio 2.0 --fencing off --mode timed
lease_timed,2,1,U=2 L=0 sd=1 TTL=12 pause=5 fence=off,timed,boundary,8,6,,0,hold,hold,0.0,0.0,2,8,2026-09-06 16:17:25,2026-09-06 16:17:25,lease_timed --clients 2 --rounds 1 --u 2 --l-ratio 0.0 --sd-ratio 0.5 --ttl-ratio 6.0 --pause-ratio 2.5 --fencing off --mode timed
lease_timed,2,1,U=2 L=0 sd=1 TTL=10 pause=3 fence=off,timed,boundary,8,6,,0,hold,hold,0.0,0.0,2,8,2026-09-06 16:17:25,2026-09-06 16:17:25,lease_timed --clients 2 --rounds 1 --u 2 --l-ratio 0.0 --sd-ratio 0.5 --ttl-ratio 5.0 --pause-ratio 1.5 --fencing off --mode timed
lease_timed,2,1,U=2 L=0 sd=1 TTL=12 pause=6 fence=on,timed,boundary,11,7,,0,hold,hold,0.0,0.0,2,8,2026-09-06 16:17:25,2026-09-06 16:17:25,lease_timed --clients 2 --rounds 1 --u 2 --l-ratio 0.0 --sd-ratio 0.5 --ttl-ratio 6.0 --pause-ratio 3.0 --fencing on --mode timed
lease_timed,2,1,U=2 L=2 sd=0 TTL=6 pause=6 fence=on,timed,boundary,3,1,,0,hold,hold,0.0,0.0,2,8,2026-09-06 16:17:25,2026-09-06 16:17:25,lease_timed --clients 2 --rounds 1 --u 2 --l-ratio 1.0 --sd-ratio 0.0 --ttl-ratio 3.0 --pause-ratio 3.0 --fencing on --mode timed
lease_timed,2,1,U=2 L=2 sd=0 TTL=6 pause=5 fence=off,timed,boundary,2,2,,0,hold,hold,0.0,0.0,2,8,2026-09-06 16:17:25,2026-09-06 16:17:25,lease_timed --clients 2 --rounds 1 --u 2 --l-ratio 1.0 --sd-ratio 0.0 --ttl-ratio 3.0 --pause-ratio 2.5 --fencing off --mode timed
lease_timed,2,1,U=2 L=2 sd=0 TTL=6 pause=6 fence=off,timed,boundary,,,,,FIRE,FIRE,0.0,0.0,2,8,2026-09-06 16:17:25,2026-09-06 16:17:25,lease_timed --clients 2 --rounds 1 --u 2 --l-ratio 1.0 --sd-ratio 0.0 --ttl-ratio 3.0 --pause-ratio 3.0 --fencing off --mode timed
lease_timed,2,1,U=2 L=0 sd=1 TTL=12 pause=6 fence=off,timed,boundary,,,,,FIRE,FIRE,0.0,0.0,2,8,2026-09-06 16:17:25,2026-09-06 16:17:25,lease_timed --clients 2 --rounds 1 --u 2 --l-ratio 0.0 --sd-ratio 0.5 --ttl-ratio 6.0 --pause-ratio 3.0 --fencing off --mode timed
lease_timed,2,1,U=2 L=0 sd=1 TTL=8 pause=2 fence=off,timed,boundary,,,,,FIRE,FIRE,0.1,0.0,2,8,2026-09-06 16:17:25,2026-09-06 16:17:25,lease_timed --clients 2 --rounds 1 --u 2 --l-ratio 0.0 --sd-ratio 0.5 --ttl-ratio 4.0 --pause-ratio 1.0 --fencing off --mode timed
lease_timed,2,1,U=2 L=2 sd=0 TTL=10 pause=9 fence=off,timed,boundary,4,3,,0,hold,hold,0.0,0.0,2,8,2026-09-06 16:17:25,2026-09-06 16:17:25,lease_timed --clients 2 --rounds 1 --u 2 --l-ratio 1.0 --sd-ratio 0.0 --ttl-ratio 5.0 --pause-ratio 4.5 --fencing off --mode timed
lease_timed,2,1,U=2 L=2 sd=0 TTL=10 pause=10 fence=on,timed,boundary,6,1,,0,hold,hold,0.0,0.0,2,8,2026-09-06 16:17:25,2026-09-06 16:17:25,lease_timed --clients 2 --rounds 1 --u 2 --l-ratio 1.0 --sd-ratio 0.0 --ttl-ratio 5.0 --pause-ratio 5.0 --fencing on --mode timed
lease_timed,2,1,U=2 L=2 sd=0 TTL=8 pause=8 fence=off,timed,boundary,,,,,FIRE,FIRE,0.0,0.0,2,8,2026-09-06 16:17:25,2026-09-06 16:17:25,lease_timed --clients 2 --rounds 1 --u 2 --l-ratio 1.0 --sd-ratio 0.0 --ttl-ratio 4.0 --pause-ratio 4.0 --fencing off --mode timed
lease_timed,2,1,U=2 L=2 sd=0 TTL=8 pause=8 fence=on,timed,boundary,6,1,,0,hold,hold,0.0,0.0,2,8,2026-09-06 16:17:25,2026-09-06 16:17:25,lease_timed --clients 2 --rounds 1 --u 2 --l-ratio 1.0 --sd-ratio 0.0 --ttl-ratio 4.0 --pause-ratio 4.0 --fencing on --mode timed
lease_timed,2,1,U=2 L=2 sd=0 TTL=8 pause=7 fence=off,timed,boundary,4,3,,0,hold,hold,0.0,0.0,2,8,2026-09-06 16:17:25,2026-09-06 16:17:25,lease_timed --clients 2 --rounds 1 --u 2 --l-ratio 1.0 --sd-ratio 0.0 --ttl-ratio 4.0 --pause-ratio 3.5 --fencing off --mode timed
lease_timed,2,1,U=2 L=2 sd=0 TTL=10 pause=10 fence=off,timed,boundary,,,,,FIRE,FIRE,0.0,0.0,2,8,2026-09-06 16:17:25,2026-09-06 16:17:25,lease_timed --clients 2 --rounds 1 --u 2 --l-ratio 1.0 --sd-ratio 0.0 --ttl-ratio 5.0 --pause-ratio 5.0 --fencing off --mode timed
lease_timed,2,1,U=2 L=2 sd=0 TTL=12 pause=11 fence=off,timed,boundary,4,3,,0,hold,hold,0.0,0.0,2,8,2026-09-06 16:17:25,2026-09-06 16:17:25,lease_timed --clients 2 --rounds 1 --u 2 --l-ratio 1.0 --sd-ratio 0.0 --ttl-ratio 6.0 --pause-ratio 5.5 --fencing off --mode timed
lease_timed,2,1,U=2 L=2 sd=1 TTL=8 pause=5 fence=off,timed,boundary,4,5,,0,hold,hold,0.0,0.0,2,8,2026-09-06 16:17:25,2026-09-06 16:17:25,lease_timed --clients 2 --rounds 1 --u 2 --l-ratio 1.0 --sd-ratio 0.5 --ttl-ratio 4.0 --pause-ratio 2.5 --fencing off --mode timed
lease_timed,2,1,U=2 L=2 sd=0 TTL=12 pause=12 fence=on,timed,boundary,6,1,,0,hold,hold,0.0,0.0,2,8,2026-09-06 16:17:25,2026-09-06 16:17:25,lease_timed --clients 2 --rounds 1 --u 2 --l-ratio 1.0 --sd-ratio 0.0 --ttl-ratio 6.0 --pause-ratio 6.0 --fencing on --mode timed
lease_timed,2,1,U=2 L=2 sd=0 TTL=12 pause=12 fence=off,timed,boundary,,,,,FIRE,FIRE,0.0,0.0,2,8,2026-09-06 16:17:25,2026-09-06 16:17:25,lease_timed --clients 2 --rounds 1 --u 2 --l-ratio 1.0 --sd-ratio 0.0 --ttl-ratio 6.0 --pause-ratio 6.0 --fencing off --mode timed
lease_timed,2,1,U=2 L=2 sd=1 TTL=6 pause=4 fence=off,timed,boundary,,,,,FIRE,FIRE,0.0,0.0,2,8,2026-09-06 16:17:25,2026-09-06 16:17:25,lease_timed --clients 2 --rounds 1 --u 2 --l-ratio 1.0 --sd-ratio 0.5 --ttl-ratio 3.0 --pause-ratio 2.0 --fencing off --mode timed
lease_timed,2,1,U=2 L=2 sd=1 TTL=6 pause=4 fence=on,timed,boundary,3,4,,0,hold,hold,0.0,0.0,2,8,2026-09-06 16:17:25,2026-09-06 16:17:25,lease_timed --clients 2 --rounds 1 --u 2 --l-ratio 1.0 --sd-ratio 0.5 --ttl-ratio 3.0 --pause-ratio 2.0 --fencing on --mode timed
lease_timed,2,1,U=2 L=2 sd=1 TTL=6 pause=3 fence=off,timed,boundary,2,4,,0,hold,hold,0.0,0.0,2,8,2026-09-06 16:17:25,2026-09-06 16:17:25,lease_timed --clients 2 --rounds 1 --u 2 --l-ratio 1.0 --sd-ratio 0.5 --ttl-ratio 3.0 --pause-ratio 1.5 --fencing off --mode timed
lease_timed,2,1,U=2 L=2 sd=1 TTL=8 pause=6 fence=on,timed,boundary,7,6,,0,hold,hold,0.0,0.0,2,8,2026-09-06 16:17:25,2026-09-06 16:17:25,lease_timed --clients 2 --rounds 1 --u 2 --l-ratio 1.0 --sd-ratio 0.5 --ttl-ratio 4.0 --pause-ratio 3.0 --fencing on --mode timed
lease_timed,2,1,U=2 L=2 sd=1 TTL=10 pause=8 fence=on,timed,boundary,7,6,,0,hold,hold,0.0,0.0,2,8,2026-09-06 16:17:25,2026-09-06 16:17:25,lease_timed --clients 2 --rounds 1 --u 2 --l-ratio 1.0 --sd-ratio 0.5 --ttl-ratio 5.0 --pause-ratio 4.0 --fencing on --mode timed
lease_timed,2,1,U=2 L=2 sd=1 TTL=10 pause=7 fence=off,timed,boundary,4,5,,0,hold,hold,0.0,0.0,2,8,2026-09-06 16:17:25,2026-09-06 16:17:25,lease_timed --clients 2 --rounds 1 --u 2 --l-ratio 1.0 --sd-ratio 0.5 --ttl-ratio 5.0 --pause-ratio 3.5 --fencing off --mode timed
lease_timed,2,1,U=2 L=2 sd=1 TTL=10 pause=8 fence=off,timed,boundary,,,,,FIRE,FIRE,0.0,0.0,2,8,2026-09-06 16:17:25,2026-09-06 16:17:25,lease_timed --clients 2 --rounds 1 --u 2 --l-ratio 1.0 --sd-ratio 0.5 --ttl-ratio 5.0 --pause-ratio 4.0 --fencing off --mode timed
lease_timed,2,1,U=2 L=2 sd=1 TTL=8 pause=6 fence=off,timed,boundary,,,,,FIRE,FIRE,0.0,0.0,2,8,2026-09-06 16:17:25,2026-09-06 16:17:25,lease_timed --clients 2 --rounds 1 --u 2 --l-ratio 1.0 --sd-ratio 0.5 --ttl-ratio 4.0 --pause-ratio 3.0 --fencing off --mode timed
lease_timed,2,1,U=2 L=2 sd=1 TTL=12 pause=10 fence=off,timed,boundary,,,,,FIRE,FIRE,0.0,0.0,2,8,2026-09-06 16:17:25,2026-09-06 16:17:25,lease_timed --clients 2 --rounds 1 --u 2 --l-ratio 1.0 --sd-ratio 0.5 --ttl-ratio 6.0 --pause-ratio 5.0 --fencing off --mode timed
swim_timed,3,1,U=1 L=0 sd=0 Wp=1 Ws=2,baseline,boundary,,,,,FIRE,FIRE,0.0,0.0,2,8,2026-09-06 16:17:25,2026-09-06 16:17:25,swim_timed --nodes 3 --rounds 1 --u 1 --l-ratio 0.0 --sd-ratio 0.0 --w-probe-ratio 1.0 --w-suspect-ratio 2.0 --mode baseline
lease_timed,2,1,U=2 L=2 sd=1 TTL=12 pause=9 fence=off,timed,boundary,4,5,,0,hold,hold,0.0,0.0,2,8,2026-09-06 16:17:25,2026-09-06 16:17:25,lease_timed --clients 2 --rounds 1 --u 2 --l-ratio 1.0 --sd-ratio 0.5 --ttl-ratio 6.0 --pause-ratio 4.5 --fencing off --mode timed
lease_timed,2,1,U=2 L=2 sd=1 TTL=12 pause=10 fence=on,timed,boundary,7,6,,0,hold,hold,0.0,0.0,2,8,2026-09-06 16:17:25,2026-09-06 16:17:25,lease_timed --clients 2 --rounds 1 --u 2 --l-ratio 1.0 --sd-ratio 0.5 --ttl-ratio 6.0 --pause-ratio 5.0 --fencing on --mode timed
swim_timed,3,1,U=1 L=0 sd=0 Wp=1 Ws=3,baseline,boundary,,,,,FIRE,FIRE,0.0,0.0,2,8,2026-09-06 16:17:25,2026-09-06 16:17:25,swim_timed --nodes 3 --rounds 1 --u 1 --l-ratio 0.0 --sd-ratio 0.0 --w-probe-ratio 1.0 --w-suspect-ratio 3.0 --mode baseline
swim_timed,3,1,U=1 L=1 sd=1 Wp=1 Ws=4,baseline,boundary,,,,,FIRE,FIRE,0.0,0.0,2,8,2026-09-06 16:17:25,2026-09-06 16:17:25,swim_timed --nodes 3 --rounds 1 --u 1 --l-ratio 1.0 --sd-ratio 1.0 --w-probe-ratio 1.0 --w-suspect-ratio 4.0 --mode baseline
swim_timed,3,1,U=1 L=0 sd=1 Wp=1 Ws=5,baseline,boundary,,,,,FIRE,FIRE,0.0,0.0,2,8,2026-09-06 16:17:25,2026-09-06 16:17:25,swim_timed --nodes 3 --rounds 1 --u 1 --l-ratio 0.0 --sd-ratio 1.0 --w-probe-ratio 1.0 --w-suspect-ratio 5.0 --mode baseline
swim_timed,3,1,U=1 L=1 sd=0 Wp=1 Ws=1,baseline,boundary,,,,,FIRE,FIRE,0.0,0.0,2,8,2026-09-06 16:17:25,2026-09-06 16:17:25,swim_timed --nodes 3 --rounds 1 --u 1 --l-ratio 1.0 --sd-ratio 0.0 --w-probe-ratio 1.0 --w-suspect-ratio 1.0 --mode baseline
swim_timed,3,1,U=1 L=1 sd=1 Wp=1 Ws=3,baseline,boundary,,,,,FIRE,FIRE,0.0,0.0,2,8,2026-09-06 16:17:25,2026-09-06 16:17:25,swim_timed --nodes 3 --rounds 1 --u 1 --l-ratio 1.0 --sd-ratio 1.0 --w-probe-ratio 1.0 --w-suspect-ratio 3.0 --mode baseline
swim_timed,3,1,U=1 L=1 sd=0 Wp=1 Ws=2,baseline,boundary,,,,,FIRE,FIRE,0.0,0.0,2,8,2026-09-06 16:17:25,2026-09-06 16:17:25,swim_timed --nodes 3 --rounds 1 --u 1 --l-ratio 1.0 --sd-ratio 0.0 --w-probe-ratio 1.0 --w-suspect-ratio 2.0 --mode baseline
swim_timed,3,1,U=2 L=0 sd=0 Wp=2 Ws=4,baseline,boundary,,,,,FIRE,FIRE,0.0,0.0,2,8,2026-09-06 16:17:25,2026-09-06 16:17:25,swim_timed --nodes 3 --rounds 1 --u 2 --l-ratio 0.0 --sd-ratio 0.0 --w-probe-ratio 1.0 --w-suspect-ratio 2.0 --mode baseline
swim_timed,3,1,U=1 L=0 sd=1 Wp=1 Ws=4,baseline,boundary,,,,,FIRE,FIRE,0.0,0.0,2,8,2026-09-06 16:17:25,2026-09-06 16:17:25,swim_timed --nodes 3 --rounds 1 --u 1 --l-ratio 0.0 --sd-ratio 1.0 --w-probe-ratio 1.0 --w-suspect-ratio 4.0 --mode baseline
swim_timed,3,1,U=2 L=0 sd=1 Wp=2 Ws=6,baseline,boundary,,,,,FIRE,FIRE,0.0,0.0,2,8,2026-09-06 16:17:25,2026-09-06 16:17:25,swim_timed --nodes 3 --rounds 1 --u 2 --l-ratio 0.0 --sd-ratio 0.5 --w-probe-ratio 1.0 --w-suspect-ratio 3.0 --mode baseline
swim_timed,3,1,U=2 L=2 sd=0 Wp=2 Ws=3,baseline,boundary,,,,,FIRE,FIRE,0.0,0.0,2,8,2026-09-06 16:17:25,2026-09-06 16:17:25,swim_timed --nodes 3 --rounds 1 --u 2 --l-ratio 1.0 --sd-ratio 0.0 --w-probe-ratio 1.0 --w-suspect-ratio 1.5 --mode baseline
swim_timed,3,1,U=2 L=0 sd=1 Wp=2 Ws=7,baseline,boundary,,,,,FIRE,FIRE,0.0,0.0,2,8,2026-09-06 16:17:25,2026-09-06 16:17:25,swim_timed --nodes 3 --rounds 1 --u 2 --l-ratio 0.0 --sd-ratio 0.5 --w-probe-ratio 1.0 --w-suspect-ratio 3.5 --mode baseline
swim_timed,3,1,U=2 L=0 sd=0 Wp=2 Ws=5,baseline,boundary,,,,,FIRE,FIRE,0.0,0.0,2,8,2026-09-06 16:17:25,2026-09-06 16:17:25,swim_timed --nodes 3 --rounds 1 --u 2 --l-ratio 0.0 --sd-ratio 0.0 --w-probe-ratio 1.0 --w-suspect-ratio 2.5 --mode baseline
swim_timed,3,1,U=2 L=2 sd=1 Wp=2 Ws=4,baseline,boundary,,,,,FIRE,FIRE,0.0,0.0,2,8,2026-09-06 16:17:25,2026-09-06 16:17:25,swim_timed --nodes 3 --rounds 1 --u 2 --l-ratio 1.0 --sd-ratio 0.5 --w-probe-ratio 1.0 --w-suspect-ratio 2.0 --mode baseline
swim_timed,3,1,U=2 L=2 sd=0 Wp=2 Ws=2,baseline,boundary,,,,,FIRE,FIRE,0.0,0.0,2,8,2026-09-06 16:17:25,2026-09-06 16:17:25,swim_timed --nodes 3 --rounds 1 --u 2 --l-ratio 1.0 --sd-ratio 0.0 --w-probe-ratio 1.0 --w-suspect-ratio 1.0 --mode baseline
swim_timed,3,1,U=2 L=2 sd=1 Wp=2 Ws=5,baseline,boundary,,,,,FIRE,FIRE,0.0,0.0,2,8,2026-09-06 16:17:25,2026-09-06 16:17:25,swim_timed --nodes 3 --rounds 1 --u 2 --l-ratio 1.0 --sd-ratio 0.5 --w-probe-ratio 1.0 --w-suspect-ratio 2.5 --mode baseline
swim_timed,3,1,U=4 L=3 sd=0 Wp=4 Ws=6,baseline,boundary,,,,,FIRE,FIRE,0.0,0.0,2,8,2026-09-06 16:17:25,2026-09-06 16:17:25,swim_timed --nodes 3 --rounds 1 --u 4 --l-ratio 0.75 --sd-ratio 0.0 --w-probe-ratio 1.0 --w-suspect-ratio 1.5 --mode baseline
swim_timed,3,1,U=3 L=2 sd=0 Wp=3 Ws=5,baseline,boundary,,,,,FIRE,FIRE,0.0,0.0,2,8,2026-09-06 16:17:25,2026-09-06 16:17:25,swim_timed --nodes 3 --rounds 1 --u 3 --l-ratio 0.6666666666666666 --sd-ratio 0.0 --w-probe-ratio 1.0 --w-suspect-ratio 1.6666666666666667 --mode baseline
swim_timed,3,1,U=1 L=0 sd=1 Wp=1 Ws=5,timed,boundary,2,4,,0,hold,hold,0.0,0.0,2,8,2026-09-06 16:17:25,2026-09-06 16:17:25,swim_timed --nodes 3 --rounds 1 --u 1 --l-ratio 0.0 --sd-ratio 1.0 --w-probe-ratio 1.0 --w-suspect-ratio 5.0 --mode timed
swim_timed,3,1,U=3 L=2 sd=0 Wp=3 Ws=6,baseline,boundary,,,,,FIRE,FIRE,0.0,0.0,2,8,2026-09-06 16:17:25,2026-09-06 16:17:25,swim_timed --nodes 3 --rounds 1 --u 3 --l-ratio 0.6666666666666666 --sd-ratio 0.0 --w-probe-ratio 1.0 --w-suspect-ratio 2.0 --mode baseline
swim_timed,3,1,U=1 L=0 sd=0 Wp=1 Ws=3,timed,boundary,2,6,,0,hold,hold,0.0,0.0,2,8,2026-09-06 16:17:25,2026-09-06 16:17:25,swim_timed --nodes 3 --rounds 1 --u 1 --l-ratio 0.0 --sd-ratio 0.0 --w-probe-ratio 1.0 --w-suspect-ratio 3.0 --mode timed
swim_timed,3,1,U=4 L=3 sd=0 Wp=4 Ws=7,baseline,boundary,,,,,FIRE,FIRE,0.0,0.0,2,8,2026-09-06 16:17:25,2026-09-06 16:17:25,swim_timed --nodes 3 --rounds 1 --u 4 --l-ratio 0.75 --sd-ratio 0.0 --w-probe-ratio 1.0 --w-suspect-ratio 1.75 --mode baseline
swim_timed,3,1,U=1 L=1 sd=0 Wp=1 Ws=2,timed,boundary,1,3,,0,hold,hold,0.0,0.0,2,8,2026-09-06 16:17:25,2026-09-06 16:17:25,swim_timed --nodes 3 --rounds 1 --u 1 --l-ratio 1.0 --sd-ratio 0.0 --w-probe-ratio 1.0 --w-suspect-ratio 2.0 --mode timed
swim_timed,3,1,U=1 L=1 sd=1 Wp=1 Ws=4,timed,boundary,1,3,,0,hold,hold,0.0,0.0,2,8,2026-09-06 16:17:25,2026-09-06 16:17:25,swim_timed --nodes 3 --rounds 1 --u 1 --l-ratio 1.0 --sd-ratio 1.0 --w-probe-ratio 1.0 --w-suspect-ratio 4.0 --mode timed
swim_timed,3,1,U=1 L=1 sd=0 Wp=1 Ws=1,timed,boundary,,,,,FIRE,FIRE,0.0,0.0,2,8,2026-09-06 16:17:25,2026-09-06 16:17:25,swim_timed --nodes 3 --rounds 1 --u 1 --l-ratio 1.0 --sd-ratio 0.0 --w-probe-ratio 1.0 --w-suspect-ratio 1.0 --mode timed
swim_timed,3,1,U=1 L=0 sd=1 Wp=1 Ws=4,timed,boundary,,,,,FIRE,FIRE,0.0,0.0,2,8,2026-09-06 16:17:25,2026-09-06 16:17:25,swim_timed --nodes 3 --rounds 1 --u 1 --l-ratio 0.0 --sd-ratio 1.0 --w-probe-ratio 1.0 --w-suspect-ratio 4.0 --mode timed
swim_timed,3,1,U=2 L=0 sd=0 Wp=2 Ws=5,timed,boundary,2,6,,0,hold,hold,0.0,0.0,2,8,2026-09-06 16:17:25,2026-09-06 16:17:25,swim_timed --nodes 3 --rounds 1 --u 2 --l-ratio 0.0 --sd-ratio 0.0 --w-probe-ratio 1.0 --w-suspect-ratio 2.5 --mode timed
swim_timed,3,1,U=1 L=0 sd=0 Wp=1 Ws=2,timed,boundary,,,,,FIRE,FIRE,0.0,0.0,2,8,2026-09-06 16:17:25,2026-09-06 16:17:25,swim_timed --nodes 3 --rounds 1 --u 1 --l-ratio 0.0 --sd-ratio 0.0 --w-probe-ratio 1.0 --w-suspect-ratio 2.0 --mode timed
swim_timed,3,1,U=1 L=1 sd=1 Wp=1 Ws=3,timed,boundary,,,,,FIRE,FIRE,0.0,0.0,2,8,2026-09-06 16:17:25,2026-09-06 16:17:25,swim_timed --nodes 3 --rounds 1 --u 1 --l-ratio 1.0 --sd-ratio 1.0 --w-probe-ratio 1.0 --w-suspect-ratio 3.0 --mode timed
swim_timed,3,1,U=2 L=0 sd=1 Wp=2 Ws=7,timed,boundary,2,6,,0,hold,hold,0.0,0.0,2,8,2026-09-06 16:17:25,2026-09-06 16:17:25,swim_timed --nodes 3 --rounds 1 --u 2 --l-ratio 0.0 --sd-ratio 0.5 --w-probe-ratio 1.0 --w-suspect-ratio 3.5 --mode timed
swim_timed,3,1,U=2 L=2 sd=0 Wp=2 Ws=3,timed,boundary,1,3,,0,hold,hold,0.0,0.0,2,8,2026-09-06 16:17:25,2026-09-06 16:17:25,swim_timed --nodes 3 --rounds 1 --u 2 --l-ratio 1.0 --sd-ratio 0.0 --w-probe-ratio 1.0 --w-suspect-ratio 1.5 --mode timed
swim_timed,3,1,U=2 L=2 sd=1 Wp=2 Ws=5,timed,boundary,1,3,,0,hold,hold,0.0,0.0,2,8,2026-09-06 16:17:25,2026-09-06 16:17:25,swim_timed --nodes 3 --rounds 1 --u 2 --l-ratio 1.0 --sd-ratio 0.5 --w-probe-ratio 1.0 --w-suspect-ratio 2.5 --mode timed
swim_timed,3,1,U=2 L=0 sd=0 Wp=2 Ws=4,timed,boundary,,,,,FIRE,FIRE,0.0,0.0,2,8,2026-09-06 16:17:25,2026-09-06 16:17:25,swim_timed --nodes 3 --rounds 1 --u 2 --l-ratio 0.0 --sd-ratio 0.0 --w-probe-ratio 1.0 --w-suspect-ratio 2.0 --mode timed
swim_timed,3,1,U=2 L=0 sd=1 Wp=2 Ws=6,timed,boundary,,,,,FIRE,FIRE,0.0,0.0,2,8,2026-09-06 16:17:25,2026-09-06 16:17:25,swim_timed --nodes 3 --rounds 1 --u 2 --l-ratio 0.0 --sd-ratio 0.5 --w-probe-ratio 1.0 --w-suspect-ratio 3.0 --mode timed
swim_timed,3,1,U=4 L=3 sd=0 Wp=4 Ws=6,timed,boundary,,,,,FIRE,FIRE,0.0,0.0,2,8,2026-09-06 16:17:25,2026-09-06 16:17:25,swim_timed --nodes 3 --rounds 1 --u 4 --l-ratio 0.75 --sd-ratio 0.0 --w-probe-ratio 1.0 --w-suspect-ratio 1.5 --mode timed
swim_timed,3,1,U=3 L=2 sd=0 Wp=3 Ws=6,timed,boundary,1,3,,0,hold,hold,0.0,0.0,2,8,2026-09-06 16:17:25,2026-09-06 16:17:25,swim_timed --nodes 3 --rounds 1 --u 3 --l-ratio 0.6666666666666666 --sd-ratio 0.0 --w-probe-ratio 1.0 --w-suspect-ratio 2.0 --mode timed
swim_timed,3,1,U=2 L=2 sd=1 Wp=2 Ws=4,timed,boundary,,,,,FIRE,FIRE,0.0,0.0,2,8,2026-09-06 16:17:25,2026-09-06 16:17:25,swim_timed --nodes 3 --rounds 1 --u 2 --l-ratio 1.0 --sd-ratio 0.5 --w-probe-ratio 1.0 --w-suspect-ratio 2.0 --mode timed
swim_timed,3,1,U=2 L=2 sd=0 Wp=2 Ws=2,timed,boundary,,,,,FIRE,FIRE,0.0,0.0,2,8,2026-09-06 16:17:25,2026-09-06 16:17:25,swim_timed --nodes 3 --rounds 1 --u 2 --l-ratio 1.0 --sd-ratio 0.0 --w-probe-ratio 1.0 --w-suspect-ratio 1.0 --mode timed
swim_timed,3,1,U=3 L=2 sd=0 Wp=3 Ws=5,timed,boundary,,,,,FIRE,FIRE,0.0,0.0,2,8,2026-09-06 16:17:25,2026-09-06 16:17:25,swim_timed --nodes 3 --rounds 1 --u 3 --l-ratio 0.6666666666666666 --sd-ratio 0.0 --w-probe-ratio 1.0 --w-suspect-ratio 1.6666666666666667 --mode timed
swim_timed,3,1,U=4 L=3 sd=0 Wp=4 Ws=7,timed,boundary,1,3,,0,hold,hold,0.0,0.0,2,8,2026-09-06 16:17:25,2026-09-06 16:17:25,swim_timed --nodes 3 --rounds 1 --u 4 --l-ratio 0.75 --sd-ratio 0.0 --w-probe-ratio 1.0 --w-suspect-ratio 1.75 --mode timed
lease_timed,2,2,U=1 L=0 sd=0 TTL=6 pause=3 fence=off,baseline,boundary,,,,,FIRE,FIRE,0.0,0.0,2,8,2026-09-06 16:17:25,2026-09-06 16:17:25,lease_timed --clients 2 --rounds 2 --u 1 --l-ratio 0.0 --sd-ratio 0.0 --ttl-ratio 6.0 --pause-ratio 3.0 --fencing off --mode baseline
lease_timed,2,2,U=1 L=0 sd=0 TTL=8 pause=6 fence=off,baseline,boundary,,,,,FIRE,FIRE,0.0,0.0,2,8,2026-09-06 16:17:25,2026-09-06 16:17:25,lease_timed --clients 2 --rounds 2 --u 1 --l-ratio 0.0 --sd-ratio 0.0 --ttl-ratio 8.0 --pause-ratio 6.0 --fencing off --mode baseline
lease_timed,2,2,U=1 L=0 sd=0 TTL=6 pause=4 fence=off,baseline,boundary,,,,,FIRE,FIRE,0.0,0.0,2,8,2026-09-06 16:17:25,2026-09-06 16:17:25,lease_timed --clients 2 --rounds 2 --u 1 --l-ratio 0.0 --sd-ratio 0.0 --ttl-ratio 6.0 --pause-ratio 4.0 --fencing off --mode baseline
lease_timed,2,2,U=1 L=0 sd=0 TTL=8 pause=6 fence=on,baseline,boundary,144,0,,0,hold,hold,0.0,0.0,2,8,2026-09-06 16:17:25,2026-09-06 16:17:25,lease_timed --clients 2 --rounds 2 --u 1 --l-ratio 0.0 --sd-ratio 0.0 --ttl-ratio 8.0 --pause-ratio 6.0 --fencing on --mode baseline
lease_timed,2,2,U=1 L=0 sd=0 TTL=6 pause=4 fence=on,baseline,boundary,144,0,,0,hold,hold,0.0,0.0,2,8,2026-09-06 16:17:25,2026-09-06 16:17:25,lease_timed --clients 2 --rounds 2 --u 1 --l-ratio 0.0 --sd-ratio 0.0 --ttl-ratio 6.0 --pause-ratio 4.0 --fencing on --mode baseline
lease_timed,2,2,U=1 L=0 sd=0 TTL=8 pause=5 fence=off,baseline,boundary,,,,,FIRE,FIRE,0.0,0.0,2,8,2026-09-06 16:17:25,2026-09-06 16:17:25,lease_timed --clients 2 --rounds 2 --u 1 --l-ratio 0.0 --sd-ratio 0.0 --ttl-ratio 8.0 --pause-ratio 5.0 --fencing off --mode baseline
lease_timed,2,2,U=1 L=0 sd=0 TTL=10 pause=7 fence=off,baseline,boundary,,,,,FIRE,FIRE,0.0,0.0,2,8,2026-09-06 16:17:25,2026-09-06 16:17:25,lease_timed --clients 2 --rounds 2 --u 1 --l-ratio 0.0 --sd-ratio 0.0 --ttl-ratio 10.0 --pause-ratio 7.0 --fencing off --mode baseline
lease_timed,2,2,U=1 L=0 sd=0 TTL=10 pause=8 fence=on,baseline,boundary,144,0,,0,hold,hold,0.0,0.0,2,8,2026-09-06 16:17:25,2026-09-06 16:17:25,lease_timed --clients 2 --rounds 2 --u 1 --l-ratio 0.0 --sd-ratio 0.0 --ttl-ratio 10.0 --pause-ratio 8.0 --fencing on --mode baseline
lease_timed,2,2,U=1 L=0 sd=0 TTL=12 pause=10 fence=off,baseline,boundary,,,,,FIRE,FIRE,0.0,0.0,2,8,2026-09-06 16:17:25,2026-09-06 16:17:25,lease_timed --clients 2 --rounds 2 --u 1 --l-ratio 0.0 --sd-ratio 0.0 --ttl-ratio 12.0 --pause-ratio 10.0 --fencing off --mode baseline
lease_timed,2,2,U=1 L=0 sd=0 TTL=12 pause=9 fence=off,baseline,boundary,,,,,FIRE,FIRE,0.0,0.0,2,8,2026-09-06 16:17:25,2026-09-06 16:17:25,lease_timed --clients 2 --rounds 2 --u 1 --l-ratio 0.0 --sd-ratio 0.0 --ttl-ratio 12.0 --pause-ratio 9.0 --fencing off --mode baseline
lease_timed,2,2,U=1 L=0 sd=0 TTL=12 pause=10 fence=on,baseline,boundary,144,0,,0,hold,hold,0.0,0.0,2,8,2026-09-06 16:17:25,2026-09-06 16:17:25,lease_timed --clients 2 --rounds 2 --u 1 --l-ratio 0.0 --sd-ratio 0.0 --ttl-ratio 12.0 --pause-ratio 10.0 --fencing on --mode baseline
lease_timed,2,2,U=1 L=0 sd=1 TTL=6 pause=2 fence=off,baseline,boundary,,,,,FIRE,FIRE,0.0,0.0,2,8,2026-09-06 16:17:25,2026-09-06 16:17:25,lease_timed --clients 2 --rounds 2 --u 1 --l-ratio 0.0 --sd-ratio 1.0 --ttl-ratio 6.0 --pause-ratio 2.0 --fencing off --mode baseline
lease_timed,2,2,U=1 L=0 sd=0 TTL=10 pause=8 fence=off,baseline,boundary,,,,,FIRE,FIRE,0.0,0.0,2,8,2026-09-06 16:17:25,2026-09-06 16:17:25,lease_timed --clients 2 --rounds 2 --u 1 --l-ratio 0.0 --sd-ratio 0.0 --ttl-ratio 10.0 --pause-ratio 8.0 --fencing off --mode baseline
lease_timed,2,2,U=1 L=0 sd=1 TTL=6 pause=2 fence=on,baseline,boundary,144,0,,0,hold,hold,0.0,0.0,2,8,2026-09-06 16:17:25,2026-09-06 16:17:25,lease_timed --clients 2 --rounds 2 --u 1 --l-ratio 0.0 --sd-ratio 1.0 --ttl-ratio 6.0 --pause-ratio 2.0 --fencing on --mode baseline
lease_timed,2,2,U=1 L=0 sd=1 TTL=8 pause=4 fence=on,baseline,boundary,144,0,,0,hold,hold,0.0,0.0,2,8,2026-09-06 16:17:25,2026-09-06 16:17:25,lease_timed --clients 2 --rounds 2 --u 1 --l-ratio 0.0 --sd-ratio 1.0 --ttl-ratio 8.0 --pause-ratio 4.0 --fencing on --mode baseline
lease_timed,2,2,U=1 L=0 sd=1 TTL=8 pause=3 fence=off,baseline,boundary,,,,,FIRE,FIRE,0.0,0.0,2,8,2026-09-06 16:17:25,2026-09-06 16:17:25,lease_timed --clients 2 --rounds 2 --u 1 --l-ratio 0.0 --sd-ratio 1.0 --ttl-ratio 8.0 --pause-ratio 3.0 --fencing off --mode baseline
lease_timed,2,2,U=1 L=0 sd=1 TTL=8 pause=4 fence=off,baseline,boundary,,,,,FIRE,FIRE,0.0,0.0,2,8,2026-09-06 16:17:25,2026-09-06 16:17:25,lease_timed --clients 2 --rounds 2 --u 1 --l-ratio 0.0 --sd-ratio 1.0 --ttl-ratio 8.0 --pause-ratio 4.0 --fencing off --mode baseline
lease_timed,2,2,U=1 L=0 sd=1 TTL=10 pause=5 fence=off,baseline,boundary,,,,,FIRE,FIRE,0.0,0.0,2,8,2026-09-06 16:17:25,2026-09-06 16:17:25,lease_timed --clients 2 --rounds 2 --u 1 --l-ratio 0.0 --sd-ratio 1.0 --ttl-ratio 10.0 --pause-ratio 5.0 --fencing off --mode baseline
lease_timed,2,2,U=1 L=0 sd=1 TTL=6 pause=1 fence=off,baseline,boundary,,,,,FIRE,FIRE,0.0,0.0,2,8,2026-09-06 16:17:25,2026-09-06 16:17:25,lease_timed --clients 2 --rounds 2 --u 1 --l-ratio 0.0 --sd-ratio 1.0 --ttl-ratio 6.0 --pause-ratio 1.0 --fencing off --mode baseline
lease_timed,2,2,U=1 L=0 sd=1 TTL=12 pause=8 fence=off,baseline,boundary,,,,,FIRE,FIRE,0.0,0.0,2,8,2026-09-06 16:17:25,2026-09-06 16:17:25,lease_timed --clients 2 --rounds 2 --u 1 --l-ratio 0.0 --sd-ratio 1.0 --ttl-ratio 12.0 --pause-ratio 8.0 --fencing off --mode baseline
lease_timed,2,2,U=1 L=0 sd=1 TTL=10 pause=6 fence=off,baseline,boundary,,,,,FIRE,FIRE,0.0,0.0,2,8,2026-09-06 16:17:25,2026-09-06 16:17:25,lease_timed --clients 2 --rounds 2 --u 1 --l-ratio 0.0 --sd-ratio 1.0 --ttl-ratio 10.0 --pause-ratio 6.0 --fencing off --mode baseline
lease_timed,2,2,U=1 L=0 sd=1 TTL=10 pause=6 fence=on,baseline,boundary,144,0,,0,hold,hold,0.0,0.0,2,8,2026-09-06 16:17:25,2026-09-06 16:17:25,lease_timed --clients 2 --rounds 2 --u 1 --l-ratio 0.0 --sd-ratio 1.0 --ttl-ratio 10.0 --pause-ratio 6.0 --fencing on --mode baseline
lease_timed,2,2,U=1 L=0 sd=1 TTL=12 pause=7 fence=off,baseline,boundary,,,,,FIRE,FIRE,0.0,0.0,2,8,2026-09-06 16:17:25,2026-09-06 16:17:25,lease_timed --clients 2 --rounds 2 --u 1 --l-ratio 0.0 --sd-ratio 1.0 --ttl-ratio 12.0 --pause-ratio 7.0 --fencing off --mode baseline
lease_timed,2,2,U=1 L=0 sd=1 TTL=12 pause=8 fence=on,baseline,boundary,144,0,,0,hold,hold,0.0,0.0,2,8,2026-09-06 16:17:25,2026-09-06 16:17:25,lease_timed --clients 2 --rounds 2 --u 1 --l-ratio 0.0 --sd-ratio 1.0 --ttl-ratio 12.0 --pause-ratio 8.0 --fencing on --mode baseline
lease_timed,2,2,U=1 L=1 sd=0 TTL=8 pause=7 fence=off,baseline,boundary,,,,,FIRE,FIRE,0.0,0.0,2,8,2026-09-06 16:17:25,2026-09-06 16:17:25,lease_timed --clients 2 --rounds 2 --u 1 --l-ratio 1.0 --sd-ratio 0.0 --ttl-ratio 8.0 --pause-ratio 7.0 --fencing off --mode baseline
lease_timed,2,2,U=1 L=1 sd=0 TTL=6 pause=6 fence=off,baseline,boundary,,,,,FIRE,FIRE,0.0,0.0,2,8,2026-09-06 16:17:25,2026-09-06 16:17:25,lease_timed --clients 2 --rounds 2 --u 1 --l-ratio 1.0 --sd-ratio 0.0 --ttl-ratio 6.0 --pause-ratio 6.0 --fencing off --mode baseline
lease_timed,2,2,U=1 L=1 sd=0 TTL=6 pause=6 fence=on,baseline,boundary,144,0,,0,hold,hold,0.0,0.0,2,8,2026-09-06 16:17:25,2026-09-06 16:17:25,lease_timed --clients 2 --rounds 2 --u 1 --l-ratio 1.0 --sd-ratio 0.0 --ttl-ratio 6.0 --pause-ratio 6.0 --fencing on --mode baseline
lease_timed,2,2,U=1 L=1 sd=0 TTL=10 pause=9 fence=off,baseline,boundary,,,,,FIRE,FIRE,0.0,0.0,2,8,2026-09-06 16:17:25,2026-09-06 16:17:25,lease_timed --clients 2 --rounds 2 --u 1 --l-ratio 1.0 --sd-ratio 0.0 --ttl-ratio 10.0 --pause-ratio 9.0 --fencing off --mode baseline
lease_timed,2,2,U=1 L=1 sd=0 TTL=8 pause=8 fence=off,baseline,boundary,,,,,FIRE,FIRE,0.0,0.0,2,8,2026-09-06 16:17:25,2026-09-06 16:17:25,lease_timed --clients 2 --rounds 2 --u 1 --l-ratio 1.0 --sd-ratio 0.0 --ttl-ratio 8.0 --pause-ratio 8.0 --fencing off --mode baseline
lease_timed,2,2,U=1 L=1 sd=0 TTL=6 pause=5 fence=off,baseline,boundary,,,,,FIRE,FIRE,0.0,0.0,2,8,2026-09-06 16:17:25,2026-09-06 16:17:25,lease_timed --clients 2 --rounds 2 --u 1 --l-ratio 1.0 --sd-ratio 0.0 --ttl-ratio 6.0 --pause-ratio 5.0 --fencing off --mode baseline
lease_timed,2,2,U=1 L=1 sd=0 TTL=10 pause=10 fence=off,baseline,boundary,,,,,FIRE,FIRE,0.0,0.0,2,8,2026-09-06 16:17:25,2026-09-06 16:17:25,lease_timed --clients 2 --rounds 2 --u 1 --l-ratio 1.0 --sd-ratio 0.0 --ttl-ratio 10.0 --pause-ratio 10.0 --fencing off --mode baseline
lease_timed,2,2,U=1 L=1 sd=0 TTL=8 pause=8 fence=on,baseline,boundary,144,0,,0,hold,hold,0.1,0.0,2,8,2026-09-06 16:17:25,2026-09-06 16:17:25,lease_timed --clients 2 --rounds 2 --u 1 --l-ratio 1.0 --sd-ratio 0.0 --ttl-ratio 8.0 --pause-ratio 8.0 --fencing on --mode baseline
lease_timed,2,2,U=1 L=1 sd=0 TTL=10 pause=10 fence=on,baseline,boundary,144,0,,0,hold,hold,0.0,0.0,2,8,2026-09-06 16:17:25,2026-09-06 16:17:25,lease_timed --clients 2 --rounds 2 --u 1 --l-ratio 1.0 --sd-ratio 0.0 --ttl-ratio 10.0 --pause-ratio 10.0 --fencing on --mode baseline
lease_timed,2,2,U=1 L=1 sd=0 TTL=12 pause=11 fence=off,baseline,boundary,,,,,FIRE,FIRE,0.0,0.0,2,8,2026-09-06 16:17:25,2026-09-06 16:17:25,lease_timed --clients 2 --rounds 2 --u 1 --l-ratio 1.0 --sd-ratio 0.0 --ttl-ratio 12.0 --pause-ratio 11.0 --fencing off --mode baseline
lease_timed,2,2,U=1 L=1 sd=0 TTL=12 pause=12 fence=off,baseline,boundary,,,,,FIRE,FIRE,0.0,0.0,2,8,2026-09-06 16:17:25,2026-09-06 16:17:25,lease_timed --clients 2 --rounds 2 --u 1 --l-ratio 1.0 --sd-ratio 0.0 --ttl-ratio 12.0 --pause-ratio 12.0 --fencing off --mode baseline
lease_timed,2,2,U=1 L=1 sd=1 TTL=6 pause=3 fence=off,baseline,boundary,,,,,FIRE,FIRE,0.0,0.0,2,8,2026-09-06 16:17:25,2026-09-06 16:17:25,lease_timed --clients 2 --rounds 2 --u 1 --l-ratio 1.0 --sd-ratio 1.0 --ttl-ratio 6.0 --pause-ratio 3.0 --fencing off --mode baseline
lease_timed,2,2,U=1 L=1 sd=1 TTL=8 pause=6 fence=off,baseline,boundary,,,,,FIRE,FIRE,0.0,0.0,2,8,2026-09-06 16:17:25,2026-09-06 16:17:25,lease_timed --clients 2 --rounds 2 --u 1 --l-ratio 1.0 --sd-ratio 1.0 --ttl-ratio 8.0 --pause-ratio 6.0 --fencing off --mode baseline
lease_timed,2,2,U=1 L=1 sd=0 TTL=12 pause=12 fence=on,baseline,boundary,144,0,,0,hold,hold,0.0,0.0,2,8,2026-09-06 16:17:25,2026-09-06 16:17:25,lease_timed --clients 2 --rounds 2 --u 1 --l-ratio 1.0 --sd-ratio 0.0 --ttl-ratio 12.0 --pause-ratio 12.0 --fencing on --mode baseline
lease_timed,2,2,U=1 L=1 sd=1 TTL=6 pause=4 fence=on,baseline,boundary,144,0,,0,hold,hold,0.0,0.0,2,8,2026-09-06 16:17:25,2026-09-06 16:17:25,lease_timed --clients 2 --rounds 2 --u 1 --l-ratio 1.0 --sd-ratio 1.0 --ttl-ratio 6.0 --pause-ratio 4.0 --fencing on --mode baseline
lease_timed,2,2,U=1 L=1 sd=1 TTL=8 pause=5 fence=off,baseline,boundary,,,,,FIRE,FIRE,0.0,0.0,2,8,2026-09-06 16:17:25,2026-09-06 16:17:25,lease_timed --clients 2 --rounds 2 --u 1 --l-ratio 1.0 --sd-ratio 1.0 --ttl-ratio 8.0 --pause-ratio 5.0 --fencing off --mode baseline
lease_timed,2,2,U=1 L=1 sd=1 TTL=6 pause=4 fence=off,baseline,boundary,,,,,FIRE,FIRE,0.0,0.0,2,8,2026-09-06 16:17:25,2026-09-06 16:17:25,lease_timed --clients 2 --rounds 2 --u 1 --l-ratio 1.0 --sd-ratio 1.0 --ttl-ratio 6.0 --pause-ratio 4.0 --fencing off --mode baseline
lease_timed,2,2,U=1 L=1 sd=1 TTL=10 pause=8 fence=off,baseline,boundary,,,,,FIRE,FIRE,0.0,0.0,2,8,2026-09-06 16:17:25,2026-09-06 16:17:25,lease_timed --clients 2 --rounds 2 --u 1 --l-ratio 1.0 --sd-ratio 1.0 --ttl-ratio 10.0 --pause-ratio 8.0 --fencing off --mode baseline
lease_timed,2,2,U=1 L=1 sd=1 TTL=10 pause=7 fence=off,baseline,boundary,,,,,FIRE,FIRE,0.0,0.0,2,8,2026-09-06 16:17:25,2026-09-06 16:17:25,lease_timed --clients 2 --rounds 2 --u 1 --l-ratio 1.0 --sd-ratio 1.0 --ttl-ratio 10.0 --pause-ratio 7.0 --fencing off --mode baseline
lease_timed,2,2,U=1 L=1 sd=1 TTL=10 pause=8 fence=on,baseline,boundary,144,0,,0,hold,hold,0.0,0.0,2,8,2026-09-06 16:17:25,2026-09-06 16:17:25,lease_timed --clients 2 --rounds 2 --u 1 --l-ratio 1.0 --sd-ratio 1.0 --ttl-ratio 10.0 --pause-ratio 8.0 --fencing on --mode baseline
lease_timed,2,2,U=1 L=1 sd=1 TTL=8 pause=6 fence=on,baseline,boundary,144,0,,0,hold,hold,0.0,0.0,2,8,2026-09-06 16:17:25,2026-09-06 16:17:25,lease_timed --clients 2 --rounds 2 --u 1 --l-ratio 1.0 --sd-ratio 1.0 --ttl-ratio 8.0 --pause-ratio 6.0 --fencing on --mode baseline
lease_timed,2,2,U=1 L=1 sd=1 TTL=12 pause=10 fence=off,baseline,boundary,,,,,FIRE,FIRE,0.0,0.0,2,8,2026-09-06 16:17:25,2026-09-06 16:17:25,lease_timed --clients 2 --rounds 2 --u 1 --l-ratio 1.0 --sd-ratio 1.0 --ttl-ratio 12.0 --pause-ratio 10.0 --fencing off --mode baseline
lease_timed,2,2,U=1 L=1 sd=1 TTL=12 pause=10 fence=on,baseline,boundary,144,0,,0,hold,hold,0.0,0.0,2,8,2026-09-06 16:17:25,2026-09-06 16:17:25,lease_timed --clients 2 --rounds 2 --u 1 --l-ratio 1.0 --sd-ratio 1.0 --ttl-ratio 12.0 --pause-ratio 10.0 --fencing on --mode baseline
lease_timed,2,2,U=2 L=0 sd=0 TTL=6 pause=2 fence=off,baseline,boundary,,,,,FIRE,FIRE,0.0,0.0,2,8,2026-09-06 16:17:25,2026-09-06 16:17:25,lease_timed --clients 2 --rounds 2 --u 2 --l-ratio 0.0 --sd-ratio 0.0 --ttl-ratio 3.0 --pause-ratio 1.0 --fencing off --mode baseline
lease_timed,2,2,U=2 L=0 sd=0 TTL=6 pause=2 fence=on,baseline,boundary,144,0,,0,hold,hold,0.0,0.0,2,8,2026-09-06 16:17:25,2026-09-06 16:17:25,lease_timed --clients 2 --rounds 2 --u 2 --l-ratio 0.0 --sd-ratio 0.0 --ttl-ratio 3.0 --pause-ratio 1.0 --fencing on --mode baseline
lease_timed,2,2,U=2 L=0 sd=0 TTL=8 pause=3 fence=off,baseline,boundary,,,,,FIRE,FIRE,0.0,0.0,2,8,2026-09-06 16:17:25,2026-09-06 16:17:25,lease_timed --clients 2 --rounds 2 --u 2 --l-ratio 0.0 --sd-ratio 0.0 --ttl-ratio 4.0 --pause-ratio 1.5 --fencing off --mode baseline
lease_timed,2,2,U=2 L=0 sd=0 TTL=8 pause=4 fence=off,baseline,boundary,,,,,FIRE,FIRE,0.0,0.0,2,8,2026-09-06 16:17:25,2026-09-06 16:17:25,lease_timed --clients 2 --rounds 2 --u 2 --l-ratio 0.0 --sd-ratio 0.0 --ttl-ratio 4.0 --pause-ratio 2.0 --fencing off --mode baseline
lease_timed,2,2,U=2 L=0 sd=0 TTL=6 pause=1 fence=off,baseline,boundary,,,,,FIRE,FIRE,0.0,0.0,2,8,2026-09-06 16:17:25,2026-09-06 16:17:25,lease_timed --clients 2 --rounds 2 --u 2 --l-ratio 0.0 --sd-ratio 0.0 --ttl-ratio 3.0 --pause-ratio 0.5 --fencing off --mode baseline
lease_timed,2,2,U=1 L=1 sd=1 TTL=12 pause=9 fence=off,baseline,boundary,,,,,FIRE,FIRE,0.0,0.0,2,8,2026-09-06 16:17:25,2026-09-06 16:17:25,lease_timed --clients 2 --rounds 2 --u 1 --l-ratio 1.0 --sd-ratio 1.0 --ttl-ratio 12.0 --pause-ratio 9.0 --fencing off --mode baseline
lease_timed,2,2,U=2 L=0 sd=0 TTL=10 pause=5 fence=off,baseline,boundary,,,,,FIRE,FIRE,0.0,0.0,2,8,2026-09-06 16:17:25,2026-09-06 16:17:25,lease_timed --clients 2 --rounds 2 --u 2 --l-ratio 0.0 --sd-ratio 0.0 --ttl-ratio 5.0 --pause-ratio 2.5 --fencing off --mode baseline
lease_timed,2,2,U=2 L=0 sd=0 TTL=8 pause=4 fence=on,baseline,boundary,144,0,,0,hold,hold,0.0,0.0,2,8,2026-09-06 16:17:25,2026-09-06 16:17:25,lease_timed --clients 2 --rounds 2 --u 2 --l-ratio 0.0 --sd-ratio 0.0 --ttl-ratio 4.0 --pause-ratio 2.0 --fencing on --mode baseline
lease_timed,2,2,U=2 L=0 sd=0 TTL=12 pause=8 fence=off,baseline,boundary,,,,,FIRE,FIRE,0.0,0.0,2,8,2026-09-06 16:17:25,2026-09-06 16:17:25,lease_timed --clients 2 --rounds 2 --u 2 --l-ratio 0.0 --sd-ratio 0.0 --ttl-ratio 6.0 --pause-ratio 4.0 --fencing off --mode baseline
lease_timed,2,2,U=2 L=0 sd=0 TTL=10 pause=6 fence=off,baseline,boundary,,,,,FIRE,FIRE,0.0,0.0,2,8,2026-09-06 16:17:25,2026-09-06 16:17:25,lease_timed --clients 2 --rounds 2 --u 2 --l-ratio 0.0 --sd-ratio 0.0 --ttl-ratio 5.0 --pause-ratio 3.0 --fencing off --mode baseline
lease_timed,2,2,U=2 L=0 sd=0 TTL=12 pause=7 fence=off,baseline,boundary,,,,,FIRE,FIRE,0.0,0.0,2,8,2026-09-06 16:17:25,2026-09-06 16:17:25,lease_timed --clients 2 --rounds 2 --u 2 --l-ratio 0.0 --sd-ratio 0.0 --ttl-ratio 6.0 --pause-ratio 3.5 --fencing off --mode baseline
lease_timed,2,2,U=2 L=0 sd=1 TTL=6 pause=0 fence=on,baseline,boundary,144,0,,0,hold,hold,0.0,0.0,2,8,2026-09-06 16:17:25,2026-09-06 16:17:25,lease_timed --clients 2 --rounds 2 --u 2 --l-ratio 0.0 --sd-ratio 0.5 --ttl-ratio 3.0 --pause-ratio 0.0 --fencing on --mode baseline
lease_timed,2,2,U=2 L=0 sd=0 TTL=12 pause=8 fence=on,baseline,boundary,144,0,,0,hold,hold,0.0,0.0,2,8,2026-09-06 16:17:25,2026-09-06 16:17:25,lease_timed --clients 2 --rounds 2 --u 2 --l-ratio 0.0 --sd-ratio 0.0 --ttl-ratio 6.0 --pause-ratio 4.0 --fencing on --mode baseline
lease_timed,2,2,U=2 L=0 sd=0 TTL=10 pause=6 fence=on,baseline,boundary,144,0,,0,hold,hold,0.0,0.0,2,8,2026-09-06 16:17:25,2026-09-06 16:17:25,lease_timed --clients 2 --rounds 2 --u 2 --l-ratio 0.0 --sd-ratio 0.0 --ttl-ratio 5.0 --pause-ratio 3.0 --fencing on --mode baseline
lease_timed,2,2,U=2 L=0 sd=1 TTL=8 pause=1 fence=off,baseline,boundary,,,,,FIRE,FIRE,0.0,0.0,2,8,2026-09-06 16:17:25,2026-09-06 16:17:25,lease_timed --clients 2 --rounds 2 --u 2 --l-ratio 0.0 --sd-ratio 0.5 --ttl-ratio 4.0 --pause-ratio 0.5 --fencing off --mode baseline
lease_timed,2,2,U=2 L=0 sd=1 TTL=6 pause=0 fence=off,baseline,boundary,,,,,FIRE,FIRE,0.0,0.0,2,8,2026-09-06 16:17:25,2026-09-06 16:17:25,lease_timed --clients 2 --rounds 2 --u 2 --l-ratio 0.0 --sd-ratio 0.5 --ttl-ratio 3.0 --pause-ratio 0.0 --fencing off --mode baseline
lease_timed,2,2,U=2 L=0 sd=1 TTL=8 pause=2 fence=on,baseline,boundary,144,0,,0,hold,hold,0.0,0.0,2,8,2026-09-06 16:17:25,2026-09-06 16:17:25,lease_timed --clients 2 --rounds 2 --u 2 --l-ratio 0.0 --sd-ratio 0.5 --ttl-ratio 4.0 --pause-ratio 1.0 --fencing on --mode baseline
lease_timed,2,2,U=2 L=0 sd=1 TTL=8 pause=2 fence=off,baseline,boundary,,,,,FIRE,FIRE,0.0,0.0,2,8,2026-09-06 16:17:25,2026-09-06 16:17:25,lease_timed --clients 2 --rounds 2 --u 2 --l-ratio 0.0 --sd-ratio 0.5 --ttl-ratio 4.0 --pause-ratio 1.0 --fencing off --mode baseline
lease_timed,2,2,U=2 L=0 sd=1 TTL=12 pause=6 fence=on,baseline,boundary,144,0,,0,hold,hold,0.0,0.0,2,8,2026-09-06 16:17:25,2026-09-06 16:17:25,lease_timed --clients 2 --rounds 2 --u 2 --l-ratio 0.0 --sd-ratio 0.5 --ttl-ratio 6.0 --pause-ratio 3.0 --fencing on --mode baseline
lease_timed,2,2,U=2 L=0 sd=1 TTL=10 pause=4 fence=on,baseline,boundary,144,0,,0,hold,hold,0.0,0.0,2,8,2026-09-06 16:17:25,2026-09-06 16:17:25,lease_timed --clients 2 --rounds 2 --u 2 --l-ratio 0.0 --sd-ratio 0.5 --ttl-ratio 5.0 --pause-ratio 2.0 --fencing on --mode baseline
lease_timed,2,2,U=2 L=0 sd=1 TTL=10 pause=3 fence=off,baseline,boundary,,,,,FIRE,FIRE,0.0,0.0,2,8,2026-09-06 16:17:25,2026-09-06 16:17:25,lease_timed --clients 2 --rounds 2 --u 2 --l-ratio 0.0 --sd-ratio 0.5 --ttl-ratio 5.0 --pause-ratio 1.5 --fencing off --mode baseline
lease_timed,2,2,U=2 L=0 sd=1 TTL=12 pause=6 fence=off,baseline,boundary,,,,,FIRE,FIRE,0.0,0.0,2,8,2026-09-06 16:17:25,2026-09-06 16:17:25,lease_timed --clients 2 --rounds 2 --u 2 --l-ratio 0.0 --sd-ratio 0.5 --ttl-ratio 6.0 --pause-ratio 3.0 --fencing off --mode baseline
lease_timed,2,2,U=2 L=0 sd=1 TTL=10 pause=4 fence=off,baseline,boundary,,,,,FIRE,FIRE,0.0,0.0,2,8,2026-09-06 16:17:25,2026-09-06 16:17:25,lease_timed --clients 2 --rounds 2 --u 2 --l-ratio 0.0 --sd-ratio 0.5 --ttl-ratio 5.0 --pause-ratio 2.0 --fencing off --mode baseline
lease_timed,2,2,U=2 L=0 sd=1 TTL=12 pause=5 fence=off,baseline,boundary,,,,,FIRE,FIRE,0.0,0.0,2,8,2026-09-06 16:17:25,2026-09-06 16:17:25,lease_timed --clients 2 --rounds 2 --u 2 --l-ratio 0.0 --sd-ratio 0.5 --ttl-ratio 6.0 --pause-ratio 2.5 --fencing off --mode baseline
lease_timed,2,2,U=2 L=2 sd=0 TTL=6 pause=5 fence=off,baseline,boundary,,,,,FIRE,FIRE,0.0,0.0,2,8,2026-09-06 16:17:25,2026-09-06 16:17:25,lease_timed --clients 2 --rounds 2 --u 2 --l-ratio 1.0 --sd-ratio 0.0 --ttl-ratio 3.0 --pause-ratio 2.5 --fencing off --mode baseline
lease_timed,2,2,U=2 L=2 sd=0 TTL=6 pause=6 fence=off,baseline,boundary,,,,,FIRE,FIRE,0.0,0.0,2,8,2026-09-06 16:17:25,2026-09-06 16:17:25,lease_timed --clients 2 --rounds 2 --u 2 --l-ratio 1.0 --sd-ratio 0.0 --ttl-ratio 3.0 --pause-ratio 3.0 --fencing off --mode baseline
lease_timed,2,2,U=2 L=2 sd=0 TTL=6 pause=6 fence=on,baseline,boundary,144,0,,0,hold,hold,0.0,0.0,2,8,2026-09-06 16:17:25,2026-09-06 16:17:25,lease_timed --clients 2 --rounds 2 --u 2 --l-ratio 1.0 --sd-ratio 0.0 --ttl-ratio 3.0 --pause-ratio 3.0 --fencing on --mode baseline
lease_timed,2,2,U=2 L=2 sd=0 TTL=8 pause=7 fence=off,baseline,boundary,,,,,FIRE,FIRE,0.0,0.0,2,8,2026-09-06 16:17:25,2026-09-06 16:17:25,lease_timed --clients 2 --rounds 2 --u 2 --l-ratio 1.0 --sd-ratio 0.0 --ttl-ratio 4.0 --pause-ratio 3.5 --fencing off --mode baseline
lease_timed,2,2,U=2 L=2 sd=0 TTL=8 pause=8 fence=on,baseline,boundary,144,0,,0,hold,hold,0.0,0.0,2,8,2026-09-06 16:17:25,2026-09-06 16:17:25,lease_timed --clients 2 --rounds 2 --u 2 --l-ratio 1.0 --sd-ratio 0.0 --ttl-ratio 4.0 --pause-ratio 4.0 --fencing on --mode baseline
lease_timed,2,2,U=2 L=2 sd=0 TTL=10 pause=9 fence=off,baseline,boundary,,,,,FIRE,FIRE,0.0,0.0,2,8,2026-09-06 16:17:25,2026-09-06 16:17:25,lease_timed --clients 2 --rounds 2 --u 2 --l-ratio 1.0 --sd-ratio 0.0 --ttl-ratio 5.0 --pause-ratio 4.5 --fencing off --mode baseline
lease_timed,2,2,U=2 L=2 sd=0 TTL=12 pause=12 fence=on,baseline,boundary,144,0,,0,hold,hold,0.0,0.0,2,8,2026-09-06 16:17:25,2026-09-06 16:17:25,lease_timed --clients 2 --rounds 2 --u 2 --l-ratio 1.0 --sd-ratio 0.0 --ttl-ratio 6.0 --pause-ratio 6.0 --fencing on --mode baseline
lease_timed,2,2,U=2 L=2 sd=0 TTL=12 pause=11 fence=off,baseline,boundary,,,,,FIRE,FIRE,0.0,0.0,2,8,2026-09-06 16:17:25,2026-09-06 16:17:25,lease_timed --clients 2 --rounds 2 --u 2 --l-ratio 1.0 --sd-ratio 0.0 --ttl-ratio 6.0 --pause-ratio 5.5 --fencing off --mode baseline
lease_timed,2,2,U=2 L=2 sd=0 TTL=10 pause=10 fence=off,baseline,boundary,,,,,FIRE,FIRE,0.0,0.0,2,8,2026-09-06 16:17:25,2026-09-06 16:17:25,lease_timed --clients 2 --rounds 2 --u 2 --l-ratio 1.0 --sd-ratio 0.0 --ttl-ratio 5.0 --pause-ratio 5.0 --fencing off --mode baseline
lease_timed,2,2,U=2 L=2 sd=0 TTL=8 pause=8 fence=off,baseline,boundary,,,,,FIRE,FIRE,0.0,0.0,2,8,2026-09-06 16:17:25,2026-09-06 16:17:25,lease_timed --clients 2 --rounds 2 --u 2 --l-ratio 1.0 --sd-ratio 0.0 --ttl-ratio 4.0 --pause-ratio 4.0 --fencing off --mode baseline
lease_timed,2,2,U=2 L=2 sd=1 TTL=6 pause=4 fence=off,baseline,boundary,,,,,FIRE,FIRE,0.0,0.0,2,8,2026-09-06 16:17:25,2026-09-06 16:17:25,lease_timed --clients 2 --rounds 2 --u 2 --l-ratio 1.0 --sd-ratio 0.5 --ttl-ratio 3.0 --pause-ratio 2.0 --fencing off --mode baseline
lease_timed,2,2,U=2 L=2 sd=1 TTL=6 pause=3 fence=off,baseline,boundary,,,,,FIRE,FIRE,0.0,0.0,2,8,2026-09-06 16:17:25,2026-09-06 16:17:25,lease_timed --clients 2 --rounds 2 --u 2 --l-ratio 1.0 --sd-ratio 0.5 --ttl-ratio 3.0 --pause-ratio 1.5 --fencing off --mode baseline
lease_timed,2,2,U=2 L=2 sd=0 TTL=12 pause=12 fence=off,baseline,boundary,,,,,FIRE,FIRE,0.0,0.0,2,8,2026-09-06 16:17:25,2026-09-06 16:17:25,lease_timed --clients 2 --rounds 2 --u 2 --l-ratio 1.0 --sd-ratio 0.0 --ttl-ratio 6.0 --pause-ratio 6.0 --fencing off --mode baseline
lease_timed,2,2,U=2 L=2 sd=1 TTL=8 pause=6 fence=off,baseline,boundary,,,,,FIRE,FIRE,0.0,0.0,2,8,2026-09-06 16:17:25,2026-09-06 16:17:25,lease_timed --clients 2 --rounds 2 --u 2 --l-ratio 1.0 --sd-ratio 0.5 --ttl-ratio 4.0 --pause-ratio 3.0 --fencing off --mode baseline
lease_timed,2,2,U=2 L=2 sd=1 TTL=6 pause=4 fence=on,baseline,boundary,144,0,,0,hold,hold,0.0,0.0,2,8,2026-09-06 16:17:25,2026-09-06 16:17:25,lease_timed --clients 2 --rounds 2 --u 2 --l-ratio 1.0 --sd-ratio 0.5 --ttl-ratio 3.0 --pause-ratio 2.0 --fencing on --mode baseline
lease_timed,2,2,U=2 L=2 sd=1 TTL=8 pause=5 fence=off,baseline,boundary,,,,,FIRE,FIRE,0.0,0.0,2,8,2026-09-06 16:17:25,2026-09-06 16:17:25,lease_timed --clients 2 --rounds 2 --u 2 --l-ratio 1.0 --sd-ratio 0.5 --ttl-ratio 4.0 --pause-ratio 2.5 --fencing off --mode baseline
lease_timed,2,2,U=2 L=2 sd=1 TTL=8 pause=6 fence=on,baseline,boundary,144,0,,0,hold,hold,0.0,0.0,2,8,2026-09-06 16:17:25,2026-09-06 16:17:25,lease_timed --clients 2 --rounds 2 --u 2 --l-ratio 1.0 --sd-ratio 0.5 --ttl-ratio 4.0 --pause-ratio 3.0 --fencing on --mode baseline
lease_timed,2,2,U=2 L=2 sd=1 TTL=10 pause=7 fence=off,baseline,boundary,,,,,FIRE,FIRE,0.0,0.0,2,8,2026-09-06 16:17:25,2026-09-06 16:17:25,lease_timed --clients 2 --rounds 2 --u 2 --l-ratio 1.0 --sd-ratio 0.5 --ttl-ratio 5.0 --pause-ratio 3.5 --fencing off --mode baseline
lease_timed,2,2,U=2 L=2 sd=1 TTL=10 pause=8 fence=on,baseline,boundary,144,0,,0,hold,hold,0.0,0.0,2,8,2026-09-06 16:17:25,2026-09-06 16:17:25,lease_timed --clients 2 --rounds 2 --u 2 --l-ratio 1.0 --sd-ratio 0.5 --ttl-ratio 5.0 --pause-ratio 4.0 --fencing on --mode baseline
lease_timed,2,2,U=2 L=2 sd=0 TTL=10 pause=10 fence=on,baseline,boundary,144,0,,0,hold,hold,0.1,0.0,2,8,2026-09-06 16:17:25,2026-09-06 16:17:25,lease_timed --clients 2 --rounds 2 --u 2 --l-ratio 1.0 --sd-ratio 0.0 --ttl-ratio 5.0 --pause-ratio 5.0 --fencing on --mode baseline
lease_timed,2,2,U=2 L=2 sd=1 TTL=12 pause=9 fence=off,baseline,boundary,,,,,FIRE,FIRE,0.0,0.0,2,8,2026-09-06 16:17:25,2026-09-06 16:17:25,lease_timed --clients 2 --rounds 2 --u 2 --l-ratio 1.0 --sd-ratio 0.5 --ttl-ratio 6.0 --pause-ratio 4.5 --fencing off --mode baseline
lease_timed,2,2,U=2 L=2 sd=1 TTL=10 pause=8 fence=off,baseline,boundary,,,,,FIRE,FIRE,0.0,0.0,2,8,2026-09-06 16:17:25,2026-09-06 16:17:25,lease_timed --clients 2 --rounds 2 --u 2 --l-ratio 1.0 --sd-ratio 0.5 --ttl-ratio 5.0 --pause-ratio 4.0 --fencing off --mode baseline
lease_timed,2,2,U=2 L=2 sd=1 TTL=12 pause=10 fence=off,baseline,boundary,,,,,FIRE,FIRE,0.0,0.0,2,8,2026-09-06 16:17:25,2026-09-06 16:17:25,lease_timed --clients 2 --rounds 2 --u 2 --l-ratio 1.0 --sd-ratio 0.5 --ttl-ratio 6.0 --pause-ratio 5.0 --fencing off --mode baseline
lease_timed,2,2,U=2 L=2 sd=1 TTL=12 pause=10 fence=on,baseline,boundary,144,0,,0,hold,hold,0.0,0.0,2,8,2026-09-06 16:17:25,2026-09-06 16:17:25,lease_timed --clients 2 --rounds 2 --u 2 --l-ratio 1.0 --sd-ratio 0.5 --ttl-ratio 6.0 --pause-ratio 5.0 --fencing on --mode baseline
lease_timed,2,2,U=1 L=0 sd=0 TTL=8 pause=6 fence=off,timed,boundary,,,,,FIRE,FIRE,0.0,0.0,2,8,2026-09-06 16:17:25,2026-09-06 16:17:25,lease_timed --clients 2 --rounds 2 --u 1 --l-ratio 0.0 --sd-ratio 0.0 --ttl-ratio 8.0 --pause-ratio 6.0 --fencing off --mode timed
lease_timed,2,2,U=1 L=0 sd=0 TTL=6 pause=4 fence=off,timed,boundary,,,,,FIRE,FIRE,0.0,0.0,2,8,2026-09-06 16:17:25,2026-09-06 16:17:25,lease_timed --clients 2 --rounds 2 --u 1 --l-ratio 0.0 --sd-ratio 0.0 --ttl-ratio 6.0 --pause-ratio 4.0 --fencing off --mode timed
lease_timed,2,2,U=1 L=0 sd=0 TTL=10 pause=8 fence=off,timed,boundary,,,,,FIRE,FIRE,0.0,0.0,2,8,2026-09-06 16:17:25,2026-09-06 16:17:25,lease_timed --clients 2 --rounds 2 --u 1 --l-ratio 0.0 --sd-ratio 0.0 --ttl-ratio 10.0 --pause-ratio 8.0 --fencing off --mode timed
lease_timed,2,2,U=1 L=0 sd=0 TTL=12 pause=10 fence=off,timed,boundary,,,,,FIRE,FIRE,0.0,0.0,2,8,2026-09-06 16:17:25,2026-09-06 16:17:25,lease_timed --clients 2 --rounds 2 --u 1 --l-ratio 0.0 --sd-ratio 0.0 --ttl-ratio 12.0 --pause-ratio 10.0 --fencing off --mode timed
lease_timed,2,2,U=1 L=0 sd=0 TTL=6 pause=3 fence=off,timed,boundary,64,54,,0,hold,hold,0.1,0.1,2,8,2026-09-06 16:17:25,2026-09-06 16:17:25,lease_timed --clients 2 --rounds 2 --u 1 --l-ratio 0.0 --sd-ratio 0.0 --ttl-ratio 6.0 --pause-ratio 3.0 --fencing off --mode timed
lease_timed,2,2,U=1 L=0 sd=0 TTL=8 pause=5 fence=off,timed,boundary,64,54,,0,hold,hold,0.1,0.1,2,8,2026-09-06 16:17:25,2026-09-06 16:17:25,lease_timed --clients 2 --rounds 2 --u 1 --l-ratio 0.0 --sd-ratio 0.0 --ttl-ratio 8.0 --pause-ratio 5.0 --fencing off --mode timed
lease_timed,2,2,U=1 L=0 sd=0 TTL=10 pause=7 fence=off,timed,boundary,64,54,,0,hold,hold,0.1,0.1,2,8,2026-09-06 16:17:25,2026-09-06 16:17:25,lease_timed --clients 2 --rounds 2 --u 1 --l-ratio 0.0 --sd-ratio 0.0 --ttl-ratio 10.0 --pause-ratio 7.0 --fencing off --mode timed
lease_timed,2,2,U=1 L=0 sd=1 TTL=6 pause=2 fence=off,timed,boundary,,,,,FIRE,FIRE,0.0,0.0,2,8,2026-09-06 16:17:25,2026-09-06 16:17:25,lease_timed --clients 2 --rounds 2 --u 1 --l-ratio 0.0 --sd-ratio 1.0 --ttl-ratio 6.0 --pause-ratio 2.0 --fencing off --mode timed
lease_timed,2,2,U=1 L=0 sd=0 TTL=6 pause=4 fence=on,timed,boundary,121,90,,0,hold,hold,0.1,0.1,2,8,2026-09-06 16:17:25,2026-09-06 16:17:25,lease_timed --clients 2 --rounds 2 --u 1 --l-ratio 0.0 --sd-ratio 0.0 --ttl-ratio 6.0 --pause-ratio 4.0 --fencing on --mode timed
lease_timed,2,2,U=1 L=0 sd=0 TTL=12 pause=9 fence=off,timed,boundary,64,54,,0,hold,hold,0.1,0.1,2,8,2026-09-06 16:17:25,2026-09-06 16:17:25,lease_timed --clients 2 --rounds 2 --u 1 --l-ratio 0.0 --sd-ratio 0.0 --ttl-ratio 12.0 --pause-ratio 9.0 --fencing off --mode timed
lease_timed,2,2,U=1 L=0 sd=1 TTL=8 pause=4 fence=off,timed,boundary,,,,,FIRE,FIRE,0.0,0.0,2,8,2026-09-06 16:17:25,2026-09-06 16:17:25,lease_timed --clients 2 --rounds 2 --u 1 --l-ratio 0.0 --sd-ratio 1.0 --ttl-ratio 8.0 --pause-ratio 4.0 --fencing off --mode timed
lease_timed,2,2,U=1 L=0 sd=0 TTL=8 pause=6 fence=on,timed,boundary,121,90,,0,hold,hold,0.1,0.1,2,8,2026-09-06 16:17:25,2026-09-06 16:17:25,lease_timed --clients 2 --rounds 2 --u 1 --l-ratio 0.0 --sd-ratio 0.0 --ttl-ratio 8.0 --pause-ratio 6.0 --fencing on --mode timed
lease_timed,2,2,U=1 L=0 sd=1 TTL=10 pause=6 fence=off,timed,boundary,,,,,FIRE,FIRE,0.0,0.0,2,8,2026-09-06 16:17:25,2026-09-06 16:17:25,lease_timed --clients 2 --rounds 2 --u 1 --l-ratio 0.0 --sd-ratio 1.0 --ttl-ratio 10.0 --pause-ratio 6.0 --fencing off --mode timed
lease_timed,2,2,U=1 L=0 sd=0 TTL=10 pause=8 fence=on,timed,boundary,121,90,,0,hold,hold,0.1,0.1,2,8,2026-09-06 16:17:25,2026-09-06 16:17:25,lease_timed --clients 2 --rounds 2 --u 1 --l-ratio 0.0 --sd-ratio 0.0 --ttl-ratio 10.0 --pause-ratio 8.0 --fencing on --mode timed
lease_timed,2,2,U=1 L=0 sd=1 TTL=6 pause=1 fence=off,timed,boundary,64,54,,0,hold,hold,0.1,0.1,2,8,2026-09-06 16:17:25,2026-09-06 16:17:25,lease_timed --clients 2 --rounds 2 --u 1 --l-ratio 0.0 --sd-ratio 1.0 --ttl-ratio 6.0 --pause-ratio 1.0 --fencing off --mode timed
lease_timed,2,2,U=1 L=0 sd=0 TTL=12 pause=10 fence=on,timed,boundary,121,90,,0,hold,hold,0.1,0.1,2,8,2026-09-06 16:17:25,2026-09-06 16:17:25,lease_timed --clients 2 --rounds 2 --u 1 --l-ratio 0.0 --sd-ratio 0.0 --ttl-ratio 12.0 --pause-ratio 10.0 --fencing on --mode timed
lease_timed,2,2,U=1 L=0 sd=1 TTL=12 pause=8 fence=off,timed,boundary,,,,,FIRE,FIRE,0.0,0.0,2,8,2026-09-06 16:17:25,2026-09-06 16:17:26,lease_timed --clients 2 --rounds 2 --u 1 --l-ratio 0.0 --sd-ratio 1.0 --ttl-ratio 12.0 --pause-ratio 8.0 --fencing off --mode timed
lease_timed,2,2,U=1 L=0 sd=1 TTL=8 pause=3 fence=off,timed,boundary,64,54,,0,hold,hold,0.1,0.1,2,8,2026-09-06 16:17:25,2026-09-06 16:17:26,lease_timed --clients 2 --rounds 2 --u 1 --l-ratio 0.0 --sd-ratio 1.0 --ttl-ratio 8.0 --pause-ratio 3.0 --fencing off --mode timed
lease_timed,2,2,U=1 L=1 sd=0 TTL=6 pause=6 fence=off,timed,boundary,,,,,FIRE,FIRE,0.0,0.0,2,8,2026-09-06 16:17:26,2026-09-06 16:17:26,lease_timed --clients 2 --rounds 2 --u 1 --l-ratio 1.0 --sd-ratio 0.0 --ttl-ratio 6.0 --pause-ratio 6.0 --fencing off --mode timed
lease_timed,2,2,U=1 L=0 sd=1 TTL=10 pause=5 fence=off,timed,boundary,64,54,,0,hold,hold,0.1,0.1,2,8,2026-09-06 16:17:25,2026-09-06 16:17:26,lease_timed --clients 2 --rounds 2 --u 1 --l-ratio 0.0 --sd-ratio 1.0 --ttl-ratio 10.0 --pause-ratio 5.0 --fencing off --mode timed
lease_timed,2,2,U=1 L=0 sd=1 TTL=6 pause=2 fence=on,timed,boundary,121,90,,0,hold,hold,0.1,0.1,2,8,2026-09-06 16:17:25,2026-09-06 16:17:26,lease_timed --clients 2 --rounds 2 --u 1 --l-ratio 0.0 --sd-ratio 1.0 --ttl-ratio 6.0 --pause-ratio 2.0 --fencing on --mode timed
lease_timed,2,2,U=1 L=1 sd=0 TTL=6 pause=5 fence=off,timed,boundary,8,11,,0,hold,hold,0.0,0.0,2,8,2026-09-06 16:17:26,2026-09-06 16:17:26,lease_timed --clients 2 --rounds 2 --u 1 --l-ratio 1.0 --sd-ratio 0.0 --ttl-ratio 6.0 --pause-ratio 5.0 --fencing off --mode timed
lease_timed,2,2,U=1 L=1 sd=0 TTL=8 pause=8 fence=off,timed,boundary,,,,,FIRE,FIRE,0.0,0.0,2,8,2026-09-06 16:17:26,2026-09-06 16:17:26,lease_timed --clients 2 --rounds 2 --u 1 --l-ratio 1.0 --sd-ratio 0.0 --ttl-ratio 8.0 --pause-ratio 8.0 --fencing off --mode timed
lease_timed,2,2,U=1 L=0 sd=1 TTL=8 pause=4 fence=on,timed,boundary,121,90,,0,hold,hold,0.1,0.1,2,8,2026-09-06 16:17:25,2026-09-06 16:17:26,lease_timed --clients 2 --rounds 2 --u 1 --l-ratio 0.0 --sd-ratio 1.0 --ttl-ratio 8.0 --pause-ratio 4.0 --fencing on --mode timed
lease_timed,2,2,U=1 L=0 sd=1 TTL=12 pause=7 fence=off,timed,boundary,64,54,,0,hold,hold,0.1,0.1,2,8,2026-09-06 16:17:25,2026-09-06 16:17:26,lease_timed --clients 2 --rounds 2 --u 1 --l-ratio 0.0 --sd-ratio 1.0 --ttl-ratio 12.0 --pause-ratio 7.0 --fencing off --mode timed
lease_timed,2,2,U=1 L=1 sd=0 TTL=6 pause=6 fence=on,timed,boundary,24,7,,0,hold,hold,0.0,0.0,2,8,2026-09-06 16:17:26,2026-09-06 16:17:26,lease_timed --clients 2 --rounds 2 --u 1 --l-ratio 1.0 --sd-ratio 0.0 --ttl-ratio 6.0 --pause-ratio 6.0 --fencing on --mode timed
lease_timed,2,2,U=1 L=1 sd=0 TTL=8 pause=7 fence=off,timed,boundary,8,11,,0,hold,hold,0.0,0.0,2,8,2026-09-06 16:17:26,2026-09-06 16:17:26,lease_timed --clients 2 --rounds 2 --u 1 --l-ratio 1.0 --sd-ratio 0.0 --ttl-ratio 8.0 --pause-ratio 7.0 --fencing off --mode timed
lease_timed,2,2,U=1 L=1 sd=0 TTL=10 pause=10 fence=off,timed,boundary,,,,,FIRE,FIRE,0.0,0.0,2,8,2026-09-06 16:17:26,2026-09-06 16:17:26,lease_timed --clients 2 --rounds 2 --u 1 --l-ratio 1.0 --sd-ratio 0.0 --ttl-ratio 10.0 --pause-ratio 10.0 --fencing off --mode timed
lease_timed,2,2,U=1 L=0 sd=1 TTL=10 pause=6 fence=on,timed,boundary,121,90,,0,hold,hold,0.1,0.1,2,8,2026-09-06 16:17:25,2026-09-06 16:17:26,lease_timed --clients 2 --rounds 2 --u 1 --l-ratio 0.0 --sd-ratio 1.0 --ttl-ratio 10.0 --pause-ratio 6.0 --fencing on --mode timed
lease_timed,2,2,U=1 L=1 sd=0 TTL=10 pause=9 fence=off,timed,boundary,8,11,,0,hold,hold,0.0,0.0,2,8,2026-09-06 16:17:26,2026-09-06 16:17:26,lease_timed --clients 2 --rounds 2 --u 1 --l-ratio 1.0 --sd-ratio 0.0 --ttl-ratio 10.0 --pause-ratio 9.0 --fencing off --mode timed
lease_timed,2,2,U=1 L=1 sd=0 TTL=8 pause=8 fence=on,timed,boundary,24,7,,0,hold,hold,0.0,0.0,2,8,2026-09-06 16:17:26,2026-09-06 16:17:26,lease_timed --clients 2 --rounds 2 --u 1 --l-ratio 1.0 --sd-ratio 0.0 --ttl-ratio 8.0 --pause-ratio 8.0 --fencing on --mode timed
lease_timed,2,2,U=1 L=1 sd=0 TTL=12 pause=11 fence=off,timed,boundary,8,11,,0,hold,hold,0.0,0.0,2,8,2026-09-06 16:17:26,2026-09-06 16:17:26,lease_timed --clients 2 --rounds 2 --u 1 --l-ratio 1.0 --sd-ratio 0.0 --ttl-ratio 12.0 --pause-ratio 11.0 --fencing off --mode timed
lease_timed,2,2,U=1 L=1 sd=0 TTL=10 pause=10 fence=on,timed,boundary,24,7,,0,hold,hold,0.0,0.0,2,8,2026-09-06 16:17:26,2026-09-06 16:17:26,lease_timed --clients 2 --rounds 2 --u 1 --l-ratio 1.0 --sd-ratio 0.0 --ttl-ratio 10.0 --pause-ratio 10.0 --fencing on --mode timed
lease_timed,2,2,U=1 L=1 sd=0 TTL=12 pause=12 fence=off,timed,boundary,,,,,FIRE,FIRE,0.0,0.0,2,8,2026-09-06 16:17:26,2026-09-06 16:17:26,lease_timed --clients 2 --rounds 2 --u 1 --l-ratio 1.0 --sd-ratio 0.0 --ttl-ratio 12.0 --pause-ratio 12.0 --fencing off --mode timed
lease_timed,2,2,U=1 L=1 sd=1 TTL=6 pause=4 fence=off,timed,boundary,,,,,FIRE,FIRE,0.0,0.0,2,8,2026-09-06 16:17:26,2026-09-06 16:17:26,lease_timed --clients 2 --rounds 2 --u 1 --l-ratio 1.0 --sd-ratio 1.0 --ttl-ratio 6.0 --pause-ratio 4.0 --fencing off --mode timed
lease_timed,2,2,U=1 L=1 sd=0 TTL=12 pause=12 fence=on,timed,boundary,24,7,,0,hold,hold,0.0,0.0,2,8,2026-09-06 16:17:26,2026-09-06 16:17:26,lease_timed --clients 2 --rounds 2 --u 1 --l-ratio 1.0 --sd-ratio 0.0 --ttl-ratio 12.0 --pause-ratio 12.0 --fencing on --mode timed
lease_timed,2,2,U=1 L=0 sd=1 TTL=12 pause=8 fence=on,timed,boundary,121,90,,0,hold,hold,0.1,0.1,2,8,2026-09-06 16:17:25,2026-09-06 16:17:26,lease_timed --clients 2 --rounds 2 --u 1 --l-ratio 0.0 --sd-ratio 1.0 --ttl-ratio 12.0 --pause-ratio 8.0 --fencing on --mode timed
lease_timed,2,2,U=1 L=1 sd=1 TTL=8 pause=6 fence=off,timed,boundary,,,,,FIRE,FIRE,0.0,0.0,2,8,2026-09-06 16:17:26,2026-09-06 16:17:26,lease_timed --clients 2 --rounds 2 --u 1 --l-ratio 1.0 --sd-ratio 1.0 --ttl-ratio 8.0 --pause-ratio 6.0 --fencing off --mode timed
lease_timed,2,2,U=1 L=1 sd=1 TTL=6 pause=3 fence=off,timed,boundary,16,28,,0,hold,hold,0.0,0.0,2,8,2026-09-06 16:17:26,2026-09-06 16:17:26,lease_timed --clients 2 --rounds 2 --u 1 --l-ratio 1.0 --sd-ratio 1.0 --ttl-ratio 6.0 --pause-ratio 3.0 --fencing off --mode timed
lease_timed,2,2,U=1 L=1 sd=1 TTL=10 pause=8 fence=off,timed,boundary,,,,,FIRE,FIRE,0.0,0.0,2,8,2026-09-06 16:17:26,2026-09-06 16:17:26,lease_timed --clients 2 --rounds 2 --u 1 --l-ratio 1.0 --sd-ratio 1.0 --ttl-ratio 10.0 --pause-ratio 8.0 --fencing off --mode timed
lease_timed,2,2,U=1 L=1 sd=1 TTL=8 pause=5 fence=off,timed,boundary,16,28,,0,hold,hold,0.0,0.0,2,8,2026-09-06 16:17:26,2026-09-06 16:17:26,lease_timed --clients 2 --rounds 2 --u 1 --l-ratio 1.0 --sd-ratio 1.0 --ttl-ratio 8.0 --pause-ratio 5.0 --fencing off --mode timed
lease_timed,2,2,U=1 L=1 sd=1 TTL=12 pause=10 fence=off,timed,boundary,,,,,FIRE,FIRE,0.0,0.0,2,8,2026-09-06 16:17:26,2026-09-06 16:17:26,lease_timed --clients 2 --rounds 2 --u 1 --l-ratio 1.0 --sd-ratio 1.0 --ttl-ratio 12.0 --pause-ratio 10.0 --fencing off --mode timed
lease_timed,2,2,U=1 L=1 sd=1 TTL=6 pause=4 fence=on,timed,boundary,49,51,,0,hold,hold,0.1,0.1,2,8,2026-09-06 16:17:26,2026-09-06 16:17:26,lease_timed --clients 2 --rounds 2 --u 1 --l-ratio 1.0 --sd-ratio 1.0 --ttl-ratio 6.0 --pause-ratio 4.0 --fencing on --mode timed
lease_timed,2,2,U=2 L=0 sd=0 TTL=6 pause=2 fence=off,timed,boundary,,,,,FIRE,FIRE,0.0,0.0,2,8,2026-09-06 16:17:26,2026-09-06 16:17:26,lease_timed --clients 2 --rounds 2 --u 2 --l-ratio 0.0 --sd-ratio 0.0 --ttl-ratio 3.0 --pause-ratio 1.0 --fencing off --mode timed
lease_timed,2,2,U=1 L=1 sd=1 TTL=10 pause=7 fence=off,timed,boundary,16,28,,0,hold,hold,0.0,0.0,2,8,2026-09-06 16:17:26,2026-09-06 16:17:26,lease_timed --clients 2 --rounds 2 --u 1 --l-ratio 1.0 --sd-ratio 1.0 --ttl-ratio 10.0 --pause-ratio 7.0 --fencing off --mode timed
lease_timed,2,2,U=1 L=1 sd=1 TTL=12 pause=9 fence=off,timed,boundary,16,28,,0,hold,hold,0.0,0.0,2,8,2026-09-06 16:17:26,2026-09-06 16:17:26,lease_timed --clients 2 --rounds 2 --u 1 --l-ratio 1.0 --sd-ratio 1.0 --ttl-ratio 12.0 --pause-ratio 9.0 --fencing off --mode timed
lease_timed,2,2,U=1 L=1 sd=1 TTL=8 pause=6 fence=on,timed,boundary,49,51,,0,hold,hold,0.1,0.1,2,8,2026-09-06 16:17:26,2026-09-06 16:17:26,lease_timed --clients 2 --rounds 2 --u 1 --l-ratio 1.0 --sd-ratio 1.0 --ttl-ratio 8.0 --pause-ratio 6.0 --fencing on --mode timed
lease_timed,2,2,U=1 L=1 sd=1 TTL=10 pause=8 fence=on,timed,boundary,49,51,,0,hold,hold,0.1,0.1,2,8,2026-09-06 16:17:26,2026-09-06 16:17:26,lease_timed --clients 2 --rounds 2 --u 1 --l-ratio 1.0 --sd-ratio 1.0 --ttl-ratio 10.0 --pause-ratio 8.0 --fencing on --mode timed
lease_timed,2,2,U=2 L=0 sd=0 TTL=8 pause=4 fence=off,timed,boundary,,,,,FIRE,FIRE,0.0,0.0,2,8,2026-09-06 16:17:26,2026-09-06 16:17:26,lease_timed --clients 2 --rounds 2 --u 2 --l-ratio 0.0 --sd-ratio 0.0 --ttl-ratio 4.0 --pause-ratio 2.0 --fencing off --mode timed
lease_timed,2,2,U=2 L=0 sd=0 TTL=10 pause=6 fence=off,timed,boundary,,,,,FIRE,FIRE,0.0,0.0,2,8,2026-09-06 16:17:26,2026-09-06 16:17:26,lease_timed --clients 2 --rounds 2 --u 2 --l-ratio 0.0 --sd-ratio 0.0 --ttl-ratio 5.0 --pause-ratio 3.0 --fencing off --mode timed
lease_timed,2,2,U=1 L=1 sd=1 TTL=12 pause=10 fence=on,timed,boundary,49,51,,0,hold,hold,0.1,0.0,2,8,2026-09-06 16:17:26,2026-09-06 16:17:26,lease_timed --clients 2 --rounds 2 --u 1 --l-ratio 1.0 --sd-ratio 1.0 --ttl-ratio 12.0 --pause-ratio 10.0 --fencing on --mode timed
lease_timed,2,2,U=2 L=0 sd=0 TTL=6 pause=1 fence=off,timed,boundary,64,58,,0,hold,hold,0.1,0.1,2,8,2026-09-06 16:17:26,2026-09-06 16:17:26,lease_timed --clients 2 --rounds 2 --u 2 --l-ratio 0.0 --sd-ratio 0.0 --ttl-ratio 3.0 --pause-ratio 0.5 --fencing off --mode timed
lease_timed,2,2,U=2 L=0 sd=0 TTL=12 pause=8 fence=off,timed,boundary,,,,,FIRE,FIRE,0.0,0.0,2,8,2026-09-06 16:17:26,2026-09-06 16:17:26,lease_timed --clients 2 --rounds 2 --u 2 --l-ratio 0.0 --sd-ratio 0.0 --ttl-ratio 6.0 --pause-ratio 4.0 --fencing off --mode timed
lease_timed,2,2,U=2 L=0 sd=0 TTL=8 pause=3 fence=off,timed,boundary,64,58,,0,hold,hold,0.1,0.1,2,8,2026-09-06 16:17:26,2026-09-06 16:17:26,lease_timed --clients 2 --rounds 2 --u 2 --l-ratio 0.0 --sd-ratio 0.0 --ttl-ratio 4.0 --pause-ratio 1.5 --fencing off --mode timed
lease_timed,2,2,U=2 L=0 sd=1 TTL=6 pause=0 fence=off,timed,boundary,,,,,FIRE,FIRE,0.0,0.0,2,8,2026-09-06 16:17:26,2026-09-06 16:17:26,lease_timed --clients 2 --rounds 2 --u 2 --l-ratio 0.0 --sd-ratio 0.5 --ttl-ratio 3.0 --pause-ratio 0.0 --fencing off --mode timed
lease_timed,2,2,U=2 L=0 sd=0 TTL=10 pause=5 fence=off,timed,boundary,64,58,,0,hold,hold,0.1,0.1,2,8,2026-09-06 16:17:26,2026-09-06 16:17:26,lease_timed --clients 2 --rounds 2 --u 2 --l-ratio 0.0 --sd-ratio 0.0 --ttl-ratio 5.0 --pause-ratio 2.5 --fencing off --mode timed
lease_timed,2,2,U=2 L=0 sd=1 TTL=8 pause=2 fence=off,timed,boundary,,,,,FIRE,FIRE,0.0,0.0,2,8,2026-09-06 16:17:26,2026-09-06 16:17:26,lease_timed --clients 2 --rounds 2 --u 2 --l-ratio 0.0 --sd-ratio 0.5 --ttl-ratio 4.0 --pause-ratio 1.0 --fencing off --mode timed
lease_timed,2,2,U=2 L=0 sd=0 TTL=6 pause=2 fence=on,timed,boundary,121,90,,0,hold,hold,0.1,0.1,2,8,2026-09-06 16:17:26,2026-09-06 16:17:26,lease_timed --clients 2 --rounds 2 --u 2 --l-ratio 0.0 --sd-ratio 0.0 --ttl-ratio 3.0 --pause-ratio 1.0 --fencing on --mode timed
lease_timed,2,2,U=2 L=0 sd=0 TTL=12 pause=7 fence=off,timed,boundary,64,58,,0,hold,hold,0.1,0.1,2,8,2026-09-06 16:17:26,2026-09-06 16:17:26,lease_timed --clients 2 --rounds 2 --u 2 --l-ratio 0.0 --sd-ratio 0.0 --ttl-ratio 6.0 --pause-ratio 3.5 --fencing off --mode timed
lease_timed,2,2,U=2 L=0 sd=0 TTL=8 pause=4 fence=on,timed,boundary,121,90,,0,hold,hold,0.1,0.1,2,8,2026-09-06 16:17:26,2026-09-06 16:17:26,lease_timed --clients 2 --rounds 2 --u 2 --l-ratio 0.0 --sd-ratio 0.0 --ttl-ratio 4.0 --pause-ratio 2.0 --fencing on --mode timed
lease_timed,2,2,U=2 L=0 sd=1 TTL=10 pause=4 fence=off,timed,boundary,,,,,FIRE,FIRE,0.0,0.0,2,8,2026-09-06 16:17:26,2026-09-06 16:17:26,lease_timed --clients 2 --rounds 2 --u 2 --l-ratio 0.0 --sd-ratio 0.5 --ttl-ratio 5.0 --pause-ratio 2.0 --fencing off --mode timed
lease_timed,2,2,U=2 L=0 sd=0 TTL=10 pause=6 fence=on,timed,boundary,121,90,,0,hold,hold,0.1,0.1,2,8,2026-09-06 16:17:26,2026-09-06 16:17:26,lease_timed --clients 2 --rounds 2 --u 2 --l-ratio 0.0 --sd-ratio 0.0 --ttl-ratio 5.0 --pause-ratio 3.0 --fencing on --mode timed
lease_timed,2,2,U=2 L=0 sd=1 TTL=12 pause=6 fence=off,timed,boundary,,,,,FIRE,FIRE,0.0,0.0,2,8,2026-09-06 16:17:26,2026-09-06 16:17:26,lease_timed --clients 2 --rounds 2 --u 2 --l-ratio 0.0 --sd-ratio 0.5 --ttl-ratio 6.0 --pause-ratio 3.0 --fencing off --mode timed
lease_timed,2,2,U=2 L=0 sd=0 TTL=12 pause=8 fence=on,timed,boundary,121,90,,0,hold,hold,0.1,0.1,2,8,2026-09-06 16:17:26,2026-09-06 16:17:26,lease_timed --clients 2 --rounds 2 --u 2 --l-ratio 0.0 --sd-ratio 0.0 --ttl-ratio 6.0 --pause-ratio 4.0 --fencing on --mode timed
lease_timed,2,2,U=2 L=0 sd=1 TTL=8 pause=1 fence=off,timed,boundary,64,58,,0,hold,hold,0.1,0.1,2,8,2026-09-06 16:17:26,2026-09-06 16:17:26,lease_timed --clients 2 --rounds 2 --u 2 --l-ratio 0.0 --sd-ratio 0.5 --ttl-ratio 4.0 --pause-ratio 0.5 --fencing off --mode timed
lease_timed,2,2,U=2 L=2 sd=0 TTL=6 pause=6 fence=off,timed,boundary,,,,,FIRE,FIRE,0.0,0.0,2,8,2026-09-06 16:17:26,2026-09-06 16:17:26,lease_timed --clients 2 --rounds 2 --u 2 --l-ratio 1.0 --sd-ratio 0.0 --ttl-ratio 3.0 --pause-ratio 3.0 --fencing off --mode timed
lease_timed,2,2,U=2 L=0 sd=1 TTL=10 pause=3 fence=off,timed,boundary,64,58,,0,hold,hold,0.1,0.1,2,8,2026-09-06 16:17:26,2026-09-06 16:17:26,lease_timed --clients 2 --rounds 2 --u 2 --l-ratio 0.0 --sd-ratio 0.5 --ttl-ratio 5.0 --pause-ratio 1.5 --fencing off --mode timed
lease_timed,2,2,U=2 L=2 sd=0 TTL=6 pause=5 fence=off,timed,boundary,2,5,,0,hold,hold,0.0,0.0,2,8,2026-09-06 16:17:26,2026-09-06 16:17:26,lease_timed --clients 2 --rounds 2 --u 2 --l-ratio 1.0 --sd-ratio 0.0 --ttl-ratio 3.0 --pause-ratio 2.5 --fencing off --mode timed
lease_timed,2,2,U=2 L=2 sd=0 TTL=8 pause=8 fence=off,timed,boundary,,,,,FIRE,FIRE,0.0,0.0,2,8,2026-09-06 16:17:26,2026-09-06 16:17:26,lease_timed --clients 2 --rounds 2 --u 2 --l-ratio 1.0 --sd-ratio 0.0 --ttl-ratio 4.0 --pause-ratio 4.0 --fencing off --mode timed
lease_timed,2,2,U=2 L=2 sd=0 TTL=6 pause=6 fence=on,timed,boundary,6,4,,0,hold,hold,0.0,0.0,2,8,2026-09-06 16:17:26,2026-09-06 16:17:26,lease_timed --clients 2 --rounds 2 --u 2 --l-ratio 1.0 --sd-ratio 0.0 --ttl-ratio 3.0 --pause-ratio 3.0 --fencing on --mode timed
lease_timed,2,2,U=2 L=0 sd=1 TTL=8 pause=2 fence=on,timed,boundary,121,90,,0,hold,hold,0.1,0.1,2,8,2026-09-06 16:17:26,2026-09-06 16:17:26,lease_timed --clients 2 --rounds 2 --u 2 --l-ratio 0.0 --sd-ratio 0.5 --ttl-ratio 4.0 --pause-ratio 1.0 --fencing on --mode timed
lease_timed,2,2,U=2 L=0 sd=1 TTL=12 pause=5 fence=off,timed,boundary,64,58,,0,hold,hold,0.1,0.1,2,8,2026-09-06 16:17:26,2026-09-06 16:17:26,lease_timed --clients 2 --rounds 2 --u 2 --l-ratio 0.0 --sd-ratio 0.5 --ttl-ratio 6.0 --pause-ratio 2.5 --fencing off --mode timed
lease_timed,2,2,U=2 L=0 sd=1 TTL=6 pause=0 fence=on,timed,boundary,196,132,,0,hold,hold,0.1,0.1,2,8,2026-09-06 16:17:26,2026-09-06 16:17:26,lease_timed --clients 2 --rounds 2 --u 2 --l-ratio 0.0 --sd-ratio 0.5 --ttl-ratio 3.0 --pause-ratio 0.0 --fencing on --mode timed
lease_timed,2,2,U=2 L=2 sd=0 TTL=8 pause=7 fence=off,timed,boundary,8,11,,0,hold,hold,0.0,0.0,2,8,2026-09-06 16:17:26,2026-09-06 16:17:26,lease_timed --clients 2 --rounds 2 --u 2 --l-ratio 1.0 --sd-ratio 0.0 --ttl-ratio 4.0 --pause-ratio 3.5 --fencing off --mode timed
lease_timed,2,2,U=2 L=0 sd=1 TTL=10 pause=4 fence=on,timed,boundary,121,90,,0,hold,hold,0.1,0.1,2,8,2026-09-06 16:17:26,2026-09-06 16:17:26,lease_timed --clients 2 --rounds 2 --u 2 --l-ratio 0.0 --sd-ratio 0.5 --ttl-ratio 5.0 --pause-ratio 2.0 --fencing on --mode timed
lease_timed,2,2,U=2 L=2 sd=0 TTL=10 pause=10 fence=off,timed,boundary,,,,,FIRE,FIRE,0.0,0.0,2,8,2026-09-06 16:17:26,2026-09-06 16:17:26,lease_timed --clients 2 --rounds 2 --u 2 --l-ratio 1.0 --sd-ratio 0.0 --ttl-ratio 5.0 --pause-ratio 5.0 --fencing off --mode timed
lease_timed,2,2,U=2 L=2 sd=0 TTL=10 pause=9 fence=off,timed,boundary,8,11,,0,hold,hold,0.0,0.0,2,8,2026-09-06 16:17:26,2026-09-06 16:17:26,lease_timed --clients 2 --rounds 2 --u 2 --l-ratio 1.0 --sd-ratio 0.0 --ttl-ratio 5.0 --pause-ratio 4.5 --fencing off --mode timed
lease_timed,2,2,U=2 L=2 sd=0 TTL=8 pause=8 fence=on,timed,boundary,24,7,,0,hold,hold,0.0,0.0,2,8,2026-09-06 16:17:26,2026-09-06 16:17:26,lease_timed --clients 2 --rounds 2 --u 2 --l-ratio 1.0 --sd-ratio 0.0 --ttl-ratio 4.0 --pause-ratio 4.0 --fencing on --mode timed
lease_timed,2,2,U=2 L=2 sd=0 TTL=12 pause=11 fence=off,timed,boundary,8,11,,0,hold,hold,0.0,0.0,2,8,2026-09-06 16:17:26,2026-09-06 16:17:26,lease_timed --clients 2 --rounds 2 --u 2 --l-ratio 1.0 --sd-ratio 0.0 --ttl-ratio 6.0 --pause-ratio 5.5 --fencing off --mode timed
lease_timed,2,2,U=2 L=2 sd=0 TTL=12 pause=12 fence=off,timed,boundary,,,,,FIRE,FIRE,0.0,0.0,2,8,2026-09-06 16:17:26,2026-09-06 16:17:26,lease_timed --clients 2 --rounds 2 --u 2 --l-ratio 1.0 --sd-ratio 0.0 --ttl-ratio 6.0 --pause-ratio 6.0 --fencing off --mode timed
lease_timed,2,2,U=2 L=2 sd=0 TTL=10 pause=10 fence=on,timed,boundary,24,7,,0,hold,hold,0.0,0.0,2,8,2026-09-06 16:17:26,2026-09-06 16:17:26,lease_timed --clients 2 --rounds 2 --u 2 --l-ratio 1.0 --sd-ratio 0.0 --ttl-ratio 5.0 --pause-ratio 5.0 --fencing on --mode timed
lease_timed,2,2,U=2 L=2 sd=1 TTL=6 pause=4 fence=off,timed,boundary,,,,,FIRE,FIRE,0.0,0.0,2,8,2026-09-06 16:17:26,2026-09-06 16:17:26,lease_timed --clients 2 --rounds 2 --u 2 --l-ratio 1.0 --sd-ratio 0.5 --ttl-ratio 3.0 --pause-ratio 2.0 --fencing off --mode timed
lease_timed,2,2,U=2 L=0 sd=1 TTL=12 pause=6 fence=on,timed,boundary,121,90,,0,hold,hold,0.1,0.1,2,8,2026-09-06 16:17:26,2026-09-06 16:17:26,lease_timed --clients 2 --rounds 2 --u 2 --l-ratio 0.0 --sd-ratio 0.5 --ttl-ratio 6.0 --pause-ratio 3.0 --fencing on --mode timed
lease_timed,2,2,U=2 L=2 sd=1 TTL=6 pause=4 fence=on,timed,boundary,6,13,,0,hold,hold,0.0,0.0,2,8,2026-09-06 16:17:26,2026-09-06 16:17:26,lease_timed --clients 2 --rounds 2 --u 2 --l-ratio 1.0 --sd-ratio 0.5 --ttl-ratio 3.0 --pause-ratio 2.0 --fencing on --mode timed
lease_timed,2,2,U=2 L=2 sd=1 TTL=6 pause=3 fence=off,timed,boundary,4,13,,0,hold,hold,0.0,0.0,2,8,2026-09-06 16:17:26,2026-09-06 16:17:26,lease_timed --clients 2 --rounds 2 --u 2 --l-ratio 1.0 --sd-ratio 0.5 --ttl-ratio 3.0 --pause-ratio 1.5 --fencing off --mode timed
lease_timed,2,2,U=2 L=2 sd=0 TTL=12 pause=12 fence=on,timed,boundary,24,7,,0,hold,hold,0.0,0.0,2,8,2026-09-06 16:17:26,2026-09-06 16:17:26,lease_timed --clients 2 --rounds 2 --u 2 --l-ratio 1.0 --sd-ratio 0.0 --ttl-ratio 6.0 --pause-ratio 6.0 --fencing on --mode timed
lease_timed,2,2,U=2 L=2 sd=1 TTL=8 pause=6 fence=off,timed,boundary,,,,,FIRE,FIRE,0.0,0.0,2,8,2026-09-06 16:17:26,2026-09-06 16:17:26,lease_timed --clients 2 --rounds 2 --u 2 --l-ratio 1.0 --sd-ratio 0.5 --ttl-ratio 4.0 --pause-ratio 3.0 --fencing off --mode timed
lease_timed,2,2,U=2 L=2 sd=1 TTL=10 pause=8 fence=off,timed,boundary,,,,,FIRE,FIRE,0.0,0.0,2,8,2026-09-06 16:17:26,2026-09-06 16:17:26,lease_timed --clients 2 --rounds 2 --u 2 --l-ratio 1.0 --sd-ratio 0.5 --ttl-ratio 5.0 --pause-ratio 4.0 --fencing off --mode timed
lease_timed,2,2,U=2 L=2 sd=1 TTL=8 pause=5 fence=off,timed,boundary,16,26,,0,hold,hold,0.0,0.0,2,8,2026-09-06 16:17:26,2026-09-06 16:17:26,lease_timed --clients 2 --rounds 2 --u 2 --l-ratio 1.0 --sd-ratio 0.5 --ttl-ratio 4.0 --pause-ratio 2.5 --fencing off --mode timed
lease_timed,2,2,U=2 L=2 sd=1 TTL=12 pause=10 fence=off,timed,boundary,,,,,FIRE,FIRE,0.0,0.0,2,8,2026-09-06 16:17:26,2026-09-06 16:17:26,lease_timed --clients 2 --rounds 2 --u 2 --l-ratio 1.0 --sd-ratio 0.5 --ttl-ratio 6.0 --pause-ratio 5.0 --fencing off --mode timed
lease_timed,2,2,U=2 L=2 sd=1 TTL=10 pause=7 fence=off,timed,boundary,16,26,,0,hold,hold,0.0,0.0,2,8,2026-09-06 16:17:26,2026-09-06 16:17:26,lease_timed --clients 2 --rounds 2 --u 2 --l-ratio 1.0 --sd-ratio 0.5 --ttl-ratio 5.0 --pause-ratio 3.5 --fencing off --mode timed
swim_timed,3,2,U=1 L=0 sd=0 Wp=1 Ws=2,baseline,boundary,,,,,FIRE,FIRE,0.0,0.0,2,8,2026-09-06 16:17:26,2026-09-06 16:17:26,swim_timed --nodes 3 --rounds 2 --u 1 --l-ratio 0.0 --sd-ratio 0.0 --w-probe-ratio 1.0 --w-suspect-ratio 2.0 --mode baseline
lease_timed,2,2,U=2 L=2 sd=1 TTL=8 pause=6 fence=on,timed,boundary,35,38,,0,hold,hold,0.1,0.0,2,8,2026-09-06 16:17:26,2026-09-06 16:17:26,lease_timed --clients 2 --rounds 2 --u 2 --l-ratio 1.0 --sd-ratio 0.5 --ttl-ratio 4.0 --pause-ratio 3.0 --fencing on --mode timed
lease_timed,2,2,U=2 L=2 sd=1 TTL=12 pause=9 fence=off,timed,boundary,16,26,,0,hold,hold,0.0,0.0,2,8,2026-09-06 16:17:26,2026-09-06 16:17:26,lease_timed --clients 2 --rounds 2 --u 2 --l-ratio 1.0 --sd-ratio 0.5 --ttl-ratio 6.0 --pause-ratio 4.5 --fencing off --mode timed
swim_timed,3,2,U=1 L=0 sd=1 Wp=1 Ws=4,baseline,boundary,,,,,FIRE,FIRE,0.0,0.0,2,8,2026-09-06 16:17:26,2026-09-06 16:17:26,swim_timed --nodes 3 --rounds 2 --u 1 --l-ratio 0.0 --sd-ratio 1.0 --w-probe-ratio 1.0 --w-suspect-ratio 4.0 --mode baseline
lease_timed,2,2,U=2 L=2 sd=1 TTL=10 pause=8 fence=on,timed,boundary,35,38,,0,hold,hold,0.1,0.0,2,8,2026-09-06 16:17:26,2026-09-06 16:17:26,lease_timed --clients 2 --rounds 2 --u 2 --l-ratio 1.0 --sd-ratio 0.5 --ttl-ratio 5.0 --pause-ratio 4.0 --fencing on --mode timed
swim_timed,3,2,U=1 L=0 sd=1 Wp=1 Ws=5,baseline,boundary,,,,,FIRE,FIRE,0.0,0.0,2,8,2026-09-06 16:17:26,2026-09-06 16:17:26,swim_timed --nodes 3 --rounds 2 --u 1 --l-ratio 0.0 --sd-ratio 1.0 --w-probe-ratio 1.0 --w-suspect-ratio 5.0 --mode baseline
swim_timed,3,2,U=1 L=1 sd=0 Wp=1 Ws=1,baseline,boundary,,,,,FIRE,FIRE,0.0,0.0,2,8,2026-09-06 16:17:26,2026-09-06 16:17:26,swim_timed --nodes 3 --rounds 2 --u 1 --l-ratio 1.0 --sd-ratio 0.0 --w-probe-ratio 1.0 --w-suspect-ratio 1.0 --mode baseline
swim_timed,3,2,U=1 L=0 sd=0 Wp=1 Ws=3,baseline,boundary,,,,,FIRE,FIRE,0.0,0.0,2,8,2026-09-06 16:17:26,2026-09-06 16:17:26,swim_timed --nodes 3 --rounds 2 --u 1 --l-ratio 0.0 --sd-ratio 0.0 --w-probe-ratio 1.0 --w-suspect-ratio 3.0 --mode baseline
swim_timed,3,2,U=1 L=1 sd=0 Wp=1 Ws=2,baseline,boundary,,,,,FIRE,FIRE,0.0,0.0,2,8,2026-09-06 16:17:26,2026-09-06 16:17:26,swim_timed --nodes 3 --rounds 2 --u 1 --l-ratio 1.0 --sd-ratio 0.0 --w-probe-ratio 1.0 --w-suspect-ratio 2.0 --mode baseline
swim_timed,3,2,U=1 L=1 sd=1 Wp=1 Ws=3,baseline,boundary,,,,,FIRE,FIRE,0.0,0.0,2,8,2026-09-06 16:17:26,2026-09-06 16:17:26,swim_timed --nodes 3 --rounds 2 --u 1 --l-ratio 1.0 --sd-ratio 1.0 --w-probe-ratio 1.0 --w-suspect-ratio 3.0 --mode baseline
swim_timed,3,2,U=1 L=1 sd=1 Wp=1 Ws=4,baseline,boundary,,,,,FIRE,FIRE,0.0,0.0,2,8,2026-09-06 16:17:26,2026-09-06 16:17:26,swim_timed --nodes 3 --rounds 2 --u 1 --l-ratio 1.0 --sd-ratio 1.0 --w-probe-ratio 1.0 --w-suspect-ratio 4.0 --mode baseline
lease_timed,2,2,U=2 L=2 sd=1 TTL=12 pause=10 fence=on,timed,boundary,35,38,,0,hold,hold,0.1,0.0,2,8,2026-09-06 16:17:26,2026-09-06 16:17:26,lease_timed --clients 2 --rounds 2 --u 2 --l-ratio 1.0 --sd-ratio 0.5 --ttl-ratio 6.0 --pause-ratio 5.0 --fencing on --mode timed
swim_timed,3,2,U=2 L=0 sd=0 Wp=2 Ws=5,baseline,boundary,,,,,FIRE,FIRE,0.0,0.0,2,8,2026-09-06 16:17:26,2026-09-06 16:17:26,swim_timed --nodes 3 --rounds 2 --u 2 --l-ratio 0.0 --sd-ratio 0.0 --w-probe-ratio 1.0 --w-suspect-ratio 2.5 --mode baseline
swim_timed,3,2,U=2 L=0 sd=1 Wp=2 Ws=6,baseline,boundary,,,,,FIRE,FIRE,0.0,0.0,2,8,2026-09-06 16:17:26,2026-09-06 16:17:26,swim_timed --nodes 3 --rounds 2 --u 2 --l-ratio 0.0 --sd-ratio 0.5 --w-probe-ratio 1.0 --w-suspect-ratio 3.0 --mode baseline
swim_timed,3,2,U=2 L=0 sd=0 Wp=2 Ws=4,baseline,boundary,,,,,FIRE,FIRE,0.0,0.0,2,8,2026-09-06 16:17:26,2026-09-06 16:17:26,swim_timed --nodes 3 --rounds 2 --u 2 --l-ratio 0.0 --sd-ratio 0.0 --w-probe-ratio 1.0 --w-suspect-ratio 2.0 --mode baseline
swim_timed,3,2,U=2 L=2 sd=1 Wp=2 Ws=4,baseline,boundary,,,,,FIRE,FIRE,0.0,0.0,2,8,2026-09-06 16:17:26,2026-09-06 16:17:26,swim_timed --nodes 3 --rounds 2 --u 2 --l-ratio 1.0 --sd-ratio 0.5 --w-probe-ratio 1.0 --w-suspect-ratio 2.0 --mode baseline
swim_timed,3,2,U=2 L=0 sd=1 Wp=2 Ws=7,baseline,boundary,,,,,FIRE,FIRE,0.0,0.0,2,8,2026-09-06 16:17:26,2026-09-06 16:17:26,swim_timed --nodes 3 --rounds 2 --u 2 --l-ratio 0.0 --sd-ratio 0.5 --w-probe-ratio 1.0 --w-suspect-ratio 3.5 --mode baseline
swim_timed,3,2,U=2 L=2 sd=0 Wp=2 Ws=2,baseline,boundary,,,,,FIRE,FIRE,0.0,0.0,2,8,2026-09-06 16:17:26,2026-09-06 16:17:26,swim_timed --nodes 3 --rounds 2 --u 2 --l-ratio 1.0 --sd-ratio 0.0 --w-probe-ratio 1.0 --w-suspect-ratio 1.0 --mode baseline
swim_timed,3,2,U=1 L=0 sd=0 Wp=1 Ws=3,timed,boundary,4,21,,0,hold,hold,0.0,0.0,2,8,2026-09-06 16:17:26,2026-09-06 16:17:26,swim_timed --nodes 3 --rounds 2 --u 1 --l-ratio 0.0 --sd-ratio 0.0 --w-probe-ratio 1.0 --w-suspect-ratio 3.0 --mode timed
swim_timed,3,2,U=2 L=2 sd=0 Wp=2 Ws=3,baseline,boundary,,,,,FIRE,FIRE,0.0,0.0,2,8,2026-09-06 16:17:26,2026-09-06 16:17:26,swim_timed --nodes 3 --rounds 2 --u 2 --l-ratio 1.0 --sd-ratio 0.0 --w-probe-ratio 1.0 --w-suspect-ratio 1.5 --mode baseline
swim_timed,3,2,U=1 L=1 sd=0 Wp=1 Ws=1,timed,boundary,,,,,FIRE,FIRE,0.0,0.0,2,8,2026-09-06 16:17:26,2026-09-06 16:17:26,swim_timed --nodes 3 --rounds 2 --u 1 --l-ratio 1.0 --sd-ratio 0.0 --w-probe-ratio 1.0 --w-suspect-ratio 1.0 --mode timed
swim_timed,3,2,U=1 L=1 sd=0 Wp=1 Ws=2,timed,boundary,1,7,,0,hold,hold,0.0,0.0,2,8,2026-09-06 16:17:26,2026-09-06 16:17:26,swim_timed --nodes 3 --rounds 2 --u 1 --l-ratio 1.0 --sd-ratio 0.0 --w-probe-ratio 1.0 --w-suspect-ratio 2.0 --mode timed
swim_timed,3,2,U=1 L=0 sd=0 Wp=1 Ws=2,timed,boundary,,,,,FIRE,FIRE,0.0,0.0,2,8,2026-09-06 16:17:26,2026-09-06 16:17:26,swim_timed --nodes 3 --rounds 2 --u 1 --l-ratio 0.0 --sd-ratio 0.0 --w-probe-ratio 1.0 --w-suspect-ratio 2.0 --mode timed
swim_timed,3,2,U=1 L=0 sd=1 Wp=1 Ws=5,timed,boundary,4,14,,0,hold,hold,0.0,0.0,2,8,2026-09-06 16:17:26,2026-09-06 16:17:26,swim_timed --nodes 3 --rounds 2 --u 1 --l-ratio 0.0 --sd-ratio 1.0 --w-probe-ratio 1.0 --w-suspect-ratio 5.0 --mode timed
swim_timed,3,2,U=1 L=0 sd=1 Wp=1 Ws=4,timed,boundary,,,,,FIRE,FIRE,0.0,0.0,2,8,2026-09-06 16:17:26,2026-09-06 16:17:26,swim_timed --nodes 3 --rounds 2 --u 1 --l-ratio 0.0 --sd-ratio 1.0 --w-probe-ratio 1.0 --w-suspect-ratio 4.0 --mode timed
swim_timed,3,2,U=1 L=1 sd=1 Wp=1 Ws=4,timed,boundary,1,7,,0,hold,hold,0.0,0.0,2,8,2026-09-06 16:17:26,2026-09-06 16:17:26,swim_timed --nodes 3 --rounds 2 --u 1 --l-ratio 1.0 --sd-ratio 1.0 --w-probe-ratio 1.0 --w-suspect-ratio 4.0 --mode timed
swim_timed,3,2,U=2 L=0 sd=0 Wp=2 Ws=4,timed,boundary,,,,,FIRE,FIRE,0.0,0.0,2,8,2026-09-06 16:17:26,2026-09-06 16:17:26,swim_timed --nodes 3 --rounds 2 --u 2 --l-ratio 0.0 --sd-ratio 0.0 --w-probe-ratio 1.0 --w-suspect-ratio 2.0 --mode timed
swim_timed,3,2,U=2 L=2 sd=1 Wp=2 Ws=5,baseline,boundary,,,,,FIRE,FIRE,0.0,0.0,2,8,2026-09-06 16:17:26,2026-09-06 16:17:26,swim_timed --nodes 3 --rounds 2 --u 2 --l-ratio 1.0 --sd-ratio 0.5 --w-probe-ratio 1.0 --w-suspect-ratio 2.5 --mode baseline
swim_timed,3,2,U=1 L=1 sd=1 Wp=1 Ws=3,timed,boundary,,,,,FIRE,FIRE,0.0,0.0,2,8,2026-09-06 16:17:26,2026-09-06 16:17:26,swim_timed --nodes 3 --rounds 2 --u 1 --l-ratio 1.0 --sd-ratio 1.0 --w-probe-ratio 1.0 --w-suspect-ratio 3.0 --mode timed
swim_timed,3,2,U=2 L=2 sd=1 Wp=2 Ws=5,timed,boundary,1,7,,0,hold,hold,0.0,0.0,2,8,2026-09-06 16:17:26,2026-09-06 16:17:26,swim_timed --nodes 3 --rounds 2 --u 2 --l-ratio 1.0 --sd-ratio 0.5 --w-probe-ratio 1.0 --w-suspect-ratio 2.5 --mode timed
swim_timed,3,2,U=2 L=0 sd=0 Wp=2 Ws=5,timed,boundary,4,21,,0,hold,hold,0.0,0.0,2,8,2026-09-06 16:17:26,2026-09-06 16:17:26,swim_timed --nodes 3 --rounds 2 --u 2 --l-ratio 0.0 --sd-ratio 0.0 --w-probe-ratio 1.0 --w-suspect-ratio 2.5 --mode timed
swim_timed,3,2,U=2 L=2 sd=0 Wp=2 Ws=2,timed,boundary,,,,,FIRE,FIRE,0.0,0.0,2,8,2026-09-06 16:17:26,2026-09-06 16:17:26,swim_timed --nodes 3 --rounds 2 --u 2 --l-ratio 1.0 --sd-ratio 0.0 --w-probe-ratio 1.0 --w-suspect-ratio 1.0 --mode timed
swim_timed,3,2,U=2 L=0 sd=1 Wp=2 Ws=7,timed,boundary,4,21,,0,hold,hold,0.0,0.0,2,8,2026-09-06 16:17:26,2026-09-06 16:17:26,swim_timed --nodes 3 --rounds 2 --u 2 --l-ratio 0.0 --sd-ratio 0.5 --w-probe-ratio 1.0 --w-suspect-ratio 3.5 --mode timed
swim_timed,3,2,U=2 L=2 sd=0 Wp=2 Ws=3,timed,boundary,1,7,,0,hold,hold,0.0,0.0,2,8,2026-09-06 16:17:26,2026-09-06 16:17:26,swim_timed --nodes 3 --rounds 2 --u 2 --l-ratio 1.0 --sd-ratio 0.0 --w-probe-ratio 1.0 --w-suspect-ratio 1.5 --mode timed
lease_timed,2,3,U=1 L=0 sd=0 TTL=6 pause=4 fence=off,baseline,boundary,,,,,FIRE,FIRE,0.0,0.0,2,8,2026-09-06 16:17:26,2026-09-06 16:17:26,lease_timed --clients 2 --rounds 3 --u 1 --l-ratio 0.0 --sd-ratio 0.0 --ttl-ratio 6.0 --pause-ratio 4.0 --fencing off --mode baseline
swim_timed,3,2,U=2 L=0 sd=1 Wp=2 Ws=6,timed,boundary,,,,,FIRE,FIRE,0.0,0.0,2,8,2026-09-06 16:17:26,2026-09-06 16:17:26,swim_timed --nodes 3 --rounds 2 --u 2 --l-ratio 0.0 --sd-ratio 0.5 --w-probe-ratio 1.0 --w-suspect-ratio 3.0 --mode timed
swim_timed,3,2,U=2 L=2 sd=1 Wp=2 Ws=4,timed,boundary,,,,,FIRE,FIRE,0.0,0.0,2,8,2026-09-06 16:17:26,2026-09-06 16:17:26,swim_timed --nodes 3 --rounds 2 --u 2 --l-ratio 1.0 --sd-ratio 0.5 --w-probe-ratio 1.0 --w-suspect-ratio 2.0 --mode timed
lease_timed,2,3,U=1 L=0 sd=0 TTL=6 pause=3 fence=off,baseline,boundary,,,,,FIRE,FIRE,0.0,0.0,2,8,2026-09-06 16:17:26,2026-09-06 16:17:26,lease_timed --clients 2 --rounds 3 --u 1 --l-ratio 0.0 --sd-ratio 0.0 --ttl-ratio 6.0 --pause-ratio 3.0 --fencing off --mode baseline
lease_timed,2,3,U=1 L=0 sd=0 TTL=8 pause=6 fence=off,baseline,boundary,,,,,FIRE,FIRE,0.0,0.0,2,8,2026-09-06 16:17:26,2026-09-06 16:17:26,lease_timed --clients 2 --rounds 3 --u 1 --l-ratio 0.0 --sd-ratio 0.0 --ttl-ratio 8.0 --pause-ratio 6.0 --fencing off --mode baseline
lease_timed,2,3,U=1 L=0 sd=0 TTL=8 pause=5 fence=off,baseline,boundary,,,,,FIRE,FIRE,0.0,0.0,2,8,2026-09-06 16:17:26,2026-09-06 16:17:26,lease_timed --clients 2 --rounds 3 --u 1 --l-ratio 0.0 --sd-ratio 0.0 --ttl-ratio 8.0 --pause-ratio 5.0 --fencing off --mode baseline
lease_timed,2,3,U=1 L=0 sd=0 TTL=10 pause=7 fence=off,baseline,boundary,,,,,FIRE,FIRE,0.0,0.0,2,8,2026-09-06 16:17:26,2026-09-06 16:17:26,lease_timed --clients 2 --rounds 3 --u 1 --l-ratio 0.0 --sd-ratio 0.0 --ttl-ratio 10.0 --pause-ratio 7.0 --fencing off --mode baseline
lease_timed,2,3,U=1 L=0 sd=0 TTL=10 pause=8 fence=off,baseline,boundary,,,,,FIRE,FIRE,0.0,0.0,2,8,2026-09-06 16:17:26,2026-09-06 16:17:26,lease_timed --clients 2 --rounds 3 --u 1 --l-ratio 0.0 --sd-ratio 0.0 --ttl-ratio 10.0 --pause-ratio 8.0 --fencing off --mode baseline
lease_timed,2,3,U=1 L=0 sd=0 TTL=12 pause=9 fence=off,baseline,boundary,,,,,FIRE,FIRE,0.0,0.0,2,8,2026-09-06 16:17:26,2026-09-06 16:17:26,lease_timed --clients 2 --rounds 3 --u 1 --l-ratio 0.0 --sd-ratio 0.0 --ttl-ratio 12.0 --pause-ratio 9.0 --fencing off --mode baseline
lease_timed,2,3,U=1 L=0 sd=0 TTL=12 pause=10 fence=off,baseline,boundary,,,,,FIRE,FIRE,0.0,0.0,2,8,2026-09-06 16:17:26,2026-09-06 16:17:26,lease_timed --clients 2 --rounds 3 --u 1 --l-ratio 0.0 --sd-ratio 0.0 --ttl-ratio 12.0 --pause-ratio 10.0 --fencing off --mode baseline
lease_timed,2,3,U=1 L=0 sd=1 TTL=6 pause=2 fence=off,baseline,boundary,,,,,FIRE,FIRE,0.0,0.0,2,8,2026-09-06 16:17:26,2026-09-06 16:17:26,lease_timed --clients 2 --rounds 3 --u 1 --l-ratio 0.0 --sd-ratio 1.0 --ttl-ratio 6.0 --pause-ratio 2.0 --fencing off --mode baseline
lease_timed,2,3,U=1 L=0 sd=1 TTL=6 pause=1 fence=off,baseline,boundary,,,,,FIRE,FIRE,0.0,0.0,2,8,2026-09-06 16:17:26,2026-09-06 16:17:26,lease_timed --clients 2 --rounds 3 --u 1 --l-ratio 0.0 --sd-ratio 1.0 --ttl-ratio 6.0 --pause-ratio 1.0 --fencing off --mode baseline
lease_timed,2,3,U=1 L=0 sd=1 TTL=8 pause=4 fence=off,baseline,boundary,,,,,FIRE,FIRE,0.0,0.0,2,8,2026-09-06 16:17:26,2026-09-06 16:17:26,lease_timed --clients 2 --rounds 3 --u 1 --l-ratio 0.0 --sd-ratio 1.0 --ttl-ratio 8.0 --pause-ratio 4.0 --fencing off --mode baseline
lease_timed,2,3,U=1 L=0 sd=1 TTL=8 pause=3 fence=off,baseline,boundary,,,,,FIRE,FIRE,0.0,0.0,2,8,2026-09-06 16:17:26,2026-09-06 16:17:26,lease_timed --clients 2 --rounds 3 --u 1 --l-ratio 0.0 --sd-ratio 1.0 --ttl-ratio 8.0 --pause-ratio 3.0 --fencing off --mode baseline
lease_timed,2,3,U=1 L=0 sd=1 TTL=10 pause=6 fence=off,baseline,boundary,,,,,FIRE,FIRE,0.0,0.0,2,8,2026-09-06 16:17:26,2026-09-06 16:17:26,lease_timed --clients 2 --rounds 3 --u 1 --l-ratio 0.0 --sd-ratio 1.0 --ttl-ratio 10.0 --pause-ratio 6.0 --fencing off --mode baseline
lease_timed,2,3,U=1 L=0 sd=1 TTL=10 pause=5 fence=off,baseline,boundary,,,,,FIRE,FIRE,0.0,0.0,2,8,2026-09-06 16:17:26,2026-09-06 16:17:26,lease_timed --clients 2 --rounds 3 --u 1 --l-ratio 0.0 --sd-ratio 1.0 --ttl-ratio 10.0 --pause-ratio 5.0 --fencing off --mode baseline
lease_timed,2,3,U=1 L=0 sd=1 TTL=12 pause=8 fence=off,baseline,boundary,,,,,FIRE,FIRE,0.0,0.0,2,8,2026-09-06 16:17:26,2026-09-06 16:17:26,lease_timed --clients 2 --rounds 3 --u 1 --l-ratio 0.0 --sd-ratio 1.0 --ttl-ratio 12.0 --pause-ratio 8.0 --fencing off --mode baseline
lease_timed,2,3,U=1 L=0 sd=1 TTL=12 pause=7 fence=off,baseline,boundary,,,,,FIRE,FIRE,0.0,0.0,2,8,2026-09-06 16:17:26,2026-09-06 16:17:26,lease_timed --clients 2 --rounds 3 --u 1 --l-ratio 0.0 --sd-ratio 1.0 --ttl-ratio 12.0 --pause-ratio 7.0 --fencing off --mode baseline
lease_timed,2,3,U=1 L=0 sd=0 TTL=6 pause=4 fence=on,baseline,boundary,1728,0,,0,hold,hold,0.2,0.2,2,8,2026-09-06 16:17:26,2026-09-06 16:17:26,lease_timed --clients 2 --rounds 3 --u 1 --l-ratio 0.0 --sd-ratio 0.0 --ttl-ratio 6.0 --pause-ratio 4.0 --fencing on --mode baseline
lease_timed,2,3,U=1 L=1 sd=0 TTL=6 pause=6 fence=off,baseline,boundary,,,,,FIRE,FIRE,0.0,0.0,2,8,2026-09-06 16:17:26,2026-09-06 16:17:26,lease_timed --clients 2 --rounds 3 --u 1 --l-ratio 1.0 --sd-ratio 0.0 --ttl-ratio 6.0 --pause-ratio 6.0 --fencing off --mode baseline
lease_timed,2,3,U=1 L=0 sd=0 TTL=8 pause=6 fence=on,baseline,boundary,1728,0,,0,hold,hold,0.2,0.2,2,8,2026-09-06 16:17:26,2026-09-06 16:17:26,lease_timed --clients 2 --rounds 3 --u 1 --l-ratio 0.0 --sd-ratio 0.0 --ttl-ratio 8.0 --pause-ratio 6.0 --fencing on --mode baseline
lease_timed,2,3,U=1 L=0 sd=0 TTL=10 pause=8 fence=on,baseline,boundary,1728,0,,0,hold,hold,0.2,0.2,2,8,2026-09-06 16:17:26,2026-09-06 16:17:26,lease_timed --clients 2 --rounds 3 --u 1 --l-ratio 0.0 --sd-ratio 0.0 --ttl-ratio 10.0 --pause-ratio 8.0 --fencing on --mode baseline
lease_timed,2,3,U=1 L=1 sd=0 TTL=6 pause=5 fence=off,baseline,boundary,,,,,FIRE,FIRE,0.0,0.0,2,8,2026-09-06 16:17:26,2026-09-06 16:17:26,lease_timed --clients 2 --rounds 3 --u 1 --l-ratio 1.0 --sd-ratio 0.0 --ttl-ratio 6.0 --pause-ratio 5.0 --fencing off --mode baseline
lease_timed,2,3,U=1 L=0 sd=0 TTL=12 pause=10 fence=on,baseline,boundary,1728,0,,0,hold,hold,0.2,0.2,2,8,2026-09-06 16:17:26,2026-09-06 16:17:26,lease_timed --clients 2 --rounds 3 --u 1 --l-ratio 0.0 --sd-ratio 0.0 --ttl-ratio 12.0 --pause-ratio 10.0 --fencing on --mode baseline
lease_timed,2,3,U=1 L=1 sd=0 TTL=8 pause=8 fence=off,baseline,boundary,,,,,FIRE,FIRE,0.0,0.0,2,8,2026-09-06 16:17:26,2026-09-06 16:17:26,lease_timed --clients 2 --rounds 3 --u 1 --l-ratio 1.0 --sd-ratio 0.0 --ttl-ratio 8.0 --pause-ratio 8.0 --fencing off --mode baseline
lease_timed,2,3,U=1 L=1 sd=0 TTL=8 pause=7 fence=off,baseline,boundary,,,,,FIRE,FIRE,0.0,0.0,2,8,2026-09-06 16:17:26,2026-09-06 16:17:26,lease_timed --clients 2 --rounds 3 --u 1 --l-ratio 1.0 --sd-ratio 0.0 --ttl-ratio 8.0 --pause-ratio 7.0 --fencing off --mode baseline
lease_timed,2,3,U=1 L=0 sd=1 TTL=6 pause=2 fence=on,baseline,boundary,1728,0,,0,hold,hold,0.2,0.2,2,8,2026-09-06 16:17:26,2026-09-06 16:17:26,lease_timed --clients 2 --rounds 3 --u 1 --l-ratio 0.0 --sd-ratio 1.0 --ttl-ratio 6.0 --pause-ratio 2.0 --fencing on --mode baseline
lease_timed,2,3,U=1 L=1 sd=0 TTL=10 pause=10 fence=off,baseline,boundary,,,,,FIRE,FIRE,0.0,0.0,2,8,2026-09-06 16:17:26,2026-09-06 16:17:26,lease_timed --clients 2 --rounds 3 --u 1 --l-ratio 1.0 --sd-ratio 0.0 --ttl-ratio 10.0 --pause-ratio 10.0 --fencing off --mode baseline
lease_timed,2,3,U=1 L=0 sd=1 TTL=8 pause=4 fence=on,baseline,boundary,1728,0,,0,hold,hold,0.2,0.2,2,8,2026-09-06 16:17:26,2026-09-06 16:17:26,lease_timed --clients 2 --rounds 3 --u 1 --l-ratio 0.0 --sd-ratio 1.0 --ttl-ratio 8.0 --pause-ratio 4.0 --fencing on --mode baseline
lease_timed,2,3,U=1 L=1 sd=0 TTL=10 pause=9 fence=off,baseline,boundary,,,,,FIRE,FIRE,0.0,0.0,2,8,2026-09-06 16:17:26,2026-09-06 16:17:26,lease_timed --clients 2 --rounds 3 --u 1 --l-ratio 1.0 --sd-ratio 0.0 --ttl-ratio 10.0 --pause-ratio 9.0 --fencing off --mode baseline
lease_timed,2,3,U=1 L=1 sd=0 TTL=12 pause=11 fence=off,baseline,boundary,,,,,FIRE,FIRE,0.0,0.0,2,8,2026-09-06 16:17:26,2026-09-06 16:17:26,lease_timed --clients 2 --rounds 3 --u 1 --l-ratio 1.0 --sd-ratio 0.0 --ttl-ratio 12.0 --pause-ratio 11.0 --fencing off --mode baseline
lease_timed,2,3,U=1 L=1 sd=0 TTL=12 pause=12 fence=off,baseline,boundary,,,,,FIRE,FIRE,0.0,0.0,2,8,2026-09-06 16:17:26,2026-09-06 16:17:26,lease_timed --clients 2 --rounds 3 --u 1 --l-ratio 1.0 --sd-ratio 0.0 --ttl-ratio 12.0 --pause-ratio 12.0 --fencing off --mode baseline
lease_timed,2,3,U=1 L=0 sd=1 TTL=10 pause=6 fence=on,baseline,boundary,1728,0,,0,hold,hold,0.2,0.2,2,8,2026-09-06 16:17:26,2026-09-06 16:17:26,lease_timed --clients 2 --rounds 3 --u 1 --l-ratio 0.0 --sd-ratio 1.0 --ttl-ratio 10.0 --pause-ratio 6.0 --fencing on --mode baseline
lease_timed,2,3,U=1 L=1 sd=1 TTL=6 pause=4 fence=off,baseline,boundary,,,,,FIRE,FIRE,0.0,0.0,2,8,2026-09-06 16:17:26,2026-09-06 16:17:26,lease_timed --clients 2 --rounds 3 --u 1 --l-ratio 1.0 --sd-ratio 1.0 --ttl-ratio 6.0 --pause-ratio 4.0 --fencing off --mode baseline
lease_timed,2,3,U=1 L=1 sd=1 TTL=6 pause=3 fence=off,baseline,boundary,,,,,FIRE,FIRE,0.0,0.0,2,8,2026-09-06 16:17:26,2026-09-06 16:17:26,lease_timed --clients 2 --rounds 3 --u 1 --l-ratio 1.0 --sd-ratio 1.0 --ttl-ratio 6.0 --pause-ratio 3.0 --fencing off --mode baseline
lease_timed,2,3,U=1 L=1 sd=1 TTL=8 pause=6 fence=off,baseline,boundary,,,,,FIRE,FIRE,0.0,0.0,2,8,2026-09-06 16:17:26,2026-09-06 16:17:26,lease_timed --clients 2 --rounds 3 --u 1 --l-ratio 1.0 --sd-ratio 1.0 --ttl-ratio 8.0 --pause-ratio 6.0 --fencing off --mode baseline
lease_timed,2,3,U=1 L=1 sd=1 TTL=8 pause=5 fence=off,baseline,boundary,,,,,FIRE,FIRE,0.0,0.0,2,8,2026-09-06 16:17:26,2026-09-06 16:17:26,lease_timed --clients 2 --rounds 3 --u 1 --l-ratio 1.0 --sd-ratio 1.0 --ttl-ratio 8.0 --pause-ratio 5.0 --fencing off --mode baseline
lease_timed,2,3,U=1 L=0 sd=1 TTL=12 pause=8 fence=on,baseline,boundary,1728,0,,0,hold,hold,0.2,0.2,2,8,2026-09-06 16:17:26,2026-09-06 16:17:26,lease_timed --clients 2 --rounds 3 --u 1 --l-ratio 0.0 --sd-ratio 1.0 --ttl-ratio 12.0 --pause-ratio 8.0 --fencing on --mode baseline
lease_timed,2,3,U=1 L=1 sd=1 TTL=10 pause=8 fence=off,baseline,boundary,,,,,FIRE,FIRE,0.0,0.0,2,8,2026-09-06 16:17:26,2026-09-06 16:17:26,lease_timed --clients 2 --rounds 3 --u 1 --l-ratio 1.0 --sd-ratio 1.0 --ttl-ratio 10.0 --pause-ratio 8.0 --fencing off --mode baseline
lease_timed,2,3,U=1 L=1 sd=1 TTL=10 pause=7 fence=off,baseline,boundary,,,,,FIRE,FIRE,0.0,0.0,2,8,2026-09-06 16:17:26,2026-09-06 16:17:26,lease_timed --clients 2 --rounds 3 --u 1 --l-ratio 1.0 --sd-ratio 1.0 --ttl-ratio 10.0 --pause-ratio 7.0 --fencing off --mode baseline
lease_timed,2,3,U=1 L=1 sd=1 TTL=12 pause=10 fence=off,baseline,boundary,,,,,FIRE,FIRE,0.0,0.0,2,8,2026-09-06 16:17:26,2026-09-06 16:17:26,lease_timed --clients 2 --rounds 3 --u 1 --l-ratio 1.0 --sd-ratio 1.0 --ttl-ratio 12.0 --pause-ratio 10.0 --fencing off --mode baseline
lease_timed,2,3,U=1 L=1 sd=1 TTL=12 pause=9 fence=off,baseline,boundary,,,,,FIRE,FIRE,0.0,0.0,2,8,2026-09-06 16:17:26,2026-09-06 16:17:26,lease_timed --clients 2 --rounds 3 --u 1 --l-ratio 1.0 --sd-ratio 1.0 --ttl-ratio 12.0 --pause-ratio 9.0 --fencing off --mode baseline
lease_timed,2,3,U=1 L=1 sd=0 TTL=6 pause=6 fence=on,baseline,boundary,1728,0,,0,hold,hold,0.2,0.2,2,8,2026-09-06 16:17:26,2026-09-06 16:17:26,lease_timed --clients 2 --rounds 3 --u 1 --l-ratio 1.0 --sd-ratio 0.0 --ttl-ratio 6.0 --pause-ratio 6.0 --fencing on --mode baseline
lease_timed,2,3,U=1 L=1 sd=0 TTL=8 pause=8 fence=on,baseline,boundary,1728,0,,0,hold,hold,0.2,0.2,2,8,2026-09-06 16:17:26,2026-09-06 16:17:26,lease_timed --clients 2 --rounds 3 --u 1 --l-ratio 1.0 --sd-ratio 0.0 --ttl-ratio 8.0 --pause-ratio 8.0 --fencing on --mode baseline
lease_timed,2,3,U=2 L=0 sd=0 TTL=6 pause=2 fence=off,baseline,boundary,,,,,FIRE,FIRE,0.0,0.0,2,8,2026-09-06 16:17:26,2026-09-06 16:17:26,lease_timed --clients 2 --rounds 3 --u 2 --l-ratio 0.0 --sd-ratio 0.0 --ttl-ratio 3.0 --pause-ratio 1.0 --fencing off --mode baseline
lease_timed,2,3,U=2 L=0 sd=0 TTL=6 pause=1 fence=off,baseline,boundary,,,,,FIRE,FIRE,0.0,0.0,2,8,2026-09-06 16:17:26,2026-09-06 16:17:26,lease_timed --clients 2 --rounds 3 --u 2 --l-ratio 0.0 --sd-ratio 0.0 --ttl-ratio 3.0 --pause-ratio 0.5 --fencing off --mode baseline
lease_timed,2,3,U=1 L=1 sd=0 TTL=10 pause=10 fence=on,baseline,boundary,1728,0,,0,hold,hold,0.2,0.2,2,8,2026-09-06 16:17:26,2026-09-06 16:17:27,lease_timed --clients 2 --rounds 3 --u 1 --l-ratio 1.0 --sd-ratio 0.0 --ttl-ratio 10.0 --pause-ratio 10.0 --fencing on --mode baseline
lease_timed,2,3,U=2 L=0 sd=0 TTL=8 pause=4 fence=off,baseline,boundary,,,,,FIRE,FIRE,0.0,0.0,2,8,2026-09-06 16:17:26,2026-09-06 16:17:27,lease_timed --clients 2 --rounds 3 --u 2 --l-ratio 0.0 --sd-ratio 0.0 --ttl-ratio 4.0 --pause-ratio 2.0 --fencing off --mode baseline
lease_timed,2,3,U=1 L=1 sd=0 TTL=12 pause=12 fence=on,baseline,boundary,1728,0,,0,hold,hold,0.2,0.2,2,8,2026-09-06 16:17:26,2026-09-06 16:17:27,lease_timed --clients 2 --rounds 3 --u 1 --l-ratio 1.0 --sd-ratio 0.0 --ttl-ratio 12.0 --pause-ratio 12.0 --fencing on --mode baseline
lease_timed,2,3,U=2 L=0 sd=0 TTL=8 pause=3 fence=off,baseline,boundary,,,,,FIRE,FIRE,0.0,0.0,2,8,2026-09-06 16:17:27,2026-09-06 16:17:27,lease_timed --clients 2 --rounds 3 --u 2 --l-ratio 0.0 --sd-ratio 0.0 --ttl-ratio 4.0 --pause-ratio 1.5 --fencing off --mode baseline
lease_timed,2,3,U=1 L=1 sd=1 TTL=6 pause=4 fence=on,baseline,boundary,1728,0,,0,hold,hold,0.2,0.2,2,8,2026-09-06 16:17:26,2026-09-06 16:17:27,lease_timed --clients 2 --rounds 3 --u 1 --l-ratio 1.0 --sd-ratio 1.0 --ttl-ratio 6.0 --pause-ratio 4.0 --fencing on --mode baseline
lease_timed,2,3,U=2 L=0 sd=0 TTL=10 pause=6 fence=off,baseline,boundary,,,,,FIRE,FIRE,0.0,0.0,2,8,2026-09-06 16:17:27,2026-09-06 16:17:27,lease_timed --clients 2 --rounds 3 --u 2 --l-ratio 0.0 --sd-ratio 0.0 --ttl-ratio 5.0 --pause-ratio 3.0 --fencing off --mode baseline
lease_timed,2,3,U=2 L=0 sd=0 TTL=10 pause=5 fence=off,baseline,boundary,,,,,FIRE,FIRE,0.0,0.0,2,8,2026-09-06 16:17:27,2026-09-06 16:17:27,lease_timed --clients 2 --rounds 3 --u 2 --l-ratio 0.0 --sd-ratio 0.0 --ttl-ratio 5.0 --pause-ratio 2.5 --fencing off --mode baseline
lease_timed,2,3,U=2 L=0 sd=0 TTL=12 pause=8 fence=off,baseline,boundary,,,,,FIRE,FIRE,0.0,0.0,2,8,2026-09-06 16:17:27,2026-09-06 16:17:27,lease_timed --clients 2 --rounds 3 --u 2 --l-ratio 0.0 --sd-ratio 0.0 --ttl-ratio 6.0 --pause-ratio 4.0 --fencing off --mode baseline
lease_timed,2,3,U=1 L=1 sd=1 TTL=8 pause=6 fence=on,baseline,boundary,1728,0,,0,hold,hold,0.2,0.2,2,8,2026-09-06 16:17:26,2026-09-06 16:17:27,lease_timed --clients 2 --rounds 3 --u 1 --l-ratio 1.0 --sd-ratio 1.0 --ttl-ratio 8.0 --pause-ratio 6.0 --fencing on --mode baseline
lease_timed,2,3,U=2 L=0 sd=0 TTL=12 pause=7 fence=off,baseline,boundary,,,,,FIRE,FIRE,0.0,0.0,2,8,2026-09-06 16:17:27,2026-09-06 16:17:27,lease_timed --clients 2 --rounds 3 --u 2 --l-ratio 0.0 --sd-ratio 0.0 --ttl-ratio 6.0 --pause-ratio 3.5 --fencing off --mode baseline
lease_timed,2,3,U=2 L=0 sd=1 TTL=6 pause=0 fence=off,baseline,boundary,,,,,FIRE,FIRE,0.0,0.0,2,8,2026-09-06 16:17:27,2026-09-06 16:17:27,lease_timed --clients 2 --rounds 3 --u 2 --l-ratio 0.0 --sd-ratio 0.5 --ttl-ratio 3.0 --pause-ratio 0.0 --fencing off --mode baseline
lease_timed,2,3,U=1 L=1 sd=1 TTL=10 pause=8 fence=on,baseline,boundary,1728,0,,0,hold,hold,0.2,0.2,2,8,2026-09-06 16:17:26,2026-09-06 16:17:27,lease_timed --clients 2 --rounds 3 --u 1 --l-ratio 1.0 --sd-ratio 1.0 --ttl-ratio 10.0 --pause-ratio 8.0 --fencing on --mode baseline
lease_timed,2,3,U=2 L=0 sd=1 TTL=8 pause=2 fence=off,baseline,boundary,,,,,FIRE,FIRE,0.0,0.0,2,8,2026-09-06 16:17:27,2026-09-06 16:17:27,lease_timed --clients 2 --rounds 3 --u 2 --l-ratio 0.0 --sd-ratio 0.5 --ttl-ratio 4.0 --pause-ratio 1.0 --fencing off --mode baseline
lease_timed,2,3,U=2 L=0 sd=1 TTL=8 pause=1 fence=off,baseline,boundary,,,,,FIRE,FIRE,0.0,0.0,2,8,2026-09-06 16:17:27,2026-09-06 16:17:27,lease_timed --clients 2 --rounds 3 --u 2 --l-ratio 0.0 --sd-ratio 0.5 --ttl-ratio 4.0 --pause-ratio 0.5 --fencing off --mode baseline
lease_timed,2,3,U=2 L=0 sd=1 TTL=10 pause=4 fence=off,baseline,boundary,,,,,FIRE,FIRE,0.0,0.0,2,8,2026-09-06 16:17:27,2026-09-06 16:17:27,lease_timed --clients 2 --rounds 3 --u 2 --l-ratio 0.0 --sd-ratio 0.5 --ttl-ratio 5.0 --pause-ratio 2.0 --fencing off --mode baseline
lease_timed,2,3,U=1 L=1 sd=1 TTL=12 pause=10 fence=on,baseline,boundary,1728,0,,0,hold,hold,0.2,0.2,2,8,2026-09-06 16:17:26,2026-09-06 16:17:27,lease_timed --clients 2 --rounds 3 --u 1 --l-ratio 1.0 --sd-ratio 1.0 --ttl-ratio 12.0 --pause-ratio 10.0 --fencing on --mode baseline
lease_timed,2,3,U=2 L=0 sd=1 TTL=10 pause=3 fence=off,baseline,boundary,,,,,FIRE,FIRE,0.0,0.0,2,8,2026-09-06 16:17:27,2026-09-06 16:17:27,lease_timed --clients 2 --rounds 3 --u 2 --l-ratio 0.0 --sd-ratio 0.5 --ttl-ratio 5.0 --pause-ratio 1.5 --fencing off --mode baseline
lease_timed,2,3,U=2 L=0 sd=1 TTL=12 pause=6 fence=off,baseline,boundary,,,,,FIRE,FIRE,0.0,0.0,2,8,2026-09-06 16:17:27,2026-09-06 16:17:27,lease_timed --clients 2 --rounds 3 --u 2 --l-ratio 0.0 --sd-ratio 0.5 --ttl-ratio 6.0 --pause-ratio 3.0 --fencing off --mode baseline
lease_timed,2,3,U=2 L=0 sd=1 TTL=12 pause=5 fence=off,baseline,boundary,,,,,FIRE,FIRE,0.0,0.0,2,8,2026-09-06 16:17:27,2026-09-06 16:17:27,lease_timed --clients 2 --rounds 3 --u 2 --l-ratio 0.0 --sd-ratio 0.5 --ttl-ratio 6.0 --pause-ratio 2.5 --fencing off --mode baseline
lease_timed,2,3,U=2 L=0 sd=0 TTL=6 pause=2 fence=on,baseline,boundary,1728,0,,0,hold,hold,0.2,0.2,2,8,2026-09-06 16:17:26,2026-09-06 16:17:27,lease_timed --clients 2 --rounds 3 --u 2 --l-ratio 0.0 --sd-ratio 0.0 --ttl-ratio 3.0 --pause-ratio 1.0 --fencing on --mode baseline
lease_timed,2,3,U=2 L=2 sd=0 TTL=6 pause=6 fence=off,baseline,boundary,,,,,FIRE,FIRE,0.0,0.0,2,8,2026-09-06 16:17:27,2026-09-06 16:17:27,lease_timed --clients 2 --rounds 3 --u 2 --l-ratio 1.0 --sd-ratio 0.0 --ttl-ratio 3.0 --pause-ratio 3.0 --fencing off --mode baseline
lease_timed,2,3,U=2 L=0 sd=0 TTL=8 pause=4 fence=on,baseline,boundary,1728,0,,0,hold,hold,0.2,0.2,2,8,2026-09-06 16:17:27,2026-09-06 16:17:27,lease_timed --clients 2 --rounds 3 --u 2 --l-ratio 0.0 --sd-ratio 0.0 --ttl-ratio 4.0 --pause-ratio 2.0 --fencing on --mode baseline
lease_timed,2,3,U=2 L=2 sd=0 TTL=6 pause=5 fence=off,baseline,boundary,,,,,FIRE,FIRE,0.0,0.0,2,8,2026-09-06 16:17:27,2026-09-06 16:17:27,lease_timed --clients 2 --rounds 3 --u 2 --l-ratio 1.0 --sd-ratio 0.0 --ttl-ratio 3.0 --pause-ratio 2.5 --fencing off --mode baseline
lease_timed,2,3,U=2 L=2 sd=0 TTL=8 pause=8 fence=off,baseline,boundary,,,,,FIRE,FIRE,0.0,0.0,2,8,2026-09-06 16:17:27,2026-09-06 16:17:27,lease_timed --clients 2 --rounds 3 --u 2 --l-ratio 1.0 --sd-ratio 0.0 --ttl-ratio 4.0 --pause-ratio 4.0 --fencing off --mode baseline
lease_timed,2,3,U=2 L=0 sd=0 TTL=10 pause=6 fence=on,baseline,boundary,1728,0,,0,hold,hold,0.2,0.2,2,8,2026-09-06 16:17:27,2026-09-06 16:17:27,lease_timed --clients 2 --rounds 3 --u 2 --l-ratio 0.0 --sd-ratio 0.0 --ttl-ratio 5.0 --pause-ratio 3.0 --fencing on --mode baseline
lease_timed,2,3,U=2 L=2 sd=0 TTL=8 pause=7 fence=off,baseline,boundary,,,,,FIRE,FIRE,0.0,0.0,2,8,2026-09-06 16:17:27,2026-09-06 16:17:27,lease_timed --clients 2 --rounds 3 --u 2 --l-ratio 1.0 --sd-ratio 0.0 --ttl-ratio 4.0 --pause-ratio 3.5 --fencing off --mode baseline
lease_timed,2,3,U=2 L=0 sd=0 TTL=12 pause=8 fence=on,baseline,boundary,1728,0,,0,hold,hold,0.2,0.2,2,8,2026-09-06 16:17:27,2026-09-06 16:17:27,lease_timed --clients 2 --rounds 3 --u 2 --l-ratio 0.0 --sd-ratio 0.0 --ttl-ratio 6.0 --pause-ratio 4.0 --fencing on --mode baseline
lease_timed,2,3,U=2 L=0 sd=1 TTL=6 pause=0 fence=on,baseline,boundary,1728,0,,0,hold,hold,0.2,0.2,2,8,2026-09-06 16:17:27,2026-09-06 16:17:27,lease_timed --clients 2 --rounds 3 --u 2 --l-ratio 0.0 --sd-ratio 0.5 --ttl-ratio 3.0 --pause-ratio 0.0 --fencing on --mode baseline
lease_timed,2,3,U=2 L=2 sd=0 TTL=10 pause=10 fence=off,baseline,boundary,,,,,FIRE,FIRE,0.0,0.0,2,8,2026-09-06 16:17:27,2026-09-06 16:17:27,lease_timed --clients 2 --rounds 3 --u 2 --l-ratio 1.0 --sd-ratio 0.0 --ttl-ratio 5.0 --pause-ratio 5.0 --fencing off --mode baseline
lease_timed,2,3,U=2 L=2 sd=0 TTL=10 pause=9 fence=off,baseline,boundary,,,,,FIRE,FIRE,0.0,0.0,2,8,2026-09-06 16:17:27,2026-09-06 16:17:27,lease_timed --clients 2 --rounds 3 --u 2 --l-ratio 1.0 --sd-ratio 0.0 --ttl-ratio 5.0 --pause-ratio 4.5 --fencing off --mode baseline
lease_timed,2,3,U=2 L=2 sd=0 TTL=12 pause=12 fence=off,baseline,boundary,,,,,FIRE,FIRE,0.0,0.0,2,8,2026-09-06 16:17:27,2026-09-06 16:17:27,lease_timed --clients 2 --rounds 3 --u 2 --l-ratio 1.0 --sd-ratio 0.0 --ttl-ratio 6.0 --pause-ratio 6.0 --fencing off --mode baseline
lease_timed,2,3,U=2 L=0 sd=1 TTL=8 pause=2 fence=on,baseline,boundary,1728,0,,0,hold,hold,0.2,0.2,2,8,2026-09-06 16:17:27,2026-09-06 16:17:27,lease_timed --clients 2 --rounds 3 --u 2 --l-ratio 0.0 --sd-ratio 0.5 --ttl-ratio 4.0 --pause-ratio 1.0 --fencing on --mode baseline
lease_timed,2,3,U=2 L=2 sd=0 TTL=12 pause=11 fence=off,baseline,boundary,,,,,FIRE,FIRE,0.0,0.0,2,8,2026-09-06 16:17:27,2026-09-06 16:17:27,lease_timed --clients 2 --rounds 3 --u 2 --l-ratio 1.0 --sd-ratio 0.0 --ttl-ratio 6.0 --pause-ratio 5.5 --fencing off --mode baseline
lease_timed,2,3,U=2 L=2 sd=1 TTL=6 pause=4 fence=off,baseline,boundary,,,,,FIRE,FIRE,0.0,0.0,2,8,2026-09-06 16:17:27,2026-09-06 16:17:27,lease_timed --clients 2 --rounds 3 --u 2 --l-ratio 1.0 --sd-ratio 0.5 --ttl-ratio 3.0 --pause-ratio 2.0 --fencing off --mode baseline
lease_timed,2,3,U=2 L=2 sd=1 TTL=6 pause=3 fence=off,baseline,boundary,,,,,FIRE,FIRE,0.0,0.0,2,8,2026-09-06 16:17:27,2026-09-06 16:17:27,lease_timed --clients 2 --rounds 3 --u 2 --l-ratio 1.0 --sd-ratio 0.5 --ttl-ratio 3.0 --pause-ratio 1.5 --fencing off --mode baseline
lease_timed,2,3,U=2 L=2 sd=1 TTL=8 pause=6 fence=off,baseline,boundary,,,,,FIRE,FIRE,0.0,0.0,2,8,2026-09-06 16:17:27,2026-09-06 16:17:27,lease_timed --clients 2 --rounds 3 --u 2 --l-ratio 1.0 --sd-ratio 0.5 --ttl-ratio 4.0 --pause-ratio 3.0 --fencing off --mode baseline
lease_timed,2,3,U=2 L=0 sd=1 TTL=10 pause=4 fence=on,baseline,boundary,1728,0,,0,hold,hold,0.2,0.2,2,8,2026-09-06 16:17:27,2026-09-06 16:17:27,lease_timed --clients 2 --rounds 3 --u 2 --l-ratio 0.0 --sd-ratio 0.5 --ttl-ratio 5.0 --pause-ratio 2.0 --fencing on --mode baseline
lease_timed,2,3,U=2 L=2 sd=1 TTL=8 pause=5 fence=off,baseline,boundary,,,,,FIRE,FIRE,0.0,0.0,2,8,2026-09-06 16:17:27,2026-09-06 16:17:27,lease_timed --clients 2 --rounds 3 --u 2 --l-ratio 1.0 --sd-ratio 0.5 --ttl-ratio 4.0 --pause-ratio 2.5 --fencing off --mode baseline
lease_timed,2,3,U=2 L=2 sd=1 TTL=10 pause=8 fence=off,baseline,boundary,,,,,FIRE,FIRE,0.0,0.0,2,8,2026-09-06 16:17:27,2026-09-06 16:17:27,lease_timed --clients 2 --rounds 3 --u 2 --l-ratio 1.0 --sd-ratio 0.5 --ttl-ratio 5.0 --pause-ratio 4.0 --fencing off --mode baseline
lease_timed,2,3,U=2 L=0 sd=1 TTL=12 pause=6 fence=on,baseline,boundary,1728,0,,0,hold,hold,0.2,0.2,2,8,2026-09-06 16:17:27,2026-09-06 16:17:27,lease_timed --clients 2 --rounds 3 --u 2 --l-ratio 0.0 --sd-ratio 0.5 --ttl-ratio 6.0 --pause-ratio 3.0 --fencing on --mode baseline
lease_timed,2,3,U=2 L=2 sd=1 TTL=10 pause=7 fence=off,baseline,boundary,,,,,FIRE,FIRE,0.0,0.0,2,8,2026-09-06 16:17:27,2026-09-06 16:17:27,lease_timed --clients 2 --rounds 3 --u 2 --l-ratio 1.0 --sd-ratio 0.5 --ttl-ratio 5.0 --pause-ratio 3.5 --fencing off --mode baseline
lease_timed,2,3,U=2 L=2 sd=1 TTL=12 pause=10 fence=off,baseline,boundary,,,,,FIRE,FIRE,0.0,0.0,2,8,2026-09-06 16:17:27,2026-09-06 16:17:27,lease_timed --clients 2 --rounds 3 --u 2 --l-ratio 1.0 --sd-ratio 0.5 --ttl-ratio 6.0 --pause-ratio 5.0 --fencing off --mode baseline
lease_timed,2,3,U=2 L=2 sd=1 TTL=12 pause=9 fence=off,baseline,boundary,,,,,FIRE,FIRE,0.0,0.0,2,8,2026-09-06 16:17:27,2026-09-06 16:17:27,lease_timed --clients 2 --rounds 3 --u 2 --l-ratio 1.0 --sd-ratio 0.5 --ttl-ratio 6.0 --pause-ratio 4.5 --fencing off --mode baseline
lease_timed,2,3,U=2 L=2 sd=0 TTL=6 pause=6 fence=on,baseline,boundary,1728,0,,0,hold,hold,0.2,0.2,2,8,2026-09-06 16:17:27,2026-09-06 16:17:27,lease_timed --clients 2 --rounds 3 --u 2 --l-ratio 1.0 --sd-ratio 0.0 --ttl-ratio 3.0 --pause-ratio 3.0 --fencing on --mode baseline
lease_timed,2,3,U=1 L=0 sd=0 TTL=6 pause=4 fence=off,timed,boundary,,,,,FIRE,FIRE,0.0,0.0,2,8,2026-09-06 16:17:27,2026-09-06 16:17:27,lease_timed --clients 2 --rounds 3 --u 1 --l-ratio 0.0 --sd-ratio 0.0 --ttl-ratio 6.0 --pause-ratio 4.0 --fencing off --mode timed
lease_timed,2,3,U=2 L=2 sd=0 TTL=8 pause=8 fence=on,baseline,boundary,1728,0,,0,hold,hold,0.2,0.2,2,8,2026-09-06 16:17:27,2026-09-06 16:17:27,lease_timed --clients 2 --rounds 3 --u 2 --l-ratio 1.0 --sd-ratio 0.0 --ttl-ratio 4.0 --pause-ratio 4.0 --fencing on --mode baseline
lease_timed,2,3,U=2 L=2 sd=0 TTL=10 pause=10 fence=on,baseline,boundary,1728,0,,0,hold,hold,0.2,0.2,2,8,2026-09-06 16:17:27,2026-09-06 16:17:27,lease_timed --clients 2 --rounds 3 --u 2 --l-ratio 1.0 --sd-ratio 0.0 --ttl-ratio 5.0 --pause-ratio 5.0 --fencing on --mode baseline
lease_timed,2,3,U=2 L=2 sd=0 TTL=12 pause=12 fence=on,baseline,boundary,1728,0,,0,hold,hold,0.2,0.2,2,8,2026-09-06 16:17:27,2026-09-06 16:17:27,lease_timed --clients 2 --rounds 3 --u 2 --l-ratio 1.0 --sd-ratio 0.0 --ttl-ratio 6.0 --pause-ratio 6.0 --fencing on --mode baseline
lease_timed,2,3,U=1 L=0 sd=0 TTL=8 pause=6 fence=off,timed,boundary,,,,,FIRE,FIRE,0.0,0.0,2,8,2026-09-06 16:17:27,2026-09-06 16:17:27,lease_timed --clients 2 --rounds 3 --u 1 --l-ratio 0.0 --sd-ratio 0.0 --ttl-ratio 8.0 --pause-ratio 6.0 --fencing off --mode timed
lease_timed,2,3,U=2 L=2 sd=1 TTL=6 pause=4 fence=on,baseline,boundary,1728,0,,0,hold,hold,0.2,0.2,2,8,2026-09-06 16:17:27,2026-09-06 16:17:27,lease_timed --clients 2 --rounds 3 --u 2 --l-ratio 1.0 --sd-ratio 0.5 --ttl-ratio 3.0 --pause-ratio 2.0 --fencing on --mode baseline
lease_timed,2,3,U=1 L=0 sd=0 TTL=10 pause=8 fence=off,timed,boundary,,,,,FIRE,FIRE,0.0,0.0,2,8,2026-09-06 16:17:27,2026-09-06 16:17:27,lease_timed --clients 2 --rounds 3 --u 1 --l-ratio 0.0 --sd-ratio 0.0 --ttl-ratio 10.0 --pause-ratio 8.0 --fencing off --mode timed
lease_timed,2,3,U=2 L=2 sd=1 TTL=8 pause=6 fence=on,baseline,boundary,1728,0,,0,hold,hold,0.2,0.2,2,8,2026-09-06 16:17:27,2026-09-06 16:17:27,lease_timed --clients 2 --rounds 3 --u 2 --l-ratio 1.0 --sd-ratio 0.5 --ttl-ratio 4.0 --pause-ratio 3.0 --fencing on --mode baseline
lease_timed,2,3,U=2 L=2 sd=1 TTL=10 pause=8 fence=on,baseline,boundary,1728,0,,0,hold,hold,0.2,0.2,2,8,2026-09-06 16:17:27,2026-09-06 16:17:27,lease_timed --clients 2 --rounds 3 --u 2 --l-ratio 1.0 --sd-ratio 0.5 --ttl-ratio 5.0 --pause-ratio 4.0 --fencing on --mode baseline
lease_timed,2,3,U=1 L=0 sd=0 TTL=12 pause=10 fence=off,timed,boundary,,,,,FIRE,FIRE,0.0,0.0,2,8,2026-09-06 16:17:27,2026-09-06 16:17:27,lease_timed --clients 2 --rounds 3 --u 1 --l-ratio 0.0 --sd-ratio 0.0 --ttl-ratio 12.0 --pause-ratio 10.0 --fencing off --mode timed
lease_timed,2,3,U=2 L=2 sd=1 TTL=12 pause=10 fence=on,baseline,boundary,1728,0,,0,hold,hold,0.2,0.2,2,8,2026-09-06 16:17:27,2026-09-06 16:17:27,lease_timed --clients 2 --rounds 3 --u 2 --l-ratio 1.0 --sd-ratio 0.5 --ttl-ratio 6.0 --pause-ratio 5.0 --fencing on --mode baseline
lease_timed,2,3,U=1 L=0 sd=0 TTL=6 pause=3 fence=off,timed,boundary,512,438,,0,hold,hold,0.7,0.7,2,8,2026-09-06 16:17:27,2026-09-06 16:17:28,lease_timed --clients 2 --rounds 3 --u 1 --l-ratio 0.0 --sd-ratio 0.0 --ttl-ratio 6.0 --pause-ratio 3.0 --fencing off --mode timed
lease_timed,2,3,U=1 L=0 sd=1 TTL=6 pause=2 fence=off,timed,boundary,,,,,FIRE,FIRE,0.0,0.0,2,8,2026-09-06 16:17:28,2026-09-06 16:17:28,lease_timed --clients 2 --rounds 3 --u 1 --l-ratio 0.0 --sd-ratio 1.0 --ttl-ratio 6.0 --pause-ratio 2.0 --fencing off --mode timed
lease_timed,2,3,U=1 L=0 sd=0 TTL=8 pause=5 fence=off,timed,boundary,512,438,,0,hold,hold,0.7,0.7,2,8,2026-09-06 16:17:27,2026-09-06 16:17:28,lease_timed --clients 2 --rounds 3 --u 1 --l-ratio 0.0 --sd-ratio 0.0 --ttl-ratio 8.0 --pause-ratio 5.0 --fencing off --mode timed
lease_timed,2,3,U=1 L=0 sd=0 TTL=10 pause=7 fence=off,timed,boundary,512,438,,0,hold,hold,0.7,0.7,2,8,2026-09-06 16:17:27,2026-09-06 16:17:28,lease_timed --clients 2 --rounds 3 --u 1 --l-ratio 0.0 --sd-ratio 0.0 --ttl-ratio 10.0 --pause-ratio 7.0 --fencing off --mode timed
lease_timed,2,3,U=1 L=0 sd=1 TTL=8 pause=4 fence=off,timed,boundary,,,,,FIRE,FIRE,0.0,0.0,2,8,2026-09-06 16:17:28,2026-09-06 16:17:28,lease_timed --clients 2 --rounds 3 --u 1 --l-ratio 0.0 --sd-ratio 1.0 --ttl-ratio 8.0 --pause-ratio 4.0 --fencing off --mode timed
lease_timed,2,3,U=1 L=0 sd=0 TTL=12 pause=9 fence=off,timed,boundary,512,438,,0,hold,hold,0.7,0.7,2,8,2026-09-06 16:17:27,2026-09-06 16:17:28,lease_timed --clients 2 --rounds 3 --u 1 --l-ratio 0.0 --sd-ratio 0.0 --ttl-ratio 12.0 --pause-ratio 9.0 --fencing off --mode timed
lease_timed,2,3,U=1 L=0 sd=1 TTL=6 pause=1 fence=off,timed,boundary,512,438,,0,hold,hold,0.7,0.7,2,8,2026-09-06 16:17:28,2026-09-06 16:17:28,lease_timed --clients 2 --rounds 3 --u 1 --l-ratio 0.0 --sd-ratio 1.0 --ttl-ratio 6.0 --pause-ratio 1.0 --fencing off --mode timed
lease_timed,2,3,U=1 L=0 sd=1 TTL=10 pause=6 fence=off,timed,boundary,,,,,FIRE,FIRE,0.0,0.0,2,8,2026-09-06 16:17:28,2026-09-06 16:17:28,lease_timed --clients 2 --rounds 3 --u 1 --l-ratio 0.0 --sd-ratio 1.0 --ttl-ratio 10.0 --pause-ratio 6.0 --fencing off --mode timed
lease_timed,2,3,U=1 L=0 sd=1 TTL=8 pause=3 fence=off,timed,boundary,512,438,,0,hold,hold,0.7,0.7,2,8,2026-09-06 16:17:28,2026-09-06 16:17:28,lease_timed --clients 2 --rounds 3 --u 1 --l-ratio 0.0 --sd-ratio 1.0 --ttl-ratio 8.0 --pause-ratio 3.0 --fencing off --mode timed
lease_timed,2,3,U=1 L=0 sd=0 TTL=6 pause=4 fence=on,timed,boundary,1485,1108,,0,hold,hold,1.6,1.6,2,8,2026-09-06 16:17:27,2026-09-06 16:17:29,lease_timed --clients 2 --rounds 3 --u 1 --l-ratio 0.0 --sd-ratio 0.0 --ttl-ratio 6.0 --pause-ratio 4.0 --fencing on --mode timed
lease_timed,2,3,U=1 L=0 sd=1 TTL=12 pause=8 fence=off,timed,boundary,,,,,FIRE,FIRE,0.0,0.0,2,8,2026-09-06 16:17:29,2026-09-06 16:17:29,lease_timed --clients 2 --rounds 3 --u 1 --l-ratio 0.0 --sd-ratio 1.0 --ttl-ratio 12.0 --pause-ratio 8.0 --fencing off --mode timed
lease_timed,2,3,U=1 L=0 sd=0 TTL=8 pause=6 fence=on,timed,boundary,1485,1108,,0,hold,hold,1.6,1.6,2,8,2026-09-06 16:17:27,2026-09-06 16:17:29,lease_timed --clients 2 --rounds 3 --u 1 --l-ratio 0.0 --sd-ratio 0.0 --ttl-ratio 8.0 --pause-ratio 6.0 --fencing on --mode timed
lease_timed,2,3,U=1 L=0 sd=0 TTL=10 pause=8 fence=on,timed,boundary,1485,1108,,0,hold,hold,1.6,1.6,2,8,2026-09-06 16:17:27,2026-09-06 16:17:29,lease_timed --clients 2 --rounds 3 --u 1 --l-ratio 0.0 --sd-ratio 0.0 --ttl-ratio 10.0 --pause-ratio 8.0 --fencing on --mode timed
lease_timed,2,3,U=1 L=1 sd=0 TTL=6 pause=6 fence=off,timed,boundary,,,,,FIRE,FIRE,0.0,0.0,2,8,2026-09-06 16:17:29,2026-09-06 16:17:29,lease_timed --clients 2 --rounds 3 --u 1 --l-ratio 1.0 --sd-ratio 0.0 --ttl-ratio 6.0 --pause-ratio 6.0 --fencing off --mode timed
lease_timed,2,3,U=1 L=0 sd=0 TTL=12 pause=10 fence=on,timed,boundary,1485,1108,,0,hold,hold,1.6,1.6,2,8,2026-09-06 16:17:27,2026-09-06 16:17:29,lease_timed --clients 2 --rounds 3 --u 1 --l-ratio 0.0 --sd-ratio 0.0 --ttl-ratio 12.0 --pause-ratio 10.0 --fencing on --mode timed
lease_timed,2,3,U=1 L=1 sd=0 TTL=6 pause=5 fence=off,timed,boundary,16,27,,0,hold,hold,0.1,0.1,2,8,2026-09-06 16:17:29,2026-09-06 16:17:29,lease_timed --clients 2 --rounds 3 --u 1 --l-ratio 1.0 --sd-ratio 0.0 --ttl-ratio 6.0 --pause-ratio 5.0 --fencing off --mode timed
lease_timed,2,3,U=1 L=1 sd=0 TTL=8 pause=8 fence=off,timed,boundary,,,,,FIRE,FIRE,0.0,0.0,2,8,2026-09-06 16:17:29,2026-09-06 16:17:29,lease_timed --clients 2 --rounds 3 --u 1 --l-ratio 1.0 --sd-ratio 0.0 --ttl-ratio 8.0 --pause-ratio 8.0 --fencing off --mode timed
lease_timed,2,3,U=1 L=1 sd=0 TTL=8 pause=7 fence=off,timed,boundary,16,27,,0,hold,hold,0.1,0.1,2,8,2026-09-06 16:17:29,2026-09-06 16:17:29,lease_timed --clients 2 --rounds 3 --u 1 --l-ratio 1.0 --sd-ratio 0.0 --ttl-ratio 8.0 --pause-ratio 7.0 --fencing off --mode timed
lease_timed,2,3,U=1 L=1 sd=0 TTL=6 pause=6 fence=on,timed,boundary,96,31,,0,hold,hold,0.2,0.2,2,8,2026-09-06 16:17:29,2026-09-06 16:17:29,lease_timed --clients 2 --rounds 3 --u 1 --l-ratio 1.0 --sd-ratio 0.0 --ttl-ratio 6.0 --pause-ratio 6.0 --fencing on --mode timed
lease_timed,2,3,U=1 L=1 sd=0 TTL=10 pause=10 fence=off,timed,boundary,,,,,FIRE,FIRE,0.0,0.0,2,8,2026-09-06 16:17:29,2026-09-06 16:17:29,lease_timed --clients 2 --rounds 3 --u 1 --l-ratio 1.0 --sd-ratio 0.0 --ttl-ratio 10.0 --pause-ratio 10.0 --fencing off --mode timed
lease_timed,2,3,U=1 L=0 sd=1 TTL=10 pause=5 fence=off,timed,boundary,512,438,,0,hold,hold,0.7,0.7,2,8,2026-09-06 16:17:28,2026-09-06 16:17:29,lease_timed --clients 2 --rounds 3 --u 1 --l-ratio 0.0 --sd-ratio 1.0 --ttl-ratio 10.0 --pause-ratio 5.0 --fencing off --mode timed
lease_timed,2,3,U=1 L=1 sd=0 TTL=10 pause=9 fence=off,timed,boundary,16,27,,0,hold,hold,0.1,0.1,2,8,2026-09-06 16:17:29,2026-09-06 16:17:29,lease_timed --clients 2 --rounds 3 --u 1 --l-ratio 1.0 --sd-ratio 0.0 --ttl-ratio 10.0 --pause-ratio 9.0 --fencing off --mode timed
lease_timed,2,3,U=1 L=1 sd=0 TTL=8 pause=8 fence=on,timed,boundary,96,31,,0,hold,hold,0.2,0.2,2,8,2026-09-06 16:17:29,2026-09-06 16:17:29,lease_timed --clients 2 --rounds 3 --u 1 --l-ratio 1.0 --sd-ratio 0.0 --ttl-ratio 8.0 --pause-ratio 8.0 --fencing on --mode timed
lease_timed,2,3,U=1 L=1 sd=0 TTL=12 pause=12 fence=off,timed,boundary,,,,,FIRE,FIRE,0.0,0.0,2,8,2026-09-06 16:17:29,2026-09-06 16:17:29,lease_timed --clients 2 --rounds 3 --u 1 --l-ratio 1.0 --sd-ratio 0.0 --ttl-ratio 12.0 --pause-ratio 12.0 --fencing off --mode timed
lease_timed,2,3,U=1 L=1 sd=0 TTL=12 pause=11 fence=off,timed,boundary,16,27,,0,hold,hold,0.1,0.1,2,8,2026-09-06 16:17:29,2026-09-06 16:17:29,lease_timed --clients 2 --rounds 3 --u 1 --l-ratio 1.0 --sd-ratio 0.0 --ttl-ratio 12.0 --pause-ratio 11.0 --fencing off --mode timed
lease_timed,2,3,U=1 L=1 sd=1 TTL=6 pause=4 fence=off,timed,boundary,,,,,FIRE,FIRE,0.0,0.0,2,8,2026-09-06 16:17:29,2026-09-06 16:17:29,lease_timed --clients 2 --rounds 3 --u 1 --l-ratio 1.0 --sd-ratio 1.0 --ttl-ratio 6.0 --pause-ratio 4.0 --fencing off --mode timed
lease_timed,2,3,U=1 L=1 sd=0 TTL=10 pause=10 fence=on,timed,boundary,96,31,,0,hold,hold,0.2,0.2,2,8,2026-09-06 16:17:29,2026-09-06 16:17:29,lease_timed --clients 2 --rounds 3 --u 1 --l-ratio 1.0 --sd-ratio 0.0 --ttl-ratio 10.0 --pause-ratio 10.0 --fencing on --mode timed
lease_timed,2,3,U=1 L=1 sd=0 TTL=12 pause=12 fence=on,timed,boundary,96,31,,0,hold,hold,0.2,0.2,2,8,2026-09-06 16:17:29,2026-09-06 16:17:29,lease_timed --clients 2 --rounds 3 --u 1 --l-ratio 1.0 --sd-ratio 0.0 --ttl-ratio 12.0 --pause-ratio 12.0 --fencing on --mode timed
lease_timed,2,3,U=1 L=1 sd=1 TTL=8 pause=6 fence=off,timed,boundary,,,,,FIRE,FIRE,0.0,0.0,2,8,2026-09-06 16:17:29,2026-09-06 16:17:29,lease_timed --clients 2 --rounds 3 --u 1 --l-ratio 1.0 --sd-ratio 1.0 --ttl-ratio 8.0 --pause-ratio 6.0 --fencing off --mode timed
lease_timed,2,3,U=1 L=0 sd=1 TTL=12 pause=7 fence=off,timed,boundary,512,438,,0,hold,hold,0.7,0.7,2,8,2026-09-06 16:17:29,2026-09-06 16:17:29,lease_timed --clients 2 --rounds 3 --u 1 --l-ratio 0.0 --sd-ratio 1.0 --ttl-ratio 12.0 --pause-ratio 7.0 --fencing off --mode timed
lease_timed,2,3,U=1 L=0 sd=1 TTL=6 pause=2 fence=on,timed,boundary,1485,1108,,0,hold,hold,1.6,1.6,2,8,2026-09-06 16:17:28,2026-09-06 16:17:29,lease_timed --clients 2 --rounds 3 --u 1 --l-ratio 0.0 --sd-ratio 1.0 --ttl-ratio 6.0 --pause-ratio 2.0 --fencing on --mode timed
lease_timed,2,3,U=1 L=1 sd=1 TTL=10 pause=8 fence=off,timed,boundary,,,,,FIRE,FIRE,0.0,0.0,2,8,2026-09-06 16:17:29,2026-09-06 16:17:29,lease_timed --clients 2 --rounds 3 --u 1 --l-ratio 1.0 --sd-ratio 1.0 --ttl-ratio 10.0 --pause-ratio 8.0 --fencing off --mode timed
lease_timed,2,3,U=1 L=1 sd=1 TTL=6 pause=3 fence=off,timed,boundary,76,138,,0,hold,hold,0.2,0.2,2,8,2026-09-06 16:17:29,2026-09-06 16:17:29,lease_timed --clients 2 --rounds 3 --u 1 --l-ratio 1.0 --sd-ratio 1.0 --ttl-ratio 6.0 --pause-ratio 3.0 --fencing off --mode timed
lease_timed,2,3,U=1 L=0 sd=1 TTL=8 pause=4 fence=on,timed,boundary,1485,1108,,0,hold,hold,1.6,1.6,2,8,2026-09-06 16:17:28,2026-09-06 16:17:29,lease_timed --clients 2 --rounds 3 --u 1 --l-ratio 0.0 --sd-ratio 1.0 --ttl-ratio 8.0 --pause-ratio 4.0 --fencing on --mode timed
lease_timed,2,3,U=1 L=1 sd=1 TTL=12 pause=10 fence=off,timed,boundary,,,,,FIRE,FIRE,0.0,0.0,2,8,2026-09-06 16:17:29,2026-09-06 16:17:29,lease_timed --clients 2 --rounds 3 --u 1 --l-ratio 1.0 --sd-ratio 1.0 --ttl-ratio 12.0 --pause-ratio 10.0 --fencing off --mode timed
lease_timed,2,3,U=1 L=1 sd=1 TTL=8 pause=5 fence=off,timed,boundary,76,138,,0,hold,hold,0.2,0.2,2,8,2026-09-06 16:17:29,2026-09-06 16:17:29,lease_timed --clients 2 --rounds 3 --u 1 --l-ratio 1.0 --sd-ratio 1.0 --ttl-ratio 8.0 --pause-ratio 5.0 --fencing off --mode timed
lease_timed,2,3,U=1 L=1 sd=1 TTL=10 pause=7 fence=off,timed,boundary,76,138,,0,hold,hold,0.2,0.2,2,8,2026-09-06 16:17:29,2026-09-06 16:17:30,lease_timed --clients 2 --rounds 3 --u 1 --l-ratio 1.0 --sd-ratio 1.0 --ttl-ratio 10.0 --pause-ratio 7.0 --fencing off --mode timed
lease_timed,2,3,U=2 L=0 sd=0 TTL=6 pause=2 fence=off,timed,boundary,,,,,FIRE,FIRE,0.0,0.0,2,8,2026-09-06 16:17:30,2026-09-06 16:17:30,lease_timed --clients 2 --rounds 3 --u 2 --l-ratio 0.0 --sd-ratio 0.0 --ttl-ratio 3.0 --pause-ratio 1.0 --fencing off --mode timed
lease_timed,2,3,U=1 L=1 sd=1 TTL=12 pause=9 fence=off,timed,boundary,76,138,,0,hold,hold,0.2,0.2,2,8,2026-09-06 16:17:29,2026-09-06 16:17:30,lease_timed --clients 2 --rounds 3 --u 1 --l-ratio 1.0 --sd-ratio 1.0 --ttl-ratio 12.0 --pause-ratio 9.0 --fencing off --mode timed
lease_timed,2,3,U=1 L=1 sd=1 TTL=6 pause=4 fence=on,timed,boundary,385,408,,0,hold,hold,0.7,0.7,2,8,2026-09-06 16:17:29,2026-09-06 16:17:30,lease_timed --clients 2 --rounds 3 --u 1 --l-ratio 1.0 --sd-ratio 1.0 --ttl-ratio 6.0 --pause-ratio 4.0 --fencing on --mode timed
lease_timed,2,3,U=2 L=0 sd=0 TTL=8 pause=4 fence=off,timed,boundary,,,,,FIRE,FIRE,0.0,0.0,2,8,2026-09-06 16:17:30,2026-09-06 16:17:30,lease_timed --clients 2 --rounds 3 --u 2 --l-ratio 0.0 --sd-ratio 0.0 --ttl-ratio 4.0 --pause-ratio 2.0 --fencing off --mode timed
lease_timed,2,3,U=1 L=1 sd=1 TTL=8 pause=6 fence=on,timed,boundary,385,408,,0,hold,hold,0.7,0.7,2,8,2026-09-06 16:17:29,2026-09-06 16:17:30,lease_timed --clients 2 --rounds 3 --u 1 --l-ratio 1.0 --sd-ratio 1.0 --ttl-ratio 8.0 --pause-ratio 6.0 --fencing on --mode timed
lease_timed,2,3,U=1 L=1 sd=1 TTL=10 pause=8 fence=on,timed,boundary,385,408,,0,hold,hold,0.7,0.7,2,8,2026-09-06 16:17:29,2026-09-06 16:17:30,lease_timed --clients 2 --rounds 3 --u 1 --l-ratio 1.0 --sd-ratio 1.0 --ttl-ratio 10.0 --pause-ratio 8.0 --fencing on --mode timed
lease_timed,2,3,U=2 L=0 sd=0 TTL=10 pause=6 fence=off,timed,boundary,,,,,FIRE,FIRE,0.0,0.0,2,8,2026-09-06 16:17:30,2026-09-06 16:17:30,lease_timed --clients 2 --rounds 3 --u 2 --l-ratio 0.0 --sd-ratio 0.0 --ttl-ratio 5.0 --pause-ratio 3.0 --fencing off --mode timed
lease_timed,2,3,U=1 L=0 sd=1 TTL=10 pause=6 fence=on,timed,boundary,1485,1108,,0,hold,hold,1.6,1.6,2,8,2026-09-06 16:17:28,2026-09-06 16:17:30,lease_timed --clients 2 --rounds 3 --u 1 --l-ratio 0.0 --sd-ratio 1.0 --ttl-ratio 10.0 --pause-ratio 6.0 --fencing on --mode timed
lease_timed,2,3,U=1 L=1 sd=1 TTL=12 pause=10 fence=on,timed,boundary,385,408,,0,hold,hold,0.7,0.7,2,8,2026-09-06 16:17:29,2026-09-06 16:17:30,lease_timed --clients 2 --rounds 3 --u 1 --l-ratio 1.0 --sd-ratio 1.0 --ttl-ratio 12.0 --pause-ratio 10.0 --fencing on --mode timed
lease_timed,2,3,U=2 L=0 sd=0 TTL=12 pause=8 fence=off,timed,boundary,,,,,FIRE,FIRE,0.0,0.0,2,8,2026-09-06 16:17:30,2026-09-06 16:17:30,lease_timed --clients 2 --rounds 3 --u 2 --l-ratio 0.0 --sd-ratio 0.0 --ttl-ratio 6.0 --pause-ratio 4.0 --fencing off --mode timed
lease_timed,2,3,U=1 L=0 sd=1 TTL=12 pause=8 fence=on,timed,boundary,1485,1108,,0,hold,hold,1.6,1.6,2,8,2026-09-06 16:17:29,2026-09-06 16:17:30,lease_timed --clients 2 --rounds 3 --u 1 --l-ratio 0.0 --sd-ratio 1.0 --ttl-ratio 12.0 --pause-ratio 8.0 --fencing on --mode timed
lease_timed,2,3,U=2 L=0 sd=0 TTL=6 pause=1 fence=off,timed,boundary,576,526,,0,hold,hold,0.7,0.7,2,8,2026-09-06 16:17:30,2026-09-06 16:17:30,lease_timed --clients 2 --rounds 3 --u 2 --l-ratio 0.0 --sd-ratio 0.0 --ttl-ratio 3.0 --pause-ratio 0.5 --fencing off --mode timed
lease_timed,2,3,U=2 L=0 sd=1 TTL=6 pause=0 fence=off,timed,boundary,,,,,FIRE,FIRE,0.0,0.0,2,8,2026-09-06 16:17:30,2026-09-06 16:17:30,lease_timed --clients 2 --rounds 3 --u 2 --l-ratio 0.0 --sd-ratio 0.5 --ttl-ratio 3.0 --pause-ratio 0.0 --fencing off --mode timed
lease_timed,2,3,U=2 L=0 sd=0 TTL=8 pause=3 fence=off,timed,boundary,576,526,,0,hold,hold,0.8,0.7,2,8,2026-09-06 16:17:30,2026-09-06 16:17:31,lease_timed --clients 2 --rounds 3 --u 2 --l-ratio 0.0 --sd-ratio 0.0 --ttl-ratio 4.0 --pause-ratio 1.5 --fencing off --mode timed
lease_timed,2,3,U=2 L=0 sd=1 TTL=8 pause=2 fence=off,timed,boundary,,,,,FIRE,FIRE,0.0,0.0,2,8,2026-09-06 16:17:31,2026-09-06 16:17:31,lease_timed --clients 2 --rounds 3 --u 2 --l-ratio 0.0 --sd-ratio 0.5 --ttl-ratio 4.0 --pause-ratio 1.0 --fencing off --mode timed
lease_timed,2,3,U=2 L=0 sd=0 TTL=10 pause=5 fence=off,timed,boundary,576,526,,0,hold,hold,0.8,0.7,2,8,2026-09-06 16:17:30,2026-09-06 16:17:31,lease_timed --clients 2 --rounds 3 --u 2 --l-ratio 0.0 --sd-ratio 0.0 --ttl-ratio 5.0 --pause-ratio 2.5 --fencing off --mode timed
lease_timed,2,3,U=2 L=0 sd=0 TTL=12 pause=7 fence=off,timed,boundary,576,526,,0,hold,hold,0.8,0.7,2,8,2026-09-06 16:17:30,2026-09-06 16:17:31,lease_timed --clients 2 --rounds 3 --u 2 --l-ratio 0.0 --sd-ratio 0.0 --ttl-ratio 6.0 --pause-ratio 3.5 --fencing off --mode timed
lease_timed,2,3,U=2 L=0 sd=1 TTL=10 pause=4 fence=off,timed,boundary,,,,,FIRE,FIRE,0.0,0.0,2,8,2026-09-06 16:17:31,2026-09-06 16:17:31,lease_timed --clients 2 --rounds 3 --u 2 --l-ratio 0.0 --sd-ratio 0.5 --ttl-ratio 5.0 --pause-ratio 2.0 --fencing off --mode timed
lease_timed,2,3,U=2 L=0 sd=0 TTL=6 pause=2 fence=on,timed,boundary,1485,1108,,0,hold,hold,1.6,1.6,2,8,2026-09-06 16:17:30,2026-09-06 16:17:31,lease_timed --clients 2 --rounds 3 --u 2 --l-ratio 0.0 --sd-ratio 0.0 --ttl-ratio 3.0 --pause-ratio 1.0 --fencing on --mode timed
lease_timed,2,3,U=2 L=0 sd=1 TTL=8 pause=1 fence=off,timed,boundary,576,526,,0,hold,hold,0.7,0.7,2,8,2026-09-06 16:17:31,2026-09-06 16:17:31,lease_timed --clients 2 --rounds 3 --u 2 --l-ratio 0.0 --sd-ratio 0.5 --ttl-ratio 4.0 --pause-ratio 0.5 --fencing off --mode timed
lease_timed,2,3,U=2 L=0 sd=1 TTL=12 pause=6 fence=off,timed,boundary,,,,,FIRE,FIRE,0.0,0.0,2,8,2026-09-06 16:17:31,2026-09-06 16:17:31,lease_timed --clients 2 --rounds 3 --u 2 --l-ratio 0.0 --sd-ratio 0.5 --ttl-ratio 6.0 --pause-ratio 3.0 --fencing off --mode timed
lease_timed,2,3,U=2 L=0 sd=0 TTL=8 pause=4 fence=on,timed,boundary,1485,1108,,0,hold,hold,1.6,1.6,2,8,2026-09-06 16:17:30,2026-09-06 16:17:32,lease_timed --clients 2 --rounds 3 --u 2 --l-ratio 0.0 --sd-ratio 0.0 --ttl-ratio 4.0 --pause-ratio 2.0 --fencing on --mode timed
lease_timed,2,3,U=2 L=0 sd=0 TTL=10 pause=6 fence=on,timed,boundary,1485,1108,,0,hold,hold,1.6,1.6,2,8,2026-09-06 16:17:30,2026-09-06 16:17:32,lease_timed --clients 2 --rounds 3 --u 2 --l-ratio 0.0 --sd-ratio 0.0 --ttl-ratio 5.0 --pause-ratio 3.0 --fencing on --mode timed
lease_timed,2,3,U=2 L=2 sd=0 TTL=6 pause=6 fence=off,timed,boundary,,,,,FIRE,FIRE,0.0,0.0,2,8,2026-09-06 16:17:32,2026-09-06 16:17:32,lease_timed --clients 2 --rounds 3 --u 2 --l-ratio 1.0 --sd-ratio 0.0 --ttl-ratio 3.0 --pause-ratio 3.0 --fencing off --mode timed
lease_timed,2,3,U=2 L=2 sd=0 TTL=6 pause=5 fence=off,timed,boundary,2,8,,0,hold,hold,0.0,0.0,2,8,2026-09-06 16:17:32,2026-09-06 16:17:32,lease_timed --clients 2 --rounds 3 --u 2 --l-ratio 1.0 --sd-ratio 0.0 --ttl-ratio 3.0 --pause-ratio 2.5 --fencing off --mode timed
lease_timed,2,3,U=2 L=0 sd=1 TTL=10 pause=3 fence=off,timed,boundary,576,526,,0,hold,hold,0.8,0.7,2,8,2026-09-06 16:17:31,2026-09-06 16:17:32,lease_timed --clients 2 --rounds 3 --u 2 --l-ratio 0.0 --sd-ratio 0.5 --ttl-ratio 5.0 --pause-ratio 1.5 --fencing off --mode timed
lease_timed,2,3,U=2 L=2 sd=0 TTL=8 pause=8 fence=off,timed,boundary,,,,,FIRE,FIRE,0.0,0.0,2,8,2026-09-06 16:17:32,2026-09-06 16:17:32,lease_timed --clients 2 --rounds 3 --u 2 --l-ratio 1.0 --sd-ratio 0.0 --ttl-ratio 4.0 --pause-ratio 4.0 --fencing off --mode timed
lease_timed,2,3,U=2 L=2 sd=0 TTL=6 pause=6 fence=on,timed,boundary,12,10,,0,hold,hold,0.0,0.0,2,8,2026-09-06 16:17:32,2026-09-06 16:17:32,lease_timed --clients 2 --rounds 3 --u 2 --l-ratio 1.0 --sd-ratio 0.0 --ttl-ratio 3.0 --pause-ratio 3.0 --fencing on --mode timed
lease_timed,2,3,U=2 L=2 sd=0 TTL=8 pause=7 fence=off,timed,boundary,16,27,,0,hold,hold,0.1,0.1,2,8,2026-09-06 16:17:32,2026-09-06 16:17:32,lease_timed --clients 2 --rounds 3 --u 2 --l-ratio 1.0 --sd-ratio 0.0 --ttl-ratio 4.0 --pause-ratio 3.5 --fencing off --mode timed
lease_timed,2,3,U=2 L=2 sd=0 TTL=10 pause=10 fence=off,timed,boundary,,,,,FIRE,FIRE,0.0,0.0,2,8,2026-09-06 16:17:32,2026-09-06 16:17:32,lease_timed --clients 2 --rounds 3 --u 2 --l-ratio 1.0 --sd-ratio 0.0 --ttl-ratio 5.0 --pause-ratio 5.0 --fencing off --mode timed
lease_timed,2,3,U=2 L=0 sd=0 TTL=12 pause=8 fence=on,timed,boundary,1485,1108,,0,hold,hold,1.6,1.6,2,8,2026-09-06 16:17:30,2026-09-06 16:17:32,lease_timed --clients 2 --rounds 3 --u 2 --l-ratio 0.0 --sd-ratio 0.0 --ttl-ratio 6.0 --pause-ratio 4.0 --fencing on --mode timed
lease_timed,2,3,U=2 L=2 sd=0 TTL=10 pause=9 fence=off,timed,boundary,16,27,,0,hold,hold,0.1,0.1,2,8,2026-09-06 16:17:32,2026-09-06 16:17:32,lease_timed --clients 2 --rounds 3 --u 2 --l-ratio 1.0 --sd-ratio 0.0 --ttl-ratio 5.0 --pause-ratio 4.5 --fencing off --mode timed
lease_timed,2,3,U=2 L=2 sd=0 TTL=12 pause=12 fence=off,timed,boundary,,,,,FIRE,FIRE,0.0,0.0,2,8,2026-09-06 16:17:32,2026-09-06 16:17:32,lease_timed --clients 2 --rounds 3 --u 2 --l-ratio 1.0 --sd-ratio 0.0 --ttl-ratio 6.0 --pause-ratio 6.0 --fencing off --mode timed
lease_timed,2,3,U=2 L=2 sd=0 TTL=8 pause=8 fence=on,timed,boundary,96,31,,0,hold,hold,0.2,0.2,2,8,2026-09-06 16:17:32,2026-09-06 16:17:32,lease_timed --clients 2 --rounds 3 --u 2 --l-ratio 1.0 --sd-ratio 0.0 --ttl-ratio 4.0 --pause-ratio 4.0 --fencing on --mode timed
lease_timed,2,3,U=2 L=2 sd=0 TTL=12 pause=11 fence=off,timed,boundary,16,27,,0,hold,hold,0.1,0.1,2,8,2026-09-06 16:17:32,2026-09-06 16:17:32,lease_timed --clients 2 --rounds 3 --u 2 --l-ratio 1.0 --sd-ratio 0.0 --ttl-ratio 6.0 --pause-ratio 5.5 --fencing off --mode timed
lease_timed,2,3,U=2 L=2 sd=1 TTL=6 pause=4 fence=off,timed,boundary,,,,,FIRE,FIRE,0.0,0.0,2,8,2026-09-06 16:17:32,2026-09-06 16:17:32,lease_timed --clients 2 --rounds 3 --u 2 --l-ratio 1.0 --sd-ratio 0.5 --ttl-ratio 3.0 --pause-ratio 2.0 --fencing off --mode timed
lease_timed,2,3,U=2 L=2 sd=1 TTL=6 pause=3 fence=off,timed,boundary,8,31,,0,hold,hold,0.0,0.0,2,8,2026-09-06 16:17:32,2026-09-06 16:17:32,lease_timed --clients 2 --rounds 3 --u 2 --l-ratio 1.0 --sd-ratio 0.5 --ttl-ratio 3.0 --pause-ratio 1.5 --fencing off --mode timed
lease_timed,2,3,U=2 L=2 sd=0 TTL=10 pause=10 fence=on,timed,boundary,96,31,,0,hold,hold,0.2,0.2,2,8,2026-09-06 16:17:32,2026-09-06 16:17:32,lease_timed --clients 2 --rounds 3 --u 2 --l-ratio 1.0 --sd-ratio 0.0 --ttl-ratio 5.0 --pause-ratio 5.0 --fencing on --mode timed
lease_timed,2,3,U=2 L=2 sd=1 TTL=8 pause=6 fence=off,timed,boundary,,,,,FIRE,FIRE,0.0,0.0,2,8,2026-09-06 16:17:32,2026-09-06 16:17:32,lease_timed --clients 2 --rounds 3 --u 2 --l-ratio 1.0 --sd-ratio 0.5 --ttl-ratio 4.0 --pause-ratio 3.0 --fencing off --mode timed
lease_timed,2,3,U=2 L=2 sd=1 TTL=6 pause=4 fence=on,timed,boundary,12,31,,0,hold,hold,0.1,0.0,2,8,2026-09-06 16:17:32,2026-09-06 16:17:32,lease_timed --clients 2 --rounds 3 --u 2 --l-ratio 1.0 --sd-ratio 0.5 --ttl-ratio 3.0 --pause-ratio 2.0 --fencing on --mode timed
lease_timed,2,3,U=2 L=2 sd=0 TTL=12 pause=12 fence=on,timed,boundary,96,31,,0,hold,hold,0.2,0.2,2,8,2026-09-06 16:17:32,2026-09-06 16:17:32,lease_timed --clients 2 --rounds 3 --u 2 --l-ratio 1.0 --sd-ratio 0.0 --ttl-ratio 6.0 --pause-ratio 6.0 --fencing on --mode timed
lease_timed,2,3,U=2 L=2 sd=1 TTL=10 pause=8 fence=off,timed,boundary,,,,,FIRE,FIRE,0.0,0.0,2,8,2026-09-06 16:17:32,2026-09-06 16:17:32,lease_timed --clients 2 --rounds 3 --u 2 --l-ratio 1.0 --sd-ratio 0.5 --ttl-ratio 5.0 --pause-ratio 4.0 --fencing off --mode timed
lease_timed,2,3,U=2 L=0 sd=1 TTL=12 pause=5 fence=off,timed,boundary,576,526,,0,hold,hold,0.8,0.7,2,8,2026-09-06 16:17:31,2026-09-06 16:17:32,lease_timed --clients 2 --rounds 3 --u 2 --l-ratio 0.0 --sd-ratio 0.5 --ttl-ratio 6.0 --pause-ratio 2.5 --fencing off --mode timed
lease_timed,2,3,U=2 L=2 sd=1 TTL=8 pause=5 fence=off,timed,boundary,76,125,,0,hold,hold,0.2,0.2,2,8,2026-09-06 16:17:32,2026-09-06 16:17:32,lease_timed --clients 2 --rounds 3 --u 2 --l-ratio 1.0 --sd-ratio 0.5 --ttl-ratio 4.0 --pause-ratio 2.5 --fencing off --mode timed
lease_timed,2,3,U=2 L=2 sd=1 TTL=12 pause=10 fence=off,timed,boundary,,,,,FIRE,FIRE,0.0,0.0,2,8,2026-09-06 16:17:32,2026-09-06 16:17:32,lease_timed --clients 2 --rounds 3 --u 2 --l-ratio 1.0 --sd-ratio 0.5 --ttl-ratio 6.0 --pause-ratio 5.0 --fencing off --mode timed
lease_timed,2,3,U=2 L=2 sd=1 TTL=10 pause=7 fence=off,timed,boundary,76,125,,0,hold,hold,0.2,0.2,2,8,2026-09-06 16:17:32,2026-09-06 16:17:32,lease_timed --clients 2 --rounds 3 --u 2 --l-ratio 1.0 --sd-ratio 0.5 --ttl-ratio 5.0 --pause-ratio 3.5 --fencing off --mode timed
lease_timed,2,3,U=2 L=0 sd=1 TTL=8 pause=2 fence=on,timed,boundary,1485,1108,,0,hold,hold,1.6,1.6,2,8,2026-09-06 16:17:31,2026-09-06 16:17:32,lease_timed --clients 2 --rounds 3 --u 2 --l-ratio 0.0 --sd-ratio 0.5 --ttl-ratio 4.0 --pause-ratio 1.0 --fencing on --mode timed
swim_timed,3,3,U=1 L=0 sd=0 Wp=1 Ws=2,baseline,boundary,,,,,FIRE,FIRE,0.0,0.0,2,8,2026-09-06 16:17:32,2026-09-06 16:17:32,swim_timed --nodes 3 --rounds 3 --u 1 --l-ratio 0.0 --sd-ratio 0.0 --w-probe-ratio 1.0 --w-suspect-ratio 2.0 --mode baseline
lease_timed,2,3,U=2 L=2 sd=1 TTL=8 pause=6 fence=on,timed,boundary,175,198,,0,hold,hold,0.3,0.3,2,8,2026-09-06 16:17:32,2026-09-06 16:17:32,lease_timed --clients 2 --rounds 3 --u 2 --l-ratio 1.0 --sd-ratio 0.5 --ttl-ratio 4.0 --pause-ratio 3.0 --fencing on --mode timed
swim_timed,3,3,U=1 L=0 sd=0 Wp=1 Ws=3,baseline,boundary,,,,,FIRE,FIRE,0.0,0.0,2,8,2026-09-06 16:17:32,2026-09-06 16:17:32,swim_timed --nodes 3 --rounds 3 --u 1 --l-ratio 0.0 --sd-ratio 0.0 --w-probe-ratio 1.0 --w-suspect-ratio 3.0 --mode baseline
swim_timed,3,3,U=1 L=0 sd=1 Wp=1 Ws=4,baseline,boundary,,,,,FIRE,FIRE,0.0,0.0,2,8,2026-09-06 16:17:32,2026-09-06 16:17:32,swim_timed --nodes 3 --rounds 3 --u 1 --l-ratio 0.0 --sd-ratio 1.0 --w-probe-ratio 1.0 --w-suspect-ratio 4.0 --mode baseline
swim_timed,3,3,U=1 L=0 sd=1 Wp=1 Ws=5,baseline,boundary,,,,,FIRE,FIRE,0.0,0.0,2,8,2026-09-06 16:17:32,2026-09-06 16:17:32,swim_timed --nodes 3 --rounds 3 --u 1 --l-ratio 0.0 --sd-ratio 1.0 --w-probe-ratio 1.0 --w-suspect-ratio 5.0 --mode baseline
swim_timed,3,3,U=1 L=1 sd=0 Wp=1 Ws=1,baseline,boundary,,,,,FIRE,FIRE,0.0,0.0,2,8,2026-09-06 16:17:32,2026-09-06 16:17:32,swim_timed --nodes 3 --rounds 3 --u 1 --l-ratio 1.0 --sd-ratio 0.0 --w-probe-ratio 1.0 --w-suspect-ratio 1.0 --mode baseline
swim_timed,3,3,U=1 L=1 sd=0 Wp=1 Ws=2,baseline,boundary,,,,,FIRE,FIRE,0.0,0.0,2,8,2026-09-06 16:17:32,2026-09-06 16:17:32,swim_timed --nodes 3 --rounds 3 --u 1 --l-ratio 1.0 --sd-ratio 0.0 --w-probe-ratio 1.0 --w-suspect-ratio 2.0 --mode baseline
swim_timed,3,3,U=1 L=1 sd=1 Wp=1 Ws=3,baseline,boundary,,,,,FIRE,FIRE,0.0,0.0,2,8,2026-09-06 16:17:32,2026-09-06 16:17:32,swim_timed --nodes 3 --rounds 3 --u 1 --l-ratio 1.0 --sd-ratio 1.0 --w-probe-ratio 1.0 --w-suspect-ratio 3.0 --mode baseline
swim_timed,3,3,U=1 L=1 sd=1 Wp=1 Ws=4,baseline,boundary,,,,,FIRE,FIRE,0.0,0.0,2,8,2026-09-06 16:17:32,2026-09-06 16:17:32,swim_timed --nodes 3 --rounds 3 --u 1 --l-ratio 1.0 --sd-ratio 1.0 --w-probe-ratio 1.0 --w-suspect-ratio 4.0 --mode baseline
swim_timed,3,3,U=2 L=0 sd=0 Wp=2 Ws=4,baseline,boundary,,,,,FIRE,FIRE,0.0,0.0,2,8,2026-09-06 16:17:32,2026-09-06 16:17:32,swim_timed --nodes 3 --rounds 3 --u 2 --l-ratio 0.0 --sd-ratio 0.0 --w-probe-ratio 1.0 --w-suspect-ratio 2.0 --mode baseline
swim_timed,3,3,U=2 L=0 sd=0 Wp=2 Ws=5,baseline,boundary,,,,,FIRE,FIRE,0.0,0.0,2,8,2026-09-06 16:17:32,2026-09-06 16:17:32,swim_timed --nodes 3 --rounds 3 --u 2 --l-ratio 0.0 --sd-ratio 0.0 --w-probe-ratio 1.0 --w-suspect-ratio 2.5 --mode baseline
swim_timed,3,3,U=2 L=0 sd=1 Wp=2 Ws=6,baseline,boundary,,,,,FIRE,FIRE,0.0,0.0,2,8,2026-09-06 16:17:32,2026-09-06 16:17:32,swim_timed --nodes 3 --rounds 3 --u 2 --l-ratio 0.0 --sd-ratio 0.5 --w-probe-ratio 1.0 --w-suspect-ratio 3.0 --mode baseline
swim_timed,3,3,U=2 L=0 sd=1 Wp=2 Ws=7,baseline,boundary,,,,,FIRE,FIRE,0.0,0.0,2,8,2026-09-06 16:17:32,2026-09-06 16:17:32,swim_timed --nodes 3 --rounds 3 --u 2 --l-ratio 0.0 --sd-ratio 0.5 --w-probe-ratio 1.0 --w-suspect-ratio 3.5 --mode baseline
swim_timed,3,3,U=2 L=2 sd=0 Wp=2 Ws=2,baseline,boundary,,,,,FIRE,FIRE,0.0,0.0,2,8,2026-09-06 16:17:32,2026-09-06 16:17:32,swim_timed --nodes 3 --rounds 3 --u 2 --l-ratio 1.0 --sd-ratio 0.0 --w-probe-ratio 1.0 --w-suspect-ratio 1.0 --mode baseline
swim_timed,3,3,U=2 L=2 sd=0 Wp=2 Ws=3,baseline,boundary,,,,,FIRE,FIRE,0.0,0.0,2,8,2026-09-06 16:17:32,2026-09-06 16:17:32,swim_timed --nodes 3 --rounds 3 --u 2 --l-ratio 1.0 --sd-ratio 0.0 --w-probe-ratio 1.0 --w-suspect-ratio 1.5 --mode baseline
swim_timed,3,3,U=2 L=2 sd=1 Wp=2 Ws=4,baseline,boundary,,,,,FIRE,FIRE,0.0,0.0,2,8,2026-09-06 16:17:32,2026-09-06 16:17:32,swim_timed --nodes 3 --rounds 3 --u 2 --l-ratio 1.0 --sd-ratio 0.5 --w-probe-ratio 1.0 --w-suspect-ratio 2.0 --mode baseline
swim_timed,3,3,U=2 L=2 sd=1 Wp=2 Ws=5,baseline,boundary,,,,,FIRE,FIRE,0.0,0.0,2,8,2026-09-06 16:17:32,2026-09-06 16:17:32,swim_timed --nodes 3 --rounds 3 --u 2 --l-ratio 1.0 --sd-ratio 0.5 --w-probe-ratio 1.0 --w-suspect-ratio 2.5 --mode baseline
lease_timed,2,3,U=2 L=2 sd=1 TTL=12 pause=9 fence=off,timed,boundary,76,125,,0,hold,hold,0.2,0.2,2,8,2026-09-06 16:17:32,2026-09-06 16:17:33,lease_timed --clients 2 --rounds 3 --u 2 --l-ratio 1.0 --sd-ratio 0.5 --ttl-ratio 6.0 --pause-ratio 4.5 --fencing off --mode timed
swim_timed,3,3,U=1 L=0 sd=0 Wp=1 Ws=2,timed,boundary,,,,,FIRE,FIRE,0.0,0.0,2,8,2026-09-06 16:17:32,2026-09-06 16:17:33,swim_timed --nodes 3 --rounds 3 --u 1 --l-ratio 0.0 --sd-ratio 0.0 --w-probe-ratio 1.0 --w-suspect-ratio 2.0 --mode timed
lease_timed,2,3,U=2 L=2 sd=1 TTL=10 pause=8 fence=on,timed,boundary,175,198,,0,hold,hold,0.3,0.3,2,8,2026-09-06 16:17:32,2026-09-06 16:17:33,lease_timed --clients 2 --rounds 3 --u 2 --l-ratio 1.0 --sd-ratio 0.5 --ttl-ratio 5.0 --pause-ratio 4.0 --fencing on --mode timed
swim_timed,3,3,U=1 L=0 sd=1 Wp=1 Ws=4,timed,boundary,,,,,FIRE,FIRE,0.0,0.0,2,8,2026-09-06 16:17:33,2026-09-06 16:17:33,swim_timed --nodes 3 --rounds 3 --u 1 --l-ratio 0.0 --sd-ratio 1.0 --w-probe-ratio 1.0 --w-suspect-ratio 4.0 --mode timed
swim_timed,3,3,U=1 L=0 sd=0 Wp=1 Ws=3,timed,boundary,8,57,,0,hold,hold,0.0,0.0,2,8,2026-09-06 16:17:33,2026-09-06 16:17:33,swim_timed --nodes 3 --rounds 3 --u 1 --l-ratio 0.0 --sd-ratio 0.0 --w-probe-ratio 1.0 --w-suspect-ratio 3.0 --mode timed
swim_timed,3,3,U=1 L=1 sd=0 Wp=1 Ws=1,timed,boundary,,,,,FIRE,FIRE,0.0,0.0,2,8,2026-09-06 16:17:33,2026-09-06 16:17:33,swim_timed --nodes 3 --rounds 3 --u 1 --l-ratio 1.0 --sd-ratio 0.0 --w-probe-ratio 1.0 --w-suspect-ratio 1.0 --mode timed
swim_timed,3,3,U=1 L=1 sd=0 Wp=1 Ws=2,timed,boundary,1,12,,0,hold,hold,0.0,0.0,2,8,2026-09-06 16:17:33,2026-09-06 16:17:33,swim_timed --nodes 3 --rounds 3 --u 1 --l-ratio 1.0 --sd-ratio 0.0 --w-probe-ratio 1.0 --w-suspect-ratio 2.0 --mode timed
swim_timed,3,3,U=1 L=0 sd=1 Wp=1 Ws=5,timed,boundary,8,38,,0,hold,hold,0.0,0.0,2,8,2026-09-06 16:17:33,2026-09-06 16:17:33,swim_timed --nodes 3 --rounds 3 --u 1 --l-ratio 0.0 --sd-ratio 1.0 --w-probe-ratio 1.0 --w-suspect-ratio 5.0 --mode timed
swim_timed,3,3,U=1 L=1 sd=1 Wp=1 Ws=3,timed,boundary,,,,,FIRE,FIRE,0.0,0.0,2,8,2026-09-06 16:17:33,2026-09-06 16:17:33,swim_timed --nodes 3 --rounds 3 --u 1 --l-ratio 1.0 --sd-ratio 1.0 --w-probe-ratio 1.0 --w-suspect-ratio 3.0 --mode timed
swim_timed,3,3,U=1 L=1 sd=1 Wp=1 Ws=4,timed,boundary,1,12,,0,hold,hold,0.0,0.0,2,8,2026-09-06 16:17:33,2026-09-06 16:17:33,swim_timed --nodes 3 --rounds 3 --u 1 --l-ratio 1.0 --sd-ratio 1.0 --w-probe-ratio 1.0 --w-suspect-ratio 4.0 --mode timed
swim_timed,3,3,U=2 L=0 sd=0 Wp=2 Ws=4,timed,boundary,,,,,FIRE,FIRE,0.0,0.0,2,8,2026-09-06 16:17:33,2026-09-06 16:17:33,swim_timed --nodes 3 --rounds 3 --u 2 --l-ratio 0.0 --sd-ratio 0.0 --w-probe-ratio 1.0 --w-suspect-ratio 2.0 --mode timed
swim_timed,3,3,U=2 L=0 sd=1 Wp=2 Ws=6,timed,boundary,,,,,FIRE,FIRE,0.0,0.0,2,8,2026-09-06 16:17:33,2026-09-06 16:17:33,swim_timed --nodes 3 --rounds 3 --u 2 --l-ratio 0.0 --sd-ratio 0.5 --w-probe-ratio 1.0 --w-suspect-ratio 3.0 --mode timed
swim_timed,3,3,U=2 L=0 sd=0 Wp=2 Ws=5,timed,boundary,8,57,,0,hold,hold,0.0,0.0,2,8,2026-09-06 16:17:33,2026-09-06 16:17:33,swim_timed --nodes 3 --rounds 3 --u 2 --l-ratio 0.0 --sd-ratio 0.0 --w-probe-ratio 1.0 --w-suspect-ratio 2.5 --mode timed
swim_timed,3,3,U=2 L=2 sd=0 Wp=2 Ws=2,timed,boundary,,,,,FIRE,FIRE,0.0,0.0,2,8,2026-09-06 16:17:33,2026-09-06 16:17:33,swim_timed --nodes 3 --rounds 3 --u 2 --l-ratio 1.0 --sd-ratio 0.0 --w-probe-ratio 1.0 --w-suspect-ratio 1.0 --mode timed
swim_timed,3,3,U=2 L=0 sd=1 Wp=2 Ws=7,timed,boundary,8,57,,0,hold,hold,0.0,0.0,2,8,2026-09-06 16:17:33,2026-09-06 16:17:33,swim_timed --nodes 3 --rounds 3 --u 2 --l-ratio 0.0 --sd-ratio 0.5 --w-probe-ratio 1.0 --w-suspect-ratio 3.5 --mode timed
swim_timed,3,3,U=2 L=2 sd=0 Wp=2 Ws=3,timed,boundary,1,12,,0,hold,hold,0.0,0.0,2,8,2026-09-06 16:17:33,2026-09-06 16:17:33,swim_timed --nodes 3 --rounds 3 --u 2 --l-ratio 1.0 --sd-ratio 0.0 --w-probe-ratio 1.0 --w-suspect-ratio 1.5 --mode timed
swim_timed,3,3,U=2 L=2 sd=1 Wp=2 Ws=4,timed,boundary,,,,,FIRE,FIRE,0.0,0.0,2,8,2026-09-06 16:17:33,2026-09-06 16:17:33,swim_timed --nodes 3 --rounds 3 --u 2 --l-ratio 1.0 --sd-ratio 0.5 --w-probe-ratio 1.0 --w-suspect-ratio 2.0 --mode timed
lease_timed,2,1,C=2 U=1 L=0 sd=0 TTL=6 pause=3 fence=off,baseline,cmp,8,4,,4,FIRE,FIRE,0.0,0.0,2,8,2026-09-06 16:17:33,2026-09-06 16:17:33,lease_timed --clients 2 --rounds 1 --u 1 --l-ratio 0.0 --sd-ratio 0.0 --ttl-ratio 6.0 --pause-ratio 3.0 --fencing off --keep-going --mode baseline
lease_timed,2,1,C=2 U=1 L=0 sd=0 TTL=10 pause=7 fence=off,baseline,cmp,8,4,,4,FIRE,FIRE,0.0,0.0,2,8,2026-09-06 16:17:33,2026-09-06 16:17:33,lease_timed --clients 2 --rounds 1 --u 1 --l-ratio 0.0 --sd-ratio 0.0 --ttl-ratio 10.0 --pause-ratio 7.0 --fencing off --keep-going --mode baseline
swim_timed,3,3,U=2 L=2 sd=1 Wp=2 Ws=5,timed,boundary,1,12,,0,hold,hold,0.0,0.0,2,8,2026-09-06 16:17:33,2026-09-06 16:17:33,swim_timed --nodes 3 --rounds 3 --u 2 --l-ratio 1.0 --sd-ratio 0.5 --w-probe-ratio 1.0 --w-suspect-ratio 2.5 --mode timed
lease_timed,2,1,C=2 U=1 L=0 sd=0 TTL=6 pause=4 fence=on,baseline,cmp,12,0,,0,hold,hold,0.0,0.0,2,8,2026-09-06 16:17:33,2026-09-06 16:17:33,lease_timed --clients 2 --rounds 1 --u 1 --l-ratio 0.0 --sd-ratio 0.0 --ttl-ratio 6.0 --pause-ratio 4.0 --fencing on --keep-going --mode baseline
lease_timed,2,1,C=2 U=1 L=0 sd=0 TTL=10 pause=8 fence=on,baseline,cmp,12,0,,0,hold,hold,0.0,0.0,2,8,2026-09-06 16:17:33,2026-09-06 16:17:33,lease_timed --clients 2 --rounds 1 --u 1 --l-ratio 0.0 --sd-ratio 0.0 --ttl-ratio 10.0 --pause-ratio 8.0 --fencing on --keep-going --mode baseline
lease_timed,2,1,C=2 U=1 L=0 sd=1 TTL=6 pause=1 fence=off,baseline,cmp,8,4,,4,FIRE,FIRE,0.0,0.0,2,8,2026-09-06 16:17:33,2026-09-06 16:17:33,lease_timed --clients 2 --rounds 1 --u 1 --l-ratio 0.0 --sd-ratio 1.0 --ttl-ratio 6.0 --pause-ratio 1.0 --fencing off --keep-going --mode baseline
lease_timed,2,1,C=2 U=1 L=0 sd=1 TTL=10 pause=5 fence=off,baseline,cmp,8,4,,4,FIRE,FIRE,0.0,0.0,2,8,2026-09-06 16:17:33,2026-09-06 16:17:33,lease_timed --clients 2 --rounds 1 --u 1 --l-ratio 0.0 --sd-ratio 1.0 --ttl-ratio 10.0 --pause-ratio 5.0 --fencing off --keep-going --mode baseline
lease_timed,2,1,C=2 U=1 L=0 sd=1 TTL=10 pause=6 fence=on,baseline,cmp,12,0,,0,hold,hold,0.0,0.0,2,8,2026-09-06 16:17:33,2026-09-06 16:17:33,lease_timed --clients 2 --rounds 1 --u 1 --l-ratio 0.0 --sd-ratio 1.0 --ttl-ratio 10.0 --pause-ratio 6.0 --fencing on --keep-going --mode baseline
lease_timed,2,1,C=2 U=1 L=0 sd=1 TTL=6 pause=2 fence=on,baseline,cmp,12,0,,0,hold,hold,0.0,0.0,2,8,2026-09-06 16:17:33,2026-09-06 16:17:33,lease_timed --clients 2 --rounds 1 --u 1 --l-ratio 0.0 --sd-ratio 1.0 --ttl-ratio 6.0 --pause-ratio 2.0 --fencing on --keep-going --mode baseline
lease_timed,2,1,C=2 U=1 L=1 sd=0 TTL=6 pause=6 fence=on,baseline,cmp,12,0,,0,hold,hold,0.0,0.0,2,8,2026-09-06 16:17:33,2026-09-06 16:17:33,lease_timed --clients 2 --rounds 1 --u 1 --l-ratio 1.0 --sd-ratio 0.0 --ttl-ratio 6.0 --pause-ratio 6.0 --fencing on --keep-going --mode baseline
lease_timed,2,1,C=2 U=1 L=1 sd=0 TTL=6 pause=5 fence=off,baseline,cmp,8,4,,4,FIRE,FIRE,0.0,0.0,2,8,2026-09-06 16:17:33,2026-09-06 16:17:33,lease_timed --clients 2 --rounds 1 --u 1 --l-ratio 1.0 --sd-ratio 0.0 --ttl-ratio 6.0 --pause-ratio 5.0 --fencing off --keep-going --mode baseline
lease_timed,2,1,C=2 U=1 L=1 sd=0 TTL=10 pause=9 fence=off,baseline,cmp,8,4,,4,FIRE,FIRE,0.0,0.0,2,8,2026-09-06 16:17:33,2026-09-06 16:17:33,lease_timed --clients 2 --rounds 1 --u 1 --l-ratio 1.0 --sd-ratio 0.0 --ttl-ratio 10.0 --pause-ratio 9.0 --fencing off --keep-going --mode baseline
lease_timed,2,1,C=2 U=1 L=1 sd=1 TTL=6 pause=3 fence=off,baseline,cmp,8,4,,4,FIRE,FIRE,0.0,0.0,2,8,2026-09-06 16:17:33,2026-09-06 16:17:33,lease_timed --clients 2 --rounds 1 --u 1 --l-ratio 1.0 --sd-ratio 1.0 --ttl-ratio 6.0 --pause-ratio 3.0 --fencing off --keep-going --mode baseline
lease_timed,2,1,C=2 U=1 L=1 sd=0 TTL=10 pause=10 fence=on,baseline,cmp,12,0,,0,hold,hold,0.0,0.0,2,8,2026-09-06 16:17:33,2026-09-06 16:17:33,lease_timed --clients 2 --rounds 1 --u 1 --l-ratio 1.0 --sd-ratio 0.0 --ttl-ratio 10.0 --pause-ratio 10.0 --fencing on --keep-going --mode baseline
lease_timed,2,1,C=2 U=1 L=1 sd=1 TTL=10 pause=7 fence=off,baseline,cmp,8,4,,4,FIRE,FIRE,0.0,0.0,2,8,2026-09-06 16:17:33,2026-09-06 16:17:33,lease_timed --clients 2 --rounds 1 --u 1 --l-ratio 1.0 --sd-ratio 1.0 --ttl-ratio 10.0 --pause-ratio 7.0 --fencing off --keep-going --mode baseline
lease_timed,2,1,C=2 U=1 L=1 sd=1 TTL=6 pause=4 fence=on,baseline,cmp,12,0,,0,hold,hold,0.0,0.0,2,8,2026-09-06 16:17:33,2026-09-06 16:17:33,lease_timed --clients 2 --rounds 1 --u 1 --l-ratio 1.0 --sd-ratio 1.0 --ttl-ratio 6.0 --pause-ratio 4.0 --fencing on --keep-going --mode baseline
lease_timed,2,1,C=2 U=1 L=1 sd=1 TTL=10 pause=8 fence=on,baseline,cmp,12,0,,0,hold,hold,0.0,0.0,2,8,2026-09-06 16:17:33,2026-09-06 16:17:33,lease_timed --clients 2 --rounds 1 --u 1 --l-ratio 1.0 --sd-ratio 1.0 --ttl-ratio 10.0 --pause-ratio 8.0 --fencing on --keep-going --mode baseline
lease_timed,2,1,C=2 U=2 L=0 sd=0 TTL=6 pause=2 fence=on,baseline,cmp,12,0,,0,hold,hold,0.0,0.0,2,8,2026-09-06 16:17:33,2026-09-06 16:17:33,lease_timed --clients 2 --rounds 1 --u 2 --l-ratio 0.0 --sd-ratio 0.0 --ttl-ratio 3.0 --pause-ratio 1.0 --fencing on --keep-going --mode baseline
lease_timed,2,3,U=2 L=2 sd=1 TTL=12 pause=10 fence=on,timed,boundary,175,198,,0,hold,hold,0.4,0.3,2,8,2026-09-06 16:17:32,2026-09-06 16:17:33,lease_timed --clients 2 --rounds 3 --u 2 --l-ratio 1.0 --sd-ratio 0.5 --ttl-ratio 6.0 --pause-ratio 5.0 --fencing on --mode timed
lease_timed,2,1,C=2 U=2 L=0 sd=0 TTL=10 pause=5 fence=off,baseline,cmp,8,4,,4,FIRE,FIRE,0.0,0.0,2,8,2026-09-06 16:17:33,2026-09-06 16:17:33,lease_timed --clients 2 --rounds 1 --u 2 --l-ratio 0.0 --sd-ratio 0.0 --ttl-ratio 5.0 --pause-ratio 2.5 --fencing off --keep-going --mode baseline
lease_timed,2,1,C=2 U=2 L=0 sd=1 TTL=10 pause=4 fence=on,baseline,cmp,12,0,,0,hold,hold,0.0,0.0,2,8,2026-09-06 16:17:33,2026-09-06 16:17:33,lease_timed --clients 2 --rounds 1 --u 2 --l-ratio 0.0 --sd-ratio 0.5 --ttl-ratio 5.0 --pause-ratio 2.0 --fencing on --keep-going --mode baseline
lease_timed,2,1,C=2 U=2 L=0 sd=0 TTL=6 pause=1 fence=off,baseline,cmp,8,4,,4,FIRE,FIRE,0.0,0.0,2,8,2026-09-06 16:17:33,2026-09-06 16:17:33,lease_timed --clients 2 --rounds 1 --u 2 --l-ratio 0.0 --sd-ratio 0.0 --ttl-ratio 3.0 --pause-ratio 0.5 --fencing off --keep-going --mode baseline
lease_timed,2,1,C=2 U=2 L=2 sd=0 TTL=6 pause=5 fence=off,baseline,cmp,8,4,,4,FIRE,FIRE,0.0,0.0,2,8,2026-09-06 16:17:33,2026-09-06 16:17:33,lease_timed --clients 2 --rounds 1 --u 2 --l-ratio 1.0 --sd-ratio 0.0 --ttl-ratio 3.0 --pause-ratio 2.5 --fencing off --keep-going --mode baseline
lease_timed,2,1,C=2 U=2 L=0 sd=0 TTL=10 pause=6 fence=on,baseline,cmp,12,0,,0,hold,hold,0.0,0.0,2,8,2026-09-06 16:17:33,2026-09-06 16:17:33,lease_timed --clients 2 --rounds 1 --u 2 --l-ratio 0.0 --sd-ratio 0.0 --ttl-ratio 5.0 --pause-ratio 3.0 --fencing on --keep-going --mode baseline
lease_timed,2,1,C=2 U=2 L=2 sd=0 TTL=6 pause=6 fence=on,baseline,cmp,12,0,,0,hold,hold,0.0,0.0,2,8,2026-09-06 16:17:33,2026-09-06 16:17:33,lease_timed --clients 2 --rounds 1 --u 2 --l-ratio 1.0 --sd-ratio 0.0 --ttl-ratio 3.0 --pause-ratio 3.0 --fencing on --keep-going --mode baseline
lease_timed,2,1,C=2 U=2 L=0 sd=1 TTL=10 pause=3 fence=off,baseline,cmp,8,4,,4,FIRE,FIRE,0.0,0.0,2,8,2026-09-06 16:17:33,2026-09-06 16:17:33,lease_timed --clients 2 --rounds 1 --u 2 --l-ratio 0.0 --sd-ratio 0.5 --ttl-ratio 5.0 --pause-ratio 1.5 --fencing off --keep-going --mode baseline
lease_timed,2,1,C=2 U=2 L=2 sd=0 TTL=10 pause=9 fence=off,baseline,cmp,8,4,,4,FIRE,FIRE,0.0,0.0,2,8,2026-09-06 16:17:33,2026-09-06 16:17:33,lease_timed --clients 2 --rounds 1 --u 2 --l-ratio 1.0 --sd-ratio 0.0 --ttl-ratio 5.0 --pause-ratio 4.5 --fencing off --keep-going --mode baseline
lease_timed,2,1,C=2 U=2 L=2 sd=0 TTL=10 pause=10 fence=on,baseline,cmp,12,0,,0,hold,hold,0.0,0.0,2,8,2026-09-06 16:17:33,2026-09-06 16:17:33,lease_timed --clients 2 --rounds 1 --u 2 --l-ratio 1.0 --sd-ratio 0.0 --ttl-ratio 5.0 --pause-ratio 5.0 --fencing on --keep-going --mode baseline
lease_timed,2,1,C=2 U=2 L=2 sd=1 TTL=6 pause=4 fence=on,baseline,cmp,12,0,,0,hold,hold,0.0,0.0,2,8,2026-09-06 16:17:33,2026-09-06 16:17:33,lease_timed --clients 2 --rounds 1 --u 2 --l-ratio 1.0 --sd-ratio 0.5 --ttl-ratio 3.0 --pause-ratio 2.0 --fencing on --keep-going --mode baseline
lease_timed,2,1,C=2 U=2 L=2 sd=1 TTL=10 pause=7 fence=off,baseline,cmp,8,4,,4,FIRE,FIRE,0.0,0.0,2,8,2026-09-06 16:17:33,2026-09-06 16:17:33,lease_timed --clients 2 --rounds 1 --u 2 --l-ratio 1.0 --sd-ratio 0.5 --ttl-ratio 5.0 --pause-ratio 3.5 --fencing off --keep-going --mode baseline
lease_timed,2,1,C=2 U=2 L=2 sd=1 TTL=6 pause=3 fence=off,baseline,cmp,8,4,,4,FIRE,FIRE,0.0,0.0,2,8,2026-09-06 16:17:33,2026-09-06 16:17:33,lease_timed --clients 2 --rounds 1 --u 2 --l-ratio 1.0 --sd-ratio 0.5 --ttl-ratio 3.0 --pause-ratio 1.5 --fencing off --keep-going --mode baseline
lease_timed,2,1,C=2 U=1 L=0 sd=0 TTL=6 pause=3 fence=off,timed,cmp,8,6,,0,hold,hold,0.0,0.0,2,8,2026-09-06 16:17:33,2026-09-06 16:17:33,lease_timed --clients 2 --rounds 1 --u 1 --l-ratio 0.0 --sd-ratio 0.0 --ttl-ratio 6.0 --pause-ratio 3.0 --fencing off --keep-going --mode timed
lease_timed,2,1,C=2 U=1 L=0 sd=0 TTL=10 pause=8 fence=on,timed,cmp,11,7,,0,hold,hold,0.0,0.0,2,8,2026-09-06 16:17:33,2026-09-06 16:17:33,lease_timed --clients 2 --rounds 1 --u 1 --l-ratio 0.0 --sd-ratio 0.0 --ttl-ratio 10.0 --pause-ratio 8.0 --fencing on --keep-going --mode timed
lease_timed,2,1,C=2 U=2 L=2 sd=1 TTL=10 pause=8 fence=on,baseline,cmp,12,0,,0,hold,hold,0.0,0.0,2,8,2026-09-06 16:17:33,2026-09-06 16:17:33,lease_timed --clients 2 --rounds 1 --u 2 --l-ratio 1.0 --sd-ratio 0.5 --ttl-ratio 5.0 --pause-ratio 4.0 --fencing on --keep-going --mode baseline
lease_timed,2,1,C=2 U=1 L=0 sd=0 TTL=6 pause=4 fence=on,timed,cmp,11,7,,0,hold,hold,0.0,0.0,2,8,2026-09-06 16:17:33,2026-09-06 16:17:33,lease_timed --clients 2 --rounds 1 --u 1 --l-ratio 0.0 --sd-ratio 0.0 --ttl-ratio 6.0 --pause-ratio 4.0 --fencing on --keep-going --mode timed
lease_timed,2,1,C=2 U=1 L=0 sd=0 TTL=10 pause=7 fence=off,timed,cmp,8,6,,0,hold,hold,0.0,0.0,2,8,2026-09-06 16:17:33,2026-09-06 16:17:33,lease_timed --clients 2 --rounds 1 --u 1 --l-ratio 0.0 --sd-ratio 0.0 --ttl-ratio 10.0 --pause-ratio 7.0 --fencing off --keep-going --mode timed
lease_timed,2,1,C=2 U=1 L=0 sd=1 TTL=6 pause=1 fence=off,timed,cmp,8,6,,0,hold,hold,0.0,0.0,2,8,2026-09-06 16:17:33,2026-09-06 16:17:33,lease_timed --clients 2 --rounds 1 --u 1 --l-ratio 0.0 --sd-ratio 1.0 --ttl-ratio 6.0 --pause-ratio 1.0 --fencing off --keep-going --mode timed
lease_timed,2,1,C=2 U=1 L=0 sd=1 TTL=10 pause=5 fence=off,timed,cmp,8,6,,0,hold,hold,0.0,0.0,2,8,2026-09-06 16:17:33,2026-09-06 16:17:33,lease_timed --clients 2 --rounds 1 --u 1 --l-ratio 0.0 --sd-ratio 1.0 --ttl-ratio 10.0 --pause-ratio 5.0 --fencing off --keep-going --mode timed
lease_timed,2,1,C=2 U=1 L=1 sd=0 TTL=6 pause=5 fence=off,timed,cmp,4,3,,0,hold,hold,0.0,0.0,2,8,2026-09-06 16:17:33,2026-09-06 16:17:33,lease_timed --clients 2 --rounds 1 --u 1 --l-ratio 1.0 --sd-ratio 0.0 --ttl-ratio 6.0 --pause-ratio 5.0 --fencing off --keep-going --mode timed
lease_timed,2,1,C=2 U=1 L=1 sd=0 TTL=6 pause=6 fence=on,timed,cmp,6,1,,0,hold,hold,0.0,0.0,2,8,2026-09-06 16:17:33,2026-09-06 16:17:33,lease_timed --clients 2 --rounds 1 --u 1 --l-ratio 1.0 --sd-ratio 0.0 --ttl-ratio 6.0 --pause-ratio 6.0 --fencing on --keep-going --mode timed
lease_timed,2,1,C=2 U=1 L=1 sd=0 TTL=10 pause=9 fence=off,timed,cmp,4,3,,0,hold,hold,0.0,0.0,2,8,2026-09-06 16:17:33,2026-09-06 16:17:33,lease_timed --clients 2 --rounds 1 --u 1 --l-ratio 1.0 --sd-ratio 0.0 --ttl-ratio 10.0 --pause-ratio 9.0 --fencing off --keep-going --mode timed
lease_timed,2,1,C=2 U=1 L=0 sd=1 TTL=6 pause=2 fence=on,timed,cmp,11,7,,0,hold,hold,0.0,0.0,2,8,2026-09-06 16:17:33,2026-09-06 16:17:33,lease_timed --clients 2 --rounds 1 --u 1 --l-ratio 0.0 --sd-ratio 1.0 --ttl-ratio 6.0 --pause-ratio 2.0 --fencing on --keep-going --mode timed
lease_timed,2,1,C=2 U=1 L=0 sd=1 TTL=10 pause=6 fence=on,timed,cmp,11,7,,0,hold,hold,0.0,0.0,2,8,2026-09-06 16:17:33,2026-09-06 16:17:33,lease_timed --clients 2 --rounds 1 --u 1 --l-ratio 0.0 --sd-ratio 1.0 --ttl-ratio 10.0 --pause-ratio 6.0 --fencing on --keep-going --mode timed
lease_timed,2,1,C=2 U=1 L=1 sd=0 TTL=10 pause=10 fence=on,timed,cmp,6,1,,0,hold,hold,0.0,0.0,2,8,2026-09-06 16:17:33,2026-09-06 16:17:33,lease_timed --clients 2 --rounds 1 --u 1 --l-ratio 1.0 --sd-ratio 0.0 --ttl-ratio 10.0 --pause-ratio 10.0 --fencing on --keep-going --mode timed
lease_timed,2,1,C=2 U=1 L=1 sd=1 TTL=6 pause=3 fence=off,timed,cmp,4,5,,0,hold,hold,0.0,0.0,2,8,2026-09-06 16:17:33,2026-09-06 16:17:33,lease_timed --clients 2 --rounds 1 --u 1 --l-ratio 1.0 --sd-ratio 1.0 --ttl-ratio 6.0 --pause-ratio 3.0 --fencing off --keep-going --mode timed
lease_timed,2,1,C=2 U=1 L=1 sd=1 TTL=10 pause=8 fence=on,timed,cmp,7,6,,0,hold,hold,0.0,0.0,2,8,2026-09-06 16:17:33,2026-09-06 16:17:33,lease_timed --clients 2 --rounds 1 --u 1 --l-ratio 1.0 --sd-ratio 1.0 --ttl-ratio 10.0 --pause-ratio 8.0 --fencing on --keep-going --mode timed
lease_timed,2,1,C=2 U=2 L=0 sd=0 TTL=6 pause=1 fence=off,timed,cmp,8,6,,0,hold,hold,0.0,0.0,2,8,2026-09-06 16:17:33,2026-09-06 16:17:33,lease_timed --clients 2 --rounds 1 --u 2 --l-ratio 0.0 --sd-ratio 0.0 --ttl-ratio 3.0 --pause-ratio 0.5 --fencing off --keep-going --mode timed
lease_timed,2,1,C=2 U=1 L=1 sd=1 TTL=6 pause=4 fence=on,timed,cmp,7,6,,0,hold,hold,0.0,0.0,2,8,2026-09-06 16:17:33,2026-09-06 16:17:33,lease_timed --clients 2 --rounds 1 --u 1 --l-ratio 1.0 --sd-ratio 1.0 --ttl-ratio 6.0 --pause-ratio 4.0 --fencing on --keep-going --mode timed
lease_timed,2,1,C=2 U=2 L=0 sd=0 TTL=6 pause=2 fence=on,timed,cmp,11,7,,0,hold,hold,0.0,0.0,2,8,2026-09-06 16:17:33,2026-09-06 16:17:33,lease_timed --clients 2 --rounds 1 --u 2 --l-ratio 0.0 --sd-ratio 0.0 --ttl-ratio 3.0 --pause-ratio 1.0 --fencing on --keep-going --mode timed
lease_timed,2,1,C=2 U=1 L=1 sd=1 TTL=10 pause=7 fence=off,timed,cmp,4,5,,0,hold,hold,0.0,0.0,2,8,2026-09-06 16:17:33,2026-09-06 16:17:33,lease_timed --clients 2 --rounds 1 --u 1 --l-ratio 1.0 --sd-ratio 1.0 --ttl-ratio 10.0 --pause-ratio 7.0 --fencing off --keep-going --mode timed
lease_timed,2,3,U=2 L=0 sd=1 TTL=6 pause=0 fence=on,timed,boundary,2744,1868,,0,hold,hold,2.5,2.5,2,8,2026-09-06 16:17:30,2026-09-06 16:17:33,lease_timed --clients 2 --rounds 3 --u 2 --l-ratio 0.0 --sd-ratio 0.5 --ttl-ratio 3.0 --pause-ratio 0.0 --fencing on --mode timed
lease_timed,2,1,C=2 U=2 L=0 sd=0 TTL=10 pause=5 fence=off,timed,cmp,8,6,,0,hold,hold,0.0,0.0,2,8,2026-09-06 16:17:33,2026-09-06 16:17:33,lease_timed --clients 2 --rounds 1 --u 2 --l-ratio 0.0 --sd-ratio 0.0 --ttl-ratio 5.0 --pause-ratio 2.5 --fencing off --keep-going --mode timed
lease_timed,2,1,C=2 U=2 L=0 sd=0 TTL=10 pause=6 fence=on,timed,cmp,11,7,,0,hold,hold,0.0,0.0,2,8,2026-09-06 16:17:33,2026-09-06 16:17:33,lease_timed --clients 2 --rounds 1 --u 2 --l-ratio 0.0 --sd-ratio 0.0 --ttl-ratio 5.0 --pause-ratio 3.0 --fencing on --keep-going --mode timed
lease_timed,2,1,C=2 U=2 L=2 sd=0 TTL=6 pause=5 fence=off,timed,cmp,2,2,,0,hold,hold,0.0,0.0,2,8,2026-09-06 16:17:33,2026-09-06 16:17:33,lease_timed --clients 2 --rounds 1 --u 2 --l-ratio 1.0 --sd-ratio 0.0 --ttl-ratio 3.0 --pause-ratio 2.5 --fencing off --keep-going --mode timed
lease_timed,2,1,C=2 U=2 L=0 sd=1 TTL=10 pause=4 fence=on,timed,cmp,11,7,,0,hold,hold,0.0,0.0,2,8,2026-09-06 16:17:33,2026-09-06 16:17:33,lease_timed --clients 2 --rounds 1 --u 2 --l-ratio 0.0 --sd-ratio 0.5 --ttl-ratio 5.0 --pause-ratio 2.0 --fencing on --keep-going --mode timed
lease_timed,2,1,C=2 U=2 L=0 sd=1 TTL=10 pause=3 fence=off,timed,cmp,8,6,,0,hold,hold,0.0,0.0,2,8,2026-09-06 16:17:33,2026-09-06 16:17:33,lease_timed --clients 2 --rounds 1 --u 2 --l-ratio 0.0 --sd-ratio 0.5 --ttl-ratio 5.0 --pause-ratio 1.5 --fencing off --keep-going --mode timed
lease_timed,2,1,C=2 U=2 L=2 sd=0 TTL=6 pause=6 fence=on,timed,cmp,3,1,,0,hold,hold,0.0,0.0,2,8,2026-09-06 16:17:33,2026-09-06 16:17:33,lease_timed --clients 2 --rounds 1 --u 2 --l-ratio 1.0 --sd-ratio 0.0 --ttl-ratio 3.0 --pause-ratio 3.0 --fencing on --keep-going --mode timed
lease_timed,2,1,C=2 U=2 L=2 sd=0 TTL=10 pause=10 fence=on,timed,cmp,6,1,,0,hold,hold,0.0,0.0,2,8,2026-09-06 16:17:33,2026-09-06 16:17:33,lease_timed --clients 2 --rounds 1 --u 2 --l-ratio 1.0 --sd-ratio 0.0 --ttl-ratio 5.0 --pause-ratio 5.0 --fencing on --keep-going --mode timed
lease_timed,2,1,C=2 U=2 L=2 sd=1 TTL=6 pause=4 fence=on,timed,cmp,3,4,,0,hold,hold,0.0,0.0,2,8,2026-09-06 16:17:33,2026-09-06 16:17:33,lease_timed --clients 2 --rounds 1 --u 2 --l-ratio 1.0 --sd-ratio 0.5 --ttl-ratio 3.0 --pause-ratio 2.0 --fencing on --keep-going --mode timed
lease_timed,2,1,C=2 U=2 L=2 sd=1 TTL=10 pause=7 fence=off,timed,cmp,4,5,,0,hold,hold,0.0,0.0,2,8,2026-09-06 16:17:33,2026-09-06 16:17:33,lease_timed --clients 2 --rounds 1 --u 2 --l-ratio 1.0 --sd-ratio 0.5 --ttl-ratio 5.0 --pause-ratio 3.5 --fencing off --keep-going --mode timed
lease_timed,2,1,C=2 U=2 L=2 sd=0 TTL=10 pause=9 fence=off,timed,cmp,4,3,,0,hold,hold,0.0,0.0,2,8,2026-09-06 16:17:33,2026-09-06 16:17:33,lease_timed --clients 2 --rounds 1 --u 2 --l-ratio 1.0 --sd-ratio 0.0 --ttl-ratio 5.0 --pause-ratio 4.5 --fencing off --keep-going --mode timed
lease_timed,2,1,C=2 U=2 L=2 sd=1 TTL=6 pause=3 fence=off,timed,cmp,2,4,,0,hold,hold,0.0,0.0,2,8,2026-09-06 16:17:33,2026-09-06 16:17:33,lease_timed --clients 2 --rounds 1 --u 2 --l-ratio 1.0 --sd-ratio 0.5 --ttl-ratio 3.0 --pause-ratio 1.5 --fencing off --keep-going --mode timed
lease_timed,2,1,C=2 U=2 L=2 sd=1 TTL=10 pause=8 fence=on,timed,cmp,7,6,,0,hold,hold,0.0,0.0,2,8,2026-09-06 16:17:33,2026-09-06 16:17:33,lease_timed --clients 2 --rounds 1 --u 2 --l-ratio 1.0 --sd-ratio 0.5 --ttl-ratio 5.0 --pause-ratio 4.0 --fencing on --keep-going --mode timed
lease_timed,2,3,U=2 L=0 sd=1 TTL=10 pause=4 fence=on,timed,boundary,1485,1108,,0,hold,hold,1.7,1.6,2,8,2026-09-06 16:17:31,2026-09-06 16:17:33,lease_timed --clients 2 --rounds 3 --u 2 --l-ratio 0.0 --sd-ratio 0.5 --ttl-ratio 5.0 --pause-ratio 2.0 --fencing on --mode timed
lease_timed,3,1,C=3 U=1 L=0 sd=0 TTL=6 pause=4 fence=on,baseline,cmp,144,0,,0,hold,hold,0.0,0.0,2,8,2026-09-06 16:17:33,2026-09-06 16:17:33,lease_timed --clients 3 --rounds 1 --u 1 --l-ratio 0.0 --sd-ratio 0.0 --ttl-ratio 6.0 --pause-ratio 4.0 --fencing on --keep-going --mode baseline
lease_timed,3,1,C=3 U=1 L=0 sd=0 TTL=6 pause=3 fence=off,baseline,cmp,48,84,,84,FIRE,FIRE,0.0,0.0,2,8,2026-09-06 16:17:33,2026-09-06 16:17:33,lease_timed --clients 3 --rounds 1 --u 1 --l-ratio 0.0 --sd-ratio 0.0 --ttl-ratio 6.0 --pause-ratio 3.0 --fencing off --keep-going --mode baseline
lease_timed,3,1,C=3 U=1 L=0 sd=0 TTL=10 pause=7 fence=off,baseline,cmp,48,84,,84,FIRE,FIRE,0.0,0.0,2,8,2026-09-06 16:17:33,2026-09-06 16:17:33,lease_timed --clients 3 --rounds 1 --u 1 --l-ratio 0.0 --sd-ratio 0.0 --ttl-ratio 10.0 --pause-ratio 7.0 --fencing off --keep-going --mode baseline
lease_timed,3,1,C=3 U=1 L=0 sd=0 TTL=10 pause=8 fence=on,baseline,cmp,144,0,,0,hold,hold,0.0,0.0,2,8,2026-09-06 16:17:33,2026-09-06 16:17:33,lease_timed --clients 3 --rounds 1 --u 1 --l-ratio 0.0 --sd-ratio 0.0 --ttl-ratio 10.0 --pause-ratio 8.0 --fencing on --keep-going --mode baseline
lease_timed,3,1,C=3 U=1 L=0 sd=1 TTL=6 pause=2 fence=on,baseline,cmp,144,0,,0,hold,hold,0.0,0.0,2,8,2026-09-06 16:17:33,2026-09-06 16:17:33,lease_timed --clients 3 --rounds 1 --u 1 --l-ratio 0.0 --sd-ratio 1.0 --ttl-ratio 6.0 --pause-ratio 2.0 --fencing on --keep-going --mode baseline
lease_timed,3,1,C=3 U=1 L=0 sd=1 TTL=6 pause=1 fence=off,baseline,cmp,48,84,,84,FIRE,FIRE,0.0,0.0,2,8,2026-09-06 16:17:33,2026-09-06 16:17:33,lease_timed --clients 3 --rounds 1 --u 1 --l-ratio 0.0 --sd-ratio 1.0 --ttl-ratio 6.0 --pause-ratio 1.0 --fencing off --keep-going --mode baseline
lease_timed,3,1,C=3 U=1 L=0 sd=1 TTL=10 pause=5 fence=off,baseline,cmp,48,84,,84,FIRE,FIRE,0.0,0.0,2,8,2026-09-06 16:17:33,2026-09-06 16:17:33,lease_timed --clients 3 --rounds 1 --u 1 --l-ratio 0.0 --sd-ratio 1.0 --ttl-ratio 10.0 --pause-ratio 5.0 --fencing off --keep-going --mode baseline
lease_timed,3,1,C=3 U=1 L=1 sd=0 TTL=6 pause=5 fence=off,baseline,cmp,48,84,,84,FIRE,FIRE,0.0,0.0,2,8,2026-09-06 16:17:33,2026-09-06 16:17:33,lease_timed --clients 3 --rounds 1 --u 1 --l-ratio 1.0 --sd-ratio 0.0 --ttl-ratio 6.0 --pause-ratio 5.0 --fencing off --keep-going --mode baseline
lease_timed,3,1,C=3 U=1 L=1 sd=0 TTL=10 pause=10 fence=on,baseline,cmp,144,0,,0,hold,hold,0.0,0.0,2,8,2026-09-06 16:17:33,2026-09-06 16:17:33,lease_timed --clients 3 --rounds 1 --u 1 --l-ratio 1.0 --sd-ratio 0.0 --ttl-ratio 10.0 --pause-ratio 10.0 --fencing on --keep-going --mode baseline
lease_timed,3,1,C=3 U=1 L=0 sd=1 TTL=10 pause=6 fence=on,baseline,cmp,144,0,,0,hold,hold,0.0,0.0,2,8,2026-09-06 16:17:33,2026-09-06 16:17:33,lease_timed --clients 3 --rounds 1 --u 1 --l-ratio 0.0 --sd-ratio 1.0 --ttl-ratio 10.0 --pause-ratio 6.0 --fencing on --keep-going --mode baseline
lease_timed,3,1,C=3 U=1 L=1 sd=0 TTL=6 pause=6 fence=on,baseline,cmp,144,0,,0,hold,hold,0.0,0.0,2,8,2026-09-06 16:17:33,2026-09-06 16:17:33,lease_timed --clients 3 --rounds 1 --u 1 --l-ratio 1.0 --sd-ratio 0.0 --ttl-ratio 6.0 --pause-ratio 6.0 --fencing on --keep-going --mode baseline
lease_timed,3,1,C=3 U=1 L=1 sd=0 TTL=10 pause=9 fence=off,baseline,cmp,48,84,,84,FIRE,FIRE,0.0,0.0,2,8,2026-09-06 16:17:33,2026-09-06 16:17:33,lease_timed --clients 3 --rounds 1 --u 1 --l-ratio 1.0 --sd-ratio 0.0 --ttl-ratio 10.0 --pause-ratio 9.0 --fencing off --keep-going --mode baseline
lease_timed,3,1,C=3 U=1 L=1 sd=1 TTL=10 pause=7 fence=off,baseline,cmp,48,84,,84,FIRE,FIRE,0.0,0.0,2,8,2026-09-06 16:17:33,2026-09-06 16:17:33,lease_timed --clients 3 --rounds 1 --u 1 --l-ratio 1.0 --sd-ratio 1.0 --ttl-ratio 10.0 --pause-ratio 7.0 --fencing off --keep-going --mode baseline
lease_timed,3,1,C=3 U=1 L=1 sd=1 TTL=10 pause=8 fence=on,baseline,cmp,144,0,,0,hold,hold,0.0,0.0,2,8,2026-09-06 16:17:33,2026-09-06 16:17:33,lease_timed --clients 3 --rounds 1 --u 1 --l-ratio 1.0 --sd-ratio 1.0 --ttl-ratio 10.0 --pause-ratio 8.0 --fencing on --keep-going --mode baseline
lease_timed,3,1,C=3 U=1 L=1 sd=1 TTL=6 pause=3 fence=off,baseline,cmp,48,84,,84,FIRE,FIRE,0.0,0.0,2,8,2026-09-06 16:17:33,2026-09-06 16:17:33,lease_timed --clients 3 --rounds 1 --u 1 --l-ratio 1.0 --sd-ratio 1.0 --ttl-ratio 6.0 --pause-ratio 3.0 --fencing off --keep-going --mode baseline
lease_timed,3,1,C=3 U=1 L=1 sd=1 TTL=6 pause=4 fence=on,baseline,cmp,144,0,,0,hold,hold,0.0,0.0,2,8,2026-09-06 16:17:33,2026-09-06 16:17:33,lease_timed --clients 3 --rounds 1 --u 1 --l-ratio 1.0 --sd-ratio 1.0 --ttl-ratio 6.0 --pause-ratio 4.0 --fencing on --keep-going --mode baseline
lease_timed,3,1,C=3 U=2 L=0 sd=0 TTL=6 pause=2 fence=on,baseline,cmp,144,0,,0,hold,hold,0.0,0.0,2,8,2026-09-06 16:17:33,2026-09-06 16:17:33,lease_timed --clients 3 --rounds 1 --u 2 --l-ratio 0.0 --sd-ratio 0.0 --ttl-ratio 3.0 --pause-ratio 1.0 --fencing on --keep-going --mode baseline
lease_timed,3,1,C=3 U=2 L=0 sd=0 TTL=6 pause=1 fence=off,baseline,cmp,48,84,,84,FIRE,FIRE,0.0,0.0,2,8,2026-09-06 16:17:33,2026-09-06 16:17:33,lease_timed --clients 3 --rounds 1 --u 2 --l-ratio 0.0 --sd-ratio 0.0 --ttl-ratio 3.0 --pause-ratio 0.5 --fencing off --keep-going --mode baseline
lease_timed,3,1,C=3 U=2 L=0 sd=0 TTL=10 pause=5 fence=off,baseline,cmp,48,84,,84,FIRE,FIRE,0.0,0.0,2,8,2026-09-06 16:17:33,2026-09-06 16:17:33,lease_timed --clients 3 --rounds 1 --u 2 --l-ratio 0.0 --sd-ratio 0.0 --ttl-ratio 5.0 --pause-ratio 2.5 --fencing off --keep-going --mode baseline
lease_timed,3,1,C=3 U=2 L=0 sd=1 TTL=10 pause=3 fence=off,baseline,cmp,48,84,,84,FIRE,FIRE,0.0,0.0,2,8,2026-09-06 16:17:33,2026-09-06 16:17:33,lease_timed --clients 3 --rounds 1 --u 2 --l-ratio 0.0 --sd-ratio 0.5 --ttl-ratio 5.0 --pause-ratio 1.5 --fencing off --keep-going --mode baseline
lease_timed,3,1,C=3 U=2 L=0 sd=0 TTL=10 pause=6 fence=on,baseline,cmp,144,0,,0,hold,hold,0.0,0.0,2,8,2026-09-06 16:17:33,2026-09-06 16:17:33,lease_timed --clients 3 --rounds 1 --u 2 --l-ratio 0.0 --sd-ratio 0.0 --ttl-ratio 5.0 --pause-ratio 3.0 --fencing on --keep-going --mode baseline
lease_timed,3,1,C=3 U=2 L=0 sd=1 TTL=10 pause=4 fence=on,baseline,cmp,144,0,,0,hold,hold,0.0,0.0,2,8,2026-09-06 16:17:33,2026-09-06 16:17:33,lease_timed --clients 3 --rounds 1 --u 2 --l-ratio 0.0 --sd-ratio 0.5 --ttl-ratio 5.0 --pause-ratio 2.0 --fencing on --keep-going --mode baseline
lease_timed,3,1,C=3 U=2 L=2 sd=0 TTL=6 pause=6 fence=on,baseline,cmp,144,0,,0,hold,hold,0.0,0.0,2,8,2026-09-06 16:17:33,2026-09-06 16:17:33,lease_timed --clients 3 --rounds 1 --u 2 --l-ratio 1.0 --sd-ratio 0.0 --ttl-ratio 3.0 --pause-ratio 3.0 --fencing on --keep-going --mode baseline
lease_timed,3,1,C=3 U=2 L=2 sd=0 TTL=10 pause=10 fence=on,baseline,cmp,144,0,,0,hold,hold,0.0,0.0,2,8,2026-09-06 16:17:33,2026-09-06 16:17:33,lease_timed --clients 3 --rounds 1 --u 2 --l-ratio 1.0 --sd-ratio 0.0 --ttl-ratio 5.0 --pause-ratio 5.0 --fencing on --keep-going --mode baseline
lease_timed,3,1,C=3 U=2 L=2 sd=0 TTL=10 pause=9 fence=off,baseline,cmp,48,84,,84,FIRE,FIRE,0.0,0.0,2,8,2026-09-06 16:17:33,2026-09-06 16:17:33,lease_timed --clients 3 --rounds 1 --u 2 --l-ratio 1.0 --sd-ratio 0.0 --ttl-ratio 5.0 --pause-ratio 4.5 --fencing off --keep-going --mode baseline
lease_timed,3,1,C=3 U=2 L=2 sd=0 TTL=6 pause=5 fence=off,baseline,cmp,48,84,,84,FIRE,FIRE,0.0,0.0,2,8,2026-09-06 16:17:33,2026-09-06 16:17:33,lease_timed --clients 3 --rounds 1 --u 2 --l-ratio 1.0 --sd-ratio 0.0 --ttl-ratio 3.0 --pause-ratio 2.5 --fencing off --keep-going --mode baseline
lease_timed,3,1,C=3 U=2 L=2 sd=1 TTL=6 pause=4 fence=on,baseline,cmp,144,0,,0,hold,hold,0.0,0.0,2,8,2026-09-06 16:17:33,2026-09-06 16:17:33,lease_timed --clients 3 --rounds 1 --u 2 --l-ratio 1.0 --sd-ratio 0.5 --ttl-ratio 3.0 --pause-ratio 2.0 --fencing on --keep-going --mode baseline
lease_timed,3,1,C=3 U=2 L=2 sd=1 TTL=10 pause=7 fence=off,baseline,cmp,48,84,,84,FIRE,FIRE,0.0,0.0,2,8,2026-09-06 16:17:33,2026-09-06 16:17:33,lease_timed --clients 3 --rounds 1 --u 2 --l-ratio 1.0 --sd-ratio 0.5 --ttl-ratio 5.0 --pause-ratio 3.5 --fencing off --keep-going --mode baseline
lease_timed,3,1,C=3 U=2 L=2 sd=1 TTL=6 pause=3 fence=off,baseline,cmp,48,84,,84,FIRE,FIRE,0.0,0.0,2,8,2026-09-06 16:17:33,2026-09-06 16:17:33,lease_timed --clients 3 --rounds 1 --u 2 --l-ratio 1.0 --sd-ratio 0.5 --ttl-ratio 3.0 --pause-ratio 1.5 --fencing off --keep-going --mode baseline
lease_timed,3,1,C=3 U=2 L=2 sd=1 TTL=10 pause=8 fence=on,baseline,cmp,144,0,,0,hold,hold,0.0,0.0,2,8,2026-09-06 16:17:33,2026-09-06 16:17:33,lease_timed --clients 3 --rounds 1 --u 2 --l-ratio 1.0 --sd-ratio 0.5 --ttl-ratio 5.0 --pause-ratio 4.0 --fencing on --keep-going --mode baseline
lease_timed,3,1,C=3 U=1 L=0 sd=0 TTL=6 pause=3 fence=off,timed,cmp,48,69,,0,hold,hold,0.1,0.0,2,8,2026-09-06 16:17:33,2026-09-06 16:17:33,lease_timed --clients 3 --rounds 1 --u 1 --l-ratio 0.0 --sd-ratio 0.0 --ttl-ratio 6.0 --pause-ratio 3.0 --fencing off --keep-going --mode timed
lease_timed,3,1,C=3 U=1 L=0 sd=0 TTL=10 pause=7 fence=off,timed,cmp,48,69,,0,hold,hold,0.1,0.0,2,8,2026-09-06 16:17:33,2026-09-06 16:17:33,lease_timed --clients 3 --rounds 1 --u 1 --l-ratio 0.0 --sd-ratio 0.0 --ttl-ratio 10.0 --pause-ratio 7.0 --fencing off --keep-going --mode timed
lease_timed,3,1,C=3 U=1 L=0 sd=1 TTL=6 pause=1 fence=off,timed,cmp,48,69,,0,hold,hold,0.1,0.0,2,8,2026-09-06 16:17:33,2026-09-06 16:17:33,lease_timed --clients 3 --rounds 1 --u 1 --l-ratio 0.0 --sd-ratio 1.0 --ttl-ratio 6.0 --pause-ratio 1.0 --fencing off --keep-going --mode timed
lease_timed,3,1,C=3 U=1 L=0 sd=0 TTL=6 pause=4 fence=on,timed,cmp,74,83,,0,hold,hold,0.1,0.1,2,8,2026-09-06 16:17:33,2026-09-06 16:17:33,lease_timed --clients 3 --rounds 1 --u 1 --l-ratio 0.0 --sd-ratio 0.0 --ttl-ratio 6.0 --pause-ratio 4.0 --fencing on --keep-going --mode timed
lease_timed,3,1,C=3 U=1 L=0 sd=1 TTL=10 pause=5 fence=off,timed,cmp,48,69,,0,hold,hold,0.1,0.0,2,8,2026-09-06 16:17:33,2026-09-06 16:17:33,lease_timed --clients 3 --rounds 1 --u 1 --l-ratio 0.0 --sd-ratio 1.0 --ttl-ratio 10.0 --pause-ratio 5.0 --fencing off --keep-going --mode timed
lease_timed,3,1,C=3 U=1 L=0 sd=1 TTL=6 pause=2 fence=on,timed,cmp,74,83,,0,hold,hold,0.1,0.1,2,8,2026-09-06 16:17:33,2026-09-06 16:17:33,lease_timed --clients 3 --rounds 1 --u 1 --l-ratio 0.0 --sd-ratio 1.0 --ttl-ratio 6.0 --pause-ratio 2.0 --fencing on --keep-going --mode timed
lease_timed,3,1,C=3 U=1 L=0 sd=0 TTL=10 pause=8 fence=on,timed,cmp,74,83,,0,hold,hold,0.1,0.1,2,8,2026-09-06 16:17:33,2026-09-06 16:17:33,lease_timed --clients 3 --rounds 1 --u 1 --l-ratio 0.0 --sd-ratio 0.0 --ttl-ratio 10.0 --pause-ratio 8.0 --fencing on --keep-going --mode timed
lease_timed,3,1,C=3 U=1 L=1 sd=0 TTL=6 pause=5 fence=off,timed,cmp,24,42,,0,hold,hold,0.0,0.0,2,8,2026-09-06 16:17:33,2026-09-06 16:17:33,lease_timed --clients 3 --rounds 1 --u 1 --l-ratio 1.0 --sd-ratio 0.0 --ttl-ratio 6.0 --pause-ratio 5.0 --fencing off --keep-going --mode timed
lease_timed,3,1,C=3 U=1 L=1 sd=0 TTL=10 pause=9 fence=off,timed,cmp,24,42,,0,hold,hold,0.0,0.0,2,8,2026-09-06 16:17:33,2026-09-06 16:17:33,lease_timed --clients 3 --rounds 1 --u 1 --l-ratio 1.0 --sd-ratio 0.0 --ttl-ratio 10.0 --pause-ratio 9.0 --fencing off --keep-going --mode timed
lease_timed,3,1,C=3 U=1 L=0 sd=1 TTL=10 pause=6 fence=on,timed,cmp,74,83,,0,hold,hold,0.1,0.1,2,8,2026-09-06 16:17:33,2026-09-06 16:17:33,lease_timed --clients 3 --rounds 1 --u 1 --l-ratio 0.0 --sd-ratio 1.0 --ttl-ratio 10.0 --pause-ratio 6.0 --fencing on --keep-going --mode timed
lease_timed,3,1,C=3 U=1 L=1 sd=0 TTL=6 pause=6 fence=on,timed,cmp,40,34,,0,hold,hold,0.1,0.0,2,8,2026-09-06 16:17:33,2026-09-06 16:17:33,lease_timed --clients 3 --rounds 1 --u 1 --l-ratio 1.0 --sd-ratio 0.0 --ttl-ratio 6.0 --pause-ratio 6.0 --fencing on --keep-going --mode timed
lease_timed,3,1,C=3 U=1 L=1 sd=0 TTL=10 pause=10 fence=on,timed,cmp,40,34,,0,hold,hold,0.1,0.0,2,8,2026-09-06 16:17:33,2026-09-06 16:17:33,lease_timed --clients 3 --rounds 1 --u 1 --l-ratio 1.0 --sd-ratio 0.0 --ttl-ratio 10.0 --pause-ratio 10.0 --fencing on --keep-going --mode timed
lease_timed,3,1,C=3 U=1 L=1 sd=1 TTL=6 pause=3 fence=off,timed,cmp,24,51,,0,hold,hold,0.0,0.0,2,8,2026-09-06 16:17:33,2026-09-06 16:17:33,lease_timed --clients 3 --rounds 1 --u 1 --l-ratio 1.0 --sd-ratio 1.0 --ttl-ratio 6.0 --pause-ratio 3.0 --fencing off --keep-going --mode timed
lease_timed,3,1,C=3 U=1 L=1 sd=1 TTL=6 pause=4 fence=on,timed,cmp,44,63,,0,hold,hold,0.1,0.0,2,8,2026-09-06 16:17:33,2026-09-06 16:17:33,lease_timed --clients 3 --rounds 1 --u 1 --l-ratio 1.0 --sd-ratio 1.0 --ttl-ratio 6.0 --pause-ratio 4.0 --fencing on --keep-going --mode timed
lease_timed,3,1,C=3 U=1 L=1 sd=1 TTL=10 pause=7 fence=off,timed,cmp,24,51,,0,hold,hold,0.1,0.0,2,8,2026-09-06 16:17:33,2026-09-06 16:17:33,lease_timed --clients 3 --rounds 1 --u 1 --l-ratio 1.0 --sd-ratio 1.0 --ttl-ratio 10.0 --pause-ratio 7.0 --fencing off --keep-going --mode timed
lease_timed,3,1,C=3 U=1 L=1 sd=1 TTL=10 pause=8 fence=on,timed,cmp,44,63,,0,hold,hold,0.1,0.0,2,8,2026-09-06 16:17:33,2026-09-06 16:17:33,lease_timed --clients 3 --rounds 1 --u 1 --l-ratio 1.0 --sd-ratio 1.0 --ttl-ratio 10.0 --pause-ratio 8.0 --fencing on --keep-going --mode timed
lease_timed,3,1,C=3 U=2 L=0 sd=0 TTL=6 pause=1 fence=off,timed,cmp,48,69,,0,hold,hold,0.1,0.0,2,8,2026-09-06 16:17:33,2026-09-06 16:17:33,lease_timed --clients 3 --rounds 1 --u 2 --l-ratio 0.0 --sd-ratio 0.0 --ttl-ratio 3.0 --pause-ratio 0.5 --fencing off --keep-going --mode timed
lease_timed,3,1,C=3 U=2 L=0 sd=0 TTL=10 pause=5 fence=off,timed,cmp,48,69,,0,hold,hold,0.1,0.0,2,8,2026-09-06 16:17:33,2026-09-06 16:17:33,lease_timed --clients 3 --rounds 1 --u 2 --l-ratio 0.0 --sd-ratio 0.0 --ttl-ratio 5.0 --pause-ratio 2.5 --fencing off --keep-going --mode timed
lease_timed,2,3,U=2 L=0 sd=1 TTL=12 pause=6 fence=on,timed,boundary,1485,1108,,0,hold,hold,1.6,1.6,2,8,2026-09-06 16:17:32,2026-09-06 16:17:33,lease_timed --clients 2 --rounds 3 --u 2 --l-ratio 0.0 --sd-ratio 0.5 --ttl-ratio 6.0 --pause-ratio 3.0 --fencing on --mode timed
lease_timed,3,1,C=3 U=2 L=0 sd=0 TTL=6 pause=2 fence=on,timed,cmp,74,83,,0,hold,hold,0.1,0.1,2,8,2026-09-06 16:17:33,2026-09-06 16:17:33,lease_timed --clients 3 --rounds 1 --u 2 --l-ratio 0.0 --sd-ratio 0.0 --ttl-ratio 3.0 --pause-ratio 1.0 --fencing on --keep-going --mode timed
lease_timed,3,1,C=3 U=2 L=2 sd=0 TTL=6 pause=5 fence=off,timed,cmp,6,18,,0,hold,hold,0.0,0.0,2,8,2026-09-06 16:17:33,2026-09-06 16:17:33,lease_timed --clients 3 --rounds 1 --u 2 --l-ratio 1.0 --sd-ratio 0.0 --ttl-ratio 3.0 --pause-ratio 2.5 --fencing off --keep-going --mode timed
lease_timed,3,1,C=3 U=2 L=0 sd=0 TTL=10 pause=6 fence=on,timed,cmp,74,83,,0,hold,hold,0.1,0.1,2,8,2026-09-06 16:17:33,2026-09-06 16:17:33,lease_timed --clients 3 --rounds 1 --u 2 --l-ratio 0.0 --sd-ratio 0.0 --ttl-ratio 5.0 --pause-ratio 3.0 --fencing on --keep-going --mode timed
lease_timed,3,1,C=3 U=2 L=0 sd=1 TTL=10 pause=3 fence=off,timed,cmp,48,69,,0,hold,hold,0.1,0.0,2,8,2026-09-06 16:17:33,2026-09-06 16:17:33,lease_timed --clients 3 --rounds 1 --u 2 --l-ratio 0.0 --sd-ratio 0.5 --ttl-ratio 5.0 --pause-ratio 1.5 --fencing off --keep-going --mode timed
lease_timed,3,1,C=3 U=2 L=2 sd=0 TTL=6 pause=6 fence=on,timed,cmp,10,16,,0,hold,hold,0.0,0.0,2,8,2026-09-06 16:17:33,2026-09-06 16:17:33,lease_timed --clients 3 --rounds 1 --u 2 --l-ratio 1.0 --sd-ratio 0.0 --ttl-ratio 3.0 --pause-ratio 3.0 --fencing on --keep-going --mode timed
lease_timed,3,1,C=3 U=2 L=0 sd=1 TTL=10 pause=4 fence=on,timed,cmp,74,83,,0,hold,hold,0.1,0.1,2,8,2026-09-06 16:17:33,2026-09-06 16:17:33,lease_timed --clients 3 --rounds 1 --u 2 --l-ratio 0.0 --sd-ratio 0.5 --ttl-ratio 5.0 --pause-ratio 2.0 --fencing on --keep-going --mode timed
lease_timed,3,1,C=3 U=2 L=2 sd=1 TTL=6 pause=3 fence=off,timed,cmp,6,27,,0,hold,hold,0.0,0.0,2,8,2026-09-06 16:17:33,2026-09-06 16:17:33,lease_timed --clients 3 --rounds 1 --u 2 --l-ratio 1.0 --sd-ratio 0.5 --ttl-ratio 3.0 --pause-ratio 1.5 --fencing off --keep-going --mode timed
lease_timed,3,1,C=3 U=2 L=2 sd=0 TTL=10 pause=9 fence=off,timed,cmp,24,42,,0,hold,hold,0.0,0.0,2,8,2026-09-06 16:17:33,2026-09-06 16:17:33,lease_timed --clients 3 --rounds 1 --u 2 --l-ratio 1.0 --sd-ratio 0.0 --ttl-ratio 5.0 --pause-ratio 4.5 --fencing off --keep-going --mode timed
swim_timed,3,1,N=3 U=1 L=0 sd=0 Wp=1 Ws=3,baseline,cmp,3,2,,4,FIRE,FIRE,0.0,0.0,2,8,2026-09-06 16:17:33,2026-09-06 16:17:33,swim_timed --nodes 3 --rounds 1 --u 1 --l-ratio 0.0 --sd-ratio 0.0 --w-probe-ratio 1.0 --w-suspect-ratio 3.0 --keep-going --mode baseline
lease_timed,3,1,C=3 U=2 L=2 sd=1 TTL=6 pause=4 fence=on,timed,cmp,10,29,,0,hold,hold,0.0,0.0,2,8,2026-09-06 16:17:33,2026-09-06 16:17:33,lease_timed --clients 3 --rounds 1 --u 2 --l-ratio 1.0 --sd-ratio 0.5 --ttl-ratio 3.0 --pause-ratio 2.0 --fencing on --keep-going --mode timed
swim_timed,3,1,N=3 U=1 L=0 sd=1 Wp=1 Ws=5,baseline,cmp,3,2,,4,FIRE,FIRE,0.0,0.0,2,8,2026-09-06 16:17:33,2026-09-06 16:17:33,swim_timed --nodes 3 --rounds 1 --u 1 --l-ratio 0.0 --sd-ratio 1.0 --w-probe-ratio 1.0 --w-suspect-ratio 5.0 --keep-going --mode baseline
swim_timed,3,1,N=3 U=1 L=1 sd=1 Wp=1 Ws=4,baseline,cmp,3,2,,4,FIRE,FIRE,0.0,0.0,2,8,2026-09-06 16:17:33,2026-09-06 16:17:33,swim_timed --nodes 3 --rounds 1 --u 1 --l-ratio 1.0 --sd-ratio 1.0 --w-probe-ratio 1.0 --w-suspect-ratio 4.0 --keep-going --mode baseline
swim_timed,3,1,N=3 U=2 L=0 sd=0 Wp=2 Ws=5,baseline,cmp,3,2,,4,FIRE,FIRE,0.0,0.0,2,8,2026-09-06 16:17:33,2026-09-06 16:17:33,swim_timed --nodes 3 --rounds 1 --u 2 --l-ratio 0.0 --sd-ratio 0.0 --w-probe-ratio 1.0 --w-suspect-ratio 2.5 --keep-going --mode baseline
swim_timed,3,1,N=3 U=1 L=1 sd=0 Wp=1 Ws=2,baseline,cmp,3,2,,4,FIRE,FIRE,0.0,0.0,2,8,2026-09-06 16:17:33,2026-09-06 16:17:33,swim_timed --nodes 3 --rounds 1 --u 1 --l-ratio 1.0 --sd-ratio 0.0 --w-probe-ratio 1.0 --w-suspect-ratio 2.0 --keep-going --mode baseline
swim_timed,3,1,N=3 U=2 L=2 sd=0 Wp=2 Ws=3,baseline,cmp,3,2,,4,FIRE,FIRE,0.0,0.0,2,8,2026-09-06 16:17:33,2026-09-06 16:17:33,swim_timed --nodes 3 --rounds 1 --u 2 --l-ratio 1.0 --sd-ratio 0.0 --w-probe-ratio 1.0 --w-suspect-ratio 1.5 --keep-going --mode baseline
swim_timed,3,1,N=3 U=2 L=0 sd=1 Wp=2 Ws=7,baseline,cmp,3,2,,4,FIRE,FIRE,0.0,0.0,2,8,2026-09-06 16:17:33,2026-09-06 16:17:33,swim_timed --nodes 3 --rounds 1 --u 2 --l-ratio 0.0 --sd-ratio 0.5 --w-probe-ratio 1.0 --w-suspect-ratio 3.5 --keep-going --mode baseline
lease_timed,3,1,C=3 U=2 L=2 sd=1 TTL=10 pause=7 fence=off,timed,cmp,24,51,,0,hold,hold,0.1,0.0,2,8,2026-09-06 16:17:33,2026-09-06 16:17:33,lease_timed --clients 3 --rounds 1 --u 2 --l-ratio 1.0 --sd-ratio 0.5 --ttl-ratio 5.0 --pause-ratio 3.5 --fencing off --keep-going --mode timed
swim_timed,3,1,N=3 U=2 L=2 sd=1 Wp=2 Ws=5,baseline,cmp,3,2,,4,FIRE,FIRE,0.0,0.0,2,8,2026-09-06 16:17:33,2026-09-06 16:17:33,swim_timed --nodes 3 --rounds 1 --u 2 --l-ratio 1.0 --sd-ratio 0.5 --w-probe-ratio 1.0 --w-suspect-ratio 2.5 --keep-going --mode baseline
swim_timed,3,1,N=3 U=1 L=0 sd=0 Wp=1 Ws=3,timed,cmp,2,6,,0,hold,hold,0.0,0.0,2,8,2026-09-06 16:17:33,2026-09-06 16:17:33,swim_timed --nodes 3 --rounds 1 --u 1 --l-ratio 0.0 --sd-ratio 0.0 --w-probe-ratio 1.0 --w-suspect-ratio 3.0 --keep-going --mode timed
swim_timed,3,1,N=3 U=1 L=0 sd=1 Wp=1 Ws=5,timed,cmp,2,4,,0,hold,hold,0.0,0.0,2,8,2026-09-06 16:17:33,2026-09-06 16:17:33,swim_timed --nodes 3 --rounds 1 --u 1 --l-ratio 0.0 --sd-ratio 1.0 --w-probe-ratio 1.0 --w-suspect-ratio 5.0 --keep-going --mode timed
swim_timed,3,1,N=3 U=1 L=1 sd=0 Wp=1 Ws=2,timed,cmp,1,3,,0,hold,hold,0.0,0.0,2,8,2026-09-06 16:17:33,2026-09-06 16:17:33,swim_timed --nodes 3 --rounds 1 --u 1 --l-ratio 1.0 --sd-ratio 0.0 --w-probe-ratio 1.0 --w-suspect-ratio 2.0 --keep-going --mode timed
swim_timed,3,1,N=3 U=2 L=0 sd=1 Wp=2 Ws=7,timed,cmp,2,6,,0,hold,hold,0.0,0.0,2,8,2026-09-06 16:17:33,2026-09-06 16:17:33,swim_timed --nodes 3 --rounds 1 --u 2 --l-ratio 0.0 --sd-ratio 0.5 --w-probe-ratio 1.0 --w-suspect-ratio 3.5 --keep-going --mode timed
lease_timed,3,1,C=3 U=2 L=2 sd=1 TTL=10 pause=8 fence=on,timed,cmp,44,63,,0,hold,hold,0.1,0.0,2,8,2026-09-06 16:17:33,2026-09-06 16:17:33,lease_timed --clients 3 --rounds 1 --u 2 --l-ratio 1.0 --sd-ratio 0.5 --ttl-ratio 5.0 --pause-ratio 4.0 --fencing on --keep-going --mode timed
swim_timed,3,1,N=3 U=2 L=2 sd=0 Wp=2 Ws=3,timed,cmp,1,3,,0,hold,hold,0.0,0.0,2,8,2026-09-06 16:17:33,2026-09-06 16:17:33,swim_timed --nodes 3 --rounds 1 --u 2 --l-ratio 1.0 --sd-ratio 0.0 --w-probe-ratio 1.0 --w-suspect-ratio 1.5 --keep-going --mode timed
swim_timed,3,1,N=3 U=2 L=0 sd=0 Wp=2 Ws=5,timed,cmp,2,6,,0,hold,hold,0.0,0.0,2,8,2026-09-06 16:17:33,2026-09-06 16:17:33,swim_timed --nodes 3 --rounds 1 --u 2 --l-ratio 0.0 --sd-ratio 0.0 --w-probe-ratio 1.0 --w-suspect-ratio 2.5 --keep-going --mode timed
swim_timed,3,1,N=3 U=2 L=2 sd=1 Wp=2 Ws=5,timed,cmp,1,3,,0,hold,hold,0.0,0.0,2,8,2026-09-06 16:17:33,2026-09-06 16:17:33,swim_timed --nodes 3 --rounds 1 --u 2 --l-ratio 1.0 --sd-ratio 0.5 --w-probe-ratio 1.0 --w-suspect-ratio 2.5 --keep-going --mode timed
swim_timed,3,1,N=3 U=1 L=1 sd=1 Wp=1 Ws=4,timed,cmp,1,3,,0,hold,hold,0.0,0.0,2,8,2026-09-06 16:17:33,2026-09-06 16:17:33,swim_timed --nodes 3 --rounds 1 --u 1 --l-ratio 1.0 --sd-ratio 1.0 --w-probe-ratio 1.0 --w-suspect-ratio 4.0 --keep-going --mode timed
lease_timed,2,2,C=2 U=1 L=0 sd=0 TTL=6 pause=3 fence=off,baseline,cmp,64,36,,36,FIRE,FIRE,0.0,0.0,2,8,2026-09-06 16:17:33,2026-09-06 16:17:33,lease_timed --clients 2 --rounds 2 --u 1 --l-ratio 0.0 --sd-ratio 0.0 --ttl-ratio 6.0 --pause-ratio 3.0 --fencing off --keep-going --mode baseline
lease_timed,3,1,C=3 U=2 L=2 sd=0 TTL=10 pause=10 fence=on,timed,cmp,40,34,,0,hold,hold,0.1,0.0,2,8,2026-09-06 16:17:33,2026-09-06 16:17:33,lease_timed --clients 3 --rounds 1 --u 2 --l-ratio 1.0 --sd-ratio 0.0 --ttl-ratio 5.0 --pause-ratio 5.0 --fencing on --keep-going --mode timed
lease_timed,2,2,C=2 U=1 L=0 sd=0 TTL=6 pause=4 fence=on,baseline,cmp,144,0,,0,hold,hold,0.0,0.0,2,8,2026-09-06 16:17:33,2026-09-06 16:17:33,lease_timed --clients 2 --rounds 2 --u 1 --l-ratio 0.0 --sd-ratio 0.0 --ttl-ratio 6.0 --pause-ratio 4.0 --fencing on --keep-going --mode baseline
lease_timed,2,2,C=2 U=1 L=0 sd=0 TTL=10 pause=7 fence=off,baseline,cmp,64,36,,36,FIRE,FIRE,0.0,0.0,2,8,2026-09-06 16:17:33,2026-09-06 16:17:33,lease_timed --clients 2 --rounds 2 --u 1 --l-ratio 0.0 --sd-ratio 0.0 --ttl-ratio 10.0 --pause-ratio 7.0 --fencing off --keep-going --mode baseline
lease_timed,2,2,C=2 U=1 L=0 sd=1 TTL=6 pause=2 fence=on,baseline,cmp,144,0,,0,hold,hold,0.0,0.0,2,8,2026-09-06 16:17:33,2026-09-06 16:17:33,lease_timed --clients 2 --rounds 2 --u 1 --l-ratio 0.0 --sd-ratio 1.0 --ttl-ratio 6.0 --pause-ratio 2.0 --fencing on --keep-going --mode baseline
lease_timed,2,2,C=2 U=1 L=0 sd=1 TTL=6 pause=1 fence=off,baseline,cmp,64,36,,36,FIRE,FIRE,0.0,0.0,2,8,2026-09-06 16:17:33,2026-09-06 16:17:33,lease_timed --clients 2 --rounds 2 --u 1 --l-ratio 0.0 --sd-ratio 1.0 --ttl-ratio 6.0 --pause-ratio 1.0 --fencing off --keep-going --mode baseline
lease_timed,2,2,C=2 U=1 L=0 sd=0 TTL=10 pause=8 fence=on,baseline,cmp,144,0,,0,hold,hold,0.0,0.0,2,8,2026-09-06 16:17:33,2026-09-06 16:17:33,lease_timed --clients 2 --rounds 2 --u 1 --l-ratio 0.0 --sd-ratio 0.0 --ttl-ratio 10.0 --pause-ratio 8.0 --fencing on --keep-going --mode baseline
lease_timed,2,2,C=2 U=1 L=1 sd=0 TTL=10 pause=9 fence=off,baseline,cmp,64,36,,36,FIRE,FIRE,0.0,0.0,2,8,2026-09-06 16:17:33,2026-09-06 16:17:33,lease_timed --clients 2 --rounds 2 --u 1 --l-ratio 1.0 --sd-ratio 0.0 --ttl-ratio 10.0 --pause-ratio 9.0 --fencing off --keep-going --mode baseline
lease_timed,2,2,C=2 U=1 L=1 sd=0 TTL=6 pause=6 fence=on,baseline,cmp,144,0,,0,hold,hold,0.0,0.0,2,8,2026-09-06 16:17:33,2026-09-06 16:17:33,lease_timed --clients 2 --rounds 2 --u 1 --l-ratio 1.0 --sd-ratio 0.0 --ttl-ratio 6.0 --pause-ratio 6.0 --fencing on --keep-going --mode baseline
lease_timed,2,2,C=2 U=1 L=0 sd=1 TTL=10 pause=5 fence=off,baseline,cmp,64,36,,36,FIRE,FIRE,0.0,0.0,2,8,2026-09-06 16:17:33,2026-09-06 16:17:33,lease_timed --clients 2 --rounds 2 --u 1 --l-ratio 0.0 --sd-ratio 1.0 --ttl-ratio 10.0 --pause-ratio 5.0 --fencing off --keep-going --mode baseline
lease_timed,2,2,C=2 U=1 L=1 sd=0 TTL=6 pause=5 fence=off,baseline,cmp,64,36,,36,FIRE,FIRE,0.0,0.0,2,8,2026-09-06 16:17:33,2026-09-06 16:17:33,lease_timed --clients 2 --rounds 2 --u 1 --l-ratio 1.0 --sd-ratio 0.0 --ttl-ratio 6.0 --pause-ratio 5.0 --fencing off --keep-going --mode baseline
lease_timed,2,2,C=2 U=1 L=0 sd=1 TTL=10 pause=6 fence=on,baseline,cmp,144,0,,0,hold,hold,0.0,0.0,2,8,2026-09-06 16:17:33,2026-09-06 16:17:33,lease_timed --clients 2 --rounds 2 --u 1 --l-ratio 0.0 --sd-ratio 1.0 --ttl-ratio 10.0 --pause-ratio 6.0 --fencing on --keep-going --mode baseline
lease_timed,2,2,C=2 U=1 L=1 sd=1 TTL=6 pause=3 fence=off,baseline,cmp,64,36,,36,FIRE,FIRE,0.0,0.0,2,8,2026-09-06 16:17:33,2026-09-06 16:17:33,lease_timed --clients 2 --rounds 2 --u 1 --l-ratio 1.0 --sd-ratio 1.0 --ttl-ratio 6.0 --pause-ratio 3.0 --fencing off --keep-going --mode baseline
lease_timed,2,2,C=2 U=1 L=1 sd=1 TTL=6 pause=4 fence=on,baseline,cmp,144,0,,0,hold,hold,0.0,0.0,2,8,2026-09-06 16:17:33,2026-09-06 16:17:33,lease_timed --clients 2 --rounds 2 --u 1 --l-ratio 1.0 --sd-ratio 1.0 --ttl-ratio 6.0 --pause-ratio 4.0 --fencing on --keep-going --mode baseline
lease_timed,2,2,C=2 U=1 L=1 sd=1 TTL=10 pause=8 fence=on,baseline,cmp,144,0,,0,hold,hold,0.0,0.0,2,8,2026-09-06 16:17:33,2026-09-06 16:17:33,lease_timed --clients 2 --rounds 2 --u 1 --l-ratio 1.0 --sd-ratio 1.0 --ttl-ratio 10.0 --pause-ratio 8.0 --fencing on --keep-going --mode baseline
lease_timed,2,2,C=2 U=2 L=0 sd=0 TTL=10 pause=5 fence=off,baseline,cmp,64,36,,36,FIRE,FIRE,0.0,0.0,2,8,2026-09-06 16:17:33,2026-09-06 16:17:33,lease_timed --clients 2 --rounds 2 --u 2 --l-ratio 0.0 --sd-ratio 0.0 --ttl-ratio 5.0 --pause-ratio 2.5 --fencing off --keep-going --mode baseline
lease_timed,2,2,C=2 U=2 L=0 sd=0 TTL=6 pause=1 fence=off,baseline,cmp,64,36,,36,FIRE,FIRE,0.0,0.0,2,8,2026-09-06 16:17:33,2026-09-06 16:17:33,lease_timed --clients 2 --rounds 2 --u 2 --l-ratio 0.0 --sd-ratio 0.0 --ttl-ratio 3.0 --pause-ratio 0.5 --fencing off --keep-going --mode baseline
lease_timed,2,2,C=2 U=1 L=1 sd=1 TTL=10 pause=7 fence=off,baseline,cmp,64,36,,36,FIRE,FIRE,0.0,0.0,2,8,2026-09-06 16:17:33,2026-09-06 16:17:33,lease_timed --clients 2 --rounds 2 --u 1 --l-ratio 1.0 --sd-ratio 1.0 --ttl-ratio 10.0 --pause-ratio 7.0 --fencing off --keep-going --mode baseline
lease_timed,2,2,C=2 U=2 L=0 sd=0 TTL=6 pause=2 fence=on,baseline,cmp,144,0,,0,hold,hold,0.0,0.0,2,8,2026-09-06 16:17:33,2026-09-06 16:17:33,lease_timed --clients 2 --rounds 2 --u 2 --l-ratio 0.0 --sd-ratio 0.0 --ttl-ratio 3.0 --pause-ratio 1.0 --fencing on --keep-going --mode baseline
lease_timed,2,2,C=2 U=2 L=0 sd=1 TTL=10 pause=3 fence=off,baseline,cmp,64,36,,36,FIRE,FIRE,0.0,0.0,2,8,2026-09-06 16:17:33,2026-09-06 16:17:33,lease_timed --clients 2 --rounds 2 --u 2 --l-ratio 0.0 --sd-ratio 0.5 --ttl-ratio 5.0 --pause-ratio 1.5 --fencing off --keep-going --mode baseline
lease_timed,2,2,C=2 U=1 L=1 sd=0 TTL=10 pause=10 fence=on,baseline,cmp,144,0,,0,hold,hold,0.1,0.0,2,8,2026-09-06 16:17:33,2026-09-06 16:17:33,lease_timed --clients 2 --rounds 2 --u 1 --l-ratio 1.0 --sd-ratio 0.0 --ttl-ratio 10.0 --pause-ratio 10.0 --fencing on --keep-going --mode baseline
lease_timed,2,2,C=2 U=2 L=0 sd=1 TTL=10 pause=4 fence=on,baseline,cmp,144,0,,0,hold,hold,0.0,0.0,2,8,2026-09-06 16:17:33,2026-09-06 16:17:33,lease_timed --clients 2 --rounds 2 --u 2 --l-ratio 0.0 --sd-ratio 0.5 --ttl-ratio 5.0 --pause-ratio 2.0 --fencing on --keep-going --mode baseline
lease_timed,2,2,C=2 U=2 L=2 sd=0 TTL=6 pause=5 fence=off,baseline,cmp,64,36,,36,FIRE,FIRE,0.0,0.0,2,8,2026-09-06 16:17:33,2026-09-06 16:17:33,lease_timed --clients 2 --rounds 2 --u 2 --l-ratio 1.0 --sd-ratio 0.0 --ttl-ratio 3.0 --pause-ratio 2.5 --fencing off --keep-going --mode baseline
lease_timed,2,2,C=2 U=2 L=0 sd=0 TTL=10 pause=6 fence=on,baseline,cmp,144,0,,0,hold,hold,0.1,0.0,2,8,2026-09-06 16:17:33,2026-09-06 16:17:33,lease_timed --clients 2 --rounds 2 --u 2 --l-ratio 0.0 --sd-ratio 0.0 --ttl-ratio 5.0 --pause-ratio 3.0 --fencing on --keep-going --mode baseline
lease_timed,2,2,C=2 U=2 L=2 sd=0 TTL=6 pause=6 fence=on,baseline,cmp,144,0,,0,hold,hold,0.0,0.0,2,8,2026-09-06 16:17:33,2026-09-06 16:17:33,lease_timed --clients 2 --rounds 2 --u 2 --l-ratio 1.0 --sd-ratio 0.0 --ttl-ratio 3.0 --pause-ratio 3.0 --fencing on --keep-going --mode baseline
lease_timed,2,2,C=2 U=2 L=2 sd=0 TTL=10 pause=9 fence=off,baseline,cmp,64,36,,36,FIRE,FIRE,0.0,0.0,2,8,2026-09-06 16:17:33,2026-09-06 16:17:33,lease_timed --clients 2 --rounds 2 --u 2 --l-ratio 1.0 --sd-ratio 0.0 --ttl-ratio 5.0 --pause-ratio 4.5 --fencing off --keep-going --mode baseline
lease_timed,2,2,C=2 U=2 L=2 sd=1 TTL=10 pause=7 fence=off,baseline,cmp,64,36,,36,FIRE,FIRE,0.0,0.0,2,8,2026-09-06 16:17:33,2026-09-06 16:17:33,lease_timed --clients 2 --rounds 2 --u 2 --l-ratio 1.0 --sd-ratio 0.5 --ttl-ratio 5.0 --pause-ratio 3.5 --fencing off --keep-going --mode baseline
lease_timed,2,2,C=2 U=2 L=2 sd=1 TTL=6 pause=4 fence=on,baseline,cmp,144,0,,0,hold,hold,0.0,0.0,2,8,2026-09-06 16:17:33,2026-09-06 16:17:33,lease_timed --clients 2 --rounds 2 --u 2 --l-ratio 1.0 --sd-ratio 0.5 --ttl-ratio 3.0 --pause-ratio 2.0 --fencing on --keep-going --mode baseline
lease_timed,2,2,C=2 U=2 L=2 sd=0 TTL=10 pause=10 fence=on,baseline,cmp,144,0,,0,hold,hold,0.0,0.0,2,8,2026-09-06 16:17:33,2026-09-06 16:17:33,lease_timed --clients 2 --rounds 2 --u 2 --l-ratio 1.0 --sd-ratio 0.0 --ttl-ratio 5.0 --pause-ratio 5.0 --fencing on --keep-going --mode baseline
lease_timed,2,2,C=2 U=2 L=2 sd=1 TTL=10 pause=8 fence=on,baseline,cmp,144,0,,0,hold,hold,0.0,0.0,2,8,2026-09-06 16:17:33,2026-09-06 16:17:33,lease_timed --clients 2 --rounds 2 --u 2 --l-ratio 1.0 --sd-ratio 0.5 --ttl-ratio 5.0 --pause-ratio 4.0 --fencing on --keep-going --mode baseline
lease_timed,2,2,C=2 U=2 L=2 sd=1 TTL=6 pause=3 fence=off,baseline,cmp,64,36,,36,FIRE,FIRE,0.1,0.0,2,8,2026-09-06 16:17:33,2026-09-06 16:17:33,lease_timed --clients 2 --rounds 2 --u 2 --l-ratio 1.0 --sd-ratio 0.5 --ttl-ratio 3.0 --pause-ratio 1.5 --fencing off --keep-going --mode baseline
lease_timed,2,2,C=2 U=1 L=0 sd=0 TTL=6 pause=3 fence=off,timed,cmp,64,54,,0,hold,hold,0.1,0.1,2,8,2026-09-06 16:17:33,2026-09-06 16:17:33,lease_timed --clients 2 --rounds 2 --u 1 --l-ratio 0.0 --sd-ratio 0.0 --ttl-ratio 6.0 --pause-ratio 3.0 --fencing off --keep-going --mode timed
lease_timed,2,2,C=2 U=1 L=0 sd=0 TTL=10 pause=7 fence=off,timed,cmp,64,54,,0,hold,hold,0.1,0.1,2,8,2026-09-06 16:17:33,2026-09-06 16:17:33,lease_timed --clients 2 --rounds 2 --u 1 --l-ratio 0.0 --sd-ratio 0.0 --ttl-ratio 10.0 --pause-ratio 7.0 --fencing off --keep-going --mode timed
lease_timed,2,2,C=2 U=1 L=0 sd=1 TTL=6 pause=1 fence=off,timed,cmp,64,54,,0,hold,hold,0.1,0.1,2,8,2026-09-06 16:17:33,2026-09-06 16:17:33,lease_timed --clients 2 --rounds 2 --u 1 --l-ratio 0.0 --sd-ratio 1.0 --ttl-ratio 6.0 --pause-ratio 1.0 --fencing off --keep-going --mode timed
lease_timed,2,2,C=2 U=1 L=1 sd=0 TTL=6 pause=5 fence=off,timed,cmp,8,11,,0,hold,hold,0.0,0.0,2,8,2026-09-06 16:17:33,2026-09-06 16:17:34,lease_timed --clients 2 --rounds 2 --u 1 --l-ratio 1.0 --sd-ratio 0.0 --ttl-ratio 6.0 --pause-ratio 5.0 --fencing off --keep-going --mode timed
lease_timed,2,2,C=2 U=1 L=0 sd=1 TTL=10 pause=5 fence=off,timed,cmp,64,54,,0,hold,hold,0.1,0.1,2,8,2026-09-06 16:17:33,2026-09-06 16:17:34,lease_timed --clients 2 --rounds 2 --u 1 --l-ratio 0.0 --sd-ratio 1.0 --ttl-ratio 10.0 --pause-ratio 5.0 --fencing off --keep-going --mode timed
lease_timed,2,2,C=2 U=1 L=0 sd=0 TTL=6 pause=4 fence=on,timed,cmp,121,90,,0,hold,hold,0.1,0.1,2,8,2026-09-06 16:17:33,2026-09-06 16:17:34,lease_timed --clients 2 --rounds 2 --u 1 --l-ratio 0.0 --sd-ratio 0.0 --ttl-ratio 6.0 --pause-ratio 4.0 --fencing on --keep-going --mode timed
lease_timed,2,2,C=2 U=1 L=1 sd=0 TTL=10 pause=9 fence=off,timed,cmp,8,11,,0,hold,hold,0.0,0.0,2,8,2026-09-06 16:17:33,2026-09-06 16:17:34,lease_timed --clients 2 --rounds 2 --u 1 --l-ratio 1.0 --sd-ratio 0.0 --ttl-ratio 10.0 --pause-ratio 9.0 --fencing off --keep-going --mode timed
lease_timed,2,2,C=2 U=1 L=1 sd=0 TTL=6 pause=6 fence=on,timed,cmp,24,7,,0,hold,hold,0.0,0.0,2,8,2026-09-06 16:17:33,2026-09-06 16:17:34,lease_timed --clients 2 --rounds 2 --u 1 --l-ratio 1.0 --sd-ratio 0.0 --ttl-ratio 6.0 --pause-ratio 6.0 --fencing on --keep-going --mode timed
lease_timed,2,2,C=2 U=1 L=0 sd=0 TTL=10 pause=8 fence=on,timed,cmp,121,90,,0,hold,hold,0.1,0.1,2,8,2026-09-06 16:17:33,2026-09-06 16:17:34,lease_timed --clients 2 --rounds 2 --u 1 --l-ratio 0.0 --sd-ratio 0.0 --ttl-ratio 10.0 --pause-ratio 8.0 --fencing on --keep-going --mode timed
lease_timed,2,2,C=2 U=1 L=0 sd=1 TTL=6 pause=2 fence=on,timed,cmp,121,90,,0,hold,hold,0.1,0.1,2,8,2026-09-06 16:17:33,2026-09-06 16:17:34,lease_timed --clients 2 --rounds 2 --u 1 --l-ratio 0.0 --sd-ratio 1.0 --ttl-ratio 6.0 --pause-ratio 2.0 --fencing on --keep-going --mode timed
lease_timed,2,2,C=2 U=1 L=1 sd=0 TTL=10 pause=10 fence=on,timed,cmp,24,7,,0,hold,hold,0.0,0.0,2,8,2026-09-06 16:17:34,2026-09-06 16:17:34,lease_timed --clients 2 --rounds 2 --u 1 --l-ratio 1.0 --sd-ratio 0.0 --ttl-ratio 10.0 --pause-ratio 10.0 --fencing on --keep-going --mode timed
lease_timed,2,2,C=2 U=1 L=0 sd=1 TTL=10 pause=6 fence=on,timed,cmp,121,90,,0,hold,hold,0.1,0.1,2,8,2026-09-06 16:17:33,2026-09-06 16:17:34,lease_timed --clients 2 --rounds 2 --u 1 --l-ratio 0.0 --sd-ratio 1.0 --ttl-ratio 10.0 --pause-ratio 6.0 --fencing on --keep-going --mode timed
lease_timed,2,2,C=2 U=1 L=1 sd=1 TTL=6 pause=3 fence=off,timed,cmp,16,28,,0,hold,hold,0.0,0.0,2,8,2026-09-06 16:17:34,2026-09-06 16:17:34,lease_timed --clients 2 --rounds 2 --u 1 --l-ratio 1.0 --sd-ratio 1.0 --ttl-ratio 6.0 --pause-ratio 3.0 --fencing off --keep-going --mode timed
lease_timed,2,2,C=2 U=1 L=1 sd=1 TTL=10 pause=7 fence=off,timed,cmp,16,28,,0,hold,hold,0.0,0.0,2,8,2026-09-06 16:17:34,2026-09-06 16:17:34,lease_timed --clients 2 --rounds 2 --u 1 --l-ratio 1.0 --sd-ratio 1.0 --ttl-ratio 10.0 --pause-ratio 7.0 --fencing off --keep-going --mode timed
lease_timed,2,2,C=2 U=1 L=1 sd=1 TTL=6 pause=4 fence=on,timed,cmp,49,51,,0,hold,hold,0.1,0.1,2,8,2026-09-06 16:17:34,2026-09-06 16:17:34,lease_timed --clients 2 --rounds 2 --u 1 --l-ratio 1.0 --sd-ratio 1.0 --ttl-ratio 6.0 --pause-ratio 4.0 --fencing on --keep-going --mode timed
lease_timed,2,2,C=2 U=1 L=1 sd=1 TTL=10 pause=8 fence=on,timed,cmp,49,51,,0,hold,hold,0.1,0.1,2,8,2026-09-06 16:17:34,2026-09-06 16:17:34,lease_timed --clients 2 --rounds 2 --u 1 --l-ratio 1.0 --sd-ratio 1.0 --ttl-ratio 10.0 --pause-ratio 8.0 --fencing on --keep-going --mode timed
lease_timed,2,2,C=2 U=2 L=2 sd=0 TTL=6 pause=5 fence=off,timed,cmp,2,5,,0,hold,hold,0.0,0.0,2,8,2026-09-06 16:17:34,2026-09-06 16:17:34,lease_timed --clients 2 --rounds 2 --u 2 --l-ratio 1.0 --sd-ratio 0.0 --ttl-ratio 3.0 --pause-ratio 2.5 --fencing off --keep-going --mode timed
lease_timed,2,2,C=2 U=2 L=0 sd=0 TTL=6 pause=1 fence=off,timed,cmp,64,58,,0,hold,hold,0.1,0.1,2,8,2026-09-06 16:17:34,2026-09-06 16:17:34,lease_timed --clients 2 --rounds 2 --u 2 --l-ratio 0.0 --sd-ratio 0.0 --ttl-ratio 3.0 --pause-ratio 0.5 --fencing off --keep-going --mode timed
lease_timed,2,2,C=2 U=2 L=2 sd=0 TTL=6 pause=6 fence=on,timed,cmp,6,4,,0,hold,hold,0.0,0.0,2,8,2026-09-06 16:17:34,2026-09-06 16:17:34,lease_timed --clients 2 --rounds 2 --u 2 --l-ratio 1.0 --sd-ratio 0.0 --ttl-ratio 3.0 --pause-ratio 3.0 --fencing on --keep-going --mode timed
lease_timed,2,2,C=2 U=2 L=0 sd=0 TTL=10 pause=5 fence=off,timed,cmp,64,58,,0,hold,hold,0.1,0.1,2,8,2026-09-06 16:17:34,2026-09-06 16:17:34,lease_timed --clients 2 --rounds 2 --u 2 --l-ratio 0.0 --sd-ratio 0.0 --ttl-ratio 5.0 --pause-ratio 2.5 --fencing off --keep-going --mode timed
lease_timed,2,2,C=2 U=2 L=0 sd=1 TTL=10 pause=3 fence=off,timed,cmp,64,58,,0,hold,hold,0.1,0.1,2,8,2026-09-06 16:17:34,2026-09-06 16:17:34,lease_timed --clients 2 --rounds 2 --u 2 --l-ratio 0.0 --sd-ratio 0.5 --ttl-ratio 5.0 --pause-ratio 1.5 --fencing off --keep-going --mode timed
lease_timed,2,2,C=2 U=2 L=2 sd=0 TTL=10 pause=9 fence=off,timed,cmp,8,11,,0,hold,hold,0.0,0.0,2,8,2026-09-06 16:17:34,2026-09-06 16:17:34,lease_timed --clients 2 --rounds 2 --u 2 --l-ratio 1.0 --sd-ratio 0.0 --ttl-ratio 5.0 --pause-ratio 4.5 --fencing off --keep-going --mode timed
lease_timed,2,2,C=2 U=2 L=2 sd=1 TTL=6 pause=3 fence=off,timed,cmp,4,13,,0,hold,hold,0.0,0.0,2,8,2026-09-06 16:17:34,2026-09-06 16:17:34,lease_timed --clients 2 --rounds 2 --u 2 --l-ratio 1.0 --sd-ratio 0.5 --ttl-ratio 3.0 --pause-ratio 1.5 --fencing off --keep-going --mode timed
lease_timed,2,2,C=2 U=2 L=0 sd=0 TTL=6 pause=2 fence=on,timed,cmp,121,90,,0,hold,hold,0.1,0.1,2,8,2026-09-06 16:17:34,2026-09-06 16:17:34,lease_timed --clients 2 --rounds 2 --u 2 --l-ratio 0.0 --sd-ratio 0.0 --ttl-ratio 3.0 --pause-ratio 1.0 --fencing on --keep-going --mode timed
lease_timed,2,2,C=2 U=2 L=2 sd=1 TTL=6 pause=4 fence=on,timed,cmp,6,13,,0,hold,hold,0.0,0.0,2,8,2026-09-06 16:17:34,2026-09-06 16:17:34,lease_timed --clients 2 --rounds 2 --u 2 --l-ratio 1.0 --sd-ratio 0.5 --ttl-ratio 3.0 --pause-ratio 2.0 --fencing on --keep-going --mode timed
lease_timed,2,2,C=2 U=2 L=2 sd=0 TTL=10 pause=10 fence=on,timed,cmp,24,7,,0,hold,hold,0.0,0.0,2,8,2026-09-06 16:17:34,2026-09-06 16:17:34,lease_timed --clients 2 --rounds 2 --u 2 --l-ratio 1.0 --sd-ratio 0.0 --ttl-ratio 5.0 --pause-ratio 5.0 --fencing on --keep-going --mode timed
lease_timed,2,2,C=2 U=2 L=0 sd=0 TTL=10 pause=6 fence=on,timed,cmp,121,90,,0,hold,hold,0.1,0.1,2,8,2026-09-06 16:17:34,2026-09-06 16:17:34,lease_timed --clients 2 --rounds 2 --u 2 --l-ratio 0.0 --sd-ratio 0.0 --ttl-ratio 5.0 --pause-ratio 3.0 --fencing on --keep-going --mode timed
lease_timed,2,2,C=2 U=2 L=0 sd=1 TTL=10 pause=4 fence=on,timed,cmp,121,90,,0,hold,hold,0.1,0.1,2,8,2026-09-06 16:17:34,2026-09-06 16:17:34,lease_timed --clients 2 --rounds 2 --u 2 --l-ratio 0.0 --sd-ratio 0.5 --ttl-ratio 5.0 --pause-ratio 2.0 --fencing on --keep-going --mode timed
lease_timed,2,2,C=2 U=2 L=2 sd=1 TTL=10 pause=7 fence=off,timed,cmp,16,26,,0,hold,hold,0.0,0.0,2,8,2026-09-06 16:17:34,2026-09-06 16:17:34,lease_timed --clients 2 --rounds 2 --u 2 --l-ratio 1.0 --sd-ratio 0.5 --ttl-ratio 5.0 --pause-ratio 3.5 --fencing off --keep-going --mode timed
lease_timed,2,2,C=2 U=2 L=2 sd=1 TTL=10 pause=8 fence=on,timed,cmp,35,38,,0,hold,hold,0.0,0.0,2,8,2026-09-06 16:17:34,2026-09-06 16:17:34,lease_timed --clients 2 --rounds 2 --u 2 --l-ratio 1.0 --sd-ratio 0.5 --ttl-ratio 5.0 --pause-ratio 4.0 --fencing on --keep-going --mode timed
lease_timed,4,1,C=4 U=1 L=0 sd=0 TTL=6 pause=3 fence=off,baseline,cmp,384,1632,,1632,FIRE,FIRE,0.2,0.2,2,8,2026-09-06 16:17:34,2026-09-06 16:17:34,lease_timed --clients 4 --rounds 1 --u 1 --l-ratio 0.0 --sd-ratio 0.0 --ttl-ratio 6.0 --pause-ratio 3.0 --fencing off --keep-going --mode baseline
lease_timed,4,1,C=4 U=1 L=0 sd=1 TTL=6 pause=1 fence=off,baseline,cmp,384,1632,,1632,FIRE,FIRE,0.2,0.2,2,8,2026-09-06 16:17:34,2026-09-06 16:17:34,lease_timed --clients 4 --rounds 1 --u 1 --l-ratio 0.0 --sd-ratio 1.0 --ttl-ratio 6.0 --pause-ratio 1.0 --fencing off --keep-going --mode baseline
lease_timed,4,1,C=4 U=1 L=0 sd=0 TTL=10 pause=7 fence=off,baseline,cmp,384,1632,,1632,FIRE,FIRE,0.2,0.2,2,8,2026-09-06 16:17:34,2026-09-06 16:17:34,lease_timed --clients 4 --rounds 1 --u 1 --l-ratio 0.0 --sd-ratio 0.0 --ttl-ratio 10.0 --pause-ratio 7.0 --fencing off --keep-going --mode baseline
lease_timed,4,1,C=4 U=1 L=0 sd=1 TTL=10 pause=5 fence=off,baseline,cmp,384,1632,,1632,FIRE,FIRE,0.2,0.2,2,8,2026-09-06 16:17:34,2026-09-06 16:17:34,lease_timed --clients 4 --rounds 1 --u 1 --l-ratio 0.0 --sd-ratio 1.0 --ttl-ratio 10.0 --pause-ratio 5.0 --fencing off --keep-going --mode baseline
lease_timed,4,1,C=4 U=1 L=0 sd=0 TTL=6 pause=4 fence=on,baseline,cmp,2880,0,,0,hold,hold,0.3,0.2,2,8,2026-09-06 16:17:34,2026-09-06 16:17:34,lease_timed --clients 4 --rounds 1 --u 1 --l-ratio 0.0 --sd-ratio 0.0 --ttl-ratio 6.0 --pause-ratio 4.0 --fencing on --keep-going --mode baseline
lease_timed,4,1,C=4 U=1 L=0 sd=0 TTL=10 pause=8 fence=on,baseline,cmp,2880,0,,0,hold,hold,0.3,0.2,2,8,2026-09-06 16:17:34,2026-09-06 16:17:34,lease_timed --clients 4 --rounds 1 --u 1 --l-ratio 0.0 --sd-ratio 0.0 --ttl-ratio 10.0 --pause-ratio 8.0 --fencing on --keep-going --mode baseline
lease_timed,4,1,C=4 U=1 L=0 sd=1 TTL=6 pause=2 fence=on,baseline,cmp,2880,0,,0,hold,hold,0.3,0.2,2,8,2026-09-06 16:17:34,2026-09-06 16:17:34,lease_timed --clients 4 --rounds 1 --u 1 --l-ratio 0.0 --sd-ratio 1.0 --ttl-ratio 6.0 --pause-ratio 2.0 --fencing on --keep-going --mode baseline
lease_timed,4,1,C=4 U=1 L=0 sd=1 TTL=10 pause=6 fence=on,baseline,cmp,2880,0,,0,hold,hold,0.3,0.3,2,8,2026-09-06 16:17:34,2026-09-06 16:17:34,lease_timed --clients 4 --rounds 1 --u 1 --l-ratio 0.0 --sd-ratio 1.0 --ttl-ratio 10.0 --pause-ratio 6.0 --fencing on --keep-going --mode baseline
lease_timed,4,1,C=4 U=1 L=1 sd=0 TTL=6 pause=5 fence=off,baseline,cmp,384,1632,,1632,FIRE,FIRE,0.2,0.2,2,8,2026-09-06 16:17:34,2026-09-06 16:17:34,lease_timed --clients 4 --rounds 1 --u 1 --l-ratio 1.0 --sd-ratio 0.0 --ttl-ratio 6.0 --pause-ratio 5.0 --fencing off --keep-going --mode baseline
lease_timed,4,1,C=4 U=1 L=1 sd=0 TTL=10 pause=9 fence=off,baseline,cmp,384,1632,,1632,FIRE,FIRE,0.2,0.2,2,8,2026-09-06 16:17:34,2026-09-06 16:17:34,lease_timed --clients 4 --rounds 1 --u 1 --l-ratio 1.0 --sd-ratio 0.0 --ttl-ratio 10.0 --pause-ratio 9.0 --fencing off --keep-going --mode baseline
lease_timed,4,1,C=4 U=1 L=1 sd=0 TTL=6 pause=6 fence=on,baseline,cmp,2880,0,,0,hold,hold,0.3,0.2,2,8,2026-09-06 16:17:34,2026-09-06 16:17:34,lease_timed --clients 4 --rounds 1 --u 1 --l-ratio 1.0 --sd-ratio 0.0 --ttl-ratio 6.0 --pause-ratio 6.0 --fencing on --keep-going --mode baseline
lease_timed,4,1,C=4 U=1 L=1 sd=1 TTL=10 pause=7 fence=off,baseline,cmp,384,1632,,1632,FIRE,FIRE,0.2,0.2,2,8,2026-09-06 16:17:34,2026-09-06 16:17:34,lease_timed --clients 4 --rounds 1 --u 1 --l-ratio 1.0 --sd-ratio 1.0 --ttl-ratio 10.0 --pause-ratio 7.0 --fencing off --keep-going --mode baseline
lease_timed,4,1,C=4 U=1 L=1 sd=0 TTL=10 pause=10 fence=on,baseline,cmp,2880,0,,0,hold,hold,0.3,0.3,2,8,2026-09-06 16:17:34,2026-09-06 16:17:34,lease_timed --clients 4 --rounds 1 --u 1 --l-ratio 1.0 --sd-ratio 0.0 --ttl-ratio 10.0 --pause-ratio 10.0 --fencing on --keep-going --mode baseline
lease_timed,4,1,C=4 U=1 L=1 sd=1 TTL=6 pause=3 fence=off,baseline,cmp,384,1632,,1632,FIRE,FIRE,0.3,0.2,2,8,2026-09-06 16:17:34,2026-09-06 16:17:34,lease_timed --clients 4 --rounds 1 --u 1 --l-ratio 1.0 --sd-ratio 1.0 --ttl-ratio 6.0 --pause-ratio 3.0 --fencing off --keep-going --mode baseline
lease_timed,4,1,C=4 U=1 L=1 sd=1 TTL=6 pause=4 fence=on,baseline,cmp,2880,0,,0,hold,hold,0.3,0.2,2,8,2026-09-06 16:17:34,2026-09-06 16:17:34,lease_timed --clients 4 --rounds 1 --u 1 --l-ratio 1.0 --sd-ratio 1.0 --ttl-ratio 6.0 --pause-ratio 4.0 --fencing on --keep-going --mode baseline
lease_timed,4,1,C=4 U=1 L=1 sd=1 TTL=10 pause=8 fence=on,baseline,cmp,2880,0,,0,hold,hold,0.3,0.3,2,8,2026-09-06 16:17:34,2026-09-06 16:17:34,lease_timed --clients 4 --rounds 1 --u 1 --l-ratio 1.0 --sd-ratio 1.0 --ttl-ratio 10.0 --pause-ratio 8.0 --fencing on --keep-going --mode baseline
lease_timed,4,1,C=4 U=2 L=0 sd=0 TTL=6 pause=1 fence=off,baseline,cmp,384,1632,,1632,FIRE,FIRE,0.2,0.2,2,8,2026-09-06 16:17:34,2026-09-06 16:17:34,lease_timed --clients 4 --rounds 1 --u 2 --l-ratio 0.0 --sd-ratio 0.0 --ttl-ratio 3.0 --pause-ratio 0.5 --fencing off --keep-going --mode baseline
lease_timed,4,1,C=4 U=2 L=0 sd=0 TTL=6 pause=2 fence=on,baseline,cmp,2880,0,,0,hold,hold,0.3,0.2,2,8,2026-09-06 16:17:34,2026-09-06 16:17:34,lease_timed --clients 4 --rounds 1 --u 2 --l-ratio 0.0 --sd-ratio 0.0 --ttl-ratio 3.0 --pause-ratio 1.0 --fencing on --keep-going --mode baseline
lease_timed,4,1,C=4 U=2 L=0 sd=0 TTL=10 pause=5 fence=off,baseline,cmp,384,1632,,1632,FIRE,FIRE,0.2,0.2,2,8,2026-09-06 16:17:34,2026-09-06 16:17:34,lease_timed --clients 4 --rounds 1 --u 2 --l-ratio 0.0 --sd-ratio 0.0 --ttl-ratio 5.0 --pause-ratio 2.5 --fencing off --keep-going --mode baseline
lease_timed,4,1,C=4 U=2 L=0 sd=1 TTL=10 pause=3 fence=off,baseline,cmp,384,1632,,1632,FIRE,FIRE,0.2,0.2,2,8,2026-09-06 16:17:34,2026-09-06 16:17:34,lease_timed --clients 4 --rounds 1 --u 2 --l-ratio 0.0 --sd-ratio 0.5 --ttl-ratio 5.0 --pause-ratio 1.5 --fencing off --keep-going --mode baseline
lease_timed,4,1,C=4 U=2 L=2 sd=0 TTL=6 pause=5 fence=off,baseline,cmp,384,1632,,1632,FIRE,FIRE,0.2,0.2,2,8,2026-09-06 16:17:34,2026-09-06 16:17:34,lease_timed --clients 4 --rounds 1 --u 2 --l-ratio 1.0 --sd-ratio 0.0 --ttl-ratio 3.0 --pause-ratio 2.5 --fencing off --keep-going --mode baseline
lease_timed,4,1,C=4 U=2 L=0 sd=0 TTL=10 pause=6 fence=on,baseline,cmp,2880,0,,0,hold,hold,0.3,0.3,2,8,2026-09-06 16:17:34,2026-09-06 16:17:34,lease_timed --clients 4 --rounds 1 --u 2 --l-ratio 0.0 --sd-ratio 0.0 --ttl-ratio 5.0 --pause-ratio 3.0 --fencing on --keep-going --mode baseline
lease_timed,4,1,C=4 U=2 L=0 sd=1 TTL=10 pause=4 fence=on,baseline,cmp,2880,0,,0,hold,hold,0.3,0.3,2,8,2026-09-06 16:17:34,2026-09-06 16:17:34,lease_timed --clients 4 --rounds 1 --u 2 --l-ratio 0.0 --sd-ratio 0.5 --ttl-ratio 5.0 --pause-ratio 2.0 --fencing on --keep-going --mode baseline
lease_timed,4,1,C=4 U=2 L=2 sd=0 TTL=6 pause=6 fence=on,baseline,cmp,2880,0,,0,hold,hold,0.3,0.3,2,8,2026-09-06 16:17:34,2026-09-06 16:17:34,lease_timed --clients 4 --rounds 1 --u 2 --l-ratio 1.0 --sd-ratio 0.0 --ttl-ratio 3.0 --pause-ratio 3.0 --fencing on --keep-going --mode baseline
lease_timed,4,1,C=4 U=2 L=2 sd=0 TTL=10 pause=9 fence=off,baseline,cmp,384,1632,,1632,FIRE,FIRE,0.2,0.2,2,8,2026-09-06 16:17:34,2026-09-06 16:17:35,lease_timed --clients 4 --rounds 1 --u 2 --l-ratio 1.0 --sd-ratio 0.0 --ttl-ratio 5.0 --pause-ratio 4.5 --fencing off --keep-going --mode baseline
lease_timed,4,1,C=4 U=2 L=2 sd=1 TTL=6 pause=3 fence=off,baseline,cmp,384,1632,,1632,FIRE,FIRE,0.2,0.2,2,8,2026-09-06 16:17:34,2026-09-06 16:17:35,lease_timed --clients 4 --rounds 1 --u 2 --l-ratio 1.0 --sd-ratio 0.5 --ttl-ratio 3.0 --pause-ratio 1.5 --fencing off --keep-going --mode baseline
lease_timed,4,1,C=4 U=2 L=2 sd=1 TTL=10 pause=7 fence=off,baseline,cmp,384,1632,,1632,FIRE,FIRE,0.2,0.2,2,8,2026-09-06 16:17:34,2026-09-06 16:17:35,lease_timed --clients 4 --rounds 1 --u 2 --l-ratio 1.0 --sd-ratio 0.5 --ttl-ratio 5.0 --pause-ratio 3.5 --fencing off --keep-going --mode baseline
lease_timed,4,1,C=4 U=2 L=2 sd=0 TTL=10 pause=10 fence=on,baseline,cmp,2880,0,,0,hold,hold,0.3,0.2,2,8,2026-09-06 16:17:34,2026-09-06 16:17:35,lease_timed --clients 4 --rounds 1 --u 2 --l-ratio 1.0 --sd-ratio 0.0 --ttl-ratio 5.0 --pause-ratio 5.0 --fencing on --keep-going --mode baseline
lease_timed,4,1,C=4 U=2 L=2 sd=1 TTL=6 pause=4 fence=on,baseline,cmp,2880,0,,0,hold,hold,0.3,0.3,2,8,2026-09-06 16:17:34,2026-09-06 16:17:35,lease_timed --clients 4 --rounds 1 --u 2 --l-ratio 1.0 --sd-ratio 0.5 --ttl-ratio 3.0 --pause-ratio 2.0 --fencing on --keep-going --mode baseline
lease_timed,4,1,C=4 U=2 L=2 sd=1 TTL=10 pause=8 fence=on,baseline,cmp,2880,0,,0,hold,hold,0.3,0.3,2,8,2026-09-06 16:17:34,2026-09-06 16:17:35,lease_timed --clients 4 --rounds 1 --u 2 --l-ratio 1.0 --sd-ratio 0.5 --ttl-ratio 5.0 --pause-ratio 4.0 --fencing on --keep-going --mode baseline
lease_timed,4,1,C=4 U=1 L=0 sd=0 TTL=6 pause=3 fence=off,timed,cmp,384,952,,0,hold,hold,0.8,0.8,2,8,2026-09-06 16:17:34,2026-09-06 16:17:35,lease_timed --clients 4 --rounds 1 --u 1 --l-ratio 0.0 --sd-ratio 0.0 --ttl-ratio 6.0 --pause-ratio 3.0 --fencing off --keep-going --mode timed
lease_timed,4,1,C=4 U=1 L=0 sd=0 TTL=10 pause=7 fence=off,timed,cmp,384,952,,0,hold,hold,0.8,0.8,2,8,2026-09-06 16:17:35,2026-09-06 16:17:35,lease_timed --clients 4 --rounds 1 --u 1 --l-ratio 0.0 --sd-ratio 0.0 --ttl-ratio 10.0 --pause-ratio 7.0 --fencing off --keep-going --mode timed
lease_timed,4,1,C=4 U=1 L=0 sd=1 TTL=6 pause=1 fence=off,timed,cmp,384,952,,0,hold,hold,0.8,0.8,2,8,2026-09-06 16:17:35,2026-09-06 16:17:35,lease_timed --clients 4 --rounds 1 --u 1 --l-ratio 0.0 --sd-ratio 1.0 --ttl-ratio 6.0 --pause-ratio 1.0 --fencing off --keep-going --mode timed
lease_timed,4,1,C=4 U=1 L=0 sd=1 TTL=10 pause=5 fence=off,timed,cmp,384,952,,0,hold,hold,0.9,0.9,2,8,2026-09-06 16:17:35,2026-09-06 16:17:36,lease_timed --clients 4 --rounds 1 --u 1 --l-ratio 0.0 --sd-ratio 1.0 --ttl-ratio 10.0 --pause-ratio 5.0 --fencing off --keep-going --mode timed
lease_timed,4,1,C=4 U=1 L=0 sd=0 TTL=6 pause=4 fence=on,timed,cmp,645,1203,,0,hold,hold,1.1,1.1,2,8,2026-09-06 16:17:34,2026-09-06 16:17:36,lease_timed --clients 4 --rounds 1 --u 1 --l-ratio 0.0 --sd-ratio 0.0 --ttl-ratio 6.0 --pause-ratio 4.0 --fencing on --keep-going --mode timed
lease_timed,4,1,C=4 U=1 L=0 sd=0 TTL=10 pause=8 fence=on,timed,cmp,645,1203,,0,hold,hold,1.1,1.1,2,8,2026-09-06 16:17:35,2026-09-06 16:17:36,lease_timed --clients 4 --rounds 1 --u 1 --l-ratio 0.0 --sd-ratio 0.0 --ttl-ratio 10.0 --pause-ratio 8.0 --fencing on --keep-going --mode timed
lease_timed,4,1,C=4 U=1 L=0 sd=1 TTL=6 pause=2 fence=on,timed,cmp,645,1203,,0,hold,hold,1.1,1.1,2,8,2026-09-06 16:17:35,2026-09-06 16:17:36,lease_timed --clients 4 --rounds 1 --u 1 --l-ratio 0.0 --sd-ratio 1.0 --ttl-ratio 6.0 --pause-ratio 2.0 --fencing on --keep-going --mode timed
lease_timed,4,1,C=4 U=1 L=0 sd=1 TTL=10 pause=6 fence=on,timed,cmp,645,1203,,0,hold,hold,1.1,1.1,2,8,2026-09-06 16:17:35,2026-09-06 16:17:36,lease_timed --clients 4 --rounds 1 --u 1 --l-ratio 0.0 --sd-ratio 1.0 --ttl-ratio 10.0 --pause-ratio 6.0 --fencing on --keep-going --mode timed
lease_timed,4,1,C=4 U=1 L=1 sd=0 TTL=6 pause=5 fence=off,timed,cmp,192,618,,0,hold,hold,0.7,0.7,2,8,2026-09-06 16:17:35,2026-09-06 16:17:36,lease_timed --clients 4 --rounds 1 --u 1 --l-ratio 1.0 --sd-ratio 0.0 --ttl-ratio 6.0 --pause-ratio 5.0 --fencing off --keep-going --mode timed
lease_timed,4,1,C=4 U=1 L=1 sd=0 TTL=10 pause=9 fence=off,timed,cmp,192,618,,0,hold,hold,0.7,0.7,2,8,2026-09-06 16:17:35,2026-09-06 16:17:36,lease_timed --clients 4 --rounds 1 --u 1 --l-ratio 1.0 --sd-ratio 0.0 --ttl-ratio 10.0 --pause-ratio 9.0 --fencing off --keep-going --mode timed
lease_timed,4,1,C=4 U=1 L=1 sd=0 TTL=6 pause=6 fence=on,timed,cmp,336,618,,0,hold,hold,0.8,0.8,2,8,2026-09-06 16:17:35,2026-09-06 16:17:36,lease_timed --clients 4 --rounds 1 --u 1 --l-ratio 1.0 --sd-ratio 0.0 --ttl-ratio 6.0 --pause-ratio 6.0 --fencing on --keep-going --mode timed
lease_timed,4,1,C=4 U=1 L=1 sd=1 TTL=6 pause=3 fence=off,timed,cmp,192,658,,0,hold,hold,0.7,0.7,2,8,2026-09-06 16:17:36,2026-09-06 16:17:36,lease_timed --clients 4 --rounds 1 --u 1 --l-ratio 1.0 --sd-ratio 1.0 --ttl-ratio 6.0 --pause-ratio 3.0 --fencing off --keep-going --mode timed
lease_timed,4,1,C=4 U=1 L=1 sd=1 TTL=10 pause=7 fence=off,timed,cmp,192,658,,0,hold,hold,0.7,0.7,2,8,2026-09-06 16:17:36,2026-09-06 16:17:36,lease_timed --clients 4 --rounds 1 --u 1 --l-ratio 1.0 --sd-ratio 1.0 --ttl-ratio 10.0 --pause-ratio 7.0 --fencing off --keep-going --mode timed
lease_timed,4,1,C=4 U=1 L=1 sd=0 TTL=10 pause=10 fence=on,timed,cmp,336,618,,0,hold,hold,0.9,0.8,2,8,2026-09-06 16:17:36,2026-09-06 16:17:36,lease_timed --clients 4 --rounds 1 --u 1 --l-ratio 1.0 --sd-ratio 0.0 --ttl-ratio 10.0 --pause-ratio 10.0 --fencing on --keep-going --mode timed
lease_timed,4,1,C=4 U=1 L=1 sd=1 TTL=6 pause=4 fence=on,timed,cmp,360,854,,0,hold,hold,1.0,1.0,2,8,2026-09-06 16:17:36,2026-09-06 16:17:37,lease_timed --clients 4 --rounds 1 --u 1 --l-ratio 1.0 --sd-ratio 1.0 --ttl-ratio 6.0 --pause-ratio 4.0 --fencing on --keep-going --mode timed
lease_timed,4,1,C=4 U=1 L=1 sd=1 TTL=10 pause=8 fence=on,timed,cmp,360,854,,0,hold,hold,0.9,0.9,2,8,2026-09-06 16:17:36,2026-09-06 16:17:37,lease_timed --clients 4 --rounds 1 --u 1 --l-ratio 1.0 --sd-ratio 1.0 --ttl-ratio 10.0 --pause-ratio 8.0 --fencing on --keep-going --mode timed
lease_timed,4,1,C=4 U=2 L=0 sd=0 TTL=6 pause=1 fence=off,timed,cmp,384,952,,0,hold,hold,0.9,0.9,2,8,2026-09-06 16:17:36,2026-09-06 16:17:37,lease_timed --clients 4 --rounds 1 --u 2 --l-ratio 0.0 --sd-ratio 0.0 --ttl-ratio 3.0 --pause-ratio 0.5 --fencing off --keep-going --mode timed
lease_timed,4,1,C=4 U=2 L=2 sd=0 TTL=6 pause=5 fence=off,timed,cmp,24,168,,0,hold,hold,0.2,0.2,2,8,2026-09-06 16:17:37,2026-09-06 16:17:37,lease_timed --clients 4 --rounds 1 --u 2 --l-ratio 1.0 --sd-ratio 0.0 --ttl-ratio 3.0 --pause-ratio 2.5 --fencing off --keep-going --mode timed
lease_timed,4,1,C=4 U=2 L=2 sd=0 TTL=6 pause=6 fence=on,timed,cmp,42,174,,0,hold,hold,0.3,0.2,2,8,2026-09-06 16:17:37,2026-09-06 16:17:37,lease_timed --clients 4 --rounds 1 --u 2 --l-ratio 1.0 --sd-ratio 0.0 --ttl-ratio 3.0 --pause-ratio 3.0 --fencing on --keep-going --mode timed
lease_timed,4,1,C=4 U=2 L=0 sd=0 TTL=10 pause=5 fence=off,timed,cmp,384,952,,0,hold,hold,0.8,0.8,2,8,2026-09-06 16:17:36,2026-09-06 16:17:37,lease_timed --clients 4 --rounds 1 --u 2 --l-ratio 0.0 --sd-ratio 0.0 --ttl-ratio 5.0 --pause-ratio 2.5 --fencing off --keep-going --mode timed
lease_timed,4,1,C=4 U=2 L=2 sd=1 TTL=6 pause=3 fence=off,timed,cmp,24,208,,0,hold,hold,0.2,0.2,2,8,2026-09-06 16:17:37,2026-09-06 16:17:37,lease_timed --clients 4 --rounds 1 --u 2 --l-ratio 1.0 --sd-ratio 0.5 --ttl-ratio 3.0 --pause-ratio 1.5 --fencing off --keep-going --mode timed
lease_timed,4,1,C=4 U=2 L=0 sd=1 TTL=10 pause=3 fence=off,timed,cmp,384,952,,0,hold,hold,0.9,0.8,2,8,2026-09-06 16:17:36,2026-09-06 16:17:37,lease_timed --clients 4 --rounds 1 --u 2 --l-ratio 0.0 --sd-ratio 0.5 --ttl-ratio 5.0 --pause-ratio 1.5 --fencing off --keep-going --mode timed
lease_timed,4,1,C=4 U=2 L=2 sd=1 TTL=6 pause=4 fence=on,timed,cmp,42,238,,0,hold,hold,0.3,0.3,2,8,2026-09-06 16:17:37,2026-09-06 16:17:37,lease_timed --clients 4 --rounds 1 --u 2 --l-ratio 1.0 --sd-ratio 0.5 --ttl-ratio 3.0 --pause-ratio 2.0 --fencing on --keep-going --mode timed
lease_timed,4,1,C=4 U=2 L=0 sd=0 TTL=6 pause=2 fence=on,timed,cmp,645,1203,,0,hold,hold,1.2,1.1,2,8,2026-09-06 16:17:36,2026-09-06 16:17:37,lease_timed --clients 4 --rounds 1 --u 2 --l-ratio 0.0 --sd-ratio 0.0 --ttl-ratio 3.0 --pause-ratio 1.0 --fencing on --keep-going --mode timed
swim_timed,4,1,N=4 U=1 L=0 sd=0 Wp=1 Ws=3,baseline,cmp,5,4,,12,FIRE,FIRE,0.0,0.0,2,8,2026-09-06 16:17:37,2026-09-06 16:17:37,swim_timed --nodes 4 --rounds 1 --u 1 --l-ratio 0.0 --sd-ratio 0.0 --w-probe-ratio 1.0 --w-suspect-ratio 3.0 --keep-going --mode baseline
swim_timed,4,1,N=4 U=1 L=0 sd=1 Wp=1 Ws=5,baseline,cmp,5,4,,12,FIRE,FIRE,0.0,0.0,2,8,2026-09-06 16:17:37,2026-09-06 16:17:37,swim_timed --nodes 4 --rounds 1 --u 1 --l-ratio 0.0 --sd-ratio 1.0 --w-probe-ratio 1.0 --w-suspect-ratio 5.0 --keep-going --mode baseline
swim_timed,4,1,N=4 U=1 L=1 sd=0 Wp=1 Ws=2,baseline,cmp,5,4,,12,FIRE,FIRE,0.0,0.0,2,8,2026-09-06 16:17:37,2026-09-06 16:17:37,swim_timed --nodes 4 --rounds 1 --u 1 --l-ratio 1.0 --sd-ratio 0.0 --w-probe-ratio 1.0 --w-suspect-ratio 2.0 --keep-going --mode baseline
swim_timed,4,1,N=4 U=1 L=1 sd=1 Wp=1 Ws=4,baseline,cmp,5,4,,12,FIRE,FIRE,0.0,0.0,2,8,2026-09-06 16:17:37,2026-09-06 16:17:37,swim_timed --nodes 4 --rounds 1 --u 1 --l-ratio 1.0 --sd-ratio 1.0 --w-probe-ratio 1.0 --w-suspect-ratio 4.0 --keep-going --mode baseline
swim_timed,4,1,N=4 U=2 L=0 sd=0 Wp=2 Ws=5,baseline,cmp,5,4,,12,FIRE,FIRE,0.0,0.0,2,8,2026-09-06 16:17:37,2026-09-06 16:17:37,swim_timed --nodes 4 --rounds 1 --u 2 --l-ratio 0.0 --sd-ratio 0.0 --w-probe-ratio 1.0 --w-suspect-ratio 2.5 --keep-going --mode baseline
swim_timed,4,1,N=4 U=2 L=0 sd=1 Wp=2 Ws=7,baseline,cmp,5,4,,12,FIRE,FIRE,0.0,0.0,2,8,2026-09-06 16:17:37,2026-09-06 16:17:37,swim_timed --nodes 4 --rounds 1 --u 2 --l-ratio 0.0 --sd-ratio 0.5 --w-probe-ratio 1.0 --w-suspect-ratio 3.5 --keep-going --mode baseline
swim_timed,4,1,N=4 U=2 L=2 sd=0 Wp=2 Ws=3,baseline,cmp,5,4,,12,FIRE,FIRE,0.0,0.0,2,8,2026-09-06 16:17:37,2026-09-06 16:17:37,swim_timed --nodes 4 --rounds 1 --u 2 --l-ratio 1.0 --sd-ratio 0.0 --w-probe-ratio 1.0 --w-suspect-ratio 1.5 --keep-going --mode baseline
swim_timed,4,1,N=4 U=2 L=2 sd=1 Wp=2 Ws=5,baseline,cmp,5,4,,12,FIRE,FIRE,0.0,0.0,2,8,2026-09-06 16:17:37,2026-09-06 16:17:37,swim_timed --nodes 4 --rounds 1 --u 2 --l-ratio 1.0 --sd-ratio 0.5 --w-probe-ratio 1.0 --w-suspect-ratio 2.5 --keep-going --mode baseline
swim_timed,4,1,N=4 U=1 L=0 sd=0 Wp=1 Ws=3,timed,cmp,2,16,,0,hold,hold,0.0,0.0,2,8,2026-09-06 16:17:37,2026-09-06 16:17:37,swim_timed --nodes 4 --rounds 1 --u 1 --l-ratio 0.0 --sd-ratio 0.0 --w-probe-ratio 1.0 --w-suspect-ratio 3.0 --keep-going --mode timed
swim_timed,4,1,N=4 U=1 L=0 sd=1 Wp=1 Ws=5,timed,cmp,2,12,,0,hold,hold,0.0,0.0,2,8,2026-09-06 16:17:37,2026-09-06 16:17:37,swim_timed --nodes 4 --rounds 1 --u 1 --l-ratio 0.0 --sd-ratio 1.0 --w-probe-ratio 1.0 --w-suspect-ratio 5.0 --keep-going --mode timed
swim_timed,4,1,N=4 U=1 L=1 sd=0 Wp=1 Ws=2,timed,cmp,1,7,,0,hold,hold,0.0,0.0,2,8,2026-09-06 16:17:37,2026-09-06 16:17:37,swim_timed --nodes 4 --rounds 1 --u 1 --l-ratio 1.0 --sd-ratio 0.0 --w-probe-ratio 1.0 --w-suspect-ratio 2.0 --keep-going --mode timed
swim_timed,4,1,N=4 U=1 L=1 sd=1 Wp=1 Ws=4,timed,cmp,1,7,,0,hold,hold,0.0,0.0,2,8,2026-09-06 16:17:37,2026-09-06 16:17:37,swim_timed --nodes 4 --rounds 1 --u 1 --l-ratio 1.0 --sd-ratio 1.0 --w-probe-ratio 1.0 --w-suspect-ratio 4.0 --keep-going --mode timed
swim_timed,4,1,N=4 U=2 L=0 sd=0 Wp=2 Ws=5,timed,cmp,2,16,,0,hold,hold,0.0,0.0,2,8,2026-09-06 16:17:37,2026-09-06 16:17:37,swim_timed --nodes 4 --rounds 1 --u 2 --l-ratio 0.0 --sd-ratio 0.0 --w-probe-ratio 1.0 --w-suspect-ratio 2.5 --keep-going --mode timed
swim_timed,4,1,N=4 U=2 L=0 sd=1 Wp=2 Ws=7,timed,cmp,2,16,,0,hold,hold,0.0,0.0,2,8,2026-09-06 16:17:37,2026-09-06 16:17:37,swim_timed --nodes 4 --rounds 1 --u 2 --l-ratio 0.0 --sd-ratio 0.5 --w-probe-ratio 1.0 --w-suspect-ratio 3.5 --keep-going --mode timed
swim_timed,4,1,N=4 U=2 L=2 sd=0 Wp=2 Ws=3,timed,cmp,1,7,,0,hold,hold,0.0,0.0,2,8,2026-09-06 16:17:37,2026-09-06 16:17:37,swim_timed --nodes 4 --rounds 1 --u 2 --l-ratio 1.0 --sd-ratio 0.0 --w-probe-ratio 1.0 --w-suspect-ratio 1.5 --keep-going --mode timed
swim_timed,4,1,N=4 U=2 L=2 sd=1 Wp=2 Ws=5,timed,cmp,1,7,,0,hold,hold,0.0,0.0,2,8,2026-09-06 16:17:37,2026-09-06 16:17:37,swim_timed --nodes 4 --rounds 1 --u 2 --l-ratio 1.0 --sd-ratio 0.5 --w-probe-ratio 1.0 --w-suspect-ratio 2.5 --keep-going --mode timed
lease_timed,4,1,C=4 U=2 L=0 sd=0 TTL=10 pause=6 fence=on,timed,cmp,645,1203,,0,hold,hold,1.2,1.2,2,8,2026-09-06 16:17:36,2026-09-06 16:17:37,lease_timed --clients 4 --rounds 1 --u 2 --l-ratio 0.0 --sd-ratio 0.0 --ttl-ratio 5.0 --pause-ratio 3.0 --fencing on --keep-going --mode timed
lease_timed,4,1,C=4 U=2 L=2 sd=0 TTL=10 pause=9 fence=off,timed,cmp,192,618,,0,hold,hold,0.7,0.7,2,8,2026-09-06 16:17:37,2026-09-06 16:17:38,lease_timed --clients 4 --rounds 1 --u 2 --l-ratio 1.0 --sd-ratio 0.0 --ttl-ratio 5.0 --pause-ratio 4.5 --fencing off --keep-going --mode timed
lease_timed,4,1,C=4 U=2 L=0 sd=1 TTL=10 pause=4 fence=on,timed,cmp,645,1203,,0,hold,hold,1.2,1.1,2,8,2026-09-06 16:17:36,2026-09-06 16:17:38,lease_timed --clients 4 --rounds 1 --u 2 --l-ratio 0.0 --sd-ratio 0.5 --ttl-ratio 5.0 --pause-ratio 2.0 --fencing on --keep-going --mode timed
lease_timed,4,1,C=4 U=2 L=2 sd=0 TTL=10 pause=10 fence=on,timed,cmp,336,618,,0,hold,hold,0.9,0.8,2,8,2026-09-06 16:17:37,2026-09-06 16:17:38,lease_timed --clients 4 --rounds 1 --u 2 --l-ratio 1.0 --sd-ratio 0.0 --ttl-ratio 5.0 --pause-ratio 5.0 --fencing on --keep-going --mode timed
lease_timed,4,1,C=4 U=2 L=2 sd=1 TTL=10 pause=7 fence=off,timed,cmp,192,658,,0,hold,hold,0.8,0.7,2,8,2026-09-06 16:17:37,2026-09-06 16:17:38,lease_timed --clients 4 --rounds 1 --u 2 --l-ratio 1.0 --sd-ratio 0.5 --ttl-ratio 5.0 --pause-ratio 3.5 --fencing off --keep-going --mode timed
lease_timed,4,1,C=4 U=2 L=2 sd=1 TTL=10 pause=8 fence=on,timed,cmp,360,854,,0,hold,hold,1.0,1.0,2,8,2026-09-06 16:17:37,2026-09-06 16:17:38,lease_timed --clients 4 --rounds 1 --u 2 --l-ratio 1.0 --sd-ratio 0.5 --ttl-ratio 5.0 --pause-ratio 4.0 --fencing on --keep-going --mode timed
lease_timed,3,2,C=3 U=1 L=0 sd=0 TTL=6 pause=3 fence=off,baseline,cmp,2304,4164,,4164,FIRE,FIRE,0.9,0.8,2,8,2026-09-06 16:17:37,2026-09-06 16:17:38,lease_timed --clients 3 --rounds 2 --u 1 --l-ratio 0.0 --sd-ratio 0.0 --ttl-ratio 6.0 --pause-ratio 3.0 --fencing off --keep-going --mode baseline
lease_timed,3,2,C=3 U=1 L=0 sd=0 TTL=10 pause=7 fence=off,baseline,cmp,2304,4164,,4164,FIRE,FIRE,0.9,0.8,2,8,2026-09-06 16:17:37,2026-09-06 16:17:38,lease_timed --clients 3 --rounds 2 --u 1 --l-ratio 0.0 --sd-ratio 0.0 --ttl-ratio 10.0 --pause-ratio 7.0 --fencing off --keep-going --mode baseline
lease_timed,3,2,C=3 U=1 L=0 sd=1 TTL=6 pause=1 fence=off,baseline,cmp,2304,4164,,4164,FIRE,FIRE,0.9,0.8,2,8,2026-09-06 16:17:38,2026-09-06 16:17:38,lease_timed --clients 3 --rounds 2 --u 1 --l-ratio 0.0 --sd-ratio 1.0 --ttl-ratio 6.0 --pause-ratio 1.0 --fencing off --keep-going --mode baseline
lease_timed,3,2,C=3 U=1 L=0 sd=1 TTL=10 pause=5 fence=off,baseline,cmp,2304,4164,,4164,FIRE,FIRE,0.9,0.8,2,8,2026-09-06 16:17:38,2026-09-06 16:17:39,lease_timed --clients 3 --rounds 2 --u 1 --l-ratio 0.0 --sd-ratio 1.0 --ttl-ratio 10.0 --pause-ratio 5.0 --fencing off --keep-going --mode baseline
lease_timed,3,2,C=3 U=1 L=1 sd=0 TTL=6 pause=5 fence=off,baseline,cmp,2304,4164,,4164,FIRE,FIRE,0.9,0.9,2,8,2026-09-06 16:17:38,2026-09-06 16:17:39,lease_timed --clients 3 --rounds 2 --u 1 --l-ratio 1.0 --sd-ratio 0.0 --ttl-ratio 6.0 --pause-ratio 5.0 --fencing off --keep-going --mode baseline
lease_timed,3,2,C=3 U=1 L=1 sd=0 TTL=10 pause=9 fence=off,baseline,cmp,2304,4164,,4164,FIRE,FIRE,0.9,0.9,2,8,2026-09-06 16:17:38,2026-09-06 16:17:39,lease_timed --clients 3 --rounds 2 --u 1 --l-ratio 1.0 --sd-ratio 0.0 --ttl-ratio 10.0 --pause-ratio 9.0 --fencing off --keep-going --mode baseline
lease_timed,3,2,C=3 U=1 L=0 sd=0 TTL=6 pause=4 fence=on,baseline,cmp,20736,0,,0,hold,hold,2.4,2.4,2,8,2026-09-06 16:17:37,2026-09-06 16:17:40,lease_timed --clients 3 --rounds 2 --u 1 --l-ratio 0.0 --sd-ratio 0.0 --ttl-ratio 6.0 --pause-ratio 4.0 --fencing on --keep-going --mode baseline
lease_timed,3,2,C=3 U=1 L=0 sd=0 TTL=10 pause=8 fence=on,baseline,cmp,20736,0,,0,hold,hold,2.4,2.4,2,8,2026-09-06 16:17:38,2026-09-06 16:17:40,lease_timed --clients 3 --rounds 2 --u 1 --l-ratio 0.0 --sd-ratio 0.0 --ttl-ratio 10.0 --pause-ratio 8.0 --fencing on --keep-going --mode baseline
lease_timed,3,2,C=3 U=1 L=1 sd=1 TTL=6 pause=3 fence=off,baseline,cmp,2304,4164,,4164,FIRE,FIRE,0.8,0.8,2,8,2026-09-06 16:17:39,2026-09-06 16:17:40,lease_timed --clients 3 --rounds 2 --u 1 --l-ratio 1.0 --sd-ratio 1.0 --ttl-ratio 6.0 --pause-ratio 3.0 --fencing off --keep-going --mode baseline
lease_timed,3,2,C=3 U=1 L=0 sd=1 TTL=6 pause=2 fence=on,baseline,cmp,20736,0,,0,hold,hold,2.4,2.4,2,8,2026-09-06 16:17:38,2026-09-06 16:17:40,lease_timed --clients 3 --rounds 2 --u 1 --l-ratio 0.0 --sd-ratio 1.0 --ttl-ratio 6.0 --pause-ratio 2.0 --fencing on --keep-going --mode baseline
lease_timed,3,2,C=3 U=1 L=1 sd=1 TTL=10 pause=7 fence=off,baseline,cmp,2304,4164,,4164,FIRE,FIRE,0.8,0.8,2,8,2026-09-06 16:17:40,2026-09-06 16:17:41,lease_timed --clients 3 --rounds 2 --u 1 --l-ratio 1.0 --sd-ratio 1.0 --ttl-ratio 10.0 --pause-ratio 7.0 --fencing off --keep-going --mode baseline
lease_timed,3,2,C=3 U=1 L=0 sd=1 TTL=10 pause=6 fence=on,baseline,cmp,20736,0,,0,hold,hold,2.4,2.4,2,8,2026-09-06 16:17:38,2026-09-06 16:17:41,lease_timed --clients 3 --rounds 2 --u 1 --l-ratio 0.0 --sd-ratio 1.0 --ttl-ratio 10.0 --pause-ratio 6.0 --fencing on --keep-going --mode baseline
lease_timed,3,2,C=3 U=1 L=1 sd=0 TTL=6 pause=6 fence=on,baseline,cmp,20736,0,,0,hold,hold,2.4,2.3,2,8,2026-09-06 16:17:38,2026-09-06 16:17:41,lease_timed --clients 3 --rounds 2 --u 1 --l-ratio 1.0 --sd-ratio 0.0 --ttl-ratio 6.0 --pause-ratio 6.0 --fencing on --keep-going --mode baseline
lease_timed,3,2,C=3 U=2 L=0 sd=0 TTL=6 pause=1 fence=off,baseline,cmp,2304,4164,,4164,FIRE,FIRE,0.8,0.8,2,8,2026-09-06 16:17:40,2026-09-06 16:17:41,lease_timed --clients 3 --rounds 2 --u 2 --l-ratio 0.0 --sd-ratio 0.0 --ttl-ratio 3.0 --pause-ratio 0.5 --fencing off --keep-going --mode baseline
lease_timed,3,2,C=3 U=1 L=1 sd=0 TTL=10 pause=10 fence=on,baseline,cmp,20736,0,,0,hold,hold,2.4,2.3,2,8,2026-09-06 16:17:39,2026-09-06 16:17:41,lease_timed --clients 3 --rounds 2 --u 1 --l-ratio 1.0 --sd-ratio 0.0 --ttl-ratio 10.0 --pause-ratio 10.0 --fencing on --keep-going --mode baseline
lease_timed,3,2,C=3 U=2 L=0 sd=0 TTL=10 pause=5 fence=off,baseline,cmp,2304,4164,,4164,FIRE,FIRE,0.8,0.8,2,8,2026-09-06 16:17:41,2026-09-06 16:17:41,lease_timed --clients 3 --rounds 2 --u 2 --l-ratio 0.0 --sd-ratio 0.0 --ttl-ratio 5.0 --pause-ratio 2.5 --fencing off --keep-going --mode baseline
lease_timed,3,2,C=3 U=2 L=0 sd=1 TTL=10 pause=3 fence=off,baseline,cmp,2304,4164,,4164,FIRE,FIRE,0.8,0.8,2,8,2026-09-06 16:17:41,2026-09-06 16:17:42,lease_timed --clients 3 --rounds 2 --u 2 --l-ratio 0.0 --sd-ratio 0.5 --ttl-ratio 5.0 --pause-ratio 1.5 --fencing off --keep-going --mode baseline
lease_timed,3,2,C=3 U=1 L=1 sd=1 TTL=6 pause=4 fence=on,baseline,cmp,20736,0,,0,hold,hold,2.4,2.4,2,8,2026-09-06 16:17:39,2026-09-06 16:17:42,lease_timed --clients 3 --rounds 2 --u 1 --l-ratio 1.0 --sd-ratio 1.0 --ttl-ratio 6.0 --pause-ratio 4.0 --fencing on --keep-going --mode baseline
lease_timed,3,2,C=3 U=2 L=2 sd=0 TTL=6 pause=5 fence=off,baseline,cmp,2304,4164,,4164,FIRE,FIRE,0.8,0.8,2,8,2026-09-06 16:17:41,2026-09-06 16:17:42,lease_timed --clients 3 --rounds 2 --u 2 --l-ratio 1.0 --sd-ratio 0.0 --ttl-ratio 3.0 --pause-ratio 2.5 --fencing off --keep-going --mode baseline
lease_timed,3,2,C=3 U=1 L=1 sd=1 TTL=10 pause=8 fence=on,baseline,cmp,20736,0,,0,hold,hold,2.3,2.3,2,8,2026-09-06 16:17:40,2026-09-06 16:17:42,lease_timed --clients 3 --rounds 2 --u 1 --l-ratio 1.0 --sd-ratio 1.0 --ttl-ratio 10.0 --pause-ratio 8.0 --fencing on --keep-going --mode baseline
lease_timed,3,2,C=3 U=2 L=2 sd=0 TTL=10 pause=9 fence=off,baseline,cmp,2304,4164,,4164,FIRE,FIRE,0.8,0.8,2,8,2026-09-06 16:17:42,2026-09-06 16:17:42,lease_timed --clients 3 --rounds 2 --u 2 --l-ratio 1.0 --sd-ratio 0.0 --ttl-ratio 5.0 --pause-ratio 4.5 --fencing off --keep-going --mode baseline
lease_timed,3,2,C=3 U=2 L=0 sd=0 TTL=6 pause=2 fence=on,baseline,cmp,20736,0,,0,hold,hold,2.4,2.3,2,8,2026-09-06 16:17:40,2026-09-06 16:17:43,lease_timed --clients 3 --rounds 2 --u 2 --l-ratio 0.0 --sd-ratio 0.0 --ttl-ratio 3.0 --pause-ratio 1.0 --fencing on --keep-going --mode baseline
lease_timed,3,2,C=3 U=2 L=2 sd=1 TTL=6 pause=3 fence=off,baseline,cmp,2304,4164,,4164,FIRE,FIRE,0.8,0.8,2,8,2026-09-06 16:17:42,2026-09-06 16:17:43,lease_timed --clients 3 --rounds 2 --u 2 --l-ratio 1.0 --sd-ratio 0.5 --ttl-ratio 3.0 --pause-ratio 1.5 --fencing off --keep-going --mode baseline
lease_timed,3,2,C=3 U=2 L=0 sd=0 TTL=10 pause=6 fence=on,baseline,cmp,20736,0,,0,hold,hold,2.3,2.3,2,8,2026-09-06 16:17:41,2026-09-06 16:17:43,lease_timed --clients 3 --rounds 2 --u 2 --l-ratio 0.0 --sd-ratio 0.0 --ttl-ratio 5.0 --pause-ratio 3.0 --fencing on --keep-going --mode baseline
lease_timed,3,2,C=3 U=2 L=2 sd=1 TTL=10 pause=7 fence=off,baseline,cmp,2304,4164,,4164,FIRE,FIRE,0.8,0.8,2,8,2026-09-06 16:17:42,2026-09-06 16:17:43,lease_timed --clients 3 --rounds 2 --u 2 --l-ratio 1.0 --sd-ratio 0.5 --ttl-ratio 5.0 --pause-ratio 3.5 --fencing off --keep-going --mode baseline
lease_timed,3,2,C=3 U=2 L=0 sd=1 TTL=10 pause=4 fence=on,baseline,cmp,20736,0,,0,hold,hold,2.3,2.3,2,8,2026-09-06 16:17:41,2026-09-06 16:17:43,lease_timed --clients 3 --rounds 2 --u 2 --l-ratio 0.0 --sd-ratio 0.5 --ttl-ratio 5.0 --pause-ratio 2.0 --fencing on --keep-going --mode baseline
lease_timed,3,2,C=3 U=2 L=2 sd=0 TTL=6 pause=6 fence=on,baseline,cmp,20736,0,,0,hold,hold,2.3,2.3,2,8,2026-09-06 16:17:41,2026-09-06 16:17:44,lease_timed --clients 3 --rounds 2 --u 2 --l-ratio 1.0 --sd-ratio 0.0 --ttl-ratio 3.0 --pause-ratio 3.0 --fencing on --keep-going --mode baseline
lease_timed,3,2,C=3 U=2 L=2 sd=0 TTL=10 pause=10 fence=on,baseline,cmp,20736,0,,0,hold,hold,2.3,2.3,2,8,2026-09-06 16:17:42,2026-09-06 16:17:44,lease_timed --clients 3 --rounds 2 --u 2 --l-ratio 1.0 --sd-ratio 0.0 --ttl-ratio 5.0 --pause-ratio 5.0 --fencing on --keep-going --mode baseline
lease_timed,3,2,C=3 U=2 L=2 sd=1 TTL=6 pause=4 fence=on,baseline,cmp,20736,0,,0,hold,hold,2.3,2.3,2,8,2026-09-06 16:17:42,2026-09-06 16:17:45,lease_timed --clients 3 --rounds 2 --u 2 --l-ratio 1.0 --sd-ratio 0.5 --ttl-ratio 3.0 --pause-ratio 2.0 --fencing on --keep-going --mode baseline
lease_timed,3,2,C=3 U=2 L=2 sd=1 TTL=10 pause=8 fence=on,baseline,cmp,20736,0,,0,hold,hold,2.3,2.3,2,8,2026-09-06 16:17:43,2026-09-06 16:17:45,lease_timed --clients 3 --rounds 2 --u 2 --l-ratio 1.0 --sd-ratio 0.5 --ttl-ratio 5.0 --pause-ratio 4.0 --fencing on --keep-going --mode baseline
lease_timed,3,2,C=3 U=1 L=0 sd=0 TTL=6 pause=3 fence=off,timed,cmp,3920,5848,,0,hold,hold,7.6,7.6,2,8,2026-09-06 16:17:43,2026-09-06 16:17:50,lease_timed --clients 3 --rounds 2 --u 1 --l-ratio 0.0 --sd-ratio 0.0 --ttl-ratio 6.0 --pause-ratio 3.0 --fencing off --keep-going --mode timed
lease_timed,3,2,C=3 U=1 L=0 sd=0 TTL=10 pause=7 fence=off,timed,cmp,3920,5848,,0,hold,hold,7.6,7.6,2,8,2026-09-06 16:17:43,2026-09-06 16:17:51,lease_timed --clients 3 --rounds 2 --u 1 --l-ratio 0.0 --sd-ratio 0.0 --ttl-ratio 10.0 --pause-ratio 7.0 --fencing off --keep-going --mode timed
lease_timed,3,2,C=3 U=1 L=0 sd=1 TTL=6 pause=1 fence=off,timed,cmp,3920,5848,,0,hold,hold,7.5,7.5,2,8,2026-09-06 16:17:44,2026-09-06 16:17:51,lease_timed --clients 3 --rounds 2 --u 1 --l-ratio 0.0 --sd-ratio 1.0 --ttl-ratio 6.0 --pause-ratio 1.0 --fencing off --keep-going --mode timed
lease_timed,3,2,C=3 U=1 L=1 sd=0 TTL=6 pause=5 fence=off,timed,cmp,384,754,,0,hold,hold,1.3,1.3,2,8,2026-09-06 16:17:50,2026-09-06 16:17:52,lease_timed --clients 3 --rounds 2 --u 1 --l-ratio 1.0 --sd-ratio 0.0 --ttl-ratio 6.0 --pause-ratio 5.0 --fencing off --keep-going --mode timed
lease_timed,3,2,C=3 U=1 L=0 sd=1 TTL=10 pause=5 fence=off,timed,cmp,3920,5848,,0,hold,hold,7.6,7.6,2,8,2026-09-06 16:17:45,2026-09-06 16:17:52,lease_timed --clients 3 --rounds 2 --u 1 --l-ratio 0.0 --sd-ratio 1.0 --ttl-ratio 10.0 --pause-ratio 5.0 --fencing off --keep-going --mode timed
lease_timed,3,2,C=3 U=1 L=1 sd=0 TTL=10 pause=9 fence=off,timed,cmp,384,754,,0,hold,hold,1.3,1.3,2,8,2026-09-06 16:17:51,2026-09-06 16:17:53,lease_timed --clients 3 --rounds 2 --u 1 --l-ratio 1.0 --sd-ratio 0.0 --ttl-ratio 10.0 --pause-ratio 9.0 --fencing off --keep-going --mode timed
lease_timed,3,2,C=3 U=1 L=1 sd=0 TTL=6 pause=6 fence=on,timed,cmp,1280,1158,,0,hold,hold,2.9,2.9,2,8,2026-09-06 16:17:51,2026-09-06 16:17:54,lease_timed --clients 3 --rounds 2 --u 1 --l-ratio 1.0 --sd-ratio 0.0 --ttl-ratio 6.0 --pause-ratio 6.0 --fencing on --keep-going --mode timed
lease_timed,3,2,C=3 U=1 L=1 sd=0 TTL=10 pause=10 fence=on,timed,cmp,1280,1158,,0,hold,hold,2.9,2.9,2,8,2026-09-06 16:17:52,2026-09-06 16:17:55,lease_timed --clients 3 --rounds 2 --u 1 --l-ratio 1.0 --sd-ratio 0.0 --ttl-ratio 10.0 --pause-ratio 10.0 --fencing on --keep-going --mode timed
lease_timed,3,2,C=3 U=1 L=1 sd=1 TTL=6 pause=3 fence=off,timed,cmp,888,2112,,0,hold,hold,3.0,3.0,2,8,2026-09-06 16:17:52,2026-09-06 16:17:55,lease_timed --clients 3 --rounds 2 --u 1 --l-ratio 1.0 --sd-ratio 1.0 --ttl-ratio 6.0 --pause-ratio 3.0 --fencing off --keep-going --mode timed
lease_timed,3,2,C=3 U=1 L=1 sd=1 TTL=10 pause=7 fence=off,timed,cmp,888,2112,,0,hold,hold,3.1,3.0,2,8,2026-09-06 16:17:54,2026-09-06 16:17:57,lease_timed --clients 3 --rounds 2 --u 1 --l-ratio 1.0 --sd-ratio 1.0 --ttl-ratio 10.0 --pause-ratio 7.0 --fencing off --keep-going --mode timed
lease_timed,3,2,C=3 U=1 L=0 sd=0 TTL=6 pause=4 fence=on,timed,cmp,9546,11000,,0,hold,hold,14.7,14.7,2,8,2026-09-06 16:17:43,2026-09-06 16:17:58,lease_timed --clients 3 --rounds 2 --u 1 --l-ratio 0.0 --sd-ratio 0.0 --ttl-ratio 6.0 --pause-ratio 4.0 --fencing on --keep-going --mode timed
lease_timed,3,2,C=3 U=1 L=0 sd=0 TTL=10 pause=8 fence=on,timed,cmp,9546,11000,,0,hold,hold,14.7,14.7,2,8,2026-09-06 16:17:43,2026-09-06 16:17:58,lease_timed --clients 3 --rounds 2 --u 1 --l-ratio 0.0 --sd-ratio 0.0 --ttl-ratio 10.0 --pause-ratio 8.0 --fencing on --keep-going --mode timed
lease_timed,3,2,C=3 U=1 L=0 sd=1 TTL=6 pause=2 fence=on,timed,cmp,9546,11000,,0,hold,hold,14.6,14.6,2,8,2026-09-06 16:17:44,2026-09-06 16:17:59,lease_timed --clients 3 --rounds 2 --u 1 --l-ratio 0.0 --sd-ratio 1.0 --ttl-ratio 6.0 --pause-ratio 2.0 --fencing on --keep-going --mode timed
lease_timed,3,2,C=3 U=1 L=1 sd=1 TTL=6 pause=4 fence=on,timed,cmp,2844,4237,,0,hold,hold,6.7,6.7,2,8,2026-09-06 16:17:53,2026-09-06 16:17:59,lease_timed --clients 3 --rounds 2 --u 1 --l-ratio 1.0 --sd-ratio 1.0 --ttl-ratio 6.0 --pause-ratio 4.0 --fencing on --keep-going --mode timed
lease_timed,3,2,C=3 U=1 L=0 sd=1 TTL=10 pause=6 fence=on,timed,cmp,9546,11000,,0,hold,hold,14.7,14.7,2,8,2026-09-06 16:17:45,2026-09-06 16:18:00,lease_timed --clients 3 --rounds 2 --u 1 --l-ratio 0.0 --sd-ratio 1.0 --ttl-ratio 10.0 --pause-ratio 6.0 --fencing on --keep-going --mode timed
lease_timed,3,2,C=3 U=2 L=2 sd=0 TTL=6 pause=5 fence=off,timed,cmp,24,102,,0,hold,hold,0.2,0.2,2,8,2026-09-06 16:18:00,2026-09-06 16:18:00,lease_timed --clients 3 --rounds 2 --u 2 --l-ratio 1.0 --sd-ratio 0.0 --ttl-ratio 3.0 --pause-ratio 2.5 --fencing off --keep-going --mode timed
lease_timed,3,2,C=3 U=2 L=2 sd=0 TTL=6 pause=6 fence=on,timed,cmp,80,156,,0,hold,hold,0.4,0.4,2,8,2026-09-06 16:18:00,2026-09-06 16:18:00,lease_timed --clients 3 --rounds 2 --u 2 --l-ratio 1.0 --sd-ratio 0.0 --ttl-ratio 3.0 --pause-ratio 3.0 --fencing on --keep-going --mode timed
lease_timed,3,2,C=3 U=1 L=1 sd=1 TTL=10 pause=8 fence=on,timed,cmp,2844,4237,,0,hold,hold,6.7,6.7,2,8,2026-09-06 16:17:55,2026-09-06 16:18:01,lease_timed --clients 3 --rounds 2 --u 1 --l-ratio 1.0 --sd-ratio 1.0 --ttl-ratio 10.0 --pause-ratio 8.0 --fencing on --keep-going --mode timed
lease_timed,3,2,C=3 U=2 L=2 sd=0 TTL=10 pause=9 fence=off,timed,cmp,384,754,,0,hold,hold,1.4,1.4,2,8,2026-09-06 16:18:00,2026-09-06 16:18:02,lease_timed --clients 3 --rounds 2 --u 2 --l-ratio 1.0 --sd-ratio 0.0 --ttl-ratio 5.0 --pause-ratio 4.5 --fencing off --keep-going --mode timed
lease_timed,3,2,C=3 U=2 L=2 sd=1 TTL=6 pause=3 fence=off,timed,cmp,44,263,,0,hold,hold,0.4,0.3,2,8,2026-09-06 16:18:02,2026-09-06 16:18:02,lease_timed --clients 3 --rounds 2 --u 2 --l-ratio 1.0 --sd-ratio 0.5 --ttl-ratio 3.0 --pause-ratio 1.5 --fencing off --keep-going --mode timed
lease_timed,3,2,C=3 U=2 L=2 sd=1 TTL=6 pause=4 fence=on,timed,cmp,95,336,,0,hold,hold,0.5,0.5,2,8,2026-09-06 16:18:02,2026-09-06 16:18:02,lease_timed --clients 3 --rounds 2 --u 2 --l-ratio 1.0 --sd-ratio 0.5 --ttl-ratio 3.0 --pause-ratio 2.0 --fencing on --keep-going --mode timed
lease_timed,3,2,C=3 U=2 L=0 sd=0 TTL=6 pause=1 fence=off,timed,cmp,4352,6571,,0,hold,hold,8.4,8.4,2,8,2026-09-06 16:17:55,2026-09-06 16:18:04,lease_timed --clients 3 --rounds 2 --u 2 --l-ratio 0.0 --sd-ratio 0.0 --ttl-ratio 3.0 --pause-ratio 0.5 --fencing off --keep-going --mode timed
lease_timed,3,2,C=3 U=2 L=2 sd=0 TTL=10 pause=10 fence=on,timed,cmp,1280,1158,,0,hold,hold,2.9,2.9,2,8,2026-09-06 16:18:01,2026-09-06 16:18:04,lease_timed --clients 3 --rounds 2 --u 2 --l-ratio 1.0 --sd-ratio 0.0 --ttl-ratio 5.0 --pause-ratio 5.0 --fencing on --keep-going --mode timed
swim_timed,3,2,N=3 U=1 L=0 sd=0 Wp=1 Ws=3,baseline,cmp,8,7,,15,FIRE,FIRE,0.0,0.0,2,8,2026-09-06 16:18:04,2026-09-06 16:18:04,swim_timed --nodes 3 --rounds 2 --u 1 --l-ratio 0.0 --sd-ratio 0.0 --w-probe-ratio 1.0 --w-suspect-ratio 3.0 --keep-going --mode baseline
swim_timed,3,2,N=3 U=1 L=0 sd=1 Wp=1 Ws=5,baseline,cmp,8,7,,15,FIRE,FIRE,0.0,0.0,2,8,2026-09-06 16:18:04,2026-09-06 16:18:04,swim_timed --nodes 3 --rounds 2 --u 1 --l-ratio 0.0 --sd-ratio 1.0 --w-probe-ratio 1.0 --w-suspect-ratio 5.0 --keep-going --mode baseline
swim_timed,3,2,N=3 U=1 L=1 sd=0 Wp=1 Ws=2,baseline,cmp,8,7,,15,FIRE,FIRE,0.0,0.0,2,8,2026-09-06 16:18:04,2026-09-06 16:18:04,swim_timed --nodes 3 --rounds 2 --u 1 --l-ratio 1.0 --sd-ratio 0.0 --w-probe-ratio 1.0 --w-suspect-ratio 2.0 --keep-going --mode baseline
swim_timed,3,2,N=3 U=1 L=1 sd=1 Wp=1 Ws=4,baseline,cmp,8,7,,15,FIRE,FIRE,0.0,0.0,2,8,2026-09-06 16:18:04,2026-09-06 16:18:04,swim_timed --nodes 3 --rounds 2 --u 1 --l-ratio 1.0 --sd-ratio 1.0 --w-probe-ratio 1.0 --w-suspect-ratio 4.0 --keep-going --mode baseline
swim_timed,3,2,N=3 U=2 L=0 sd=0 Wp=2 Ws=5,baseline,cmp,8,7,,15,FIRE,FIRE,0.0,0.0,2,8,2026-09-06 16:18:04,2026-09-06 16:18:04,swim_timed --nodes 3 --rounds 2 --u 2 --l-ratio 0.0 --sd-ratio 0.0 --w-probe-ratio 1.0 --w-suspect-ratio 2.5 --keep-going --mode baseline
swim_timed,3,2,N=3 U=2 L=0 sd=1 Wp=2 Ws=7,baseline,cmp,8,7,,15,FIRE,FIRE,0.0,0.0,2,8,2026-09-06 16:18:04,2026-09-06 16:18:04,swim_timed --nodes 3 --rounds 2 --u 2 --l-ratio 0.0 --sd-ratio 0.5 --w-probe-ratio 1.0 --w-suspect-ratio 3.5 --keep-going --mode baseline
swim_timed,3,2,N=3 U=2 L=2 sd=0 Wp=2 Ws=3,baseline,cmp,8,7,,15,FIRE,FIRE,0.0,0.0,2,8,2026-09-06 16:18:04,2026-09-06 16:18:04,swim_timed --nodes 3 --rounds 2 --u 2 --l-ratio 1.0 --sd-ratio 0.0 --w-probe-ratio 1.0 --w-suspect-ratio 1.5 --keep-going --mode baseline
swim_timed,3,2,N=3 U=2 L=2 sd=1 Wp=2 Ws=5,baseline,cmp,8,7,,15,FIRE,FIRE,0.0,0.0,2,8,2026-09-06 16:18:04,2026-09-06 16:18:04,swim_timed --nodes 3 --rounds 2 --u 2 --l-ratio 1.0 --sd-ratio 0.5 --w-probe-ratio 1.0 --w-suspect-ratio 2.5 --keep-going --mode baseline
swim_timed,3,2,N=3 U=1 L=0 sd=0 Wp=1 Ws=3,timed,cmp,4,21,,0,hold,hold,0.0,0.0,2,8,2026-09-06 16:18:04,2026-09-06 16:18:04,swim_timed --nodes 3 --rounds 2 --u 1 --l-ratio 0.0 --sd-ratio 0.0 --w-probe-ratio 1.0 --w-suspect-ratio 3.0 --keep-going --mode timed
swim_timed,3,2,N=3 U=1 L=0 sd=1 Wp=1 Ws=5,timed,cmp,4,14,,0,hold,hold,0.0,0.0,2,8,2026-09-06 16:18:04,2026-09-06 16:18:04,swim_timed --nodes 3 --rounds 2 --u 1 --l-ratio 0.0 --sd-ratio 1.0 --w-probe-ratio 1.0 --w-suspect-ratio 5.0 --keep-going --mode timed
swim_timed,3,2,N=3 U=1 L=1 sd=0 Wp=1 Ws=2,timed,cmp,1,7,,0,hold,hold,0.0,0.0,2,8,2026-09-06 16:18:04,2026-09-06 16:18:04,swim_timed --nodes 3 --rounds 2 --u 1 --l-ratio 1.0 --sd-ratio 0.0 --w-probe-ratio 1.0 --w-suspect-ratio 2.0 --keep-going --mode timed
swim_timed,3,2,N=3 U=1 L=1 sd=1 Wp=1 Ws=4,timed,cmp,1,7,,0,hold,hold,0.0,0.0,2,8,2026-09-06 16:18:04,2026-09-06 16:18:04,swim_timed --nodes 3 --rounds 2 --u 1 --l-ratio 1.0 --sd-ratio 1.0 --w-probe-ratio 1.0 --w-suspect-ratio 4.0 --keep-going --mode timed
swim_timed,3,2,N=3 U=2 L=0 sd=0 Wp=2 Ws=5,timed,cmp,4,21,,0,hold,hold,0.0,0.0,2,8,2026-09-06 16:18:04,2026-09-06 16:18:04,swim_timed --nodes 3 --rounds 2 --u 2 --l-ratio 0.0 --sd-ratio 0.0 --w-probe-ratio 1.0 --w-suspect-ratio 2.5 --keep-going --mode timed
swim_timed,3,2,N=3 U=2 L=0 sd=1 Wp=2 Ws=7,timed,cmp,4,21,,0,hold,hold,0.0,0.0,2,8,2026-09-06 16:18:04,2026-09-06 16:18:04,swim_timed --nodes 3 --rounds 2 --u 2 --l-ratio 0.0 --sd-ratio 0.5 --w-probe-ratio 1.0 --w-suspect-ratio 3.5 --keep-going --mode timed
swim_timed,3,2,N=3 U=2 L=2 sd=0 Wp=2 Ws=3,timed,cmp,1,7,,0,hold,hold,0.0,0.0,2,8,2026-09-06 16:18:04,2026-09-06 16:18:04,swim_timed --nodes 3 --rounds 2 --u 2 --l-ratio 1.0 --sd-ratio 0.0 --w-probe-ratio 1.0 --w-suspect-ratio 1.5 --keep-going --mode timed
swim_timed,3,2,N=3 U=2 L=2 sd=1 Wp=2 Ws=5,timed,cmp,1,7,,0,hold,hold,0.0,0.0,2,8,2026-09-06 16:18:04,2026-09-06 16:18:05,swim_timed --nodes 3 --rounds 2 --u 2 --l-ratio 1.0 --sd-ratio 0.5 --w-probe-ratio 1.0 --w-suspect-ratio 2.5 --keep-going --mode timed
swim_timed,5,1,N=5 U=1 L=0 sd=0 Wp=1 Ws=3,baseline,cmp,9,8,,32,FIRE,FIRE,0.0,0.0,2,8,2026-09-06 16:18:05,2026-09-06 16:18:05,swim_timed --nodes 5 --rounds 1 --u 1 --l-ratio 0.0 --sd-ratio 0.0 --w-probe-ratio 1.0 --w-suspect-ratio 3.0 --keep-going --mode baseline
swim_timed,5,1,N=5 U=1 L=0 sd=1 Wp=1 Ws=5,baseline,cmp,9,8,,32,FIRE,FIRE,0.0,0.0,2,8,2026-09-06 16:18:05,2026-09-06 16:18:05,swim_timed --nodes 5 --rounds 1 --u 1 --l-ratio 0.0 --sd-ratio 1.0 --w-probe-ratio 1.0 --w-suspect-ratio 5.0 --keep-going --mode baseline
swim_timed,5,1,N=5 U=1 L=1 sd=0 Wp=1 Ws=2,baseline,cmp,9,8,,32,FIRE,FIRE,0.0,0.0,2,8,2026-09-06 16:18:05,2026-09-06 16:18:05,swim_timed --nodes 5 --rounds 1 --u 1 --l-ratio 1.0 --sd-ratio 0.0 --w-probe-ratio 1.0 --w-suspect-ratio 2.0 --keep-going --mode baseline
swim_timed,5,1,N=5 U=1 L=1 sd=1 Wp=1 Ws=4,baseline,cmp,9,8,,32,FIRE,FIRE,0.0,0.0,2,8,2026-09-06 16:18:05,2026-09-06 16:18:05,swim_timed --nodes 5 --rounds 1 --u 1 --l-ratio 1.0 --sd-ratio 1.0 --w-probe-ratio 1.0 --w-suspect-ratio 4.0 --keep-going --mode baseline
swim_timed,5,1,N=5 U=2 L=0 sd=0 Wp=2 Ws=5,baseline,cmp,9,8,,32,FIRE,FIRE,0.0,0.0,2,8,2026-09-06 16:18:05,2026-09-06 16:18:05,swim_timed --nodes 5 --rounds 1 --u 2 --l-ratio 0.0 --sd-ratio 0.0 --w-probe-ratio 1.0 --w-suspect-ratio 2.5 --keep-going --mode baseline
swim_timed,5,1,N=5 U=2 L=0 sd=1 Wp=2 Ws=7,baseline,cmp,9,8,,32,FIRE,FIRE,0.0,0.0,2,8,2026-09-06 16:18:05,2026-09-06 16:18:05,swim_timed --nodes 5 --rounds 1 --u 2 --l-ratio 0.0 --sd-ratio 0.5 --w-probe-ratio 1.0 --w-suspect-ratio 3.5 --keep-going --mode baseline
swim_timed,5,1,N=5 U=2 L=2 sd=0 Wp=2 Ws=3,baseline,cmp,9,8,,32,FIRE,FIRE,0.0,0.0,2,8,2026-09-06 16:18:05,2026-09-06 16:18:05,swim_timed --nodes 5 --rounds 1 --u 2 --l-ratio 1.0 --sd-ratio 0.0 --w-probe-ratio 1.0 --w-suspect-ratio 1.5 --keep-going --mode baseline
swim_timed,5,1,N=5 U=2 L=2 sd=1 Wp=2 Ws=5,baseline,cmp,9,8,,32,FIRE,FIRE,0.0,0.0,2,8,2026-09-06 16:18:05,2026-09-06 16:18:05,swim_timed --nodes 5 --rounds 1 --u 2 --l-ratio 1.0 --sd-ratio 0.5 --w-probe-ratio 1.0 --w-suspect-ratio 2.5 --keep-going --mode baseline
swim_timed,5,1,N=5 U=1 L=0 sd=0 Wp=1 Ws=3,timed,cmp,2,42,,0,hold,hold,0.0,0.0,2,8,2026-09-06 16:18:05,2026-09-06 16:18:05,swim_timed --nodes 5 --rounds 1 --u 1 --l-ratio 0.0 --sd-ratio 0.0 --w-probe-ratio 1.0 --w-suspect-ratio 3.0 --keep-going --mode timed
swim_timed,5,1,N=5 U=1 L=0 sd=1 Wp=1 Ws=5,timed,cmp,2,34,,0,hold,hold,0.0,0.0,2,8,2026-09-06 16:18:05,2026-09-06 16:18:05,swim_timed --nodes 5 --rounds 1 --u 1 --l-ratio 0.0 --sd-ratio 1.0 --w-probe-ratio 1.0 --w-suspect-ratio 5.0 --keep-going --mode timed
swim_timed,5,1,N=5 U=1 L=1 sd=0 Wp=1 Ws=2,timed,cmp,1,15,,0,hold,hold,0.0,0.0,2,8,2026-09-06 16:18:05,2026-09-06 16:18:05,swim_timed --nodes 5 --rounds 1 --u 1 --l-ratio 1.0 --sd-ratio 0.0 --w-probe-ratio 1.0 --w-suspect-ratio 2.0 --keep-going --mode timed
swim_timed,5,1,N=5 U=1 L=1 sd=1 Wp=1 Ws=4,timed,cmp,1,15,,0,hold,hold,0.0,0.0,2,8,2026-09-06 16:18:05,2026-09-06 16:18:05,swim_timed --nodes 5 --rounds 1 --u 1 --l-ratio 1.0 --sd-ratio 1.0 --w-probe-ratio 1.0 --w-suspect-ratio 4.0 --keep-going --mode timed
swim_timed,5,1,N=5 U=2 L=0 sd=0 Wp=2 Ws=5,timed,cmp,2,42,,0,hold,hold,0.0,0.0,2,8,2026-09-06 16:18:05,2026-09-06 16:18:05,swim_timed --nodes 5 --rounds 1 --u 2 --l-ratio 0.0 --sd-ratio 0.0 --w-probe-ratio 1.0 --w-suspect-ratio 2.5 --keep-going --mode timed
swim_timed,5,1,N=5 U=2 L=0 sd=1 Wp=2 Ws=7,timed,cmp,2,42,,0,hold,hold,0.0,0.0,2,8,2026-09-06 16:18:05,2026-09-06 16:18:05,swim_timed --nodes 5 --rounds 1 --u 2 --l-ratio 0.0 --sd-ratio 0.5 --w-probe-ratio 1.0 --w-suspect-ratio 3.5 --keep-going --mode timed
swim_timed,5,1,N=5 U=2 L=2 sd=0 Wp=2 Ws=3,timed,cmp,1,15,,0,hold,hold,0.0,0.0,2,8,2026-09-06 16:18:05,2026-09-06 16:18:05,swim_timed --nodes 5 --rounds 1 --u 2 --l-ratio 1.0 --sd-ratio 0.0 --w-probe-ratio 1.0 --w-suspect-ratio 1.5 --keep-going --mode timed
swim_timed,5,1,N=5 U=2 L=2 sd=1 Wp=2 Ws=5,timed,cmp,1,15,,0,hold,hold,0.0,0.0,2,8,2026-09-06 16:18:05,2026-09-06 16:18:05,swim_timed --nodes 5 --rounds 1 --u 2 --l-ratio 1.0 --sd-ratio 0.5 --w-probe-ratio 1.0 --w-suspect-ratio 2.5 --keep-going --mode timed
lease_timed,2,3,C=2 U=1 L=0 sd=0 TTL=6 pause=3 fence=off,baseline,cmp,512,292,,292,FIRE,FIRE,0.1,0.1,2,8,2026-09-06 16:18:05,2026-09-06 16:18:05,lease_timed --clients 2 --rounds 3 --u 1 --l-ratio 0.0 --sd-ratio 0.0 --ttl-ratio 6.0 --pause-ratio 3.0 --fencing off --keep-going --mode baseline
lease_timed,2,3,C=2 U=1 L=0 sd=0 TTL=6 pause=4 fence=on,baseline,cmp,1728,0,,0,hold,hold,0.2,0.2,2,8,2026-09-06 16:18:05,2026-09-06 16:18:05,lease_timed --clients 2 --rounds 3 --u 1 --l-ratio 0.0 --sd-ratio 0.0 --ttl-ratio 6.0 --pause-ratio 4.0 --fencing on --keep-going --mode baseline
lease_timed,2,3,C=2 U=1 L=0 sd=0 TTL=10 pause=7 fence=off,baseline,cmp,512,292,,292,FIRE,FIRE,0.1,0.1,2,8,2026-09-06 16:18:05,2026-09-06 16:18:05,lease_timed --clients 2 --rounds 3 --u 1 --l-ratio 0.0 --sd-ratio 0.0 --ttl-ratio 10.0 --pause-ratio 7.0 --fencing off --keep-going --mode baseline
lease_timed,2,3,C=2 U=1 L=0 sd=0 TTL=10 pause=8 fence=on,baseline,cmp,1728,0,,0,hold,hold,0.2,0.2,2,8,2026-09-06 16:18:05,2026-09-06 16:18:05,lease_timed --clients 2 --rounds 3 --u 1 --l-ratio 0.0 --sd-ratio 0.0 --ttl-ratio 10.0 --pause-ratio 8.0 --fencing on --keep-going --mode baseline
lease_timed,2,3,C=2 U=1 L=0 sd=1 TTL=6 pause=1 fence=off,baseline,cmp,512,292,,292,FIRE,FIRE,0.1,0.1,2,8,2026-09-06 16:18:05,2026-09-06 16:18:05,lease_timed --clients 2 --rounds 3 --u 1 --l-ratio 0.0 --sd-ratio 1.0 --ttl-ratio 6.0 --pause-ratio 1.0 --fencing off --keep-going --mode baseline
lease_timed,3,2,C=3 U=2 L=2 sd=1 TTL=10 pause=7 fence=off,timed,cmp,888,2060,,0,hold,hold,3.1,3.1,2,8,2026-09-06 16:18:02,2026-09-06 16:18:05,lease_timed --clients 3 --rounds 2 --u 2 --l-ratio 1.0 --sd-ratio 0.5 --ttl-ratio 5.0 --pause-ratio 3.5 --fencing off --keep-going --mode timed
lease_timed,2,3,C=2 U=1 L=0 sd=1 TTL=10 pause=5 fence=off,baseline,cmp,512,292,,292,FIRE,FIRE,0.1,0.1,2,8,2026-09-06 16:18:05,2026-09-06 16:18:06,lease_timed --clients 2 --rounds 3 --u 1 --l-ratio 0.0 --sd-ratio 1.0 --ttl-ratio 10.0 --pause-ratio 5.0 --fencing off --keep-going --mode baseline
lease_timed,2,3,C=2 U=1 L=0 sd=1 TTL=6 pause=2 fence=on,baseline,cmp,1728,0,,0,hold,hold,0.2,0.2,2,8,2026-09-06 16:18:05,2026-09-06 16:18:06,lease_timed --clients 2 --rounds 3 --u 1 --l-ratio 0.0 --sd-ratio 1.0 --ttl-ratio 6.0 --pause-ratio 2.0 --fencing on --keep-going --mode baseline
lease_timed,2,3,C=2 U=1 L=1 sd=0 TTL=6 pause=5 fence=off,baseline,cmp,512,292,,292,FIRE,FIRE,0.1,0.1,2,8,2026-09-06 16:18:06,2026-09-06 16:18:06,lease_timed --clients 2 --rounds 3 --u 1 --l-ratio 1.0 --sd-ratio 0.0 --ttl-ratio 6.0 --pause-ratio 5.0 --fencing off --keep-going --mode baseline
lease_timed,2,3,C=2 U=1 L=0 sd=1 TTL=10 pause=6 fence=on,baseline,cmp,1728,0,,0,hold,hold,0.2,0.2,2,8,2026-09-06 16:18:06,2026-09-06 16:18:06,lease_timed --clients 2 --rounds 3 --u 1 --l-ratio 0.0 --sd-ratio 1.0 --ttl-ratio 10.0 --pause-ratio 6.0 --fencing on --keep-going --mode baseline
lease_timed,2,3,C=2 U=1 L=1 sd=0 TTL=10 pause=9 fence=off,baseline,cmp,512,292,,292,FIRE,FIRE,0.1,0.1,2,8,2026-09-06 16:18:06,2026-09-06 16:18:06,lease_timed --clients 2 --rounds 3 --u 1 --l-ratio 1.0 --sd-ratio 0.0 --ttl-ratio 10.0 --pause-ratio 9.0 --fencing off --keep-going --mode baseline
lease_timed,2,3,C=2 U=1 L=1 sd=0 TTL=6 pause=6 fence=on,baseline,cmp,1728,0,,0,hold,hold,0.2,0.2,2,8,2026-09-06 16:18:06,2026-09-06 16:18:06,lease_timed --clients 2 --rounds 3 --u 1 --l-ratio 1.0 --sd-ratio 0.0 --ttl-ratio 6.0 --pause-ratio 6.0 --fencing on --keep-going --mode baseline
lease_timed,2,3,C=2 U=1 L=1 sd=1 TTL=6 pause=3 fence=off,baseline,cmp,512,292,,292,FIRE,FIRE,0.1,0.1,2,8,2026-09-06 16:18:06,2026-09-06 16:18:06,lease_timed --clients 2 --rounds 3 --u 1 --l-ratio 1.0 --sd-ratio 1.0 --ttl-ratio 6.0 --pause-ratio 3.0 --fencing off --keep-going --mode baseline
lease_timed,2,3,C=2 U=1 L=1 sd=0 TTL=10 pause=10 fence=on,baseline,cmp,1728,0,,0,hold,hold,0.2,0.2,2,8,2026-09-06 16:18:06,2026-09-06 16:18:06,lease_timed --clients 2 --rounds 3 --u 1 --l-ratio 1.0 --sd-ratio 0.0 --ttl-ratio 10.0 --pause-ratio 10.0 --fencing on --keep-going --mode baseline
lease_timed,3,2,C=3 U=2 L=0 sd=0 TTL=10 pause=5 fence=off,timed,cmp,4352,6571,,0,hold,hold,8.5,8.5,2,8,2026-09-06 16:17:58,2026-09-06 16:18:06,lease_timed --clients 3 --rounds 2 --u 2 --l-ratio 0.0 --sd-ratio 0.0 --ttl-ratio 5.0 --pause-ratio 2.5 --fencing off --keep-going --mode timed
lease_timed,2,3,C=2 U=1 L=1 sd=1 TTL=10 pause=7 fence=off,baseline,cmp,512,292,,292,FIRE,FIRE,0.1,0.1,2,8,2026-09-06 16:18:06,2026-09-06 16:18:06,lease_timed --clients 2 --rounds 3 --u 1 --l-ratio 1.0 --sd-ratio 1.0 --ttl-ratio 10.0 --pause-ratio 7.0 --fencing off --keep-going --mode baseline
lease_timed,2,3,C=2 U=1 L=1 sd=1 TTL=6 pause=4 fence=on,baseline,cmp,1728,0,,0,hold,hold,0.2,0.2,2,8,2026-09-06 16:18:06,2026-09-06 16:18:06,lease_timed --clients 2 --rounds 3 --u 1 --l-ratio 1.0 --sd-ratio 1.0 --ttl-ratio 6.0 --pause-ratio 4.0 --fencing on --keep-going --mode baseline
lease_timed,2,3,C=2 U=2 L=0 sd=0 TTL=6 pause=1 fence=off,baseline,cmp,512,292,,292,FIRE,FIRE,0.1,0.1,2,8,2026-09-06 16:18:06,2026-09-06 16:18:06,lease_timed --clients 2 --rounds 3 --u 2 --l-ratio 0.0 --sd-ratio 0.0 --ttl-ratio 3.0 --pause-ratio 0.5 --fencing off --keep-going --mode baseline
lease_timed,2,3,C=2 U=1 L=1 sd=1 TTL=10 pause=8 fence=on,baseline,cmp,1728,0,,0,hold,hold,0.2,0.2,2,8,2026-09-06 16:18:06,2026-09-06 16:18:06,lease_timed --clients 2 --rounds 3 --u 1 --l-ratio 1.0 --sd-ratio 1.0 --ttl-ratio 10.0 --pause-ratio 8.0 --fencing on --keep-going --mode baseline
lease_timed,2,3,C=2 U=2 L=0 sd=0 TTL=10 pause=5 fence=off,baseline,cmp,512,292,,292,FIRE,FIRE,0.1,0.1,2,8,2026-09-06 16:18:06,2026-09-06 16:18:06,lease_timed --clients 2 --rounds 3 --u 2 --l-ratio 0.0 --sd-ratio 0.0 --ttl-ratio 5.0 --pause-ratio 2.5 --fencing off --keep-going --mode baseline
lease_timed,2,3,C=2 U=2 L=0 sd=0 TTL=6 pause=2 fence=on,baseline,cmp,1728,0,,0,hold,hold,0.2,0.2,2,8,2026-09-06 16:18:06,2026-09-06 16:18:06,lease_timed --clients 2 --rounds 3 --u 2 --l-ratio 0.0 --sd-ratio 0.0 --ttl-ratio 3.0 --pause-ratio 1.0 --fencing on --keep-going --mode baseline
lease_timed,2,3,C=2 U=2 L=0 sd=1 TTL=10 pause=3 fence=off,baseline,cmp,512,292,,292,FIRE,FIRE,0.1,0.1,2,8,2026-09-06 16:18:06,2026-09-06 16:18:07,lease_timed --clients 2 --rounds 3 --u 2 --l-ratio 0.0 --sd-ratio 0.5 --ttl-ratio 5.0 --pause-ratio 1.5 --fencing off --keep-going --mode baseline
lease_timed,2,3,C=2 U=2 L=0 sd=0 TTL=10 pause=6 fence=on,baseline,cmp,1728,0,,0,hold,hold,0.2,0.2,2,8,2026-09-06 16:18:06,2026-09-06 16:18:07,lease_timed --clients 2 --rounds 3 --u 2 --l-ratio 0.0 --sd-ratio 0.0 --ttl-ratio 5.0 --pause-ratio 3.0 --fencing on --keep-going --mode baseline
lease_timed,2,3,C=2 U=2 L=0 sd=1 TTL=10 pause=4 fence=on,baseline,cmp,1728,0,,0,hold,hold,0.2,0.2,2,8,2026-09-06 16:18:06,2026-09-06 16:18:07,lease_timed --clients 2 --rounds 3 --u 2 --l-ratio 0.0 --sd-ratio 0.5 --ttl-ratio 5.0 --pause-ratio 2.0 --fencing on --keep-going --mode baseline
lease_timed,2,3,C=2 U=2 L=2 sd=0 TTL=6 pause=5 fence=off,baseline,cmp,512,292,,292,FIRE,FIRE,0.1,0.1,2,8,2026-09-06 16:18:07,2026-09-06 16:18:07,lease_timed --clients 2 --rounds 3 --u 2 --l-ratio 1.0 --sd-ratio 0.0 --ttl-ratio 3.0 --pause-ratio 2.5 --fencing off --keep-going --mode baseline
lease_timed,2,3,C=2 U=2 L=2 sd=0 TTL=10 pause=9 fence=off,baseline,cmp,512,292,,292,FIRE,FIRE,0.1,0.1,2,8,2026-09-06 16:18:07,2026-09-06 16:18:07,lease_timed --clients 2 --rounds 3 --u 2 --l-ratio 1.0 --sd-ratio 0.0 --ttl-ratio 5.0 --pause-ratio 4.5 --fencing off --keep-going --mode baseline
lease_timed,2,3,C=2 U=2 L=2 sd=0 TTL=6 pause=6 fence=on,baseline,cmp,1728,0,,0,hold,hold,0.2,0.2,2,8,2026-09-06 16:18:07,2026-09-06 16:18:07,lease_timed --clients 2 --rounds 3 --u 2 --l-ratio 1.0 --sd-ratio 0.0 --ttl-ratio 3.0 --pause-ratio 3.0 --fencing on --keep-going --mode baseline
lease_timed,2,3,C=2 U=2 L=2 sd=0 TTL=10 pause=10 fence=on,baseline,cmp,1728,0,,0,hold,hold,0.2,0.2,2,8,2026-09-06 16:18:07,2026-09-06 16:18:07,lease_timed --clients 2 --rounds 3 --u 2 --l-ratio 1.0 --sd-ratio 0.0 --ttl-ratio 5.0 --pause-ratio 5.0 --fencing on --keep-going --mode baseline
lease_timed,2,3,C=2 U=2 L=2 sd=1 TTL=6 pause=3 fence=off,baseline,cmp,512,292,,292,FIRE,FIRE,0.1,0.1,2,8,2026-09-06 16:18:07,2026-09-06 16:18:07,lease_timed --clients 2 --rounds 3 --u 2 --l-ratio 1.0 --sd-ratio 0.5 --ttl-ratio 3.0 --pause-ratio 1.5 --fencing off --keep-going --mode baseline
lease_timed,2,3,C=2 U=2 L=2 sd=1 TTL=10 pause=7 fence=off,baseline,cmp,512,292,,292,FIRE,FIRE,0.1,0.1,2,8,2026-09-06 16:18:07,2026-09-06 16:18:07,lease_timed --clients 2 --rounds 3 --u 2 --l-ratio 1.0 --sd-ratio 0.5 --ttl-ratio 5.0 --pause-ratio 3.5 --fencing off --keep-going --mode baseline
lease_timed,2,3,C=2 U=2 L=2 sd=1 TTL=6 pause=4 fence=on,baseline,cmp,1728,0,,0,hold,hold,0.2,0.2,2,8,2026-09-06 16:18:07,2026-09-06 16:18:07,lease_timed --clients 2 --rounds 3 --u 2 --l-ratio 1.0 --sd-ratio 0.5 --ttl-ratio 3.0 --pause-ratio 2.0 --fencing on --keep-going --mode baseline
lease_timed,2,3,C=2 U=2 L=2 sd=1 TTL=10 pause=8 fence=on,baseline,cmp,1728,0,,0,hold,hold,0.2,0.2,2,8,2026-09-06 16:18:07,2026-09-06 16:18:07,lease_timed --clients 2 --rounds 3 --u 2 --l-ratio 1.0 --sd-ratio 0.5 --ttl-ratio 5.0 --pause-ratio 4.0 --fencing on --keep-going --mode baseline
lease_timed,3,2,C=3 U=2 L=0 sd=1 TTL=10 pause=3 fence=off,timed,cmp,4352,6571,,0,hold,hold,8.5,8.5,2,8,2026-09-06 16:17:59,2026-09-06 16:18:07,lease_timed --clients 3 --rounds 2 --u 2 --l-ratio 0.0 --sd-ratio 0.5 --ttl-ratio 5.0 --pause-ratio 1.5 --fencing off --keep-going --mode timed
lease_timed,2,3,C=2 U=1 L=0 sd=0 TTL=6 pause=3 fence=off,timed,cmp,512,438,,0,hold,hold,0.7,0.7,2,8,2026-09-06 16:18:07,2026-09-06 16:18:08,lease_timed --clients 2 --rounds 3 --u 1 --l-ratio 0.0 --sd-ratio 0.0 --ttl-ratio 6.0 --pause-ratio 3.0 --fencing off --keep-going --mode timed
lease_timed,2,3,C=2 U=1 L=0 sd=0 TTL=10 pause=7 fence=off,timed,cmp,512,438,,0,hold,hold,0.7,0.7,2,8,2026-09-06 16:18:07,2026-09-06 16:18:08,lease_timed --clients 2 --rounds 3 --u 1 --l-ratio 0.0 --sd-ratio 0.0 --ttl-ratio 10.0 --pause-ratio 7.0 --fencing off --keep-going --mode timed
lease_timed,2,3,C=2 U=1 L=0 sd=1 TTL=6 pause=1 fence=off,timed,cmp,512,438,,0,hold,hold,0.7,0.6,2,8,2026-09-06 16:18:08,2026-09-06 16:18:08,lease_timed --clients 2 --rounds 3 --u 1 --l-ratio 0.0 --sd-ratio 1.0 --ttl-ratio 6.0 --pause-ratio 1.0 --fencing off --keep-going --mode timed
lease_timed,2,3,C=2 U=1 L=0 sd=0 TTL=6 pause=4 fence=on,timed,cmp,1485,1108,,0,hold,hold,1.6,1.6,2,8,2026-09-06 16:18:07,2026-09-06 16:18:09,lease_timed --clients 2 --rounds 3 --u 1 --l-ratio 0.0 --sd-ratio 0.0 --ttl-ratio 6.0 --pause-ratio 4.0 --fencing on --keep-going --mode timed
lease_timed,2,3,C=2 U=1 L=0 sd=0 TTL=10 pause=8 fence=on,timed,cmp,1485,1108,,0,hold,hold,1.6,1.6,2,8,2026-09-06 16:18:07,2026-09-06 16:18:09,lease_timed --clients 2 --rounds 3 --u 1 --l-ratio 0.0 --sd-ratio 0.0 --ttl-ratio 10.0 --pause-ratio 8.0 --fencing on --keep-going --mode timed
lease_timed,2,3,C=2 U=1 L=1 sd=0 TTL=6 pause=5 fence=off,timed,cmp,16,27,,0,hold,hold,0.1,0.1,2,8,2026-09-06 16:18:09,2026-09-06 16:18:09,lease_timed --clients 2 --rounds 3 --u 1 --l-ratio 1.0 --sd-ratio 0.0 --ttl-ratio 6.0 --pause-ratio 5.0 --fencing off --keep-going --mode timed
lease_timed,2,3,C=2 U=1 L=0 sd=1 TTL=10 pause=5 fence=off,timed,cmp,512,438,,0,hold,hold,0.7,0.7,2,8,2026-09-06 16:18:08,2026-09-06 16:18:09,lease_timed --clients 2 --rounds 3 --u 1 --l-ratio 0.0 --sd-ratio 1.0 --ttl-ratio 10.0 --pause-ratio 5.0 --fencing off --keep-going --mode timed
lease_timed,2,3,C=2 U=1 L=1 sd=0 TTL=10 pause=9 fence=off,timed,cmp,16,27,,0,hold,hold,0.1,0.1,2,8,2026-09-06 16:18:09,2026-09-06 16:18:09,lease_timed --clients 2 --rounds 3 --u 1 --l-ratio 1.0 --sd-ratio 0.0 --ttl-ratio 10.0 --pause-ratio 9.0 --fencing off --keep-going --mode timed
lease_timed,2,3,C=2 U=1 L=1 sd=0 TTL=6 pause=6 fence=on,timed,cmp,96,31,,0,hold,hold,0.2,0.2,2,8,2026-09-06 16:18:09,2026-09-06 16:18:09,lease_timed --clients 2 --rounds 3 --u 1 --l-ratio 1.0 --sd-ratio 0.0 --ttl-ratio 6.0 --pause-ratio 6.0 --fencing on --keep-going --mode timed
lease_timed,3,2,C=3 U=2 L=2 sd=1 TTL=10 pause=8 fence=on,timed,cmp,2248,3365,,0,hold,hold,5.4,5.4,2,8,2026-09-06 16:18:04,2026-09-06 16:18:09,lease_timed --clients 3 --rounds 2 --u 2 --l-ratio 1.0 --sd-ratio 0.5 --ttl-ratio 5.0 --pause-ratio 4.0 --fencing on --keep-going --mode timed
lease_timed,2,3,C=2 U=1 L=1 sd=0 TTL=10 pause=10 fence=on,timed,cmp,96,31,,0,hold,hold,0.2,0.2,2,8,2026-09-06 16:18:09,2026-09-06 16:18:09,lease_timed --clients 2 --rounds 3 --u 1 --l-ratio 1.0 --sd-ratio 0.0 --ttl-ratio 10.0 --pause-ratio 10.0 --fencing on --keep-going --mode timed
lease_timed,2,3,C=2 U=1 L=1 sd=1 TTL=6 pause=3 fence=off,timed,cmp,76,138,,0,hold,hold,0.2,0.2,2,8,2026-09-06 16:18:09,2026-09-06 16:18:09,lease_timed --clients 2 --rounds 3 --u 1 --l-ratio 1.0 --sd-ratio 1.0 --ttl-ratio 6.0 --pause-ratio 3.0 --fencing off --keep-going --mode timed
lease_timed,2,3,C=2 U=1 L=0 sd=1 TTL=6 pause=2 fence=on,timed,cmp,1485,1108,,0,hold,hold,1.6,1.6,2,8,2026-09-06 16:18:08,2026-09-06 16:18:09,lease_timed --clients 2 --rounds 3 --u 1 --l-ratio 0.0 --sd-ratio 1.0 --ttl-ratio 6.0 --pause-ratio 2.0 --fencing on --keep-going --mode timed
lease_timed,2,3,C=2 U=1 L=1 sd=1 TTL=10 pause=7 fence=off,timed,cmp,76,138,,0,hold,hold,0.2,0.2,2,8,2026-09-06 16:18:09,2026-09-06 16:18:09,lease_timed --clients 2 --rounds 3 --u 1 --l-ratio 1.0 --sd-ratio 1.0 --ttl-ratio 10.0 --pause-ratio 7.0 --fencing off --keep-going --mode timed
lease_timed,2,3,C=2 U=1 L=1 sd=1 TTL=6 pause=4 fence=on,timed,cmp,385,408,,0,hold,hold,0.7,0.7,2,8,2026-09-06 16:18:09,2026-09-06 16:18:10,lease_timed --clients 2 --rounds 3 --u 1 --l-ratio 1.0 --sd-ratio 1.0 --ttl-ratio 6.0 --pause-ratio 4.0 --fencing on --keep-going --mode timed
lease_timed,2,3,C=2 U=1 L=1 sd=1 TTL=10 pause=8 fence=on,timed,cmp,385,408,,0,hold,hold,0.7,0.7,2,8,2026-09-06 16:18:09,2026-09-06 16:18:10,lease_timed --clients 2 --rounds 3 --u 1 --l-ratio 1.0 --sd-ratio 1.0 --ttl-ratio 10.0 --pause-ratio 8.0 --fencing on --keep-going --mode timed
lease_timed,2,3,C=2 U=2 L=0 sd=0 TTL=6 pause=1 fence=off,timed,cmp,576,526,,0,hold,hold,0.7,0.7,2,8,2026-09-06 16:18:09,2026-09-06 16:18:10,lease_timed --clients 2 --rounds 3 --u 2 --l-ratio 0.0 --sd-ratio 0.0 --ttl-ratio 3.0 --pause-ratio 0.5 --fencing off --keep-going --mode timed
lease_timed,2,3,C=2 U=1 L=0 sd=1 TTL=10 pause=6 fence=on,timed,cmp,1485,1108,,0,hold,hold,1.6,1.6,2,8,2026-09-06 16:18:09,2026-09-06 16:18:10,lease_timed --clients 2 --rounds 3 --u 1 --l-ratio 0.0 --sd-ratio 1.0 --ttl-ratio 10.0 --pause-ratio 6.0 --fencing on --keep-going --mode timed
lease_timed,2,3,C=2 U=2 L=0 sd=0 TTL=10 pause=5 fence=off,timed,cmp,576,526,,0,hold,hold,0.8,0.7,2,8,2026-09-06 16:18:10,2026-09-06 16:18:11,lease_timed --clients 2 --rounds 3 --u 2 --l-ratio 0.0 --sd-ratio 0.0 --ttl-ratio 5.0 --pause-ratio 2.5 --fencing off --keep-going --mode timed
lease_timed,2,3,C=2 U=2 L=2 sd=0 TTL=6 pause=5 fence=off,timed,cmp,2,8,,0,hold,hold,0.0,0.0,2,8,2026-09-06 16:18:11,2026-09-06 16:18:11,lease_timed --clients 2 --rounds 3 --u 2 --l-ratio 1.0 --sd-ratio 0.0 --ttl-ratio 3.0 --pause-ratio 2.5 --fencing off --keep-going --mode timed
lease_timed,2,3,C=2 U=2 L=2 sd=0 TTL=6 pause=6 fence=on,timed,cmp,12,10,,0,hold,hold,0.0,0.0,2,8,2026-09-06 16:18:11,2026-09-06 16:18:11,lease_timed --clients 2 --rounds 3 --u 2 --l-ratio 1.0 --sd-ratio 0.0 --ttl-ratio 3.0 --pause-ratio 3.0 --fencing on --keep-going --mode timed
lease_timed,2,3,C=2 U=2 L=2 sd=0 TTL=10 pause=9 fence=off,timed,cmp,16,27,,0,hold,hold,0.1,0.1,2,8,2026-09-06 16:18:11,2026-09-06 16:18:11,lease_timed --clients 2 --rounds 3 --u 2 --l-ratio 1.0 --sd-ratio 0.0 --ttl-ratio 5.0 --pause-ratio 4.5 --fencing off --keep-going --mode timed
lease_timed,2,3,C=2 U=2 L=0 sd=1 TTL=10 pause=3 fence=off,timed,cmp,576,526,,0,hold,hold,0.8,0.7,2,8,2026-09-06 16:18:10,2026-09-06 16:18:11,lease_timed --clients 2 --rounds 3 --u 2 --l-ratio 0.0 --sd-ratio 0.5 --ttl-ratio 5.0 --pause-ratio 1.5 --fencing off --keep-going --mode timed
lease_timed,2,3,C=2 U=2 L=2 sd=0 TTL=10 pause=10 fence=on,timed,cmp,96,31,,0,hold,hold,0.2,0.2,2,8,2026-09-06 16:18:11,2026-09-06 16:18:11,lease_timed --clients 2 --rounds 3 --u 2 --l-ratio 1.0 --sd-ratio 0.0 --ttl-ratio 5.0 --pause-ratio 5.0 --fencing on --keep-going --mode timed
lease_timed,2,3,C=2 U=2 L=2 sd=1 TTL=6 pause=3 fence=off,timed,cmp,8,31,,0,hold,hold,0.1,0.0,2,8,2026-09-06 16:18:11,2026-09-06 16:18:11,lease_timed --clients 2 --rounds 3 --u 2 --l-ratio 1.0 --sd-ratio 0.5 --ttl-ratio 3.0 --pause-ratio 1.5 --fencing off --keep-going --mode timed
lease_timed,2,3,C=2 U=2 L=2 sd=1 TTL=6 pause=4 fence=on,timed,cmp,12,31,,0,hold,hold,0.1,0.0,2,8,2026-09-06 16:18:11,2026-09-06 16:18:11,lease_timed --clients 2 --rounds 3 --u 2 --l-ratio 1.0 --sd-ratio 0.5 --ttl-ratio 3.0 --pause-ratio 2.0 --fencing on --keep-going --mode timed
lease_timed,2,3,C=2 U=2 L=0 sd=0 TTL=6 pause=2 fence=on,timed,cmp,1485,1108,,0,hold,hold,1.6,1.6,2,8,2026-09-06 16:18:09,2026-09-06 16:18:11,lease_timed --clients 2 --rounds 3 --u 2 --l-ratio 0.0 --sd-ratio 0.0 --ttl-ratio 3.0 --pause-ratio 1.0 --fencing on --keep-going --mode timed
lease_timed,2,3,C=2 U=2 L=2 sd=1 TTL=10 pause=7 fence=off,timed,cmp,76,125,,0,hold,hold,0.2,0.2,2,8,2026-09-06 16:18:11,2026-09-06 16:18:11,lease_timed --clients 2 --rounds 3 --u 2 --l-ratio 1.0 --sd-ratio 0.5 --ttl-ratio 5.0 --pause-ratio 3.5 --fencing off --keep-going --mode timed
lease_timed,2,3,C=2 U=2 L=2 sd=1 TTL=10 pause=8 fence=on,timed,cmp,175,198,,0,hold,hold,0.3,0.3,2,8,2026-09-06 16:18:11,2026-09-06 16:18:11,lease_timed --clients 2 --rounds 3 --u 2 --l-ratio 1.0 --sd-ratio 0.5 --ttl-ratio 5.0 --pause-ratio 4.0 --fencing on --keep-going --mode timed
lease_timed,3,2,C=3 U=2 L=0 sd=0 TTL=6 pause=2 fence=on,timed,cmp,9546,11000,,0,hold,hold,14.6,14.6,2,8,2026-09-06 16:17:57,2026-09-06 16:18:11,lease_timed --clients 3 --rounds 2 --u 2 --l-ratio 0.0 --sd-ratio 0.0 --ttl-ratio 3.0 --pause-ratio 1.0 --fencing on --keep-going --mode timed
lease_timed,2,3,C=2 U=2 L=0 sd=0 TTL=10 pause=6 fence=on,timed,cmp,1485,1108,,0,hold,hold,1.6,1.6,2,8,2026-09-06 16:18:10,2026-09-06 16:18:12,lease_timed --clients 2 --rounds 3 --u 2 --l-ratio 0.0 --sd-ratio 0.0 --ttl-ratio 5.0 --pause-ratio 3.0 --fencing on --keep-going --mode timed
lease_timed,2,3,C=2 U=2 L=0 sd=1 TTL=10 pause=4 fence=on,timed,cmp,1485,1108,,0,hold,hold,1.6,1.6,2,8,2026-09-06 16:18:10,2026-09-06 16:18:12,lease_timed --clients 2 --rounds 3 --u 2 --l-ratio 0.0 --sd-ratio 0.5 --ttl-ratio 5.0 --pause-ratio 2.0 --fencing on --keep-going --mode timed
lease_timed,3,2,C=3 U=2 L=0 sd=0 TTL=10 pause=6 fence=on,timed,cmp,9546,11000,,0,hold,hold,14.7,14.7,2,8,2026-09-06 16:17:58,2026-09-06 16:18:13,lease_timed --clients 3 --rounds 2 --u 2 --l-ratio 0.0 --sd-ratio 0.0 --ttl-ratio 5.0 --pause-ratio 3.0 --fencing on --keep-going --mode timed
lease_timed,3,2,C=3 U=2 L=0 sd=1 TTL=10 pause=4 fence=on,timed,cmp,9546,11000,,0,hold,hold,14.8,14.8,2,8,2026-09-06 16:17:59,2026-09-06 16:18:14,lease_timed --clients 3 --rounds 2 --u 2 --l-ratio 0.0 --sd-ratio 0.5 --ttl-ratio 5.0 --pause-ratio 2.0 --fencing on --keep-going --mode timed
lease_timed,4,2,C=4 U=1 L=0 sd=0 TTL=10 pause=7 fence=off,baseline,cmp,147456,631968,,631968,FIRE,FIRE,122.2,122.1,2,8,2026-09-06 16:18:11,2026-09-06 16:20:13,lease_timed --clients 4 --rounds 2 --u 1 --l-ratio 0.0 --sd-ratio 0.0 --ttl-ratio 10.0 --pause-ratio 7.0 --fencing off --keep-going --mode baseline
lease_timed,4,2,C=4 U=1 L=0 sd=0 TTL=6 pause=3 fence=off,baseline,cmp,147456,631968,,631968,FIRE,FIRE,122.5,122.5,2,8,2026-09-06 16:18:11,2026-09-06 16:20:14,lease_timed --clients 4 --rounds 2 --u 1 --l-ratio 0.0 --sd-ratio 0.0 --ttl-ratio 6.0 --pause-ratio 3.0 --fencing off --keep-going --mode baseline
lease_timed,4,2,C=4 U=1 L=0 sd=1 TTL=6 pause=1 fence=off,baseline,cmp,147456,631968,,631968,FIRE,FIRE,122.4,122.4,2,8,2026-09-06 16:18:12,2026-09-06 16:20:14,lease_timed --clients 4 --rounds 2 --u 1 --l-ratio 0.0 --sd-ratio 1.0 --ttl-ratio 6.0 --pause-ratio 1.0 --fencing off --keep-going --mode baseline
lease_timed,4,2,C=4 U=1 L=0 sd=1 TTL=10 pause=5 fence=off,baseline,cmp,147456,631968,,631968,FIRE,FIRE,123.5,123.5,2,8,2026-09-06 16:18:13,2026-09-06 16:20:16,lease_timed --clients 4 --rounds 2 --u 1 --l-ratio 0.0 --sd-ratio 1.0 --ttl-ratio 10.0 --pause-ratio 5.0 --fencing off --keep-going --mode baseline
lease_timed,4,2,C=4 U=1 L=1 sd=0 TTL=10 pause=9 fence=off,baseline,cmp,147456,631968,,631968,FIRE,FIRE,121.8,121.8,2,8,2026-09-06 16:20:14,2026-09-06 16:22:16,lease_timed --clients 4 --rounds 2 --u 1 --l-ratio 1.0 --sd-ratio 0.0 --ttl-ratio 10.0 --pause-ratio 9.0 --fencing off --keep-going --mode baseline
lease_timed,4,2,C=4 U=1 L=1 sd=0 TTL=6 pause=5 fence=off,baseline,cmp,147456,631968,,631968,FIRE,FIRE,123.4,123.4,2,8,2026-09-06 16:20:14,2026-09-06 16:22:17,lease_timed --clients 4 --rounds 2 --u 1 --l-ratio 1.0 --sd-ratio 0.0 --ttl-ratio 6.0 --pause-ratio 5.0 --fencing off --keep-going --mode baseline
lease_timed,4,2,C=4 U=1 L=1 sd=1 TTL=6 pause=3 fence=off,baseline,cmp,147456,631968,,631968,FIRE,FIRE,122.6,122.6,2,8,2026-09-06 16:22:16,2026-09-06 16:24:19,lease_timed --clients 4 --rounds 2 --u 1 --l-ratio 1.0 --sd-ratio 1.0 --ttl-ratio 6.0 --pause-ratio 3.0 --fencing off --keep-going --mode baseline
lease_timed,4,2,C=4 U=1 L=1 sd=1 TTL=10 pause=7 fence=off,baseline,cmp,147456,631968,,631968,FIRE,FIRE,131.0,130.9,2,8,2026-09-06 16:24:19,2026-09-06 16:26:30,lease_timed --clients 4 --rounds 2 --u 1 --l-ratio 1.0 --sd-ratio 1.0 --ttl-ratio 10.0 --pause-ratio 7.0 --fencing off --keep-going --mode baseline
lease_timed,4,2,C=4 U=1 L=0 sd=0 TTL=6 pause=4 fence=on,baseline,cmp,8294400,0,,0,hold,hold,1439.4,1439.2,2,8,2026-09-06 16:18:11,2026-09-06 16:42:10,lease_timed --clients 4 --rounds 2 --u 1 --l-ratio 0.0 --sd-ratio 0.0 --ttl-ratio 6.0 --pause-ratio 4.0 --fencing on --keep-going --mode baseline
lease_timed,4,2,C=4 U=1 L=0 sd=1 TTL=6 pause=2 fence=on,baseline,cmp,8294400,0,,0,hold,hold,1474.6,1474.6,2,8,2026-09-06 16:18:12,2026-09-06 16:42:47,lease_timed --clients 4 --rounds 2 --u 1 --l-ratio 0.0 --sd-ratio 1.0 --ttl-ratio 6.0 --pause-ratio 2.0 --fencing on --keep-going --mode baseline
lease_timed,4,2,C=4 U=1 L=0 sd=0 TTL=10 pause=8 fence=on,baseline,cmp,8294400,0,,0,hold,hold,1486.9,1486.8,4,8,2026-09-06 16:18:11,2026-09-06 16:42:58,lease_timed --clients 4 --rounds 2 --u 1 --l-ratio 0.0 --sd-ratio 0.0 --ttl-ratio 10.0 --pause-ratio 8.0 --fencing on --keep-going --mode baseline
lease_timed,4,2,C=4 U=1 L=0 sd=1 TTL=10 pause=6 fence=on,baseline,cmp,8294400,0,,0,hold,hold,1493.9,1493.8,2,8,2026-09-06 16:18:14,2026-09-06 16:43:08,lease_timed --clients 4 --rounds 2 --u 1 --l-ratio 0.0 --sd-ratio 1.0 --ttl-ratio 10.0 --pause-ratio 6.0 --fencing on --keep-going --mode baseline
lease_timed,4,2,C=4 U=1 L=1 sd=0 TTL=10 pause=10 fence=on,baseline,cmp,8294400,0,,0,hold,hold,1444.7,1444.6,2,8,2026-09-06 16:20:16,2026-09-06 16:44:21,lease_timed --clients 4 --rounds 2 --u 1 --l-ratio 1.0 --sd-ratio 0.0 --ttl-ratio 10.0 --pause-ratio 10.0 --fencing on --keep-going --mode baseline
lease_timed,4,2,C=4 U=2 L=0 sd=0 TTL=6 pause=1 fence=off,baseline,cmp,147456,631968,,631968,FIRE,FIRE,133.6,133.5,2,8,2026-09-06 16:42:10,2026-09-06 16:44:24,lease_timed --clients 4 --rounds 2 --u 2 --l-ratio 0.0 --sd-ratio 0.0 --ttl-ratio 3.0 --pause-ratio 0.5 --fencing off --keep-going --mode baseline
lease_timed,4,2,C=4 U=1 L=1 sd=0 TTL=6 pause=6 fence=on,baseline,cmp,8294400,0,,0,hold,hold,1467.5,1467.4,2,8,2026-09-06 16:20:14,2026-09-06 16:44:41,lease_timed --clients 4 --rounds 2 --u 1 --l-ratio 1.0 --sd-ratio 0.0 --ttl-ratio 6.0 --pause-ratio 6.0 --fencing on --keep-going --mode baseline
lease_timed,4,2,C=4 U=2 L=0 sd=0 TTL=10 pause=5 fence=off,baseline,cmp,147456,631968,,631968,FIRE,FIRE,135.4,135.3,2,8,2026-09-06 16:42:58,2026-09-06 16:45:14,lease_timed --clients 4 --rounds 2 --u 2 --l-ratio 0.0 --sd-ratio 0.0 --ttl-ratio 5.0 --pause-ratio 2.5 --fencing off --keep-going --mode baseline
lease_timed,4,2,C=4 U=2 L=0 sd=1 TTL=10 pause=3 fence=off,baseline,cmp,147456,631968,,631968,FIRE,FIRE,132.8,132.8,2,8,2026-09-06 16:44:21,2026-09-06 16:46:34,lease_timed --clients 4 --rounds 2 --u 2 --l-ratio 0.0 --sd-ratio 0.5 --ttl-ratio 5.0 --pause-ratio 1.5 --fencing off --keep-going --mode baseline
lease_timed,4,2,C=4 U=2 L=2 sd=0 TTL=6 pause=5 fence=off,baseline,cmp,147456,631968,,631968,FIRE,FIRE,133.4,133.4,2,8,2026-09-06 16:44:41,2026-09-06 16:46:54,lease_timed --clients 4 --rounds 2 --u 2 --l-ratio 1.0 --sd-ratio 0.0 --ttl-ratio 3.0 --pause-ratio 2.5 --fencing off --keep-going --mode baseline
lease_timed,4,2,C=4 U=1 L=1 sd=1 TTL=6 pause=4 fence=on,baseline,cmp,8294400,0,,0,hold,hold,1510.0,1509.9,2,8,2026-09-06 16:22:17,2026-09-06 16:47:27,lease_timed --clients 4 --rounds 2 --u 1 --l-ratio 1.0 --sd-ratio 1.0 --ttl-ratio 6.0 --pause-ratio 4.0 --fencing on --keep-going --mode baseline
lease_timed,4,2,C=4 U=2 L=2 sd=1 TTL=6 pause=3 fence=off,baseline,cmp,147456,631968,,631968,FIRE,FIRE,32.5,242.8,10,8,2026-09-06 16:49:18,2026-09-06 16:49:51,lease_timed --clients 4 --rounds 2 --u 2 --l-ratio 1.0 --sd-ratio 0.5 --ttl-ratio 3.0 --pause-ratio 1.5 --fencing off --parallel shared --keep-going --mode baseline
lease_timed,4,2,C=4 U=2 L=2 sd=0 TTL=10 pause=9 fence=off,baseline,cmp,147456,631968,,631968,FIRE,FIRE,34.0,255.2,14,8,2026-09-06 16:49:18,2026-09-06 16:49:52,lease_timed --clients 4 --rounds 2 --u 2 --l-ratio 1.0 --sd-ratio 0.0 --ttl-ratio 5.0 --pause-ratio 4.5 --fencing off --parallel shared --keep-going --mode baseline
lease_timed,4,2,C=4 U=2 L=2 sd=1 TTL=10 pause=7 fence=off,baseline,cmp,147456,631968,,631968,FIRE,FIRE,30.3,226.3,6,8,2026-09-06 16:49:52,2026-09-06 16:50:23,lease_timed --clients 4 --rounds 2 --u 2 --l-ratio 1.0 --sd-ratio 0.5 --ttl-ratio 5.0 --pause-ratio 3.5 --fencing off --parallel shared --keep-going --mode baseline
lease_timed,4,2,C=4 U=2 L=0 sd=1 TTL=10 pause=4 fence=on,baseline,cmp,8294400,0,,0,hold,hold,285.4,2124.7,20,8,2026-09-06 16:49:18,2026-09-06 16:54:04,lease_timed --clients 4 --rounds 2 --u 2 --l-ratio 0.0 --sd-ratio 0.5 --ttl-ratio 5.0 --pause-ratio 2.0 --fencing on --parallel shared --keep-going --mode baseline
lease_timed,4,2,C=4 U=2 L=0 sd=0 TTL=10 pause=6 fence=on,baseline,cmp,8294400,0,,0,hold,hold,291.4,2173.1,20,8,2026-09-06 16:49:18,2026-09-06 16:54:10,lease_timed --clients 4 --rounds 2 --u 2 --l-ratio 0.0 --sd-ratio 0.0 --ttl-ratio 5.0 --pause-ratio 3.0 --fencing on --parallel shared --keep-going --mode baseline
lease_timed,4,2,C=4 U=2 L=0 sd=0 TTL=6 pause=2 fence=on,baseline,cmp,8294400,0,,0,hold,hold,294.1,2182.5,18,8,2026-09-06 16:49:18,2026-09-06 16:54:12,lease_timed --clients 4 --rounds 2 --u 2 --l-ratio 0.0 --sd-ratio 0.0 --ttl-ratio 3.0 --pause-ratio 1.0 --fencing on --parallel shared --keep-going --mode baseline
lease_timed,4,2,C=4 U=2 L=2 sd=0 TTL=10 pause=10 fence=on,baseline,cmp,8294400,0,,0,hold,hold,294.4,2188.9,16,8,2026-09-06 16:49:18,2026-09-06 16:54:13,lease_timed --clients 4 --rounds 2 --u 2 --l-ratio 1.0 --sd-ratio 0.0 --ttl-ratio 5.0 --pause-ratio 5.0 --fencing on --parallel shared --keep-going --mode baseline
lease_timed,4,2,C=4 U=1 L=1 sd=1 TTL=10 pause=8 fence=on,baseline,cmp,8294400,0,,0,hold,hold,317.4,2353.5,14,8,2026-09-06 16:49:18,2026-09-06 16:54:36,lease_timed --clients 4 --rounds 2 --u 1 --l-ratio 1.0 --sd-ratio 1.0 --ttl-ratio 10.0 --pause-ratio 8.0 --fencing on --parallel shared --keep-going --mode baseline
lease_timed,4,2,C=4 U=2 L=2 sd=1 TTL=6 pause=4 fence=on,baseline,cmp,8294400,0,,0,hold,hold,304.9,2269.8,18,8,2026-09-06 16:49:51,2026-09-06 16:54:56,lease_timed --clients 4 --rounds 2 --u 2 --l-ratio 1.0 --sd-ratio 0.5 --ttl-ratio 3.0 --pause-ratio 2.0 --fencing on --parallel shared --keep-going --mode baseline
lease_timed,4,2,C=4 U=2 L=2 sd=1 TTL=10 pause=8 fence=on,baseline,cmp,8294400,0,,0,hold,hold,290.6,2165.1,20,8,2026-09-06 16:50:23,2026-09-06 16:55:13,lease_timed --clients 4 --rounds 2 --u 2 --l-ratio 1.0 --sd-ratio 0.5 --ttl-ratio 5.0 --pause-ratio 4.0 --fencing on --parallel shared --keep-going --mode baseline
lease_timed,4,2,C=4 U=2 L=2 sd=0 TTL=6 pause=6 fence=on,baseline,cmp,8294400,0,,0,hold,hold,359.7,2621.7,8,8,2026-09-06 16:49:18,2026-09-06 16:55:18,lease_timed --clients 4 --rounds 2 --u 2 --l-ratio 1.0 --sd-ratio 0.0 --ttl-ratio 3.0 --pause-ratio 3.0 --fencing on --parallel shared --keep-going --mode baseline
lease_timed,4,2,C=4 U=1 L=0 sd=0 TTL=6 pause=3 fence=off,timed,cmp,676896,1693657,,0,hold,hold,574.7,4571.1,14,8,2026-09-06 16:54:04,2026-09-06 17:03:38,lease_timed --clients 4 --rounds 2 --u 1 --l-ratio 0.0 --sd-ratio 0.0 --ttl-ratio 6.0 --pause-ratio 3.0 --fencing off --parallel shared --keep-going --mode timed
lease_timed,4,2,C=4 U=1 L=0 sd=0 TTL=10 pause=7 fence=off,timed,cmp,676896,1693657,,0,hold,hold,582.4,4637.0,16,8,2026-09-06 16:54:12,2026-09-06 17:03:55,lease_timed --clients 4 --rounds 2 --u 1 --l-ratio 0.0 --sd-ratio 0.0 --ttl-ratio 10.0 --pause-ratio 7.0 --fencing off --parallel shared --keep-going --mode timed
lease_timed,4,2,C=4 U=1 L=1 sd=0 TTL=6 pause=5 fence=off,timed,cmp,27648,91590,,0,hold,hold,43.0,340.0,12,8,2026-09-06 17:03:38,2026-09-06 17:04:21,lease_timed --clients 4 --rounds 2 --u 1 --l-ratio 1.0 --sd-ratio 0.0 --ttl-ratio 6.0 --pause-ratio 5.0 --fencing off --parallel shared --keep-going --mode timed
lease_timed,4,2,C=4 U=1 L=0 sd=1 TTL=6 pause=1 fence=off,timed,cmp,676896,1693657,,0,hold,hold,588.2,4678.0,12,8,2026-09-06 16:54:36,2026-09-06 17:04:24,lease_timed --clients 4 --rounds 2 --u 1 --l-ratio 0.0 --sd-ratio 1.0 --ttl-ratio 6.0 --pause-ratio 1.0 --fencing off --parallel shared --keep-going --mode timed
lease_timed,4,2,C=4 U=1 L=0 sd=1 TTL=10 pause=5 fence=off,timed,cmp,676896,1693657,,0,hold,hold,571.4,4551.4,22,8,2026-09-06 16:55:13,2026-09-06 17:04:45,lease_timed --clients 4 --rounds 2 --u 1 --l-ratio 0.0 --sd-ratio 1.0 --ttl-ratio 10.0 --pause-ratio 5.0 --fencing off --parallel shared --keep-going --mode timed
lease_timed,4,2,C=4 U=1 L=1 sd=0 TTL=10 pause=9 fence=off,timed,cmp,27648,91590,,0,hold,hold,41.0,324.5,12,8,2026-09-06 17:04:21,2026-09-06 17:05:02,lease_timed --clients 4 --rounds 2 --u 1 --l-ratio 1.0 --sd-ratio 0.0 --ttl-ratio 10.0 --pause-ratio 9.0 --fencing off --parallel shared --keep-going --mode timed
lease_timed,4,2,C=4 U=1 L=1 sd=0 TTL=6 pause=6 fence=on,timed,cmp,96768,180786,,0,hold,hold,101.8,810.3,12,8,2026-09-06 17:03:55,2026-09-06 17:05:37,lease_timed --clients 4 --rounds 2 --u 1 --l-ratio 1.0 --sd-ratio 0.0 --ttl-ratio 6.0 --pause-ratio 6.0 --fencing on --parallel shared --keep-going --mode timed
lease_timed,4,2,C=4 U=1 L=1 sd=0 TTL=10 pause=10 fence=on,timed,cmp,96768,180786,,0,hold,hold,97.6,775.4,16,8,2026-09-06 17:04:24,2026-09-06 17:06:01,lease_timed --clients 4 --rounds 2 --u 1 --l-ratio 1.0 --sd-ratio 0.0 --ttl-ratio 10.0 --pause-ratio 10.0 --fencing on --parallel shared --keep-going --mode timed
lease_timed,4,2,C=4 U=1 L=1 sd=1 TTL=6 pause=3 fence=off,timed,cmp,144816,515062,,0,hold,hold,221.3,1762.9,12,8,2026-09-06 17:04:45,2026-09-06 17:08:26,lease_timed --clients 4 --rounds 2 --u 1 --l-ratio 1.0 --sd-ratio 1.0 --ttl-ratio 6.0 --pause-ratio 3.0 --fencing off --parallel shared --keep-going --mode timed
lease_timed,4,2,C=4 U=1 L=1 sd=1 TTL=10 pause=7 fence=off,timed,cmp,144816,515062,,0,hold,hold,221.8,1767.4,14,8,2026-09-06 17:05:37,2026-09-06 17:09:19,lease_timed --clients 4 --rounds 2 --u 1 --l-ratio 1.0 --sd-ratio 1.0 --ttl-ratio 10.0 --pause-ratio 7.0 --fencing off --parallel shared --keep-going --mode timed
lease_timed,4,2,C=4 U=1 L=1 sd=1 TTL=6 pause=4 fence=on,timed,cmp,449380,1062835,,0,hold,hold,463.4,3694.5,18,8,2026-09-06 17:05:02,2026-09-06 17:12:46,lease_timed --clients 4 --rounds 2 --u 1 --l-ratio 1.0 --sd-ratio 1.0 --ttl-ratio 6.0 --pause-ratio 4.0 --fencing on --parallel shared --keep-going --mode timed
lease_timed,4,2,C=4 U=1 L=1 sd=1 TTL=10 pause=8 fence=on,timed,cmp,449380,1062835,,0,hold,hold,501.9,3999.7,18,8,2026-09-06 17:06:01,2026-09-06 17:14:23,lease_timed --clients 4 --rounds 2 --u 1 --l-ratio 1.0 --sd-ratio 1.0 --ttl-ratio 10.0 --pause-ratio 8.0 --fencing on --parallel shared --keep-going --mode timed
lease_timed,4,2,C=4 U=1 L=0 sd=0 TTL=10 pause=8 fence=on,timed,cmp,1966503,3656348,,0,hold,hold,1284.6,10232.7,20,8,2026-09-06 16:54:13,2026-09-06 17:15:37,lease_timed --clients 4 --rounds 2 --u 1 --l-ratio 0.0 --sd-ratio 0.0 --ttl-ratio 10.0 --pause-ratio 8.0 --fencing on --parallel shared --keep-going --mode timed
lease_timed,4,2,C=4 U=1 L=0 sd=0 TTL=6 pause=4 fence=on,timed,cmp,1966503,3656348,,0,hold,hold,1297.1,10334.4,26,8,2026-09-06 16:54:10,2026-09-06 17:15:47,lease_timed --clients 4 --rounds 2 --u 1 --l-ratio 0.0 --sd-ratio 0.0 --ttl-ratio 6.0 --pause-ratio 4.0 --fencing on --parallel shared --keep-going --mode timed
lease_timed,4,2,C=4 U=1 L=0 sd=1 TTL=6 pause=2 fence=on,timed,cmp,1966503,3656348,,0,hold,hold,1280.1,10201.0,24,8,2026-09-06 16:54:56,2026-09-06 17:16:16,lease_timed --clients 4 --rounds 2 --u 1 --l-ratio 0.0 --sd-ratio 1.0 --ttl-ratio 6.0 --pause-ratio 2.0 --fencing on --parallel shared --keep-going --mode timed
lease_timed,4,2,C=4 U=2 L=2 sd=0 TTL=6 pause=5 fence=off,timed,cmp,432,3570,,0,hold,hold,2.5,16.2,2,8,2026-09-06 17:16:16,2026-09-06 17:16:19,lease_timed --clients 4 --rounds 2 --u 2 --l-ratio 1.0 --sd-ratio 0.0 --ttl-ratio 3.0 --pause-ratio 2.5 --fencing off --parallel shared --keep-going --mode timed
lease_timed,4,2,C=4 U=2 L=2 sd=0 TTL=6 pause=6 fence=on,timed,cmp,1512,6900,,0,hold,hold,5.0,33.9,6,8,2026-09-06 17:16:19,2026-09-06 17:16:24,lease_timed --clients 4 --rounds 2 --u 2 --l-ratio 1.0 --sd-ratio 0.0 --ttl-ratio 3.0 --pause-ratio 3.0 --fencing on --parallel shared --keep-going --mode timed
lease_timed,4,2,C=4 U=1 L=0 sd=1 TTL=10 pause=6 fence=on,timed,cmp,1966503,3656348,,0,hold,hold,1296.7,10328.7,22,8,2026-09-06 16:55:18,2026-09-06 17:16:55,lease_timed --clients 4 --rounds 2 --u 1 --l-ratio 0.0 --sd-ratio 1.0 --ttl-ratio 10.0 --pause-ratio 6.0 --fencing on --parallel shared --keep-going --mode timed
lease_timed,4,2,C=4 U=2 L=2 sd=0 TTL=10 pause=9 fence=off,timed,cmp,27648,91590,,0,hold,hold,48.0,380.5,10,8,2026-09-06 17:16:24,2026-09-06 17:17:12,lease_timed --clients 4 --rounds 2 --u 2 --l-ratio 1.0 --sd-ratio 0.0 --ttl-ratio 5.0 --pause-ratio 4.5 --fencing off --parallel shared --keep-going --mode timed
lease_timed,4,2,C=4 U=2 L=2 sd=1 TTL=6 pause=3 fence=off,timed,cmp,926,9672,,0,hold,hold,4.5,33.3,6,8,2026-09-06 17:17:12,2026-09-06 17:17:16,lease_timed --clients 4 --rounds 2 --u 2 --l-ratio 1.0 --sd-ratio 0.5 --ttl-ratio 3.0 --pause-ratio 1.5 --fencing off --parallel shared --keep-going --mode timed
lease_timed,4,2,C=4 U=2 L=2 sd=1 TTL=6 pause=4 fence=on,timed,cmp,2401,15313,,0,hold,hold,7.3,54.5,12,8,2026-09-06 17:17:16,2026-09-06 17:17:23,lease_timed --clients 4 --rounds 2 --u 2 --l-ratio 1.0 --sd-ratio 0.5 --ttl-ratio 3.0 --pause-ratio 2.0 --fencing on --parallel shared --keep-going --mode timed
lease_timed,4,2,C=4 U=2 L=2 sd=0 TTL=10 pause=10 fence=on,timed,cmp,96768,180786,,0,hold,hold,101.3,804.8,12,8,2026-09-06 17:16:55,2026-09-06 17:18:36,lease_timed --clients 4 --rounds 2 --u 2 --l-ratio 1.0 --sd-ratio 0.0 --ttl-ratio 5.0 --pause-ratio 5.0 --fencing on --parallel shared --keep-going --mode timed
lease_timed,4,2,C=4 U=2 L=2 sd=1 TTL=10 pause=7 fence=off,timed,cmp,138192,488824,,0,hold,hold,217.1,1731.1,12,8,2026-09-06 17:17:23,2026-09-06 17:21:00,lease_timed --clients 4 --rounds 2 --u 2 --l-ratio 1.0 --sd-ratio 0.5 --ttl-ratio 5.0 --pause-ratio 3.5 --fencing off --parallel shared --keep-going --mode timed
swim_timed,4,2,N=4 U=1 L=0 sd=0 Wp=1 Ws=3,baseline,cmp,18,17,,57,FIRE,FIRE,0.3,0.0,2,8,2026-09-06 17:21:00,2026-09-06 17:21:01,swim_timed --nodes 4 --rounds 2 --u 1 --l-ratio 0.0 --sd-ratio 0.0 --w-probe-ratio 1.0 --w-suspect-ratio 3.0 --parallel shared --keep-going --mode baseline
swim_timed,4,2,N=4 U=1 L=0 sd=1 Wp=1 Ws=5,baseline,cmp,18,17,,57,FIRE,FIRE,0.3,0.0,2,8,2026-09-06 17:21:01,2026-09-06 17:21:01,swim_timed --nodes 4 --rounds 2 --u 1 --l-ratio 0.0 --sd-ratio 1.0 --w-probe-ratio 1.0 --w-suspect-ratio 5.0 --parallel shared --keep-going --mode baseline
swim_timed,4,2,N=4 U=1 L=1 sd=0 Wp=1 Ws=2,baseline,cmp,18,17,,57,FIRE,FIRE,0.3,0.0,2,8,2026-09-06 17:21:01,2026-09-06 17:21:01,swim_timed --nodes 4 --rounds 2 --u 1 --l-ratio 1.0 --sd-ratio 0.0 --w-probe-ratio 1.0 --w-suspect-ratio 2.0 --parallel shared --keep-going --mode baseline
swim_timed,4,2,N=4 U=1 L=1 sd=1 Wp=1 Ws=4,baseline,cmp,18,17,,57,FIRE,FIRE,0.3,0.0,2,8,2026-09-06 17:21:01,2026-09-06 17:21:02,swim_timed --nodes 4 --rounds 2 --u 1 --l-ratio 1.0 --sd-ratio 1.0 --w-probe-ratio 1.0 --w-suspect-ratio 4.0 --parallel shared --keep-going --mode baseline
swim_timed,4,2,N=4 U=2 L=0 sd=0 Wp=2 Ws=5,baseline,cmp,18,17,,57,FIRE,FIRE,0.3,0.0,2,8,2026-09-06 17:21:02,2026-09-06 17:21:02,swim_timed --nodes 4 --rounds 2 --u 2 --l-ratio 0.0 --sd-ratio 0.0 --w-probe-ratio 1.0 --w-suspect-ratio 2.5 --parallel shared --keep-going --mode baseline
swim_timed,4,2,N=4 U=2 L=0 sd=1 Wp=2 Ws=7,baseline,cmp,18,17,,57,FIRE,FIRE,0.3,0.0,2,8,2026-09-06 17:21:02,2026-09-06 17:21:02,swim_timed --nodes 4 --rounds 2 --u 2 --l-ratio 0.0 --sd-ratio 0.5 --w-probe-ratio 1.0 --w-suspect-ratio 3.5 --parallel shared --keep-going --mode baseline
swim_timed,4,2,N=4 U=2 L=2 sd=0 Wp=2 Ws=3,baseline,cmp,18,17,,57,FIRE,FIRE,0.3,0.0,2,8,2026-09-06 17:21:02,2026-09-06 17:21:02,swim_timed --nodes 4 --rounds 2 --u 2 --l-ratio 1.0 --sd-ratio 0.0 --w-probe-ratio 1.0 --w-suspect-ratio 1.5 --parallel shared --keep-going --mode baseline
swim_timed,4,2,N=4 U=2 L=2 sd=1 Wp=2 Ws=5,baseline,cmp,18,17,,57,FIRE,FIRE,0.3,0.0,2,8,2026-09-06 17:21:02,2026-09-06 17:21:03,swim_timed --nodes 4 --rounds 2 --u 2 --l-ratio 1.0 --sd-ratio 0.5 --w-probe-ratio 1.0 --w-suspect-ratio 2.5 --parallel shared --keep-going --mode baseline
swim_timed,4,2,N=4 U=1 L=0 sd=0 Wp=1 Ws=3,timed,cmp,4,65,,0,hold,hold,0.3,0.1,2,8,2026-09-06 17:21:03,2026-09-06 17:21:03,swim_timed --nodes 4 --rounds 2 --u 1 --l-ratio 0.0 --sd-ratio 0.0 --w-probe-ratio 1.0 --w-suspect-ratio 3.0 --parallel shared --keep-going --mode timed
swim_timed,4,2,N=4 U=1 L=0 sd=1 Wp=1 Ws=5,timed,cmp,4,48,,0,hold,hold,0.3,0.0,2,8,2026-09-06 17:21:03,2026-09-06 17:21:03,swim_timed --nodes 4 --rounds 2 --u 1 --l-ratio 0.0 --sd-ratio 1.0 --w-probe-ratio 1.0 --w-suspect-ratio 5.0 --parallel shared --keep-going --mode timed
swim_timed,4,2,N=4 U=1 L=1 sd=0 Wp=1 Ws=2,timed,cmp,1,21,,0,hold,hold,0.3,0.0,2,8,2026-09-06 17:21:03,2026-09-06 17:21:04,swim_timed --nodes 4 --rounds 2 --u 1 --l-ratio 1.0 --sd-ratio 0.0 --w-probe-ratio 1.0 --w-suspect-ratio 2.0 --parallel shared --keep-going --mode timed
swim_timed,4,2,N=4 U=1 L=1 sd=1 Wp=1 Ws=4,timed,cmp,1,21,,0,hold,hold,0.3,0.0,2,8,2026-09-06 17:21:04,2026-09-06 17:21:04,swim_timed --nodes 4 --rounds 2 --u 1 --l-ratio 1.0 --sd-ratio 1.0 --w-probe-ratio 1.0 --w-suspect-ratio 4.0 --parallel shared --keep-going --mode timed
swim_timed,4,2,N=4 U=2 L=0 sd=0 Wp=2 Ws=5,timed,cmp,4,65,,0,hold,hold,0.3,0.1,2,8,2026-09-06 17:21:04,2026-09-06 17:21:04,swim_timed --nodes 4 --rounds 2 --u 2 --l-ratio 0.0 --sd-ratio 0.0 --w-probe-ratio 1.0 --w-suspect-ratio 2.5 --parallel shared --keep-going --mode timed
swim_timed,4,2,N=4 U=2 L=0 sd=1 Wp=2 Ws=7,timed,cmp,4,65,,0,hold,hold,0.3,0.1,2,8,2026-09-06 17:21:04,2026-09-06 17:21:04,swim_timed --nodes 4 --rounds 2 --u 2 --l-ratio 0.0 --sd-ratio 0.5 --w-probe-ratio 1.0 --w-suspect-ratio 3.5 --parallel shared --keep-going --mode timed
swim_timed,4,2,N=4 U=2 L=2 sd=0 Wp=2 Ws=3,timed,cmp,1,21,,0,hold,hold,0.3,0.0,2,8,2026-09-06 17:21:04,2026-09-06 17:21:05,swim_timed --nodes 4 --rounds 2 --u 2 --l-ratio 1.0 --sd-ratio 0.0 --w-probe-ratio 1.0 --w-suspect-ratio 1.5 --parallel shared --keep-going --mode timed
swim_timed,4,2,N=4 U=2 L=2 sd=1 Wp=2 Ws=5,timed,cmp,1,21,,0,hold,hold,0.3,0.0,2,8,2026-09-06 17:21:05,2026-09-06 17:21:05,swim_timed --nodes 4 --rounds 2 --u 2 --l-ratio 1.0 --sd-ratio 0.5 --w-probe-ratio 1.0 --w-suspect-ratio 2.5 --parallel shared --keep-going --mode timed
swim_timed,3,3,N=3 U=1 L=0 sd=0 Wp=1 Ws=3,baseline,cmp,20,19,,43,FIRE,FIRE,0.3,0.0,2,8,2026-09-06 17:21:05,2026-09-06 17:21:05,swim_timed --nodes 3 --rounds 3 --u 1 --l-ratio 0.0 --sd-ratio 0.0 --w-probe-ratio 1.0 --w-suspect-ratio 3.0 --parallel shared --keep-going --mode baseline
swim_timed,3,3,N=3 U=1 L=0 sd=1 Wp=1 Ws=5,baseline,cmp,20,19,,43,FIRE,FIRE,0.3,0.0,2,8,2026-09-06 17:21:05,2026-09-06 17:21:05,swim_timed --nodes 3 --rounds 3 --u 1 --l-ratio 0.0 --sd-ratio 1.0 --w-probe-ratio 1.0 --w-suspect-ratio 5.0 --parallel shared --keep-going --mode baseline
swim_timed,3,3,N=3 U=1 L=1 sd=0 Wp=1 Ws=2,baseline,cmp,20,19,,43,FIRE,FIRE,0.3,0.0,2,8,2026-09-06 17:21:05,2026-09-06 17:21:06,swim_timed --nodes 3 --rounds 3 --u 1 --l-ratio 1.0 --sd-ratio 0.0 --w-probe-ratio 1.0 --w-suspect-ratio 2.0 --parallel shared --keep-going --mode baseline
swim_timed,3,3,N=3 U=1 L=1 sd=1 Wp=1 Ws=4,baseline,cmp,20,19,,43,FIRE,FIRE,0.3,0.0,2,8,2026-09-06 17:21:06,2026-09-06 17:21:06,swim_timed --nodes 3 --rounds 3 --u 1 --l-ratio 1.0 --sd-ratio 1.0 --w-probe-ratio 1.0 --w-suspect-ratio 4.0 --parallel shared --keep-going --mode baseline
swim_timed,3,3,N=3 U=2 L=0 sd=0 Wp=2 Ws=5,baseline,cmp,20,19,,43,FIRE,FIRE,0.3,0.0,2,8,2026-09-06 17:21:06,2026-09-06 17:21:06,swim_timed --nodes 3 --rounds 3 --u 2 --l-ratio 0.0 --sd-ratio 0.0 --w-probe-ratio 1.0 --w-suspect-ratio 2.5 --parallel shared --keep-going --mode baseline
swim_timed,3,3,N=3 U=2 L=0 sd=1 Wp=2 Ws=7,baseline,cmp,20,19,,43,FIRE,FIRE,0.3,0.0,2,8,2026-09-06 17:21:06,2026-09-06 17:21:07,swim_timed --nodes 3 --rounds 3 --u 2 --l-ratio 0.0 --sd-ratio 0.5 --w-probe-ratio 1.0 --w-suspect-ratio 3.5 --parallel shared --keep-going --mode baseline
swim_timed,3,3,N=3 U=2 L=2 sd=0 Wp=2 Ws=3,baseline,cmp,20,19,,43,FIRE,FIRE,0.3,0.0,2,8,2026-09-06 17:21:07,2026-09-06 17:21:07,swim_timed --nodes 3 --rounds 3 --u 2 --l-ratio 1.0 --sd-ratio 0.0 --w-probe-ratio 1.0 --w-suspect-ratio 1.5 --parallel shared --keep-going --mode baseline
swim_timed,3,3,N=3 U=2 L=2 sd=1 Wp=2 Ws=5,baseline,cmp,20,19,,43,FIRE,FIRE,0.3,0.0,2,8,2026-09-06 17:21:07,2026-09-06 17:21:07,swim_timed --nodes 3 --rounds 3 --u 2 --l-ratio 1.0 --sd-ratio 0.5 --w-probe-ratio 1.0 --w-suspect-ratio 2.5 --parallel shared --keep-going --mode baseline
swim_timed,3,3,N=3 U=1 L=0 sd=0 Wp=1 Ws=3,timed,cmp,8,57,,0,hold,hold,0.3,0.0,2,8,2026-09-06 17:21:07,2026-09-06 17:21:07,swim_timed --nodes 3 --rounds 3 --u 1 --l-ratio 0.0 --sd-ratio 0.0 --w-probe-ratio 1.0 --w-suspect-ratio 3.0 --parallel shared --keep-going --mode timed
swim_timed,3,3,N=3 U=1 L=0 sd=1 Wp=1 Ws=5,timed,cmp,8,38,,0,hold,hold,0.3,0.0,2,8,2026-09-06 17:21:07,2026-09-06 17:21:08,swim_timed --nodes 3 --rounds 3 --u 1 --l-ratio 0.0 --sd-ratio 1.0 --w-probe-ratio 1.0 --w-suspect-ratio 5.0 --parallel shared --keep-going --mode timed
swim_timed,3,3,N=3 U=1 L=1 sd=0 Wp=1 Ws=2,timed,cmp,1,12,,0,hold,hold,0.3,0.0,2,8,2026-09-06 17:21:08,2026-09-06 17:21:08,swim_timed --nodes 3 --rounds 3 --u 1 --l-ratio 1.0 --sd-ratio 0.0 --w-probe-ratio 1.0 --w-suspect-ratio 2.0 --parallel shared --keep-going --mode timed
swim_timed,3,3,N=3 U=1 L=1 sd=1 Wp=1 Ws=4,timed,cmp,1,12,,0,hold,hold,0.3,0.0,2,8,2026-09-06 17:21:08,2026-09-06 17:21:08,swim_timed --nodes 3 --rounds 3 --u 1 --l-ratio 1.0 --sd-ratio 1.0 --w-probe-ratio 1.0 --w-suspect-ratio 4.0 --parallel shared --keep-going --mode timed
swim_timed,3,3,N=3 U=2 L=0 sd=0 Wp=2 Ws=5,timed,cmp,8,57,,0,hold,hold,0.3,0.1,2,8,2026-09-06 17:21:08,2026-09-06 17:21:09,swim_timed --nodes 3 --rounds 3 --u 2 --l-ratio 0.0 --sd-ratio 0.0 --w-probe-ratio 1.0 --w-suspect-ratio 2.5 --parallel shared --keep-going --mode timed
swim_timed,3,3,N=3 U=2 L=0 sd=1 Wp=2 Ws=7,timed,cmp,8,57,,0,hold,hold,0.3,0.0,2,8,2026-09-06 17:21:09,2026-09-06 17:21:09,swim_timed --nodes 3 --rounds 3 --u 2 --l-ratio 0.0 --sd-ratio 0.5 --w-probe-ratio 1.0 --w-suspect-ratio 3.5 --parallel shared --keep-going --mode timed
swim_timed,3,3,N=3 U=2 L=2 sd=0 Wp=2 Ws=3,timed,cmp,1,12,,0,hold,hold,0.3,0.0,2,8,2026-09-06 17:21:09,2026-09-06 17:21:09,swim_timed --nodes 3 --rounds 3 --u 2 --l-ratio 1.0 --sd-ratio 0.0 --w-probe-ratio 1.0 --w-suspect-ratio 1.5 --parallel shared --keep-going --mode timed
swim_timed,3,3,N=3 U=2 L=2 sd=1 Wp=2 Ws=5,timed,cmp,1,12,,0,hold,hold,0.3,0.0,2,8,2026-09-06 17:21:09,2026-09-06 17:21:09,swim_timed --nodes 3 --rounds 3 --u 2 --l-ratio 1.0 --sd-ratio 0.5 --w-probe-ratio 1.0 --w-suspect-ratio 2.5 --parallel shared --keep-going --mode timed
swim_timed,5,2,N=5 U=1 L=0 sd=0 Wp=1 Ws=3,baseline,cmp,44,43,,199,FIRE,FIRE,0.3,0.0,2,8,2026-09-06 17:21:09,2026-09-06 17:21:10,swim_timed --nodes 5 --rounds 2 --u 1 --l-ratio 0.0 --sd-ratio 0.0 --w-probe-ratio 1.0 --w-suspect-ratio 3.0 --parallel shared --keep-going --mode baseline
swim_timed,5,2,N=5 U=1 L=0 sd=1 Wp=1 Ws=5,baseline,cmp,44,43,,199,FIRE,FIRE,0.3,0.0,2,8,2026-09-06 17:21:10,2026-09-06 17:21:10,swim_timed --nodes 5 --rounds 2 --u 1 --l-ratio 0.0 --sd-ratio 1.0 --w-probe-ratio 1.0 --w-suspect-ratio 5.0 --parallel shared --keep-going --mode baseline
swim_timed,5,2,N=5 U=1 L=1 sd=0 Wp=1 Ws=2,baseline,cmp,44,43,,199,FIRE,FIRE,0.3,0.0,2,8,2026-09-06 17:21:10,2026-09-06 17:21:10,swim_timed --nodes 5 --rounds 2 --u 1 --l-ratio 1.0 --sd-ratio 0.0 --w-probe-ratio 1.0 --w-suspect-ratio 2.0 --parallel shared --keep-going --mode baseline
swim_timed,5,2,N=5 U=1 L=1 sd=1 Wp=1 Ws=4,baseline,cmp,44,43,,199,FIRE,FIRE,0.3,0.0,2,8,2026-09-06 17:21:10,2026-09-06 17:21:10,swim_timed --nodes 5 --rounds 2 --u 1 --l-ratio 1.0 --sd-ratio 1.0 --w-probe-ratio 1.0 --w-suspect-ratio 4.0 --parallel shared --keep-going --mode baseline
swim_timed,5,2,N=5 U=2 L=0 sd=0 Wp=2 Ws=5,baseline,cmp,44,43,,199,FIRE,FIRE,0.3,0.0,2,8,2026-09-06 17:21:10,2026-09-06 17:21:11,swim_timed --nodes 5 --rounds 2 --u 2 --l-ratio 0.0 --sd-ratio 0.0 --w-probe-ratio 1.0 --w-suspect-ratio 2.5 --parallel shared --keep-going --mode baseline
swim_timed,5,2,N=5 U=2 L=0 sd=1 Wp=2 Ws=7,baseline,cmp,44,43,,199,FIRE,FIRE,0.3,0.0,2,8,2026-09-06 17:21:11,2026-09-06 17:21:11,swim_timed --nodes 5 --rounds 2 --u 2 --l-ratio 0.0 --sd-ratio 0.5 --w-probe-ratio 1.0 --w-suspect-ratio 3.5 --parallel shared --keep-going --mode baseline
swim_timed,5,2,N=5 U=2 L=2 sd=0 Wp=2 Ws=3,baseline,cmp,44,43,,199,FIRE,FIRE,0.3,0.0,2,8,2026-09-06 17:21:11,2026-09-06 17:21:11,swim_timed --nodes 5 --rounds 2 --u 2 --l-ratio 1.0 --sd-ratio 0.0 --w-probe-ratio 1.0 --w-suspect-ratio 1.5 --parallel shared --keep-going --mode baseline
swim_timed,5,2,N=5 U=2 L=2 sd=1 Wp=2 Ws=5,baseline,cmp,44,43,,199,FIRE,FIRE,0.3,0.0,2,8,2026-09-06 17:21:11,2026-09-06 17:21:12,swim_timed --nodes 5 --rounds 2 --u 2 --l-ratio 1.0 --sd-ratio 0.5 --w-probe-ratio 1.0 --w-suspect-ratio 2.5 --parallel shared --keep-going --mode baseline
swim_timed,5,2,N=5 U=1 L=0 sd=0 Wp=1 Ws=3,timed,cmp,4,201,,0,hold,hold,0.3,0.2,2,8,2026-09-06 17:21:12,2026-09-06 17:21:12,swim_timed --nodes 5 --rounds 2 --u 1 --l-ratio 0.0 --sd-ratio 0.0 --w-probe-ratio 1.0 --w-suspect-ratio 3.0 --parallel shared --keep-going --mode timed
swim_timed,5,2,N=5 U=1 L=0 sd=1 Wp=1 Ws=5,timed,cmp,4,158,,0,hold,hold,0.3,0.1,2,8,2026-09-06 17:21:12,2026-09-06 17:21:12,swim_timed --nodes 5 --rounds 2 --u 1 --l-ratio 0.0 --sd-ratio 1.0 --w-probe-ratio 1.0 --w-suspect-ratio 5.0 --parallel shared --keep-going --mode timed
swim_timed,5,2,N=5 U=1 L=1 sd=0 Wp=1 Ws=2,timed,cmp,1,61,,0,hold,hold,0.3,0.1,2,8,2026-09-06 17:21:12,2026-09-06 17:21:12,swim_timed --nodes 5 --rounds 2 --u 1 --l-ratio 1.0 --sd-ratio 0.0 --w-probe-ratio 1.0 --w-suspect-ratio 2.0 --parallel shared --keep-going --mode timed
swim_timed,5,2,N=5 U=1 L=1 sd=1 Wp=1 Ws=4,timed,cmp,1,61,,0,hold,hold,0.3,0.1,2,8,2026-09-06 17:21:12,2026-09-06 17:21:13,swim_timed --nodes 5 --rounds 2 --u 1 --l-ratio 1.0 --sd-ratio 1.0 --w-probe-ratio 1.0 --w-suspect-ratio 4.0 --parallel shared --keep-going --mode timed
swim_timed,5,2,N=5 U=2 L=0 sd=0 Wp=2 Ws=5,timed,cmp,4,201,,0,hold,hold,0.3,0.2,2,8,2026-09-06 17:21:13,2026-09-06 17:21:13,swim_timed --nodes 5 --rounds 2 --u 2 --l-ratio 0.0 --sd-ratio 0.0 --w-probe-ratio 1.0 --w-suspect-ratio 2.5 --parallel shared --keep-going --mode timed
swim_timed,5,2,N=5 U=2 L=0 sd=1 Wp=2 Ws=7,timed,cmp,4,201,,0,hold,hold,0.3,0.1,2,8,2026-09-06 17:21:13,2026-09-06 17:21:13,swim_timed --nodes 5 --rounds 2 --u 2 --l-ratio 0.0 --sd-ratio 0.5 --w-probe-ratio 1.0 --w-suspect-ratio 3.5 --parallel shared --keep-going --mode timed
swim_timed,5,2,N=5 U=2 L=2 sd=0 Wp=2 Ws=3,timed,cmp,1,61,,0,hold,hold,0.3,0.1,2,8,2026-09-06 17:21:13,2026-09-06 17:21:13,swim_timed --nodes 5 --rounds 2 --u 2 --l-ratio 1.0 --sd-ratio 0.0 --w-probe-ratio 1.0 --w-suspect-ratio 1.5 --parallel shared --keep-going --mode timed
swim_timed,5,2,N=5 U=2 L=2 sd=1 Wp=2 Ws=5,timed,cmp,1,61,,0,hold,hold,0.3,0.1,2,8,2026-09-06 17:21:13,2026-09-06 17:21:14,swim_timed --nodes 5 --rounds 2 --u 2 --l-ratio 1.0 --sd-ratio 0.5 --w-probe-ratio 1.0 --w-suspect-ratio 2.5 --parallel shared --keep-going --mode timed
lease_timed,2,4,C=2 U=1 L=0 sd=0 TTL=6 pause=3 fence=off,baseline,cmp,4096,2340,,2340,FIRE,FIRE,0.5,2.9,8,8,2026-09-06 17:21:14,2026-09-06 17:21:14,lease_timed --clients 2 --rounds 4 --u 1 --l-ratio 0.0 --sd-ratio 0.0 --ttl-ratio 6.0 --pause-ratio 3.0 --fencing off --parallel shared --keep-going --mode baseline
lease_timed,2,4,C=2 U=1 L=0 sd=0 TTL=6 pause=4 fence=on,baseline,cmp,20736,0,,0,hold,hold,1.3,8.1,10,8,2026-09-06 17:21:14,2026-09-06 17:21:16,lease_timed --clients 2 --rounds 4 --u 1 --l-ratio 0.0 --sd-ratio 0.0 --ttl-ratio 6.0 --pause-ratio 4.0 --fencing on --parallel shared --keep-going --mode baseline
lease_timed,2,4,C=2 U=1 L=0 sd=0 TTL=10 pause=7 fence=off,baseline,cmp,4096,2340,,2340,FIRE,FIRE,0.5,2.8,6,8,2026-09-06 17:21:16,2026-09-06 17:21:16,lease_timed --clients 2 --rounds 4 --u 1 --l-ratio 0.0 --sd-ratio 0.0 --ttl-ratio 10.0 --pause-ratio 7.0 --fencing off --parallel shared --keep-going --mode baseline
lease_timed,2,4,C=2 U=1 L=0 sd=0 TTL=10 pause=8 fence=on,baseline,cmp,20736,0,,0,hold,hold,1.3,7.9,10,8,2026-09-06 17:21:16,2026-09-06 17:21:17,lease_timed --clients 2 --rounds 4 --u 1 --l-ratio 0.0 --sd-ratio 0.0 --ttl-ratio 10.0 --pause-ratio 8.0 --fencing on --parallel shared --keep-going --mode baseline
lease_timed,2,4,C=2 U=1 L=0 sd=1 TTL=6 pause=1 fence=off,baseline,cmp,4096,2340,,2340,FIRE,FIRE,0.5,3.0,4,8,2026-09-06 17:21:17,2026-09-06 17:21:18,lease_timed --clients 2 --rounds 4 --u 1 --l-ratio 0.0 --sd-ratio 1.0 --ttl-ratio 6.0 --pause-ratio 1.0 --fencing off --parallel shared --keep-going --mode baseline
lease_timed,2,4,C=2 U=1 L=0 sd=1 TTL=6 pause=2 fence=on,baseline,cmp,20736,0,,0,hold,hold,1.5,8.9,8,8,2026-09-06 17:21:18,2026-09-06 17:21:19,lease_timed --clients 2 --rounds 4 --u 1 --l-ratio 0.0 --sd-ratio 1.0 --ttl-ratio 6.0 --pause-ratio 2.0 --fencing on --parallel shared --keep-going --mode baseline
lease_timed,2,4,C=2 U=1 L=0 sd=1 TTL=10 pause=5 fence=off,baseline,cmp,4096,2340,,2340,FIRE,FIRE,0.8,3.4,4,8,2026-09-06 17:21:19,2026-09-06 17:21:20,lease_timed --clients 2 --rounds 4 --u 1 --l-ratio 0.0 --sd-ratio 1.0 --ttl-ratio 10.0 --pause-ratio 5.0 --fencing off --parallel shared --keep-going --mode baseline
lease_timed,2,4,C=2 U=1 L=0 sd=1 TTL=10 pause=6 fence=on,baseline,cmp,20736,0,,0,hold,hold,1.3,8.5,10,8,2026-09-06 17:21:20,2026-09-06 17:21:21,lease_timed --clients 2 --rounds 4 --u 1 --l-ratio 0.0 --sd-ratio 1.0 --ttl-ratio 10.0 --pause-ratio 6.0 --fencing on --parallel shared --keep-going --mode baseline
lease_timed,4,2,C=4 U=2 L=0 sd=0 TTL=6 pause=1 fence=off,timed,cmp,841632,2110147,,0,hold,hold,775.8,6172.0,20,8,2026-09-06 17:08:26,2026-09-06 17:21:22,lease_timed --clients 4 --rounds 2 --u 2 --l-ratio 0.0 --sd-ratio 0.0 --ttl-ratio 3.0 --pause-ratio 0.5 --fencing off --parallel shared --keep-going --mode timed
lease_timed,2,4,C=2 U=1 L=1 sd=0 TTL=6 pause=5 fence=off,baseline,cmp,4096,2340,,2340,FIRE,FIRE,0.5,2.6,4,8,2026-09-06 17:21:21,2026-09-06 17:21:22,lease_timed --clients 2 --rounds 4 --u 1 --l-ratio 1.0 --sd-ratio 0.0 --ttl-ratio 6.0 --pause-ratio 5.0 --fencing off --parallel shared --keep-going --mode baseline
lease_timed,2,4,C=2 U=1 L=1 sd=0 TTL=10 pause=9 fence=off,baseline,cmp,4096,2340,,2340,FIRE,FIRE,0.5,2.5,4,8,2026-09-06 17:21:22,2026-09-06 17:21:23,lease_timed --clients 2 --rounds 4 --u 1 --l-ratio 1.0 --sd-ratio 0.0 --ttl-ratio 10.0 --pause-ratio 9.0 --fencing off --parallel shared --keep-going --mode baseline
lease_timed,2,4,C=2 U=1 L=1 sd=0 TTL=6 pause=6 fence=on,baseline,cmp,20736,0,,0,hold,hold,1.3,7.1,8,8,2026-09-06 17:21:22,2026-09-06 17:21:23,lease_timed --clients 2 --rounds 4 --u 1 --l-ratio 1.0 --sd-ratio 0.0 --ttl-ratio 6.0 --pause-ratio 6.0 --fencing on --parallel shared --keep-going --mode baseline
lease_timed,2,4,C=2 U=1 L=1 sd=1 TTL=6 pause=3 fence=off,baseline,cmp,4096,2340,,2340,FIRE,FIRE,0.5,2.1,10,8,2026-09-06 17:21:23,2026-09-06 17:21:24,lease_timed --clients 2 --rounds 4 --u 1 --l-ratio 1.0 --sd-ratio 1.0 --ttl-ratio 6.0 --pause-ratio 3.0 --fencing off --parallel shared --keep-going --mode baseline
lease_timed,2,4,C=2 U=1 L=1 sd=0 TTL=10 pause=10 fence=on,baseline,cmp,20736,0,,0,hold,hold,1.3,8.0,8,8,2026-09-06 17:21:23,2026-09-06 17:21:24,lease_timed --clients 2 --rounds 4 --u 1 --l-ratio 1.0 --sd-ratio 0.0 --ttl-ratio 10.0 --pause-ratio 10.0 --fencing on --parallel shared --keep-going --mode baseline
lease_timed,2,4,C=2 U=1 L=1 sd=1 TTL=10 pause=7 fence=off,baseline,cmp,4096,2340,,2340,FIRE,FIRE,0.5,2.5,8,8,2026-09-06 17:21:24,2026-09-06 17:21:24,lease_timed --clients 2 --rounds 4 --u 1 --l-ratio 1.0 --sd-ratio 1.0 --ttl-ratio 10.0 --pause-ratio 7.0 --fencing off --parallel shared --keep-going --mode baseline
lease_timed,2,4,C=2 U=1 L=1 sd=1 TTL=6 pause=4 fence=on,baseline,cmp,20736,0,,0,hold,hold,1.0,6.4,14,8,2026-09-06 17:21:24,2026-09-06 17:21:25,lease_timed --clients 2 --rounds 4 --u 1 --l-ratio 1.0 --sd-ratio 1.0 --ttl-ratio 6.0 --pause-ratio 4.0 --fencing on --parallel shared --keep-going --mode baseline
lease_timed,2,4,C=2 U=2 L=0 sd=0 TTL=6 pause=1 fence=off,baseline,cmp,4096,2340,,2340,FIRE,FIRE,0.5,2.8,6,8,2026-09-06 17:21:25,2026-09-06 17:21:25,lease_timed --clients 2 --rounds 4 --u 2 --l-ratio 0.0 --sd-ratio 0.0 --ttl-ratio 3.0 --pause-ratio 0.5 --fencing off --parallel shared --keep-going --mode baseline
lease_timed,2,4,C=2 U=1 L=1 sd=1 TTL=10 pause=8 fence=on,baseline,cmp,20736,0,,0,hold,hold,1.3,7.5,4,8,2026-09-06 17:21:24,2026-09-06 17:21:26,lease_timed --clients 2 --rounds 4 --u 1 --l-ratio 1.0 --sd-ratio 1.0 --ttl-ratio 10.0 --pause-ratio 8.0 --fencing on --parallel shared --keep-going --mode baseline
lease_timed,2,4,C=2 U=2 L=0 sd=0 TTL=10 pause=5 fence=off,baseline,cmp,4096,2340,,2340,FIRE,FIRE,0.5,2.9,6,8,2026-09-06 17:21:26,2026-09-06 17:21:26,lease_timed --clients 2 --rounds 4 --u 2 --l-ratio 0.0 --sd-ratio 0.0 --ttl-ratio 5.0 --pause-ratio 2.5 --fencing off --parallel shared --keep-going --mode baseline
lease_timed,2,4,C=2 U=2 L=0 sd=0 TTL=6 pause=2 fence=on,baseline,cmp,20736,0,,0,hold,hold,1.3,7.5,6,8,2026-09-06 17:21:25,2026-09-06 17:21:27,lease_timed --clients 2 --rounds 4 --u 2 --l-ratio 0.0 --sd-ratio 0.0 --ttl-ratio 3.0 --pause-ratio 1.0 --fencing on --parallel shared --keep-going --mode baseline
lease_timed,2,4,C=2 U=2 L=0 sd=1 TTL=10 pause=3 fence=off,baseline,cmp,4096,2340,,2340,FIRE,FIRE,0.5,2.9,4,8,2026-09-06 17:21:27,2026-09-06 17:21:27,lease_timed --clients 2 --rounds 4 --u 2 --l-ratio 0.0 --sd-ratio 0.5 --ttl-ratio 5.0 --pause-ratio 1.5 --fencing off --parallel shared --keep-going --mode baseline
lease_timed,2,4,C=2 U=2 L=0 sd=0 TTL=10 pause=6 fence=on,baseline,cmp,20736,0,,0,hold,hold,1.0,6.7,12,8,2026-09-06 17:21:26,2026-09-06 17:21:27,lease_timed --clients 2 --rounds 4 --u 2 --l-ratio 0.0 --sd-ratio 0.0 --ttl-ratio 5.0 --pause-ratio 3.0 --fencing on --parallel shared --keep-going --mode baseline
lease_timed,2,4,C=2 U=2 L=2 sd=0 TTL=6 pause=5 fence=off,baseline,cmp,4096,2340,,2340,FIRE,FIRE,0.5,3.0,6,8,2026-09-06 17:21:27,2026-09-06 17:21:28,lease_timed --clients 2 --rounds 4 --u 2 --l-ratio 1.0 --sd-ratio 0.0 --ttl-ratio 3.0 --pause-ratio 2.5 --fencing off --parallel shared --keep-going --mode baseline
lease_timed,2,4,C=2 U=2 L=0 sd=1 TTL=10 pause=4 fence=on,baseline,cmp,20736,0,,0,hold,hold,1.0,6.5,6,8,2026-09-06 17:21:27,2026-09-06 17:21:28,lease_timed --clients 2 --rounds 4 --u 2 --l-ratio 0.0 --sd-ratio 0.5 --ttl-ratio 5.0 --pause-ratio 2.0 --fencing on --parallel shared --keep-going --mode baseline
lease_timed,2,4,C=2 U=2 L=2 sd=0 TTL=10 pause=9 fence=off,baseline,cmp,4096,2340,,2340,FIRE,FIRE,0.5,2.5,10,8,2026-09-06 17:21:28,2026-09-06 17:21:29,lease_timed --clients 2 --rounds 4 --u 2 --l-ratio 1.0 --sd-ratio 0.0 --ttl-ratio 5.0 --pause-ratio 4.5 --fencing off --parallel shared --keep-going --mode baseline
lease_timed,2,4,C=2 U=2 L=2 sd=0 TTL=6 pause=6 fence=on,baseline,cmp,20736,0,,0,hold,hold,1.3,7.0,14,8,2026-09-06 17:21:28,2026-09-06 17:21:29,lease_timed --clients 2 --rounds 4 --u 2 --l-ratio 1.0 --sd-ratio 0.0 --ttl-ratio 3.0 --pause-ratio 3.0 --fencing on --parallel shared --keep-going --mode baseline
lease_timed,2,4,C=2 U=2 L=2 sd=1 TTL=6 pause=3 fence=off,baseline,cmp,4096,2340,,2340,FIRE,FIRE,0.5,2.4,6,8,2026-09-06 17:21:29,2026-09-06 17:21:29,lease_timed --clients 2 --rounds 4 --u 2 --l-ratio 1.0 --sd-ratio 0.5 --ttl-ratio 3.0 --pause-ratio 1.5 --fencing off --parallel shared --keep-going --mode baseline
lease_timed,2,4,C=2 U=2 L=2 sd=0 TTL=10 pause=10 fence=on,baseline,cmp,20736,0,,0,hold,hold,1.0,6.4,8,8,2026-09-06 17:21:29,2026-09-06 17:21:30,lease_timed --clients 2 --rounds 4 --u 2 --l-ratio 1.0 --sd-ratio 0.0 --ttl-ratio 5.0 --pause-ratio 5.0 --fencing on --parallel shared --keep-going --mode baseline
lease_timed,2,4,C=2 U=2 L=2 sd=1 TTL=10 pause=7 fence=off,baseline,cmp,4096,2340,,2340,FIRE,FIRE,0.5,2.6,4,8,2026-09-06 17:21:30,2026-09-06 17:21:30,lease_timed --clients 2 --rounds 4 --u 2 --l-ratio 1.0 --sd-ratio 0.5 --ttl-ratio 5.0 --pause-ratio 3.5 --fencing off --parallel shared --keep-going --mode baseline
lease_timed,2,4,C=2 U=2 L=2 sd=1 TTL=6 pause=4 fence=on,baseline,cmp,20736,0,,0,hold,hold,1.3,7.1,12,8,2026-09-06 17:21:29,2026-09-06 17:21:31,lease_timed --clients 2 --rounds 4 --u 2 --l-ratio 1.0 --sd-ratio 0.5 --ttl-ratio 3.0 --pause-ratio 2.0 --fencing on --parallel shared --keep-going --mode baseline
lease_timed,2,4,C=2 U=2 L=2 sd=1 TTL=10 pause=8 fence=on,baseline,cmp,20736,0,,0,hold,hold,1.0,6.4,10,8,2026-09-06 17:21:30,2026-09-06 17:21:31,lease_timed --clients 2 --rounds 4 --u 2 --l-ratio 1.0 --sd-ratio 0.5 --ttl-ratio 5.0 --pause-ratio 4.0 --fencing on --parallel shared --keep-going --mode baseline
lease_timed,2,4,C=2 U=1 L=0 sd=0 TTL=6 pause=3 fence=off,timed,cmp,4096,3510,,0,hold,hold,1.8,12.8,8,8,2026-09-06 17:21:31,2026-09-06 17:21:33,lease_timed --clients 2 --rounds 4 --u 1 --l-ratio 0.0 --sd-ratio 0.0 --ttl-ratio 6.0 --pause-ratio 3.0 --fencing off --parallel shared --keep-going --mode timed
lease_timed,2,4,C=2 U=1 L=0 sd=0 TTL=10 pause=7 fence=off,timed,cmp,4096,3510,,0,hold,hold,1.8,13.3,6,8,2026-09-06 17:21:33,2026-09-06 17:21:34,lease_timed --clients 2 --rounds 4 --u 1 --l-ratio 0.0 --sd-ratio 0.0 --ttl-ratio 10.0 --pause-ratio 7.0 --fencing off --parallel shared --keep-going --mode timed
lease_timed,2,4,C=2 U=1 L=0 sd=0 TTL=6 pause=4 fence=on,timed,cmp,18029,13468,,0,hold,hold,5.8,44.5,8,8,2026-09-06 17:21:31,2026-09-06 17:21:37,lease_timed --clients 2 --rounds 4 --u 1 --l-ratio 0.0 --sd-ratio 0.0 --ttl-ratio 6.0 --pause-ratio 4.0 --fencing on --parallel shared --keep-going --mode timed
lease_timed,2,4,C=2 U=1 L=0 sd=1 TTL=6 pause=1 fence=off,timed,cmp,4096,3510,,0,hold,hold,1.8,12.5,6,8,2026-09-06 17:21:37,2026-09-06 17:21:39,lease_timed --clients 2 --rounds 4 --u 1 --l-ratio 0.0 --sd-ratio 1.0 --ttl-ratio 6.0 --pause-ratio 1.0 --fencing off --parallel shared --keep-going --mode timed
lease_timed,2,4,C=2 U=1 L=0 sd=0 TTL=10 pause=8 fence=on,timed,cmp,18029,13468,,0,hold,hold,5.8,44.7,10,8,2026-09-06 17:21:34,2026-09-06 17:21:40,lease_timed --clients 2 --rounds 4 --u 1 --l-ratio 0.0 --sd-ratio 0.0 --ttl-ratio 10.0 --pause-ratio 8.0 --fencing on --parallel shared --keep-going --mode timed
lease_timed,2,4,C=2 U=1 L=0 sd=1 TTL=10 pause=5 fence=off,timed,cmp,4096,3510,,0,hold,hold,2.0,13.6,10,8,2026-09-06 17:21:40,2026-09-06 17:21:42,lease_timed --clients 2 --rounds 4 --u 1 --l-ratio 0.0 --sd-ratio 1.0 --ttl-ratio 10.0 --pause-ratio 5.0 --fencing off --parallel shared --keep-going --mode timed
lease_timed,2,4,C=2 U=1 L=0 sd=1 TTL=6 pause=2 fence=on,timed,cmp,18029,13468,,0,hold,hold,5.8,44.0,14,8,2026-09-06 17:21:39,2026-09-06 17:21:45,lease_timed --clients 2 --rounds 4 --u 1 --l-ratio 0.0 --sd-ratio 1.0 --ttl-ratio 6.0 --pause-ratio 2.0 --fencing on --parallel shared --keep-going --mode timed
lease_timed,2,4,C=2 U=1 L=1 sd=0 TTL=6 pause=5 fence=off,timed,cmp,32,59,,0,hold,hold,0.3,0.3,2,8,2026-09-06 17:21:45,2026-09-06 17:21:45,lease_timed --clients 2 --rounds 4 --u 1 --l-ratio 1.0 --sd-ratio 0.0 --ttl-ratio 6.0 --pause-ratio 5.0 --fencing off --parallel shared --keep-going --mode timed
lease_timed,2,4,C=2 U=1 L=1 sd=0 TTL=6 pause=6 fence=on,timed,cmp,384,127,,0,hold,hold,0.5,2.0,2,8,2026-09-06 17:21:45,2026-09-06 17:21:45,lease_timed --clients 2 --rounds 4 --u 1 --l-ratio 1.0 --sd-ratio 0.0 --ttl-ratio 6.0 --pause-ratio 6.0 --fencing on --parallel shared --keep-going --mode timed
lease_timed,2,4,C=2 U=1 L=1 sd=0 TTL=10 pause=9 fence=off,timed,cmp,32,59,,0,hold,hold,0.3,0.3,2,8,2026-09-06 17:21:45,2026-09-06 17:21:46,lease_timed --clients 2 --rounds 4 --u 1 --l-ratio 1.0 --sd-ratio 0.0 --ttl-ratio 10.0 --pause-ratio 9.0 --fencing off --parallel shared --keep-going --mode timed
lease_timed,2,4,C=2 U=1 L=1 sd=0 TTL=10 pause=10 fence=on,timed,cmp,384,127,,0,hold,hold,0.5,2.1,2,8,2026-09-06 17:21:46,2026-09-06 17:21:46,lease_timed --clients 2 --rounds 4 --u 1 --l-ratio 1.0 --sd-ratio 0.0 --ttl-ratio 10.0 --pause-ratio 10.0 --fencing on --parallel shared --keep-going --mode timed
lease_timed,2,4,C=2 U=1 L=1 sd=1 TTL=6 pause=3 fence=off,timed,cmp,352,647,,0,hold,hold,0.5,2.8,2,8,2026-09-06 17:21:46,2026-09-06 17:21:47,lease_timed --clients 2 --rounds 4 --u 1 --l-ratio 1.0 --sd-ratio 1.0 --ttl-ratio 6.0 --pause-ratio 3.0 --fencing off --parallel shared --keep-going --mode timed
lease_timed,2,4,C=2 U=1 L=0 sd=1 TTL=10 pause=6 fence=on,timed,cmp,18029,13468,,0,hold,hold,5.8,44.9,8,8,2026-09-06 17:21:42,2026-09-06 17:21:48,lease_timed --clients 2 --rounds 4 --u 1 --l-ratio 0.0 --sd-ratio 1.0 --ttl-ratio 10.0 --pause-ratio 6.0 --fencing on --parallel shared --keep-going --mode timed
lease_timed,2,4,C=2 U=1 L=1 sd=1 TTL=6 pause=4 fence=on,timed,cmp,2989,3177,,0,hold,hold,1.8,12.0,2,8,2026-09-06 17:21:47,2026-09-06 17:21:48,lease_timed --clients 2 --rounds 4 --u 1 --l-ratio 1.0 --sd-ratio 1.0 --ttl-ratio 6.0 --pause-ratio 4.0 --fencing on --parallel shared --keep-going --mode timed
lease_timed,2,4,C=2 U=1 L=1 sd=1 TTL=10 pause=7 fence=off,timed,cmp,352,647,,0,hold,hold,0.5,3.0,2,8,2026-09-06 17:21:48,2026-09-06 17:21:48,lease_timed --clients 2 --rounds 4 --u 1 --l-ratio 1.0 --sd-ratio 1.0 --ttl-ratio 10.0 --pause-ratio 7.0 --fencing off --parallel shared --keep-going --mode timed
lease_timed,2,4,C=2 U=1 L=1 sd=1 TTL=10 pause=8 fence=on,timed,cmp,2989,3177,,0,hold,hold,2.0,14.3,4,8,2026-09-06 17:21:48,2026-09-06 17:21:50,lease_timed --clients 2 --rounds 4 --u 1 --l-ratio 1.0 --sd-ratio 1.0 --ttl-ratio 10.0 --pause-ratio 8.0 --fencing on --parallel shared --keep-going --mode timed
lease_timed,2,4,C=2 U=2 L=0 sd=0 TTL=6 pause=1 fence=off,timed,cmp,5120,4686,,0,hold,hold,2.3,17.2,8,8,2026-09-06 17:21:48,2026-09-06 17:21:51,lease_timed --clients 2 --rounds 4 --u 2 --l-ratio 0.0 --sd-ratio 0.0 --ttl-ratio 3.0 --pause-ratio 0.5 --fencing off --parallel shared --keep-going --mode timed
lease_timed,2,4,C=2 U=2 L=0 sd=0 TTL=10 pause=5 fence=off,timed,cmp,5120,4686,,0,hold,hold,2.5,18.7,6,8,2026-09-06 17:21:51,2026-09-06 17:21:53,lease_timed --clients 2 --rounds 4 --u 2 --l-ratio 0.0 --sd-ratio 0.0 --ttl-ratio 5.0 --pause-ratio 2.5 --fencing off --parallel shared --keep-going --mode timed
lease_timed,2,4,C=2 U=2 L=0 sd=0 TTL=6 pause=2 fence=on,timed,cmp,18029,13468,,0,hold,hold,6.0,46.8,10,8,2026-09-06 17:21:50,2026-09-06 17:21:56,lease_timed --clients 2 --rounds 4 --u 2 --l-ratio 0.0 --sd-ratio 0.0 --ttl-ratio 3.0 --pause-ratio 1.0 --fencing on --parallel shared --keep-going --mode timed
lease_timed,2,4,C=2 U=2 L=0 sd=1 TTL=10 pause=3 fence=off,timed,cmp,5120,4686,,0,hold,hold,2.3,17.2,8,8,2026-09-06 17:21:56,2026-09-06 17:21:59,lease_timed --clients 2 --rounds 4 --u 2 --l-ratio 0.0 --sd-ratio 0.5 --ttl-ratio 5.0 --pause-ratio 1.5 --fencing off --parallel shared --keep-going --mode timed
lease_timed,2,4,C=2 U=2 L=0 sd=0 TTL=10 pause=6 fence=on,timed,cmp,18029,13468,,0,hold,hold,5.8,45.4,10,8,2026-09-06 17:21:53,2026-09-06 17:21:59,lease_timed --clients 2 --rounds 4 --u 2 --l-ratio 0.0 --sd-ratio 0.0 --ttl-ratio 5.0 --pause-ratio 3.0 --fencing on --parallel shared --keep-going --mode timed
lease_timed,2,4,C=2 U=2 L=2 sd=0 TTL=6 pause=5 fence=off,timed,cmp,2,11,,0,hold,hold,0.3,0.0,2,8,2026-09-06 17:21:59,2026-09-06 17:21:59,lease_timed --clients 2 --rounds 4 --u 2 --l-ratio 1.0 --sd-ratio 0.0 --ttl-ratio 3.0 --pause-ratio 2.5 --fencing off --parallel shared --keep-going --mode timed
lease_timed,2,4,C=2 U=2 L=2 sd=0 TTL=6 pause=6 fence=on,timed,cmp,24,22,,0,hold,hold,0.3,0.2,2,8,2026-09-06 17:21:59,2026-09-06 17:22:00,lease_timed --clients 2 --rounds 4 --u 2 --l-ratio 1.0 --sd-ratio 0.0 --ttl-ratio 3.0 --pause-ratio 3.0 --fencing on --parallel shared --keep-going --mode timed
lease_timed,2,4,C=2 U=2 L=2 sd=0 TTL=10 pause=9 fence=off,timed,cmp,32,59,,0,hold,hold,0.3,0.4,2,8,2026-09-06 17:22:00,2026-09-06 17:22:00,lease_timed --clients 2 --rounds 4 --u 2 --l-ratio 1.0 --sd-ratio 0.0 --ttl-ratio 5.0 --pause-ratio 4.5 --fencing off --parallel shared --keep-going --mode timed
lease_timed,2,4,C=2 U=2 L=2 sd=0 TTL=10 pause=10 fence=on,timed,cmp,384,127,,0,hold,hold,0.5,2.1,2,8,2026-09-06 17:22:00,2026-09-06 17:22:00,lease_timed --clients 2 --rounds 4 --u 2 --l-ratio 1.0 --sd-ratio 0.0 --ttl-ratio 5.0 --pause-ratio 5.0 --fencing on --parallel shared --keep-going --mode timed
lease_timed,2,4,C=2 U=2 L=2 sd=1 TTL=6 pause=3 fence=off,timed,cmp,16,67,,0,hold,hold,0.3,0.2,2,8,2026-09-06 17:22:00,2026-09-06 17:22:01,lease_timed --clients 2 --rounds 4 --u 2 --l-ratio 1.0 --sd-ratio 0.5 --ttl-ratio 3.0 --pause-ratio 1.5 --fencing off --parallel shared --keep-going --mode timed
lease_timed,2,4,C=2 U=2 L=2 sd=1 TTL=6 pause=4 fence=on,timed,cmp,24,67,,0,hold,hold,0.3,0.3,2,8,2026-09-06 17:22:01,2026-09-06 17:22:01,lease_timed --clients 2 --rounds 4 --u 2 --l-ratio 1.0 --sd-ratio 0.5 --ttl-ratio 3.0 --pause-ratio 2.0 --fencing on --parallel shared --keep-going --mode timed
lease_timed,2,4,C=2 U=2 L=2 sd=1 TTL=10 pause=7 fence=off,timed,cmp,352,584,,0,hold,hold,0.5,2.7,2,8,2026-09-06 17:22:01,2026-09-06 17:22:01,lease_timed --clients 2 --rounds 4 --u 2 --l-ratio 1.0 --sd-ratio 0.5 --ttl-ratio 5.0 --pause-ratio 3.5 --fencing off --parallel shared --keep-going --mode timed
lease_timed,2,4,C=2 U=2 L=2 sd=1 TTL=10 pause=8 fence=on,timed,cmp,875,998,,0,hold,hold,0.8,4.6,2,8,2026-09-06 17:22:01,2026-09-06 17:22:02,lease_timed --clients 2 --rounds 4 --u 2 --l-ratio 1.0 --sd-ratio 0.5 --ttl-ratio 5.0 --pause-ratio 4.0 --fencing on --parallel shared --keep-going --mode timed
swim_timed,4,3,N=4 U=1 L=0 sd=0 Wp=1 Ws=3,baseline,cmp,56,55,,199,FIRE,FIRE,0.3,0.0,2,8,2026-09-06 17:22:02,2026-09-06 17:22:02,swim_timed --nodes 4 --rounds 3 --u 1 --l-ratio 0.0 --sd-ratio 0.0 --w-probe-ratio 1.0 --w-suspect-ratio 3.0 --parallel shared --keep-going --mode baseline
swim_timed,4,3,N=4 U=1 L=0 sd=1 Wp=1 Ws=5,baseline,cmp,56,55,,199,FIRE,FIRE,0.3,0.0,2,8,2026-09-06 17:22:02,2026-09-06 17:22:03,swim_timed --nodes 4 --rounds 3 --u 1 --l-ratio 0.0 --sd-ratio 1.0 --w-probe-ratio 1.0 --w-suspect-ratio 5.0 --parallel shared --keep-going --mode baseline
swim_timed,4,3,N=4 U=1 L=1 sd=0 Wp=1 Ws=2,baseline,cmp,56,55,,199,FIRE,FIRE,0.3,0.0,2,8,2026-09-06 17:22:03,2026-09-06 17:22:03,swim_timed --nodes 4 --rounds 3 --u 1 --l-ratio 1.0 --sd-ratio 0.0 --w-probe-ratio 1.0 --w-suspect-ratio 2.0 --parallel shared --keep-going --mode baseline
swim_timed,4,3,N=4 U=1 L=1 sd=1 Wp=1 Ws=4,baseline,cmp,56,55,,199,FIRE,FIRE,0.3,0.0,2,8,2026-09-06 17:22:03,2026-09-06 17:22:03,swim_timed --nodes 4 --rounds 3 --u 1 --l-ratio 1.0 --sd-ratio 1.0 --w-probe-ratio 1.0 --w-suspect-ratio 4.0 --parallel shared --keep-going --mode baseline
swim_timed,4,3,N=4 U=2 L=0 sd=0 Wp=2 Ws=5,baseline,cmp,56,55,,199,FIRE,FIRE,0.3,0.0,2,8,2026-09-06 17:22:03,2026-09-06 17:22:04,swim_timed --nodes 4 --rounds 3 --u 2 --l-ratio 0.0 --sd-ratio 0.0 --w-probe-ratio 1.0 --w-suspect-ratio 2.5 --parallel shared --keep-going --mode baseline
swim_timed,4,3,N=4 U=2 L=0 sd=1 Wp=2 Ws=7,baseline,cmp,56,55,,199,FIRE,FIRE,0.3,0.0,2,8,2026-09-06 17:22:04,2026-09-06 17:22:04,swim_timed --nodes 4 --rounds 3 --u 2 --l-ratio 0.0 --sd-ratio 0.5 --w-probe-ratio 1.0 --w-suspect-ratio 3.5 --parallel shared --keep-going --mode baseline
swim_timed,4,3,N=4 U=2 L=2 sd=0 Wp=2 Ws=3,baseline,cmp,56,55,,199,FIRE,FIRE,0.3,0.0,2,8,2026-09-06 17:22:04,2026-09-06 17:22:04,swim_timed --nodes 4 --rounds 3 --u 2 --l-ratio 1.0 --sd-ratio 0.0 --w-probe-ratio 1.0 --w-suspect-ratio 1.5 --parallel shared --keep-going --mode baseline
swim_timed,4,3,N=4 U=2 L=2 sd=1 Wp=2 Ws=5,baseline,cmp,56,55,,199,FIRE,FIRE,0.3,0.0,2,8,2026-09-06 17:22:04,2026-09-06 17:22:04,swim_timed --nodes 4 --rounds 3 --u 2 --l-ratio 1.0 --sd-ratio 0.5 --w-probe-ratio 1.0 --w-suspect-ratio 2.5 --parallel shared --keep-going --mode baseline
swim_timed,4,3,N=4 U=1 L=0 sd=0 Wp=1 Ws=3,timed,cmp,8,203,,0,hold,hold,0.3,0.2,2,8,2026-09-06 17:22:04,2026-09-06 17:22:05,swim_timed --nodes 4 --rounds 3 --u 1 --l-ratio 0.0 --sd-ratio 0.0 --w-probe-ratio 1.0 --w-suspect-ratio 3.0 --parallel shared --keep-going --mode timed
lease_timed,2,4,C=2 U=2 L=0 sd=1 TTL=10 pause=4 fence=on,timed,cmp,18029,13468,,0,hold,hold,6.0,46.8,14,8,2026-09-06 17:21:59,2026-09-06 17:22:05,lease_timed --clients 2 --rounds 4 --u 2 --l-ratio 0.0 --sd-ratio 0.5 --ttl-ratio 5.0 --pause-ratio 2.0 --fencing on --parallel shared --keep-going --mode timed
swim_timed,4,3,N=4 U=1 L=0 sd=1 Wp=1 Ws=5,timed,cmp,8,148,,0,hold,hold,0.3,0.2,2,8,2026-09-06 17:22:05,2026-09-06 17:22:05,swim_timed --nodes 4 --rounds 3 --u 1 --l-ratio 0.0 --sd-ratio 1.0 --w-probe-ratio 1.0 --w-suspect-ratio 5.0 --parallel shared --keep-going --mode timed
swim_timed,4,3,N=4 U=1 L=1 sd=0 Wp=1 Ws=2,timed,cmp,1,44,,0,hold,hold,0.3,0.1,2,8,2026-09-06 17:22:05,2026-09-06 17:22:05,swim_timed --nodes 4 --rounds 3 --u 1 --l-ratio 1.0 --sd-ratio 0.0 --w-probe-ratio 1.0 --w-suspect-ratio 2.0 --parallel shared --keep-going --mode timed
swim_timed,4,3,N=4 U=1 L=1 sd=1 Wp=1 Ws=4,timed,cmp,1,44,,0,hold,hold,0.3,0.1,2,8,2026-09-06 17:22:05,2026-09-06 17:22:05,swim_timed --nodes 4 --rounds 3 --u 1 --l-ratio 1.0 --sd-ratio 1.0 --w-probe-ratio 1.0 --w-suspect-ratio 4.0 --parallel shared --keep-going --mode timed
swim_timed,4,3,N=4 U=2 L=0 sd=0 Wp=2 Ws=5,timed,cmp,8,203,,0,hold,hold,0.3,0.2,2,8,2026-09-06 17:22:05,2026-09-06 17:22:05,swim_timed --nodes 4 --rounds 3 --u 2 --l-ratio 0.0 --sd-ratio 0.0 --w-probe-ratio 1.0 --w-suspect-ratio 2.5 --parallel shared --keep-going --mode timed
swim_timed,4,3,N=4 U=2 L=0 sd=1 Wp=2 Ws=7,timed,cmp,8,203,,0,hold,hold,0.3,0.2,2,8,2026-09-06 17:22:05,2026-09-06 17:22:05,swim_timed --nodes 4 --rounds 3 --u 2 --l-ratio 0.0 --sd-ratio 0.5 --w-probe-ratio 1.0 --w-suspect-ratio 3.5 --parallel shared --keep-going --mode timed
swim_timed,4,3,N=4 U=2 L=2 sd=0 Wp=2 Ws=3,timed,cmp,1,44,,0,hold,hold,0.3,0.1,2,8,2026-09-06 17:22:05,2026-09-06 17:22:06,swim_timed --nodes 4 --rounds 3 --u 2 --l-ratio 1.0 --sd-ratio 0.0 --w-probe-ratio 1.0 --w-suspect-ratio 1.5 --parallel shared --keep-going --mode timed
swim_timed,4,3,N=4 U=2 L=2 sd=1 Wp=2 Ws=5,timed,cmp,1,44,,0,hold,hold,0.3,0.1,2,8,2026-09-06 17:22:05,2026-09-06 17:22:06,swim_timed --nodes 4 --rounds 3 --u 2 --l-ratio 1.0 --sd-ratio 0.5 --w-probe-ratio 1.0 --w-suspect-ratio 2.5 --parallel shared --keep-going --mode timed
swim_timed,3,4,N=3 U=1 L=0 sd=0 Wp=1 Ws=3,baseline,cmp,48,47,,111,FIRE,FIRE,0.3,0.0,2,8,2026-09-06 17:22:06,2026-09-06 17:22:06,swim_timed --nodes 3 --rounds 4 --u 1 --l-ratio 0.0 --sd-ratio 0.0 --w-probe-ratio 1.0 --w-suspect-ratio 3.0 --parallel shared --keep-going --mode baseline
swim_timed,3,4,N=3 U=1 L=0 sd=1 Wp=1 Ws=5,baseline,cmp,48,47,,111,FIRE,FIRE,0.3,0.0,2,8,2026-09-06 17:22:06,2026-09-06 17:22:06,swim_timed --nodes 3 --rounds 4 --u 1 --l-ratio 0.0 --sd-ratio 1.0 --w-probe-ratio 1.0 --w-suspect-ratio 5.0 --parallel shared --keep-going --mode baseline
swim_timed,3,4,N=3 U=1 L=1 sd=0 Wp=1 Ws=2,baseline,cmp,48,47,,111,FIRE,FIRE,0.3,0.0,2,8,2026-09-06 17:22:06,2026-09-06 17:22:06,swim_timed --nodes 3 --rounds 4 --u 1 --l-ratio 1.0 --sd-ratio 0.0 --w-probe-ratio 1.0 --w-suspect-ratio 2.0 --parallel shared --keep-going --mode baseline
swim_timed,3,4,N=3 U=1 L=1 sd=1 Wp=1 Ws=4,baseline,cmp,48,47,,111,FIRE,FIRE,0.3,0.0,2,8,2026-09-06 17:22:06,2026-09-06 17:22:06,swim_timed --nodes 3 --rounds 4 --u 1 --l-ratio 1.0 --sd-ratio 1.0 --w-probe-ratio 1.0 --w-suspect-ratio 4.0 --parallel shared --keep-going --mode baseline
swim_timed,3,4,N=3 U=2 L=0 sd=0 Wp=2 Ws=5,baseline,cmp,48,47,,111,FIRE,FIRE,0.3,0.0,2,8,2026-09-06 17:22:06,2026-09-06 17:22:06,swim_timed --nodes 3 --rounds 4 --u 2 --l-ratio 0.0 --sd-ratio 0.0 --w-probe-ratio 1.0 --w-suspect-ratio 2.5 --parallel shared --keep-going --mode baseline
swim_timed,3,4,N=3 U=2 L=0 sd=1 Wp=2 Ws=7,baseline,cmp,48,47,,111,FIRE,FIRE,0.3,0.0,2,8,2026-09-06 17:22:06,2026-09-06 17:22:07,swim_timed --nodes 3 --rounds 4 --u 2 --l-ratio 0.0 --sd-ratio 0.5 --w-probe-ratio 1.0 --w-suspect-ratio 3.5 --parallel shared --keep-going --mode baseline
swim_timed,3,4,N=3 U=2 L=2 sd=0 Wp=2 Ws=3,baseline,cmp,48,47,,111,FIRE,FIRE,0.3,0.0,2,8,2026-09-06 17:22:06,2026-09-06 17:22:07,swim_timed --nodes 3 --rounds 4 --u 2 --l-ratio 1.0 --sd-ratio 0.0 --w-probe-ratio 1.0 --w-suspect-ratio 1.5 --parallel shared --keep-going --mode baseline
swim_timed,3,4,N=3 U=2 L=2 sd=1 Wp=2 Ws=5,baseline,cmp,48,47,,111,FIRE,FIRE,0.3,0.0,2,8,2026-09-06 17:22:07,2026-09-06 17:22:07,swim_timed --nodes 3 --rounds 4 --u 2 --l-ratio 1.0 --sd-ratio 0.5 --w-probe-ratio 1.0 --w-suspect-ratio 2.5 --parallel shared --keep-going --mode baseline
swim_timed,3,4,N=3 U=1 L=0 sd=0 Wp=1 Ws=3,timed,cmp,16,141,,0,hold,hold,0.3,0.1,2,8,2026-09-06 17:22:07,2026-09-06 17:22:07,swim_timed --nodes 3 --rounds 4 --u 1 --l-ratio 0.0 --sd-ratio 0.0 --w-probe-ratio 1.0 --w-suspect-ratio 3.0 --parallel shared --keep-going --mode timed
swim_timed,3,4,N=3 U=1 L=0 sd=1 Wp=1 Ws=5,timed,cmp,16,94,,0,hold,hold,0.3,0.1,2,8,2026-09-06 17:22:07,2026-09-06 17:22:07,swim_timed --nodes 3 --rounds 4 --u 1 --l-ratio 0.0 --sd-ratio 1.0 --w-probe-ratio 1.0 --w-suspect-ratio 5.0 --parallel shared --keep-going --mode timed
swim_timed,3,4,N=3 U=1 L=1 sd=0 Wp=1 Ws=2,timed,cmp,1,18,,0,hold,hold,0.3,0.0,2,8,2026-09-06 17:22:07,2026-09-06 17:22:07,swim_timed --nodes 3 --rounds 4 --u 1 --l-ratio 1.0 --sd-ratio 0.0 --w-probe-ratio 1.0 --w-suspect-ratio 2.0 --parallel shared --keep-going --mode timed
swim_timed,3,4,N=3 U=1 L=1 sd=1 Wp=1 Ws=4,timed,cmp,1,18,,0,hold,hold,0.3,0.0,2,8,2026-09-06 17:22:07,2026-09-06 17:22:07,swim_timed --nodes 3 --rounds 4 --u 1 --l-ratio 1.0 --sd-ratio 1.0 --w-probe-ratio 1.0 --w-suspect-ratio 4.0 --parallel shared --keep-going --mode timed
swim_timed,3,4,N=3 U=2 L=0 sd=0 Wp=2 Ws=5,timed,cmp,16,141,,0,hold,hold,0.3,0.1,2,8,2026-09-06 17:22:07,2026-09-06 17:22:07,swim_timed --nodes 3 --rounds 4 --u 2 --l-ratio 0.0 --sd-ratio 0.0 --w-probe-ratio 1.0 --w-suspect-ratio 2.5 --parallel shared --keep-going --mode timed
swim_timed,3,4,N=3 U=2 L=0 sd=1 Wp=2 Ws=7,timed,cmp,16,141,,0,hold,hold,0.3,0.1,2,8,2026-09-06 17:22:07,2026-09-06 17:22:08,swim_timed --nodes 3 --rounds 4 --u 2 --l-ratio 0.0 --sd-ratio 0.5 --w-probe-ratio 1.0 --w-suspect-ratio 3.5 --parallel shared --keep-going --mode timed
swim_timed,3,4,N=3 U=2 L=2 sd=0 Wp=2 Ws=3,timed,cmp,1,18,,0,hold,hold,0.3,0.0,2,8,2026-09-06 17:22:07,2026-09-06 17:22:08,swim_timed --nodes 3 --rounds 4 --u 2 --l-ratio 1.0 --sd-ratio 0.0 --w-probe-ratio 1.0 --w-suspect-ratio 1.5 --parallel shared --keep-going --mode timed
swim_timed,3,4,N=3 U=2 L=2 sd=1 Wp=2 Ws=5,timed,cmp,1,18,,0,hold,hold,0.3,0.0,2,8,2026-09-06 17:22:08,2026-09-06 17:22:08,swim_timed --nodes 3 --rounds 4 --u 2 --l-ratio 1.0 --sd-ratio 0.5 --w-probe-ratio 1.0 --w-suspect-ratio 2.5 --parallel shared --keep-going --mode timed
swim_timed,5,3,N=5 U=1 L=0 sd=0 Wp=1 Ws=3,baseline,cmp,170,169,,853,FIRE,FIRE,0.3,0.1,2,8,2026-09-06 17:22:08,2026-09-06 17:22:08,swim_timed --nodes 5 --rounds 3 --u 1 --l-ratio 0.0 --sd-ratio 0.0 --w-probe-ratio 1.0 --w-suspect-ratio 3.0 --parallel shared --keep-going --mode baseline
swim_timed,5,3,N=5 U=1 L=0 sd=1 Wp=1 Ws=5,baseline,cmp,170,169,,853,FIRE,FIRE,0.3,0.1,2,8,2026-09-06 17:22:08,2026-09-06 17:22:08,swim_timed --nodes 5 --rounds 3 --u 1 --l-ratio 0.0 --sd-ratio 1.0 --w-probe-ratio 1.0 --w-suspect-ratio 5.0 --parallel shared --keep-going --mode baseline
swim_timed,5,3,N=5 U=1 L=1 sd=0 Wp=1 Ws=2,baseline,cmp,170,169,,853,FIRE,FIRE,0.3,0.1,2,8,2026-09-06 17:22:08,2026-09-06 17:22:08,swim_timed --nodes 5 --rounds 3 --u 1 --l-ratio 1.0 --sd-ratio 0.0 --w-probe-ratio 1.0 --w-suspect-ratio 2.0 --parallel shared --keep-going --mode baseline
swim_timed,5,3,N=5 U=1 L=1 sd=1 Wp=1 Ws=4,baseline,cmp,170,169,,853,FIRE,FIRE,0.3,0.1,2,8,2026-09-06 17:22:08,2026-09-06 17:22:08,swim_timed --nodes 5 --rounds 3 --u 1 --l-ratio 1.0 --sd-ratio 1.0 --w-probe-ratio 1.0 --w-suspect-ratio 4.0 --parallel shared --keep-going --mode baseline
swim_timed,5,3,N=5 U=2 L=0 sd=0 Wp=2 Ws=5,baseline,cmp,170,169,,853,FIRE,FIRE,0.3,0.1,2,8,2026-09-06 17:22:08,2026-09-06 17:22:09,swim_timed --nodes 5 --rounds 3 --u 2 --l-ratio 0.0 --sd-ratio 0.0 --w-probe-ratio 1.0 --w-suspect-ratio 2.5 --parallel shared --keep-going --mode baseline
swim_timed,5,3,N=5 U=2 L=0 sd=1 Wp=2 Ws=7,baseline,cmp,170,169,,853,FIRE,FIRE,0.3,0.1,2,8,2026-09-06 17:22:08,2026-09-06 17:22:09,swim_timed --nodes 5 --rounds 3 --u 2 --l-ratio 0.0 --sd-ratio 0.5 --w-probe-ratio 1.0 --w-suspect-ratio 3.5 --parallel shared --keep-going --mode baseline
swim_timed,5,3,N=5 U=2 L=2 sd=0 Wp=2 Ws=3,baseline,cmp,170,169,,853,FIRE,FIRE,0.3,0.1,2,8,2026-09-06 17:22:09,2026-09-06 17:22:09,swim_timed --nodes 5 --rounds 3 --u 2 --l-ratio 1.0 --sd-ratio 0.0 --w-probe-ratio 1.0 --w-suspect-ratio 1.5 --parallel shared --keep-going --mode baseline
swim_timed,5,3,N=5 U=2 L=2 sd=1 Wp=2 Ws=5,baseline,cmp,170,169,,853,FIRE,FIRE,0.3,0.1,2,8,2026-09-06 17:22:09,2026-09-06 17:22:09,swim_timed --nodes 5 --rounds 3 --u 2 --l-ratio 1.0 --sd-ratio 0.5 --w-probe-ratio 1.0 --w-suspect-ratio 2.5 --parallel shared --keep-going --mode baseline
swim_timed,5,3,N=5 U=1 L=0 sd=0 Wp=1 Ws=3,timed,cmp,8,729,,0,hold,hold,0.3,0.7,2,8,2026-09-06 17:22:09,2026-09-06 17:22:09,swim_timed --nodes 5 --rounds 3 --u 1 --l-ratio 0.0 --sd-ratio 0.0 --w-probe-ratio 1.0 --w-suspect-ratio 3.0 --parallel shared --keep-going --mode timed
swim_timed,5,3,N=5 U=1 L=0 sd=1 Wp=1 Ws=5,timed,cmp,8,560,,0,hold,hold,0.3,0.6,2,8,2026-09-06 17:22:09,2026-09-06 17:22:09,swim_timed --nodes 5 --rounds 3 --u 1 --l-ratio 0.0 --sd-ratio 1.0 --w-probe-ratio 1.0 --w-suspect-ratio 5.0 --parallel shared --keep-going --mode timed
swim_timed,5,3,N=5 U=1 L=1 sd=0 Wp=1 Ws=2,timed,cmp,1,162,,0,hold,hold,0.3,0.2,2,8,2026-09-06 17:22:09,2026-09-06 17:22:09,swim_timed --nodes 5 --rounds 3 --u 1 --l-ratio 1.0 --sd-ratio 0.0 --w-probe-ratio 1.0 --w-suspect-ratio 2.0 --parallel shared --keep-going --mode timed
swim_timed,5,3,N=5 U=1 L=1 sd=1 Wp=1 Ws=4,timed,cmp,1,162,,0,hold,hold,0.3,0.2,2,8,2026-09-06 17:22:09,2026-09-06 17:22:10,swim_timed --nodes 5 --rounds 3 --u 1 --l-ratio 1.0 --sd-ratio 1.0 --w-probe-ratio 1.0 --w-suspect-ratio 4.0 --parallel shared --keep-going --mode timed
swim_timed,5,3,N=5 U=2 L=0 sd=0 Wp=2 Ws=5,timed,cmp,8,729,,0,hold,hold,0.3,0.7,2,8,2026-09-06 17:22:09,2026-09-06 17:22:10,swim_timed --nodes 5 --rounds 3 --u 2 --l-ratio 0.0 --sd-ratio 0.0 --w-probe-ratio 1.0 --w-suspect-ratio 2.5 --parallel shared --keep-going --mode timed
swim_timed,5,3,N=5 U=2 L=0 sd=1 Wp=2 Ws=7,timed,cmp,8,729,,0,hold,hold,0.3,0.7,2,8,2026-09-06 17:22:10,2026-09-06 17:22:10,swim_timed --nodes 5 --rounds 3 --u 2 --l-ratio 0.0 --sd-ratio 0.5 --w-probe-ratio 1.0 --w-suspect-ratio 3.5 --parallel shared --keep-going --mode timed
swim_timed,5,3,N=5 U=2 L=2 sd=0 Wp=2 Ws=3,timed,cmp,1,162,,0,hold,hold,0.3,0.2,2,8,2026-09-06 17:22:10,2026-09-06 17:22:10,swim_timed --nodes 5 --rounds 3 --u 2 --l-ratio 1.0 --sd-ratio 0.0 --w-probe-ratio 1.0 --w-suspect-ratio 1.5 --parallel shared --keep-going --mode timed
swim_timed,5,3,N=5 U=2 L=2 sd=1 Wp=2 Ws=5,timed,cmp,1,162,,0,hold,hold,0.3,0.2,2,8,2026-09-06 17:22:10,2026-09-06 17:22:10,swim_timed --nodes 5 --rounds 3 --u 2 --l-ratio 1.0 --sd-ratio 0.5 --w-probe-ratio 1.0 --w-suspect-ratio 2.5 --parallel shared --keep-going --mode timed
lease_timed,2,5,C=2 U=1 L=0 sd=0 TTL=6 pause=3 fence=off,baseline,cmp,32768,18724,,18724,FIRE,FIRE,2.8,19.1,14,8,2026-09-06 17:22:10,2026-09-06 17:22:13,lease_timed --clients 2 --rounds 5 --u 1 --l-ratio 0.0 --sd-ratio 0.0 --ttl-ratio 6.0 --pause-ratio 3.0 --fencing off --parallel shared --keep-going --mode baseline
lease_timed,2,5,C=2 U=1 L=0 sd=0 TTL=10 pause=7 fence=off,baseline,cmp,32768,18724,,18724,FIRE,FIRE,3.5,23.7,12,8,2026-09-06 17:22:13,2026-09-06 17:22:16,lease_timed --clients 2 --rounds 5 --u 1 --l-ratio 0.0 --sd-ratio 0.0 --ttl-ratio 10.0 --pause-ratio 7.0 --fencing off --parallel shared --keep-going --mode baseline
lease_timed,2,5,C=2 U=1 L=0 sd=0 TTL=6 pause=4 fence=on,baseline,cmp,248832,0,,0,hold,hold,11.5,85.7,10,8,2026-09-06 17:22:10,2026-09-06 17:22:22,lease_timed --clients 2 --rounds 5 --u 1 --l-ratio 0.0 --sd-ratio 0.0 --ttl-ratio 6.0 --pause-ratio 4.0 --fencing on --parallel shared --keep-going --mode baseline
lease_timed,2,5,C=2 U=1 L=0 sd=1 TTL=6 pause=1 fence=off,baseline,cmp,32768,18724,,18724,FIRE,FIRE,2.8,19.6,16,8,2026-09-06 17:22:22,2026-09-06 17:22:24,lease_timed --clients 2 --rounds 5 --u 1 --l-ratio 0.0 --sd-ratio 1.0 --ttl-ratio 6.0 --pause-ratio 1.0 --fencing off --parallel shared --keep-going --mode baseline
lease_timed,2,5,C=2 U=1 L=0 sd=0 TTL=10 pause=8 fence=on,baseline,cmp,248832,0,,0,hold,hold,13.0,96.2,12,8,2026-09-06 17:22:16,2026-09-06 17:22:29,lease_timed --clients 2 --rounds 5 --u 1 --l-ratio 0.0 --sd-ratio 0.0 --ttl-ratio 10.0 --pause-ratio 8.0 --fencing on --parallel shared --keep-going --mode baseline
lease_timed,2,5,C=2 U=1 L=0 sd=1 TTL=10 pause=5 fence=off,baseline,cmp,32768,18724,,18724,FIRE,FIRE,3.0,20.5,12,8,2026-09-06 17:22:29,2026-09-06 17:22:32,lease_timed --clients 2 --rounds 5 --u 1 --l-ratio 0.0 --sd-ratio 1.0 --ttl-ratio 10.0 --pause-ratio 5.0 --fencing off --parallel shared --keep-going --mode baseline
lease_timed,2,5,C=2 U=1 L=0 sd=1 TTL=6 pause=2 fence=on,baseline,cmp,248832,0,,0,hold,hold,13.0,94.2,16,8,2026-09-06 17:22:24,2026-09-06 17:22:37,lease_timed --clients 2 --rounds 5 --u 1 --l-ratio 0.0 --sd-ratio 1.0 --ttl-ratio 6.0 --pause-ratio 2.0 --fencing on --parallel shared --keep-going --mode baseline
lease_timed,2,5,C=2 U=1 L=1 sd=0 TTL=6 pause=5 fence=off,baseline,cmp,32768,18724,,18724,FIRE,FIRE,3.3,21.6,14,8,2026-09-06 17:22:37,2026-09-06 17:22:41,lease_timed --clients 2 --rounds 5 --u 1 --l-ratio 1.0 --sd-ratio 0.0 --ttl-ratio 6.0 --pause-ratio 5.0 --fencing off --parallel shared --keep-going --mode baseline
lease_timed,2,5,C=2 U=1 L=0 sd=1 TTL=10 pause=6 fence=on,baseline,cmp,248832,0,,0,hold,hold,11.3,82.7,18,8,2026-09-06 17:22:32,2026-09-06 17:22:44,lease_timed --clients 2 --rounds 5 --u 1 --l-ratio 0.0 --sd-ratio 1.0 --ttl-ratio 10.0 --pause-ratio 6.0 --fencing on --parallel shared --keep-going --mode baseline
lease_timed,2,5,C=2 U=1 L=1 sd=0 TTL=10 pause=9 fence=off,baseline,cmp,32768,18724,,18724,FIRE,FIRE,2.5,18.2,16,8,2026-09-06 17:22:44,2026-09-06 17:22:46,lease_timed --clients 2 --rounds 5 --u 1 --l-ratio 1.0 --sd-ratio 0.0 --ttl-ratio 10.0 --pause-ratio 9.0 --fencing off --parallel shared --keep-going --mode baseline
lease_timed,2,5,C=2 U=1 L=1 sd=0 TTL=6 pause=6 fence=on,baseline,cmp,248832,0,,0,hold,hold,12.8,93.2,18,8,2026-09-06 17:22:41,2026-09-06 17:22:54,lease_timed --clients 2 --rounds 5 --u 1 --l-ratio 1.0 --sd-ratio 0.0 --ttl-ratio 6.0 --pause-ratio 6.0 --fencing on --parallel shared --keep-going --mode baseline
lease_timed,2,5,C=2 U=1 L=1 sd=1 TTL=6 pause=3 fence=off,baseline,cmp,32768,18724,,18724,FIRE,FIRE,3.3,21.8,14,8,2026-09-06 17:22:54,2026-09-06 17:22:57,lease_timed --clients 2 --rounds 5 --u 1 --l-ratio 1.0 --sd-ratio 1.0 --ttl-ratio 6.0 --pause-ratio 3.0 --fencing off --parallel shared --keep-going --mode baseline
lease_timed,2,5,C=2 U=1 L=1 sd=0 TTL=10 pause=10 fence=on,baseline,cmp,248832,0,,0,hold,hold,11.0,80.8,14,8,2026-09-06 17:22:46,2026-09-06 17:22:57,lease_timed --clients 2 --rounds 5 --u 1 --l-ratio 1.0 --sd-ratio 0.0 --ttl-ratio 10.0 --pause-ratio 10.0 --fencing on --parallel shared --keep-going --mode baseline
lease_timed,2,5,C=2 U=1 L=1 sd=1 TTL=10 pause=7 fence=off,baseline,cmp,32768,18724,,18724,FIRE,FIRE,2.8,18.9,18,8,2026-09-06 17:22:57,2026-09-06 17:23:00,lease_timed --clients 2 --rounds 5 --u 1 --l-ratio 1.0 --sd-ratio 1.0 --ttl-ratio 10.0 --pause-ratio 7.0 --fencing off --parallel shared --keep-going --mode baseline
lease_timed,2,5,C=2 U=1 L=1 sd=1 TTL=10 pause=8 fence=on,baseline,cmp,248832,0,,0,hold,hold,11.3,82.9,16,8,2026-09-06 17:23:00,2026-09-06 17:23:11,lease_timed --clients 2 --rounds 5 --u 1 --l-ratio 1.0 --sd-ratio 1.0 --ttl-ratio 10.0 --pause-ratio 8.0 --fencing on --parallel shared --keep-going --mode baseline
lease_timed,2,5,C=2 U=1 L=1 sd=1 TTL=6 pause=4 fence=on,baseline,cmp,248832,0,,0,hold,hold,14.5,103.7,14,8,2026-09-06 17:22:57,2026-09-06 17:23:11,lease_timed --clients 2 --rounds 5 --u 1 --l-ratio 1.0 --sd-ratio 1.0 --ttl-ratio 6.0 --pause-ratio 4.0 --fencing on --parallel shared --keep-going --mode baseline
lease_timed,2,5,C=2 U=2 L=0 sd=0 TTL=6 pause=1 fence=off,baseline,cmp,32768,18724,,18724,FIRE,FIRE,2.5,18.4,14,8,2026-09-06 17:23:11,2026-09-06 17:23:14,lease_timed --clients 2 --rounds 5 --u 2 --l-ratio 0.0 --sd-ratio 0.0 --ttl-ratio 3.0 --pause-ratio 0.5 --fencing off --parallel shared --keep-going --mode baseline
lease_timed,2,5,C=2 U=2 L=0 sd=0 TTL=10 pause=5 fence=off,baseline,cmp,32768,18724,,18724,FIRE,FIRE,3.0,21.3,12,8,2026-09-06 17:23:14,2026-09-06 17:23:17,lease_timed --clients 2 --rounds 5 --u 2 --l-ratio 0.0 --sd-ratio 0.0 --ttl-ratio 5.0 --pause-ratio 2.5 --fencing off --parallel shared --keep-going --mode baseline
lease_timed,2,5,C=2 U=2 L=0 sd=0 TTL=6 pause=2 fence=on,baseline,cmp,248832,0,,0,hold,hold,11.8,87.3,14,8,2026-09-06 17:23:11,2026-09-06 17:23:23,lease_timed --clients 2 --rounds 5 --u 2 --l-ratio 0.0 --sd-ratio 0.0 --ttl-ratio 3.0 --pause-ratio 1.0 --fencing on --parallel shared --keep-going --mode baseline
lease_timed,2,5,C=2 U=2 L=0 sd=1 TTL=10 pause=3 fence=off,baseline,cmp,32768,18724,,18724,FIRE,FIRE,2.8,19.9,12,8,2026-09-06 17:23:23,2026-09-06 17:23:26,lease_timed --clients 2 --rounds 5 --u 2 --l-ratio 0.0 --sd-ratio 0.5 --ttl-ratio 5.0 --pause-ratio 1.5 --fencing off --parallel shared --keep-going --mode baseline
lease_timed,2,5,C=2 U=2 L=0 sd=0 TTL=10 pause=6 fence=on,baseline,cmp,248832,0,,0,hold,hold,13.0,94.1,18,8,2026-09-06 17:23:17,2026-09-06 17:23:30,lease_timed --clients 2 --rounds 5 --u 2 --l-ratio 0.0 --sd-ratio 0.0 --ttl-ratio 5.0 --pause-ratio 3.0 --fencing on --parallel shared --keep-going --mode baseline
lease_timed,2,5,C=2 U=2 L=2 sd=0 TTL=6 pause=5 fence=off,baseline,cmp,32768,18724,,18724,FIRE,FIRE,2.8,19.5,12,8,2026-09-06 17:23:30,2026-09-06 17:23:33,lease_timed --clients 2 --rounds 5 --u 2 --l-ratio 1.0 --sd-ratio 0.0 --ttl-ratio 3.0 --pause-ratio 2.5 --fencing off --parallel shared --keep-going --mode baseline
lease_timed,2,5,C=2 U=2 L=0 sd=1 TTL=10 pause=4 fence=on,baseline,cmp,248832,0,,0,hold,hold,12.5,91.8,16,8,2026-09-06 17:23:26,2026-09-06 17:23:38,lease_timed --clients 2 --rounds 5 --u 2 --l-ratio 0.0 --sd-ratio 0.5 --ttl-ratio 5.0 --pause-ratio 2.0 --fencing on --parallel shared --keep-going --mode baseline
lease_timed,2,5,C=2 U=2 L=2 sd=0 TTL=10 pause=9 fence=off,baseline,cmp,32768,18724,,18724,FIRE,FIRE,3.0,21.7,8,8,2026-09-06 17:23:38,2026-09-06 17:23:41,lease_timed --clients 2 --rounds 5 --u 2 --l-ratio 1.0 --sd-ratio 0.0 --ttl-ratio 5.0 --pause-ratio 4.5 --fencing off --parallel shared --keep-going --mode baseline
lease_timed,2,5,C=2 U=2 L=2 sd=0 TTL=6 pause=6 fence=on,baseline,cmp,248832,0,,0,hold,hold,11.0,82.6,14,8,2026-09-06 17:23:33,2026-09-06 17:23:44,lease_timed --clients 2 --rounds 5 --u 2 --l-ratio 1.0 --sd-ratio 0.0 --ttl-ratio 3.0 --pause-ratio 3.0 --fencing on --parallel shared --keep-going --mode baseline
lease_timed,2,5,C=2 U=2 L=2 sd=1 TTL=6 pause=3 fence=off,baseline,cmp,32768,18724,,18724,FIRE,FIRE,2.8,18.7,12,8,2026-09-06 17:23:44,2026-09-06 17:23:46,lease_timed --clients 2 --rounds 5 --u 2 --l-ratio 1.0 --sd-ratio 0.5 --ttl-ratio 3.0 --pause-ratio 1.5 --fencing off --parallel shared --keep-going --mode baseline
lease_timed,2,5,C=2 U=2 L=2 sd=0 TTL=10 pause=10 fence=on,baseline,cmp,248832,0,,0,hold,hold,12.8,93.8,14,8,2026-09-06 17:23:41,2026-09-06 17:23:54,lease_timed --clients 2 --rounds 5 --u 2 --l-ratio 1.0 --sd-ratio 0.0 --ttl-ratio 5.0 --pause-ratio 5.0 --fencing on --parallel shared --keep-going --mode baseline
lease_timed,2,5,C=2 U=2 L=2 sd=1 TTL=10 pause=7 fence=off,baseline,cmp,32768,18724,,18724,FIRE,FIRE,2.8,19.2,14,8,2026-09-06 17:23:54,2026-09-06 17:23:57,lease_timed --clients 2 --rounds 5 --u 2 --l-ratio 1.0 --sd-ratio 0.5 --ttl-ratio 5.0 --pause-ratio 3.5 --fencing off --parallel shared --keep-going --mode baseline
lease_timed,2,5,C=2 U=2 L=2 sd=1 TTL=6 pause=4 fence=on,baseline,cmp,248832,0,,0,hold,hold,11.3,82.4,18,8,2026-09-06 17:23:46,2026-09-06 17:23:58,lease_timed --clients 2 --rounds 5 --u 2 --l-ratio 1.0 --sd-ratio 0.5 --ttl-ratio 3.0 --pause-ratio 2.0 --fencing on --parallel shared --keep-going --mode baseline
lease_timed,2,5,C=2 U=2 L=2 sd=1 TTL=10 pause=8 fence=on,baseline,cmp,248832,0,,0,hold,hold,12.8,92.8,16,8,2026-09-06 17:23:57,2026-09-06 17:24:10,lease_timed --clients 2 --rounds 5 --u 2 --l-ratio 1.0 --sd-ratio 0.5 --ttl-ratio 5.0 --pause-ratio 4.0 --fencing on --parallel shared --keep-going --mode baseline
lease_timed,2,5,C=2 U=1 L=0 sd=0 TTL=6 pause=3 fence=off,timed,cmp,32768,28086,,0,hold,hold,17.3,137.1,16,8,2026-09-06 17:23:58,2026-09-06 17:24:15,lease_timed --clients 2 --rounds 5 --u 1 --l-ratio 0.0 --sd-ratio 0.0 --ttl-ratio 6.0 --pause-ratio 3.0 --fencing off --parallel shared --keep-going --mode timed
lease_timed,2,5,C=2 U=1 L=0 sd=0 TTL=10 pause=7 fence=off,timed,cmp,32768,28086,,0,hold,hold,17.3,136.6,18,8,2026-09-06 17:24:15,2026-09-06 17:24:32,lease_timed --clients 2 --rounds 5 --u 1 --l-ratio 0.0 --sd-ratio 0.0 --ttl-ratio 10.0 --pause-ratio 7.0 --fencing off --parallel shared --keep-going --mode timed
lease_timed,4,2,C=4 U=2 L=0 sd=0 TTL=10 pause=5 fence=off,timed,cmp,841632,2110147,,0,hold,hold,718.7,5722.1,16,8,2026-09-06 17:12:46,2026-09-06 17:24:45,lease_timed --clients 4 --rounds 2 --u 2 --l-ratio 0.0 --sd-ratio 0.0 --ttl-ratio 5.0 --pause-ratio 2.5 --fencing off --parallel shared --keep-going --mode timed
lease_timed,4,2,C=4 U=2 L=2 sd=1 TTL=10 pause=8 fence=on,timed,cmp,354272,842816,,0,hold,hold,382.1,3046.6,16,8,2026-09-06 17:18:36,2026-09-06 17:24:58,lease_timed --clients 4 --rounds 2 --u 2 --l-ratio 1.0 --sd-ratio 0.5 --ttl-ratio 5.0 --pause-ratio 4.0 --fencing on --parallel shared --keep-going --mode timed
lease_timed,2,5,C=2 U=1 L=0 sd=1 TTL=6 pause=1 fence=off,timed,cmp,32768,28086,,0,hold,hold,16.3,127.6,14,8,2026-09-06 17:24:45,2026-09-06 17:25:01,lease_timed --clients 2 --rounds 5 --u 1 --l-ratio 0.0 --sd-ratio 1.0 --ttl-ratio 6.0 --pause-ratio 1.0 --fencing off --parallel shared --keep-going --mode timed
lease_timed,2,5,C=2 U=1 L=0 sd=1 TTL=10 pause=5 fence=off,timed,cmp,32768,28086,,0,hold,hold,16.3,127.4,14,8,2026-09-06 17:25:01,2026-09-06 17:25:17,lease_timed --clients 2 --rounds 5 --u 1 --l-ratio 0.0 --sd-ratio 1.0 --ttl-ratio 10.0 --pause-ratio 5.0 --fencing off --parallel shared --keep-going --mode timed
lease_timed,2,5,C=2 U=1 L=0 sd=0 TTL=6 pause=4 fence=on,timed,cmp,219109,163680,,0,hold,hold,97.8,777.6,18,8,2026-09-06 17:24:10,2026-09-06 17:25:48,lease_timed --clients 2 --rounds 5 --u 1 --l-ratio 0.0 --sd-ratio 0.0 --ttl-ratio 6.0 --pause-ratio 4.0 --fencing on --parallel shared --keep-going --mode timed
lease_timed,2,5,C=2 U=1 L=1 sd=0 TTL=6 pause=5 fence=off,timed,cmp,64,123,,0,hold,hold,0.5,1.1,2,8,2026-09-06 17:25:48,2026-09-06 17:25:48,lease_timed --clients 2 --rounds 5 --u 1 --l-ratio 1.0 --sd-ratio 0.0 --ttl-ratio 6.0 --pause-ratio 5.0 --fencing off --parallel shared --keep-going --mode timed
lease_timed,2,5,C=2 U=1 L=1 sd=0 TTL=6 pause=6 fence=on,timed,cmp,1536,511,,0,hold,hold,1.5,11.1,8,8,2026-09-06 17:25:48,2026-09-06 17:25:50,lease_timed --clients 2 --rounds 5 --u 1 --l-ratio 1.0 --sd-ratio 0.0 --ttl-ratio 6.0 --pause-ratio 6.0 --fencing on --parallel shared --keep-going --mode timed
lease_timed,2,5,C=2 U=1 L=1 sd=0 TTL=10 pause=9 fence=off,timed,cmp,64,123,,0,hold,hold,0.5,1.1,2,8,2026-09-06 17:25:50,2026-09-06 17:25:50,lease_timed --clients 2 --rounds 5 --u 1 --l-ratio 1.0 --sd-ratio 0.0 --ttl-ratio 10.0 --pause-ratio 9.0 --fencing off --parallel shared --keep-going --mode timed
lease_timed,2,5,C=2 U=1 L=1 sd=0 TTL=10 pause=10 fence=on,timed,cmp,1536,511,,0,hold,hold,1.8,11.5,6,8,2026-09-06 17:25:50,2026-09-06 17:25:52,lease_timed --clients 2 --rounds 5 --u 1 --l-ratio 1.0 --sd-ratio 0.0 --ttl-ratio 10.0 --pause-ratio 10.0 --fencing on --parallel shared --keep-going --mode timed
lease_timed,2,5,C=2 U=1 L=1 sd=1 TTL=6 pause=3 fence=off,timed,cmp,1636,3013,,0,hold,hold,2.5,17.6,6,8,2026-09-06 17:25:52,2026-09-06 17:25:55,lease_timed --clients 2 --rounds 5 --u 1 --l-ratio 1.0 --sd-ratio 1.0 --ttl-ratio 6.0 --pause-ratio 3.0 --fencing off --parallel shared --keep-going --mode timed
lease_timed,2,5,C=2 U=1 L=0 sd=0 TTL=10 pause=8 fence=on,timed,cmp,219109,163680,,0,hold,hold,92.6,736.7,16,8,2026-09-06 17:24:32,2026-09-06 17:26:05,lease_timed --clients 2 --rounds 5 --u 1 --l-ratio 0.0 --sd-ratio 0.0 --ttl-ratio 10.0 --pause-ratio 8.0 --fencing on --parallel shared --keep-going --mode timed
lease_timed,2,5,C=2 U=1 L=1 sd=1 TTL=10 pause=7 fence=off,timed,cmp,1636,3013,,0,hold,hold,2.3,15.8,12,8,2026-09-06 17:26:05,2026-09-06 17:26:07,lease_timed --clients 2 --rounds 5 --u 1 --l-ratio 1.0 --sd-ratio 1.0 --ttl-ratio 10.0 --pause-ratio 7.0 --fencing off --parallel shared --keep-going --mode timed
lease_timed,2,5,C=2 U=1 L=1 sd=1 TTL=6 pause=4 fence=on,timed,cmp,23233,24702,,0,hold,hold,18.5,144.9,10,8,2026-09-06 17:25:55,2026-09-06 17:26:13,lease_timed --clients 2 --rounds 5 --u 1 --l-ratio 1.0 --sd-ratio 1.0 --ttl-ratio 6.0 --pause-ratio 4.0 --fencing on --parallel shared --keep-going --mode timed
lease_timed,2,5,C=2 U=1 L=1 sd=1 TTL=10 pause=8 fence=on,timed,cmp,23233,24702,,0,hold,hold,17.3,135.5,16,8,2026-09-06 17:26:07,2026-09-06 17:26:24,lease_timed --clients 2 --rounds 5 --u 1 --l-ratio 1.0 --sd-ratio 1.0 --ttl-ratio 10.0 --pause-ratio 8.0 --fencing on --parallel shared --keep-going --mode timed
lease_timed,2,5,C=2 U=1 L=0 sd=1 TTL=6 pause=2 fence=on,timed,cmp,219109,163680,,0,hold,hold,91.8,729.9,12,8,2026-09-06 17:24:58,2026-09-06 17:26:30,lease_timed --clients 2 --rounds 5 --u 1 --l-ratio 0.0 --sd-ratio 1.0 --ttl-ratio 6.0 --pause-ratio 2.0 --fencing on --parallel shared --keep-going --mode timed
lease_timed,2,5,C=2 U=2 L=0 sd=0 TTL=6 pause=1 fence=off,timed,cmp,45568,41710,,0,hold,hold,22.5,177.3,10,8,2026-09-06 17:26:13,2026-09-06 17:26:36,lease_timed --clients 2 --rounds 5 --u 2 --l-ratio 0.0 --sd-ratio 0.0 --ttl-ratio 3.0 --pause-ratio 0.5 --fencing off --parallel shared --keep-going --mode timed
lease_timed,2,5,C=2 U=1 L=0 sd=1 TTL=10 pause=6 fence=on,timed,cmp,219109,163680,,0,hold,hold,93.8,748.0,12,8,2026-09-06 17:25:17,2026-09-06 17:26:51,lease_timed --clients 2 --rounds 5 --u 1 --l-ratio 0.0 --sd-ratio 1.0 --ttl-ratio 10.0 --pause-ratio 6.0 --fencing on --parallel shared --keep-going --mode timed
lease_timed,2,5,C=2 U=2 L=0 sd=0 TTL=10 pause=5 fence=off,timed,cmp,45568,41710,,0,hold,hold,26.0,206.2,16,8,2026-09-06 17:26:30,2026-09-06 17:26:56,lease_timed --clients 2 --rounds 5 --u 2 --l-ratio 0.0 --sd-ratio 0.0 --ttl-ratio 5.0 --pause-ratio 2.5 --fencing off --parallel shared --keep-going --mode timed
lease_timed,2,5,C=2 U=2 L=0 sd=1 TTL=10 pause=3 fence=off,timed,cmp,45568,41710,,0,hold,hold,23.8,187.1,16,8,2026-09-06 17:26:51,2026-09-06 17:27:15,lease_timed --clients 2 --rounds 5 --u 2 --l-ratio 0.0 --sd-ratio 0.5 --ttl-ratio 5.0 --pause-ratio 1.5 --fencing off --parallel shared --keep-going --mode timed
lease_timed,2,5,C=2 U=2 L=2 sd=0 TTL=6 pause=5 fence=off,timed,cmp,2,14,,0,hold,hold,0.3,0.1,2,8,2026-09-06 17:27:15,2026-09-06 17:27:15,lease_timed --clients 2 --rounds 5 --u 2 --l-ratio 1.0 --sd-ratio 0.0 --ttl-ratio 3.0 --pause-ratio 2.5 --fencing off --parallel shared --keep-going --mode timed
lease_timed,2,5,C=2 U=2 L=2 sd=0 TTL=6 pause=6 fence=on,timed,cmp,48,46,,0,hold,hold,0.3,0.6,2,8,2026-09-06 17:27:15,2026-09-06 17:27:15,lease_timed --clients 2 --rounds 5 --u 2 --l-ratio 1.0 --sd-ratio 0.0 --ttl-ratio 3.0 --pause-ratio 3.0 --fencing on --parallel shared --keep-going --mode timed
lease_timed,2,5,C=2 U=2 L=2 sd=0 TTL=10 pause=9 fence=off,timed,cmp,64,123,,0,hold,hold,0.5,1.0,2,8,2026-09-06 17:27:15,2026-09-06 17:27:16,lease_timed --clients 2 --rounds 5 --u 2 --l-ratio 1.0 --sd-ratio 0.0 --ttl-ratio 5.0 --pause-ratio 4.5 --fencing off --parallel shared --keep-going --mode timed
lease_timed,2,5,C=2 U=2 L=2 sd=0 TTL=10 pause=10 fence=on,timed,cmp,1536,511,,0,hold,hold,1.5,9.7,10,8,2026-09-06 17:27:16,2026-09-06 17:27:17,lease_timed --clients 2 --rounds 5 --u 2 --l-ratio 1.0 --sd-ratio 0.0 --ttl-ratio 5.0 --pause-ratio 5.0 --fencing on --parallel shared --keep-going --mode timed
lease_timed,2,5,C=2 U=2 L=2 sd=1 TTL=6 pause=3 fence=off,timed,cmp,32,139,,0,hold,hold,0.5,0.6,2,8,2026-09-06 17:27:17,2026-09-06 17:27:18,lease_timed --clients 2 --rounds 5 --u 2 --l-ratio 1.0 --sd-ratio 0.5 --ttl-ratio 3.0 --pause-ratio 1.5 --fencing off --parallel shared --keep-going --mode timed
lease_timed,2,5,C=2 U=2 L=2 sd=1 TTL=6 pause=4 fence=on,timed,cmp,48,139,,0,hold,hold,0.3,0.8,2,8,2026-09-06 17:27:18,2026-09-06 17:27:18,lease_timed --clients 2 --rounds 5 --u 2 --l-ratio 1.0 --sd-ratio 0.5 --ttl-ratio 3.0 --pause-ratio 2.0 --fencing on --parallel shared --keep-going --mode timed
lease_timed,2,5,C=2 U=2 L=2 sd=1 TTL=10 pause=7 fence=off,timed,cmp,1636,2717,,0,hold,hold,2.3,16.2,10,8,2026-09-06 17:27:18,2026-09-06 17:27:20,lease_timed --clients 2 --rounds 5 --u 2 --l-ratio 1.0 --sd-ratio 0.5 --ttl-ratio 5.0 --pause-ratio 3.5 --fencing off --parallel shared --keep-going --mode timed
lease_timed,2,5,C=2 U=2 L=2 sd=1 TTL=10 pause=8 fence=on,timed,cmp,4375,4998,,0,hold,hold,3.8,29.2,6,8,2026-09-06 17:27:20,2026-09-06 17:27:24,lease_timed --clients 2 --rounds 5 --u 2 --l-ratio 1.0 --sd-ratio 0.5 --ttl-ratio 5.0 --pause-ratio 4.0 --fencing on --parallel shared --keep-going --mode timed
swim_timed,3,5,N=3 U=1 L=0 sd=0 Wp=1 Ws=3,baseline,cmp,112,111,,271,FIRE,FIRE,0.3,0.1,2,8,2026-09-06 17:27:24,2026-09-06 17:27:24,swim_timed --nodes 3 --rounds 5 --u 1 --l-ratio 0.0 --sd-ratio 0.0 --w-probe-ratio 1.0 --w-suspect-ratio 3.0 --parallel shared --keep-going --mode baseline
swim_timed,3,5,N=3 U=1 L=0 sd=1 Wp=1 Ws=5,baseline,cmp,112,111,,271,FIRE,FIRE,0.3,0.1,2,8,2026-09-06 17:27:24,2026-09-06 17:27:25,swim_timed --nodes 3 --rounds 5 --u 1 --l-ratio 0.0 --sd-ratio 1.0 --w-probe-ratio 1.0 --w-suspect-ratio 5.0 --parallel shared --keep-going --mode baseline
swim_timed,3,5,N=3 U=1 L=1 sd=0 Wp=1 Ws=2,baseline,cmp,112,111,,271,FIRE,FIRE,0.3,0.1,2,8,2026-09-06 17:27:25,2026-09-06 17:27:25,swim_timed --nodes 3 --rounds 5 --u 1 --l-ratio 1.0 --sd-ratio 0.0 --w-probe-ratio 1.0 --w-suspect-ratio 2.0 --parallel shared --keep-going --mode baseline
swim_timed,3,5,N=3 U=1 L=1 sd=1 Wp=1 Ws=4,baseline,cmp,112,111,,271,FIRE,FIRE,0.3,0.1,2,8,2026-09-06 17:27:25,2026-09-06 17:27:25,swim_timed --nodes 3 --rounds 5 --u 1 --l-ratio 1.0 --sd-ratio 1.0 --w-probe-ratio 1.0 --w-suspect-ratio 4.0 --parallel shared --keep-going --mode baseline
swim_timed,3,5,N=3 U=2 L=0 sd=0 Wp=2 Ws=5,baseline,cmp,112,111,,271,FIRE,FIRE,0.3,0.1,2,8,2026-09-06 17:27:25,2026-09-06 17:27:26,swim_timed --nodes 3 --rounds 5 --u 2 --l-ratio 0.0 --sd-ratio 0.0 --w-probe-ratio 1.0 --w-suspect-ratio 2.5 --parallel shared --keep-going --mode baseline
swim_timed,3,5,N=3 U=2 L=0 sd=1 Wp=2 Ws=7,baseline,cmp,112,111,,271,FIRE,FIRE,0.3,0.1,2,8,2026-09-06 17:27:26,2026-09-06 17:27:26,swim_timed --nodes 3 --rounds 5 --u 2 --l-ratio 0.0 --sd-ratio 0.5 --w-probe-ratio 1.0 --w-suspect-ratio 3.5 --parallel shared --keep-going --mode baseline
swim_timed,3,5,N=3 U=2 L=2 sd=0 Wp=2 Ws=3,baseline,cmp,112,111,,271,FIRE,FIRE,0.3,0.1,2,8,2026-09-06 17:27:26,2026-09-06 17:27:26,swim_timed --nodes 3 --rounds 5 --u 2 --l-ratio 1.0 --sd-ratio 0.0 --w-probe-ratio 1.0 --w-suspect-ratio 1.5 --parallel shared --keep-going --mode baseline
swim_timed,3,5,N=3 U=2 L=2 sd=1 Wp=2 Ws=5,baseline,cmp,112,111,,271,FIRE,FIRE,0.3,0.1,2,8,2026-09-06 17:27:26,2026-09-06 17:27:26,swim_timed --nodes 3 --rounds 5 --u 2 --l-ratio 1.0 --sd-ratio 0.5 --w-probe-ratio 1.0 --w-suspect-ratio 2.5 --parallel shared --keep-going --mode baseline
swim_timed,3,5,N=3 U=1 L=0 sd=0 Wp=1 Ws=3,timed,cmp,32,333,,0,hold,hold,0.3,0.4,2,8,2026-09-06 17:27:26,2026-09-06 17:27:27,swim_timed --nodes 3 --rounds 5 --u 1 --l-ratio 0.0 --sd-ratio 0.0 --w-probe-ratio 1.0 --w-suspect-ratio 3.0 --parallel shared --keep-going --mode timed
swim_timed,3,5,N=3 U=1 L=0 sd=1 Wp=1 Ws=5,timed,cmp,32,222,,0,hold,hold,0.3,0.4,2,8,2026-09-06 17:27:27,2026-09-06 17:27:27,swim_timed --nodes 3 --rounds 5 --u 1 --l-ratio 0.0 --sd-ratio 1.0 --w-probe-ratio 1.0 --w-suspect-ratio 5.0 --parallel shared --keep-going --mode timed
swim_timed,3,5,N=3 U=1 L=1 sd=0 Wp=1 Ws=2,timed,cmp,1,25,,0,hold,hold,0.3,0.1,2,8,2026-09-06 17:27:27,2026-09-06 17:27:27,swim_timed --nodes 3 --rounds 5 --u 1 --l-ratio 1.0 --sd-ratio 0.0 --w-probe-ratio 1.0 --w-suspect-ratio 2.0 --parallel shared --keep-going --mode timed
swim_timed,3,5,N=3 U=1 L=1 sd=1 Wp=1 Ws=4,timed,cmp,1,25,,0,hold,hold,0.3,0.1,2,8,2026-09-06 17:27:27,2026-09-06 17:27:27,swim_timed --nodes 3 --rounds 5 --u 1 --l-ratio 1.0 --sd-ratio 1.0 --w-probe-ratio 1.0 --w-suspect-ratio 4.0 --parallel shared --keep-going --mode timed
swim_timed,3,5,N=3 U=2 L=0 sd=0 Wp=2 Ws=5,timed,cmp,32,333,,0,hold,hold,0.3,0.4,2,8,2026-09-06 17:27:27,2026-09-06 17:27:28,swim_timed --nodes 3 --rounds 5 --u 2 --l-ratio 0.0 --sd-ratio 0.0 --w-probe-ratio 1.0 --w-suspect-ratio 2.5 --parallel shared --keep-going --mode timed
swim_timed,3,5,N=3 U=2 L=0 sd=1 Wp=2 Ws=7,timed,cmp,32,333,,0,hold,hold,0.3,0.4,2,8,2026-09-06 17:27:28,2026-09-06 17:27:28,swim_timed --nodes 3 --rounds 5 --u 2 --l-ratio 0.0 --sd-ratio 0.5 --w-probe-ratio 1.0 --w-suspect-ratio 3.5 --parallel shared --keep-going --mode timed
swim_timed,3,5,N=3 U=2 L=2 sd=0 Wp=2 Ws=3,timed,cmp,1,25,,0,hold,hold,0.3,0.1,2,8,2026-09-06 17:27:28,2026-09-06 17:27:28,swim_timed --nodes 3 --rounds 5 --u 2 --l-ratio 1.0 --sd-ratio 0.0 --w-probe-ratio 1.0 --w-suspect-ratio 1.5 --parallel shared --keep-going --mode timed
swim_timed,3,5,N=3 U=2 L=2 sd=1 Wp=2 Ws=5,timed,cmp,1,25,,0,hold,hold,0.3,0.1,2,8,2026-09-06 17:27:28,2026-09-06 17:27:29,swim_timed --nodes 3 --rounds 5 --u 2 --l-ratio 1.0 --sd-ratio 0.5 --w-probe-ratio 1.0 --w-suspect-ratio 2.5 --parallel shared --keep-going --mode timed
lease_timed,2,5,C=2 U=2 L=0 sd=0 TTL=6 pause=2 fence=on,timed,cmp,219109,163680,,0,hold,hold,88.6,705.3,18,8,2026-09-06 17:26:24,2026-09-06 17:27:53,lease_timed --clients 2 --rounds 5 --u 2 --l-ratio 0.0 --sd-ratio 0.0 --ttl-ratio 3.0 --pause-ratio 1.0 --fencing on --parallel shared --keep-going --mode timed
lease_timed,2,5,C=2 U=2 L=0 sd=0 TTL=10 pause=6 fence=on,timed,cmp,219109,163680,,0,hold,hold,92.6,736.2,14,8,2026-09-06 17:26:36,2026-09-06 17:28:08,lease_timed --clients 2 --rounds 5 --u 2 --l-ratio 0.0 --sd-ratio 0.0 --ttl-ratio 5.0 --pause-ratio 3.0 --fencing on --parallel shared --keep-going --mode timed
lease_timed,4,2,C=4 U=2 L=0 sd=1 TTL=10 pause=3 fence=off,timed,cmp,841632,2110147,,0,hold,hold,759.0,6043.1,22,8,2026-09-06 17:15:37,2026-09-06 17:28:16,lease_timed --clients 4 --rounds 2 --u 2 --l-ratio 0.0 --sd-ratio 0.5 --ttl-ratio 5.0 --pause-ratio 1.5 --fencing off --parallel shared --keep-going --mode timed
lease_timed,2,5,C=2 U=2 L=0 sd=1 TTL=10 pause=4 fence=on,timed,cmp,219109,163680,,0,hold,hold,89.3,710.9,14,8,2026-09-06 17:26:56,2026-09-06 17:28:25,lease_timed --clients 2 --rounds 5 --u 2 --l-ratio 0.0 --sd-ratio 0.5 --ttl-ratio 5.0 --pause-ratio 2.0 --fencing on --parallel shared --keep-going --mode timed
lease_timed,4,2,C=4 U=2 L=0 sd=0 TTL=6 pause=2 fence=on,timed,cmp,1966503,3656348,,0,hold,hold,1293.4,10301.2,26,8,2026-09-06 17:09:19,2026-09-06 17:30:52,lease_timed --clients 4 --rounds 2 --u 2 --l-ratio 0.0 --sd-ratio 0.0 --ttl-ratio 3.0 --pause-ratio 1.0 --fencing on --parallel shared --keep-going --mode timed
lease_timed,4,2,C=4 U=2 L=0 sd=0 TTL=10 pause=6 fence=on,timed,cmp,1966503,3656348,,0,hold,hold,1254.9,9989.9,18,8,2026-09-06 17:14:23,2026-09-06 17:35:18,lease_timed --clients 4 --rounds 2 --u 2 --l-ratio 0.0 --sd-ratio 0.0 --ttl-ratio 5.0 --pause-ratio 3.0 --fencing on --parallel shared --keep-going --mode timed
lease_timed,4,2,C=4 U=2 L=0 sd=1 TTL=10 pause=4 fence=on,timed,cmp,1966503,3656348,,0,hold,hold,1231.1,9802.4,24,8,2026-09-06 17:15:47,2026-09-06 17:36:18,lease_timed --clients 4 --rounds 2 --u 2 --l-ratio 0.0 --sd-ratio 0.5 --ttl-ratio 5.0 --pause-ratio 2.0 --fencing on --parallel shared --keep-going --mode timed
